START,NOMER OOS/OOT/OOE,NAMA SAMPEL,No. BATCH/No. QC,NAMA MANUFACTURE,DESKRIPSI OOS/OOT/OOE,STATUS OOS,No. CAPA / DEVOL,KESIMPULAN 1a,KESIMPULAN 1b,KESIMPULAN,KEPUTUSAN MANAGER
11-Jan-2023,OOS/QC/BPG/MIKRO/0123/001,PSIDIUM GUAJAVA,061KX (2R/2301/0021),"PHYTOCHEMINDO REKSA, PT","HASIL KK vat 1,2,3,4 OOS",CLOSED,,Tidak terjadi kesalahan pada tahap 1a. ,Tidak terjadi kesalahan pada tahap 1b. ,Material direject,
01-Jan-2023,OOS/QC/BPG/MIKRO/0123/002,SWAB,Dinding Kiri dan Batang Agitator ST 11,NA,HASIL TPC OOS,CLOSED,,Tidak terjadi kesalahan pada tahap 1a. ,Tidak terjadi kesalahan pada tahap 1b. ,Tidak ditemukan kesalahan dalam proses analisa. Pastikan pembersihan mesin dilakukan sesuai prosedur cleaning yang valid.,
06-Jan-2023,OOS/QC/BPG/MIKRO/0123/003,SWAB,Housing MT 3,NA,HASIL TPC OOS,CLOSED,,Tidak terjadi kesalahan pada tahap 1a. ,Tidak terjadi kesalahan pada tahap 1b. ,Tidak ditemukan kesalahan pada proses analisa. Pastikan proses cleaning dilakukan sesuai prosedur yang valid dan tidak terjadi kontaminan pada saat sampling.,
01-Jan-2023,OOS/QC/BPG/MIKRO/0123/004,AIR BILASAN,Bilasan MT 3 ex LPRGQ EM003,NA,HASIL TPC OOS,CLOSED,,Tidak terjadi kesalahan pada tahap 1a. ,Tidak terjadi kesalahan pada tahap 1b. ,tidak ditemukan kesalahan dalam proses analisa. pastikan pembersihan mesin dilakukan dengan baik.,
01-Jan-2023,OOS/QC/BPG/MIKRO/0123/005,SWAB,Atap ST 4,NA,HASIL TPC OOS,CLOSED,,Tidak terjadi kesalahan pada tahap 1a. ,Tidak terjadi kesalahan pada tahap 1b. ,tidak ditemukan kesalahan pada proses analisa. pastikan cleaning mesin dilakukan sesuai dengan metode yang valid. ,
14-Jan-2023,OOT/QC/BPG/MIKRO/0123/001,HONEY LIQUID,156/PLG-NAS/XII/22 (2R/2301/0081),"NUR ABADI SEJAHTERA, PT",HASIL TPC vat 3OOT,CLOSED,,Tidak ditemukan kesalahan hasil atau proses analisa pada tahap 1a. ,Tidak ditemukan kesalahan hasil atau proses analisa pada tahap 1b. ,Hail analisa sampel vat tambahan tetap OOT & ada yang OOS. OOT berasal dari sampel. Pada analisa sampel tambahan terdapat data OOS. RM Honey 2R/2301/0081 ditolak. ,
13-Jan-2023,OOT/QC/BPG/MIKRO/0123/002,HONEY LIQUID,154/PLG-NAS/XII/22 92R/2301/0070),"NUR ABADI SEJAHTERA, PT",HASIL TPC vat 4 OOT,CLOSED,,Tidak ditemukan kesalahan hasil atau proses analisa pada tahap 1a. ,Tidak ditemukan kesalahan hasil atau proses analisa pada tahap 1b. ,Hasil analisa sampel tambahan vat terdekat OOS. kemungkinan proses pemanasan kurang optimal sehingga OOS pada titik Ht. RM Honey 2R/2301/0070 ditolak. ,
13-Jan-2023,OOT/QC/BPG/MIKRO/0123/003,LBMAQ,EM230 T line 6,NA,HASIL KK OOT,CLOSED,,Tidak ada kerusakan alat dan kesalahan dalam proses penanganan sampel. ,Tidak adanya ketidaksesuaian terkait investigasi tahap 1b. ,Hasil analisa ulang @ 5 replikan MS dan tidak OOT. Produk LBMA EM 230 direkomendasikan untuk direlease. ,
18-Jan-2023,OOS/QC/BPG/FG/0123/001,LKXKA,FA005,NA,BJ TMS,CLOSED,,,,,
19-Jan-2023,OOS/QC/BPG/MIKRO/0123/006,PWSNH,"FA038 titik A (line 8,8) & B (line 5,6)",NA,Hasil KK OOT dan OOS,CLOSED,,Proses investigasi pada tahap 1a sudah sesuai (tidak ada kesalahan penanganan sampel dan gangguan peralatan),Proses investigasi tahap 1b sudah sesuai dan jika dibandingkan dengan sampel ytang diuji secara bersamaan dapat disimpulkan bahwa sampel PWSNH FA 038 memang mengandung jumlah mikroba yang cukup tinggi.,Hail analisa ulang untuk andev MS. Ada perbedaan metode preparasi ,
19-Jan-2023,OOS/QC/BPG/DIVERS/0123/001,DEXTROMETHORPHAN HBR,DMP-2022/09/71,"HYGRO CHEMICALS, PT",Hasil Kadar Air OOS,CLOSED,CAPA/QC/BPG/DIVERS/0123/001,,,OOS Invalid dan hasil MS dilanjutkan studi. Dibuatkan CAPA,CAPA/QC/BPG/DIVERS/0123/001
17-Jan-2023,OOS/QC/BPG/MIKRO/0123/007,SWAB FBD GLATT KIRI MESH & TENGAH MESH,EX. PWSNH FA039,NA,HASIL TPC OOS,CLOSED,,Tidak ditemukan kesalahan proses analisa pada tahap ini ,Tidak ditemukan kesalahan pada proses analisa pada tahap ini,Tidak ditemukan kesalahan pada proses analisa. Perlu dipastikan proses cleaning sudah sesuai dan tidak ada kontaminasi atau kesalahan pada proses sampling. Tidak dilakukan pengulangan analisa,
20-Jan-2023,OOS/QC/BPG/MIKRO/0123/008,SWAB FBD GLATT KIRI MESH & TENGAH MESH,EX. PWSNH FA040,NA,HASIL TPC OOS,CLOSED,,Tidak adanya ketidaksesuaian ,Investigasi Parameter pemeriksaan 1b sudah sesuai,Hasil OOS kemungkinan berasal dari spl. Perlu dipastikan metode pembersihan yang efektif. Tidak dilakukan pengulangan analisa karena spl tidak tersedia. ,
20-Jan-2023,OOS/QC/BPG/MIKRO/0123/009,AIR BILASAN BAK MESH FBD,EX. PWSNH FA040,NA,HASIL TPC OOS,CLOSED,,Proses investigasi tahap 1a sudah sesuai.,"Tidak ditemukannya ketidaksesuaian pada investigasi tahap 1b. Komparasi dilakukan diuji secara bersamaan, sehingga hasil yang didapatkan dapat dipercaya. ",OOS valid. Perlu dipastikan metode pembersihan yang efektif untuk bak mesh FBD. Tidak dilakukan analisa ulang karena spl sudah tidak tersedia.,
23-Jan-2023,OOS/QC/BPG/MIKRO/0123/010,HONEY LIQUID,004/PLG-NAS/I/23 (2R/2301/0138),"NUR ABADI SEJAHTERA, PT",Hasil TPC OOS semua Vat,CLOSED,,Tidak ditemukan kesalahan proses analisa pada tahap ini ,tidak ditemukan kesalahan pada proses analisa pada tahap ini,"hasil analisa su & pu tetap OOS, OOS disebabkan oleh sampel yang tidak sesuai spek. material direject.",
23-Jan-2023,OOS/QC/BPG/MIKRO/0123/011,PHOENIX DACTYLIFERA,055FX/2R/2301/0112,"PHYTOCHEMINDO REKSA, PT","Hasil Analisa KK OOS vat 2,3,4 dan OOT vat 1",CLOSED,CAPA/QC/BPG/MIKRO/0123/001,,,Material release,CAPA/QC/BPG/MIKRO/0123/001
24-Jan-2023,OOS/QC/BPG/MIKRO/0123/012,ZINGIBER LE,2212/GGR/B7/016 ( 2R/2301/0118),"NATRINDO SURYA PRIMA ,PT","Hasil Analisa KK OOS Vat 1,4 dan OOT vat 5",CLOSED,CAPA/QC/BPG/MIKRO/0123/002,tidak terdapat kesalahan analisa pada tahap ini,tidak terdapat kesalahan analisa pada tahap ini,Material release,CAPA/QC/BPG/MIKRO/0123/002
24-Jan-2023,OOT/QC/BPG/MIKRO/0123/004,ZINGIBER LE,2212/GGR/B7/016 ( 2R/2301/0117),"NATRINDO SURYA PRIMA ,PT",Hasil Analisa KK OOT vat 3 & 5,CLOSED,,tidak terdapat kesalahan analisa pada tahap ini,tidak terdapat kesalahan analisa pada tahap ini,Material release,
23-Jan-2023,OOS/QC/BPG/MIKRO/0123/013,MAS EHM CW 1,"Filling Liq. 1 , Coridor Comp. Liq 1 lt 2, Comp.Liq 2",NA,"Hasil Analisa TPC OOS filling Liq. 1 Y4 , Koridor Comp. Liq. 1 lt 2 Y5 , Comp.Liq 2 Y1",CLOSED,,tidak terdapat kesalahan analisa pada tahap ini,tidak terdapat kesalahan analisa pada tahap ini,tidak ada kesalahan dalam proses analisa. pastikan ruangan disanitasi dengan baik sesuai prosedur pembersihan yang berlaku. ,
26-Jan-2023,OOS/QC/BPG/MIKRO/0123/014,MAS AHU 303 R. MIKRO KELAS E,"Titik Y1, Y4, Y5, Y7",NA,Hasil Analisa TPC MAS OOS,CLOSED,,alat dalam kondisi baik,proses analisa tidak ada penyimpangan,tidak ditemukan kesalahan pada proses analisa. pastikan ruangan dibersihkan sesuai prosedur yang valid. ,
02-Feb-2023,OOS/QC/BPG/MIKRO/0223/001,PSIDIUM GUAJAVA,2R/2301/0121,"PHYTOCHEMINDO REKSA, PT","Hasil Analisa KK OOS ( Vat 1 ) dan OOT ( Vat 2,3,4 )",CLOSED,,tidak terjadi kesalahan pada tahap 1.a,tidak terjadi kesalahan pada tahap 1.b,tidak ditemukan kesalahan pada proses analisa. RM dengan no batch yang sama sudah dianalisa ulang. Material direject,
02-Feb-2023,OOS/QC/BPG/MIKRO/0223/002,CAMELIA SINENSIS,2R/2301/0174,"NATURA LABORATORIA PRIMA, PT",Hasil Analisa KK OOT ( Vat 1 ) dan OOS ( Vat 4 ),CLOSED,,tidak terjadi kesalahan pada tahap 1.a,tidak terjadi kesalahan pada tahap 1.b,hasil analisa ulang tetap didapatkan hasil OOS. material direject.,
02-Feb-2023,OOS/QC/BPG/MIKRO/0223/003,SWAB MTT 3 ( Selang Inlet 2 ),After E-Gel Orange,NA,Hasil Analisa TPC dan KK OOS ( Selang Inlet 2 ),CLOSED,,tidak terjadi kesalahan pada tahap 1.a,tidak terjadi kesalahan pada tahap 1.b,tidak ditemukkan kesalahan dalam proses analisa. tidak dilakukan analisa ulang karena sampel tidak tersedia. perlu dipastikan proses cleaning sudah efektif dan tidak terjadi kontaminasi pada saat sampling & penanganan sampel. ,
04-Feb-2023,OOS/QC/BPG/FG/0223/001,POSN1,FB194,NA,CAFFEINE OVER,CLOSED,,,,,
04-Feb-2023,OOS/QC/BPG/ST/0223/002,LNKOA,T.23.02.001 Dan T.23.02.002,NA,TMS Guaifenesin,CLOSED,,Tidak terjadi kesalahan pada tahap 1.a,Tidak terjadi kesalahan pada tahap 1.b,lakukan sampling dan analisa ulang untuk memastikan hasil oos,
04-Feb-2023,OOS/QC/BPG/ST/0223/003,LBMAN,BH009,NA,TMS Zingiber,CLOSED,,Tidak terjadi kesalahan pada tahap 1.a,Tidak terjadi kesalahan pada tahap 1.b,oos berasal dari sampel yang kurang stabil,
06-Feb-2023,OOS/QC/BPG/ST/0223/004,LNKKB,CA001 dan T.23.02.004,NA,TMS Phenylephrine HCl dan Guaifenesin,CLOSED,,Tidak terjadi kesalahan pada tahap 1.a,Tidak terjadi kesalahan pada tahap 1.b,"oos berasal dari sampel yang kurang stabil, sedang dilakukan improvement oleh TS dan RnD",
07-Feb-2023,OOS/QC/BPG/ST/0223/005,LBMAQ,BH004,NA,TMS Zingiber,CLOSED,,Tidak terjadi kesalahan pada tahap 1.a,Tidak terjadi kesalahan pada tahap 1.b,lakukan sampling dan analisa ulang untuk memastikan hasil oos,
08-Feb-2023,OOS/QC/BPG/ST/0223/006,LNKOA,T.23.02.006 DAN T.23.02.007,NA,TMS Phenylephrine HCl dan Chlorphenamine Maleate,CLOSED,,Tidak terjadi kesalahan pada tahap 1.a,Tidak terjadi kesalahan pada tahap 1.b,lakukan sampling dan analisa ulang untuk memastikan hasil oos,
03-Jan-2023,OOS/QC/BPG/MIKRO/0123/015,Air Kualifikasi PW GEN,PW GEN,NA,Hasil Analisa TPC dan KK OOS,CLOSED,,tidak terjadi kesalahan pada tahap 1.a,tidak terjadi kesalahan pada tahap 1.b,"tidak ditemukan penhimpangan pada proses analisa, pertumbuhan mikroba bisa berasal dari sampel atau wadah yang kurang steril. ",
13-Feb-2023,OOT/QC/BPG/MIKRO/0223/001,PSIDIUM GUAJAVA,034LX (2R/2302/0039),"PHYTOCHEMINDO REKSA, PT",Hasil Analisa KK vat 4 OOT,CLOSED,,tidak terjadi kesalahan pada tahap 1.a,tidak terjadi kesalahan pada tahap 1.b,Tidaak ditemukan kesalahan pada proses analisa RM dengan no batch yang sama sudah dianalisa ulang. RM Psidium Guajava 2R/2301/0121 direject,
16-Feb-2023,OOT/QC/BPG/MIKRO/0223/002,TALCUM VENETUM,2022043G,GUANGXI LONGGUANG TACL DEV,Hasil analisa KK OOT,CLOSED,,tidak terjadi kesalahan pada tahap 1.a,tidak terjadi kesalahan pada tahap 1.b,Dilakukan sampling ulang dan didapatkan hasil yang OOS pada hasil analisa ulang. Material Camelia Sinnensis 2R/2301/0174 direject.,
16-Feb-2023,OOS/QC/BPG/MIKRO/0223/004,TALCUM VENETUM,2022045G,GUANGXI LONGGUANG TACL DEV,Hasil analisa KK OOS,CLOSED,,tidak terjadi kesalahan pada tahap 1.a,tidak terjadi kesalahan pada tahap 1.b,Hasil analisa ulang KK masih terdapat pertumbuhan & OOT. RM divers 20220456 direject,
20-Jan-2023,OOS/QC/BPG/ST/0223/007,LPRGG,BL002,NA,TMS SIMETH,CLOSED,,Tidak terjadi kesalahan pada tahap 1.a,Tidak terjadi kesalahan pada tahap 1.b,Perbaikan metode analisa untuk sampel stabtest,
20-Jan-2023,OOS/QC/BPG/ST/0223/008,LPRGG,CG002,NA,TMS SIMETH,CLOSED,,Tidak terjadi kesalahan pada tahap 1.a,Tidak terjadi kesalahan pada tahap 1.b,OOS berasal dari metode analisa yang tidak bisa mengekstrak dan memisahkan sampel dengan baik,
20-Jan-2023,OOS/QC.BPG/ST/0223/009,LPRGG,CB002,NA,TMS SIMETH,CLOSED,,Tidak terjadi kesalahan pada tahap 1.a,Tidak terjadi kesalahan pada tahap 1.b,OOS berasal dari metode analisa yang tidak bisa mengekstrak dan memisahkan sampel dengan baik,
15-Feb-2023,OOS/QC/BPG/ST/0223/010,LCLZC,KB002,NA,"HASIL PEMERIAN WARNA DILUAR SPESIFIKASI, WARNA PRODUK ORANGE COKLAT PEKAT",CLOSED,,Tidak terjadi kesalahan pada tahap 1.a,Tidak terjadi kesalahan pada tahap 1.b,"PRODUK SUDAH ED + 1, PERUBAHAN WARNA TERJADI KARENA PRODUK SUDAH ED",
21-Feb-2023,OOS/QC/BPG/PM/0223/001,2DM010000,"2K/2302/0068
 2K/2302/0076
 2K/2302/0077
 2K/2302/0083
 2K/2302/0084
 2K/2302/0098
 2K/2302/0105
 2K/2303/0020",CSG,BERAT TMS,CLOSED,,,,,
19-Feb-2023,OOS/QC/BPG/MIKRO/0223/005,HONEY LIQUID,SAMPEL 1,"ANUGRAH SUMBER KEHIDUPAN, PT",Hasil analisa TPC OOT,CLOSED,,tidak terjadi kesalahan pada tahap 1.a,tidak terjadi kesalahan pada tahap 1.b,Dilakukan analisa ulang dan hasil tetap OOS. RM divers Honey Liq ex PT Anugerah Sumber Kehidupan direject.,
20-Feb-2023,OOS/QC/BPG/MIKRO/0223/006,HONEY LIQUID,2R/2302/0110 (019/PLG-NAS/I/23),"NUR ABADI SEJAHTERA, PT","Hasil analisa TPC vat 1,3,5,6 OOT dan vat 4 OOS",CLOSED,,tidak terjadi kesalahan pada tahap 1.a,tidak terjadi kesalahan pada tahap 1.b,Dilakukan analisa ulang dan sampling ulang pada material Honey LIq dan didapatkan hasil yang tetap OOS. RM Honey Liq 2R/2302/0110 direject.,
19-Feb-2023,OOS/QC/BPG/MIKRO/0223/007,HONEY LIQUID,2r/2302/0097 (016/plg-nas/1/23),"NUR ABADI SEJAHTERA, PT",Hasil analisa TPC vat 1 OOS,CLOSED,,tidak terjadi kesalahan pada tahap 1.a,tidak terjadi kesalahan pada tahap 1.b,Dilakukan analisa ulang dan sampling ulang pada material Honey LIq dan didapatkan hasil masih ada yang OOS. RM Honey Liq 2R/2302/0097 direject.,
20-Feb-2023,OOS/QC/BPG/MIKRO/0223/008,HONEY LIQUID,018/PLG-NAS/1/23 ( 2R/2302/0107),"NUR ABADI SEJAHTERA, PT",Hasil analisa vat 1&4 OOT dan vat 2&3 OOS,CLOSED,,tidak terjadi kesalahan pada tahap 1.a,tidak terjadi kesalahan pada tahap 1.b,Material direject,
12-Feb-2023,OOS/QC/BPG/MIKRO/0223/009,MAS EHM RUANG CW 1,Koridor liquid lantai 1 titik Y3,NA,Hasil analisa KK TMS,CLOSED,,Tidak ada eror selama proses analisa. ,Tidak ada kesalahan selama proses analisa.,Tidak ditemukan kesalahan pada proses analisa. Perlu dipastikan kebersihan dan kondisi ruangan. ,
21-Feb-2023,OOS/QC/BPG/ST/0223/011,POSN1,BB015,NA,"TMS CAFF, ACETOSAL",CLOSED,,Tidak terjadi kesalahan pada tahap 1.a,Tidak terjadi kesalahan pada tahap 1.b,"SAMPEL STABTEST SUDAH OOS ARI PERIODE 1.5 TAHUN, OOS BERASAL DARI SAMPEL",
17-Feb-2023,OOS/QC/BPG/FG/0223/002,POSN1,FB212,NA,CAFFEINE OVER,CLOSED,,,,,
23-Feb-2023,OOS/QC/BPG/PM/0223/002,2DW003110,"2K/2302/0086
 2K/2302/0087
 2K/2302/0088
 2K/2302/0089",CMI,GRAMATURE TMS,CLOSED,,,,,
24-Feb-2023,OOS/QC/BPG/ST/0223/013,LNKO1,CB002,NA,TMS PE HCL,CLOSED,,Tidak terjadi kesalahan pada tahap 1.a,Tidak terjadi kesalahan pada tahap 1.b,lakukan sampling dan analisa ulang untuk memastikan hasil oos,
27-Feb-2023,OOS/QC/BPG/ST/0223/014,POSN1,BH016,NA,TMS CAFFEINE,CLOSED,,Tidak terjadi kesalahan pada tahap 1.a,Tidak terjadi kesalahan pada tahap 1.b,"SUDAH DILAKUKAN ANALISA ULANG DENGAN HASIL SERUPA, OOS BERASAL DARI SAMPEL YANG KURANG HOMOGEN DAN FORMULA PRODUK YANG KURANG STABIL",
27-Feb-2023,OOS/QC/BPG/ST/0223/015,POSN1,BH017,NA,TMS CAFFEINE,CLOSED,,Tidak terjadi kesalahan pada tahap 1.a,Tidak terjadi kesalahan pada tahap 1.b,"oos berasal dari sampel yang kurang stabil, sedang dilakukan improvement oleh TS dan RnD",
27-Feb-2023,OOS/QC/BPG/ST/0223/016,POSN1,BH018,NA,TMS CAFFEINE,CLOSED,,Tidak terjadi kesalahan pada tahap 1.a,Tidak terjadi kesalahan pada tahap 1.b,"oos berasal dari sampel yang kurang stabil, sedang dilakukan improvement oleh TS dan RnD",
24-Feb-2023,OOS/QC/BPG/MIKRO/0223/010,MAS RUANG FILLING LIQ. 7,Ruang filling 7 titik Y4 & Y11,NA,HASIL ANALISA TPC TMS,CLOSED,,Tidak ada eror selama proses analisa. ,Tidak ada kesalahan selama proses analisa.,Tidak ditemukan kesalahan pada proses analisa. Perlu dipastikan kebersihan dan kondisi ruangan. ,
24-Feb-2023,OOS/QC/BPG/MIKRO/0223/011,HONEY LIQUID,Vat 4 & 5,"NUR ABADI SEJAHTERA, PT",HASIL ANALISA TPC PADA VAT 4 & 5 OOT,CLOSED,,Tidak ada eror selama proses analisa. ,Tidak ada kesalahan selama proses analisa.,Tidak ditemukan kesalahan pada proses analisa. Perlu dipastikan kebersihan dan kondisi ruangan. ,
24-Feb-2023,OOS/QC/BPG/ST/0223/012,LKMC1,JB007,NA,TMS VISKOSITAS,CLOSED,,Tidak terjadi kesalahan pada tahap 1.a,Tidak terjadi kesalahan pada tahap 1.b,HASIL ANALISA OOS BERSAL DARI SAMPEL ED + 1 TAHUN DAN DARI TREN MEMANG OOS DARI 3 BULAN PENGUJIAN,
07-Mar-2023,OOS/QC/BPG/ST/0323/001,POSN1,EJ064,NA,"TMS CAFF, ACETOSAL",CLOSED,,Tidak terjadi kesalahan pada tahap 1.a,Tidak terjadi kesalahan pada tahap 1.b,penyebab OOS adalah sampel yang kurang homogen,
28-Feb-2023,OOS/QC/BPG/MIKRO/0223/012,SUCCUS A,"2R/2302/0157 (22,7170)",EXTRAITS VEGETAVX,OOS TPC,CLOSED,,tidak terjadi kesalahan pada tahap 1.a,tidak terjadi kesalahan pada tahap 1.b,Alih Material menjadi succus B,
21-Feb-2023,OOS/QC/BPG/MIKRO/0223/013,AIR PW GEN,NA,NA,TMS TPC DAN KK,CLOSED,,,,,
21-Feb-2023,OOS/QC/BPG/MIKRO/0223/014,AIR PW TS,NA,NA,TMS TPC DAN KK,CLOSED,,,,,
21-Feb-2023,OOS/QC/BPG/MIKRO/0223/015,FOENICULUM VULGARE,2R/2302/0123 (2301/FVE/B7/002),"NATRINDO SURYA PRIMA, PT","HASIL ANALISA KK OOT DI VAT 1 & 4, OOS DI VAT 3",CLOSED,,tidak terjadi kesalahan pada tahap 1.a,tidak terjadi kesalahan pada tahap 1.b,Material direject,
26-Feb-2023,OOS/QC/BPG/MIKRO/0323/001,MAS RUANG MIKRO,NA,NA,HASIL ANALISA TPC KK TMS,CLOSED,,Tidak terjadi kesalahan pada proses analisa.,Tidak terjadi kesalahan dalam proses analisa.,Tidak ditemukan kesalahan pada proses analisa. Perlu dilakukan pergantian sanitizer agent agar sanitasi lebih efektif.,
02-Mar-2023,OOS/QC/BPG/MIKRO/0323/002,MAS RUANG MIKRO STUDI FOGGING HIDROXIDE,NA,NA,HASIL TPC TITIK Y4 TMS,CLOSED,,Tidak terdapat kesalahan dalam proses analisa dan sampling.,Tidak terdapat kesalahan dalam proses analisa.,Tidak ada kesalahan pada proses analisa. Hasil OOS karena pengambilan spl dilakukan pada saat kondisi ruangan belum stabil. Perlu pengulangan pemeriksaan (trial). ,
07-Mar-2023,OOS/QC/BPG/ST/0323/002,LBMA2,T23.03.017/FB346,NA,TMS ZINGIBER,CLOSED,,Tidak terjadi kesalahan pada tahap 1.a,Tidak terjadi kesalahan pada tahap 1.b,disebabkan oleh sampel,
07-Mar-2023,OOS/QC/BPG/ST/0323/003,LBMA2,T23.03.018/FB346,NA,TMS ZINGIBER,CLOSED,,Tidak terjadi kesalahan pada tahap 1.a,Tidak terjadi kesalahan pada tahap 1.b,disebabkan oleh sampel,
06-Feb-2023,OOS/QC/BPG/ST/0223/017,LNKKB,T.23.02.004,NA,TMS GUAIFENESIN,CLOSED,,Tidak terjadi kesalahan pada tahap 1.a,Tidak terjadi kesalahan pada tahap 1.b,OOS dari sampel yang tidak stabil,
31-Jan-2023,OOS/QC/BPG/ST/0223/001,LNKKB,T.23.01.088 DAN T.23.01.089 DAN T.23.01.096,NA,TMS PE HCl dan CTM,CLOSED,,Tidak terjadi kesalahan pada tahap 1.a,Tidak terjadi kesalahan pada tahap 1.b,"LANJUT TAHAP 2

FOLLOW UP TAHAP 2: OOS DIsebabkan oleh sampel stabtest yang kurang stabil",
10-Mar-2023,OOS/QC/BPG/ST/0323/004,LKMCA,AB002,NA,TMS VISKOSITAS,CLOSED,,Tidak terjadi kesalahan pada tahap 1.a,Tidak terjadi kesalahan pada tahap 1.b,penyebabnya dari salmep yang viskositasnya menurun,
07-Mar-2023,OOS/QC/BPG/RM/0323/001,"ZINGIBER OFF ROSCH RUBRUM LE 
 (1,5-3%)",2R/2303/0031,"NATRINDO SURYA PRIMA, PT",KADAR 6 GINGEROL TMS,CLOSED,,,,REJECT,
14-Mar-2023,OOS/QC/BPG/ST/0323/005,LNKKB,CE002 (T.23.03.028) & (T.23.03.027),NA,TMS PE HCL,CLOSED,,,,"OOS MARKET SURVEILLANCE 
- LNKKB CE002  (T.23.03.028 DAN T.23.03.027) 
- POSNA BM029 (T.23.03.22) 
- LNKOA BM064 (T.23.03.024) 
DI HOLD KARENA TIDAK PERLU OOS (INFO : KAK HARRY 13/03/2023) TTD  NOTE AGNES 14/03/2023
",
14-Mar-2023,OOS/QC/BPG/ST/0323/006,LNKOA,BM064 (T.23.03.024),NA,TMS PE HCL,CLOSED,,,,"OOS MARKET SURVEILLANCE 
- LNKKB CE002  (T.23.03.028 DAN T.23.03.027) 
- POSNA BM029 (T.23.03.22) 
- LNKOA BM064 (T.23.03.024) 
DI HOLD KARENA TIDAK PERLU OOS (INFO : KAK HARRY 13/03/2023) TTD  NOTE AGNES 14/03/2023",
14-Mar-2023,OOS/QC/BPG/ST/0323/007,POSNA,BM029 (T.23.03.022),NA,TMS PE CAFFEINE,CLOSED,,,,"OOS MARKET SURVEILLANCE 
- LNKKB CE002  (T.23.03.028 DAN T.23.03.027) 
- POSNA BM029 (T.23.03.22) 
- LNKOA BM064 (T.23.03.024) 
DI HOLD KARENA TIDAK PERLU OOS (INFO : KAK HARRY 13/03/2023) TTD  NOTE AGNES 14/03/2023",
14-Mar-2023,OOS/QC/BPG/ST/0323/008,POSNA,AC010,NA,"TMS bobot isi, Kadar Acetosal, 
 Kadar Caffeine",CLOSED,,Tidak terjadi kesalahan pada tahap 1.a,Tidak terjadi kesalahan pada tahap 1.b,"(SAMPEL KURANG STABIL, SEDANG DILAKUKAN IMPROVEMENT OLEH TS & R&D, SAMPEL SUDAH ED+1 TH)",
14-Mar-2023,OOS/QC/BPG/ST/0323/009,LNKOA,22.11.006,,,CLOSED,,,,"TIDAK JADI OOS, HANYA MENULIS COVER DEPAN SAJA DAN DI PARAF SPV",
02-Mar-2023,OOS/QC/BPG/ST/0323/010,LNKO1 (Validasi Cleaning Silverson),FB465,NA,Blanko SWAB terdapat CTM,CLOSED,,Tidak terjadi kesalahan pada tahap 1.a,Tidak terjadi kesalahan pada tahap 1.b,METHODE ANALISA KURANG SPESIFIK PERLU DILAKUKAN ANALISA MENGGUNAKAN DETEKTOR PDA UNTUK VERIFIKASI,
15-Mar-2023,OOS/QC/BPG/ST/0323/011,LNKOA (KOMIX OBH PE),EJ158 (T.23.03.034),NA,TMS CTM DAN PE HCL,CLOSED,,Tidak terjadi kesalahan pada tahap 1.a,Tidak terjadi kesalahan pada tahap 1.b,lakukan analsia sampel lain untuk memastikan hasil oos,
15-Mar-2023,OOS/QC/BPG/ST/0323/012,LNKOA (KOMIX OBH PE),EJ158 (T.23.03.035),NA,"TMS CTM, PE HCL. DAN GUAIFENESIN",CLOSED,,Tidak terjadi kesalahan pada tahap 1.a,Tidak terjadi kesalahan pada tahap 1.b,lakukan sampling dan analisa ulang untuk memastikan hasil oos,
16-Mar-2023,OOS/QC/BPG/ST/0323/013,LBMAQ (BEJO HERBAL),BC015,NA,TMS 6-GINGEROL,CLOSED,,Tidak terjadi kesalahan pada tahap 1.a,Tidak terjadi kesalahan pada tahap 1.b,kemungkinan penurunan kadar pada sampel seiring dengan waktu simpan atau kandungan pada tiap sachet kurang homogen,Penurunan kadar dari waktu simpan
11-Mar-2023,OOS/QC/BPG/MIKRO/0323/003,MAS KUALIFIKASI RUANG TS,"R. COMP. TS ( Y1,Y2,Y3,Y5,Y7 ) & R. FILLING TS ( Y1,Y2,Y3,Y4 )",NA,HASIL ANALISA MAS TPC OOS,CLOSED,,Tidak terdapat kesalahan selama proses analisa.,Tidak terdapat kesalahan selama proses analisa.,Tidak ditemukan penyimpangan pada proses analisa. OOS valid. Pastikan metode cleaning efektif.,
16-Mar-2023,OOS/QC/BPG/MIKRO/0323/004,SWAB SUPERMIXER 3 ( rusak dari 4-1-23 ),NA,NA,HASIL ANALISA TPC OOS,CLOSED,,Tidak terjadi gangguan atau kesalahan pada analisa.,Tidak terjadi kesalahan dalam proses analisa.,Tidak ditemukan Lab error pada proses analisa. Pastikan metode cleaning sudah efektif.,
23-Mar-2023,OOE/QC/BPG/FG/0323/001,LKXO1 (KOMIX HERBAL ORIGINAL LIQ),"FC175, FC177, FC178, FC179, FC180",NA,SPOT TIPIS UNTUK VITEX NEGUNDO,CLOSED,,,,,Penyimpangan DEV/QPR/PLG/PR/0323/030M
24-Mar-2023,OOT/QC/BPG/MIKRO/0323/001,HONEY LIQUID,039/PLG-NAS/II/23 (2R/2303/0174),"NUR ABADI SEJAHTERA, PT",HASIL ANALISA TPC OOT,CLOSED,,Tidak ada eror selama proses analisa. ,Tidak ada kesalahan selama proses analisa.,Material direject,
24-Mar-2023,OOT/QC/BPG/MIKRO/0323/002,HONEY LIQUID,040/PLG-NAS/II/23 (2R/2303/0172),"NUR ABADI SEJAHTERA, PT",HASIL ANALISA TPC OOT,CLOSED,,Tidak ada eror selama proses analisa. ,Tidak ada kesalahan selama proses analisa.,Material direject,
24-Mar-2023,OOS/QC/BPG/MIKRO/0323/005,MAS ruang mikro kualifikasi AHU Kelas E,Y2-1 & Y2-2,NA,HASIL ANALISA TPC TMS,CLOSED,,Tidak ada eror selama proses analisa. ,Tidak ada kesalahan selama proses analisa.,Tidak ditemukan kesalahan pada proses analisa. Perlu dipastikan kebersihan dan kondisi ruangan. ,
29-Mar-2023,OOS/QC/BPG/MIKRO/0323/006,MAS BEFORE & AFTER sanitasi dengan hidroxide W-3 ( study ),"BEFORE = Y1&Y2, AFTER = Y4",NA,"HASIL ANALISA KK TMS. BEFORE TITIK Y1 & Y2, AFTER TITIK Y4",CLOSED,,Tidak ada eror selama proses analisa. ,Tidak ada kesalahan selama proses analisa.,Tidak ditemukan kesalahan pada proses analisa. Perlu dipastikan kondisi ruangan sudah dilakukan dengan baik. ,
31-Jan-2023,OOS/QC/BPG/ST/0323/014,BEJO HERBAL (LBMAQ),BJ060 / T.23.03.078,NA,TMS 6-GINGEROL,CLOSED,,Tidak terjadi kesalahan pada tahap 1.a,Tidak terjadi kesalahan pada tahap 1.b,"Pemyebab oos adalah sampel yang mengalami penurunan kadar, perlu dilakukan improvement formula",Perlu Improvement formula
31-Jan-2023,OOS/QC/BPG/ST/0323/015,BEJO HERBAL (LBMAQ),BJ061 / T.23.03.079,NA,TMS 6-GINGEROL,CLOSED,,Tidak terjadi kesalahan pada tahap 1.a,Tidak terjadi kesalahan pada tahap 1.b,"Pemyebab oos adalah sampel yang mengalami penurunan kadar, perlu dilakukan improvement formula",Perlu Improvement formula
01-Apr-2023,OOS/QC/BPG/ST/0323/016,LNKOA (Komix OBH PE),T.23.03.076 (FC1 Atas) dan T.23.03.077 (FC Bawah),NA,TMS Chlorphenamine Maleate (CTM),CLOSED,,Tidak terjadi kesalahan pada tahap 1.a,Tidak terjadi kesalahan pada tahap 1.b,"tidak ditemukan kesalahan analisa, produk sudah TMS",
05-Apr-2023,OOS/QC/BPG/ST/0423/001,LNKOA (Komix OBH PE),T.23.04.017 Batch CC2,NA,TMS PE HCl,CLOSED,,Tidak terjadi kesalahan pada tahap 1.a,Tidak terjadi kesalahan pada tahap 1.b,PRODUK SUDAH ED+1H,
05-Apr-2023,OOS/QC/BPG/ST/0423/002,POSNA,CC016 T23.04.018,NA,TMS ACETOSAL,CLOSED,,Tidak terjadi kesalahan pada tahap 1.a,Tidak terjadi kesalahan pada tahap 1.b,"oos bukan berasal dari kesalahan analisa, berasal dari sampel yang kurang stabil/kurang homogen",
05-Apr-2023,OOS/QC/BPG/ST/0423/003,POSNA,CC017 T23.04.019,NA,TMS ACETOSAL CAFFEIN,CLOSED,,Tidak terjadi kesalahan pada tahap 1.a,Tidak terjadi kesalahan pada tahap 1.b,OOS dari sampel yg tidak homogen,
03-Apr-2023,OOS/QC/BPG/MIKRO/0423/001,LNKOA (KOMIX OBH PE),T.M.23.03.071,NA,HASIL ANALISA TPC BULK LNKOA TMS,CLOSED,,Tidak terdapat malfungsi atau kesalahan dalam proses analisa. ,Tidak ada kesalahan selama proses analisa.,"Tidak ditemukan lab error , OOS mungkin disebabkan sampel terkontaminasi saat sampling. ",
11-Apr-2023,OOS/QC/BPG/MIKRO/0423/002,BILASAN ILAPAK 5,BILASAN 1,NA,HASIL ANALISA TPC TMS,CLOSED,,Tidak ditemukan penyimpangan selama proses analisa.,Tidak ditemukan penyimpangan selama proses analisa.,Tidak ditemukan lab error pada proses analisa. Pastikan metode cleaning sudah efektif dan tidak terjadi kontaminasi pada proses sampling. OOS Valid.,
07-Apr-2023,OOS/QC/BPG/ST/0423/004,LNKOA (KOMIX OBH PE),EJ158 / T23.04.007,NA,TMS PE HCl,CLOSED,,Tidak terjadi kesalahan pada tahap 1.a,Tidak terjadi kesalahan pada tahap 1.b,OOS dari sampel yg tidak stabil,
09-Apr-2023,OOS/QC/BPG/ST/0423/005,LPRGG,T.23.04.028 / LPRG2 02,NA,TMS SImethicone,CLOSED,,,,,
13-Apr-2023,OOS/QC/BPG/ST/0423/006,LBMAQ,AD001,NA,TMS ZINGIBER,CLOSED,,Tidak terjadi kesalahan pada tahap 1.a,Tidak terjadi kesalahan pada tahap 1.b,OOS dari sampel yg tidak stabil,
13-Apr-2023,OOS/QC/BPG/ST/0423/007,LBMAQ,BK026,NA,TMS ZINGIBER,CLOSED,,Tidak terjadi kesalahan pada tahap 1.a,Tidak terjadi kesalahan pada tahap 1.b,OOS dari sampel yg tidak stabil,
13-Apr-2023,OOS/QC/BPG/ST/0423/008,LBMAQ,BJ069,NA,TMS ZINGIBER,CLOSED,,Tidak terjadi kesalahan pada tahap 1.a,Tidak terjadi kesalahan pada tahap 1.b,OOS dari sampel yg tidak stabil,
22-Feb-2023,OOS/QC/BPG/ST/0223/012,LPRGG,CB002,NA,TMS Simethicone,CLOSED,,Tidak terjadi kesalahan pada tahap 1.a,Tidak terjadi kesalahan pada tahap 1.b,HASIL ANALISA OOS BERSAL DARI SAMPEL ED + 1 TAHUN DAN DARI TREN MEMANG OOS DARI 3 BULAN PENGUJIAN,
07-Mar-2023,OOS/QC/BPG/ST/0323/001,POSNA,EJ064,NA,TMS Caffein,CLOSED,,Tidak terjadi kesalahan pada tahap 1.a,Tidak terjadi kesalahan pada tahap 1.b,penyebab OOS adalah sampel yang kurang homogen,
17-Apr-2023,OOS/QC/BPG/ST/0423/009,POSNA,EK089 ACC,NA,TMS Acetosal dan Caffeine,CLOSED,,Tidak terjadi kesalahan pada tahap 1.a,Tidak terjadi kesalahan pada tahap 1.b,OOS dari sampel yg tidak homogen,
17-Apr-2023,OOS/QC/BPG/ST/0423/010,POSNA,EK090 ACC,NA,TMS Acetosal dan Caffeine,CLOSED,,Tidak terjadi kesalahan pada tahap 1.a,Tidak terjadi kesalahan pada tahap 1.b,OOS dari sampel yg tidak homogen,
17-Apr-2023,OOS/QC/BPG/ST/0423/011,POSNA,EK091 ACC,NA,TMS Acetosal dan Caffeine,CLOSED,,Tidak terjadi kesalahan pada tahap 1.a,Tidak terjadi kesalahan pada tahap 1.b,OOS dari sampel yg tidak homogen,
13-Apr-2023,OOS/QC/BPG/FG/0423/001,LKXL1 (KOMIX HERBAL LEMON LIQ),"FD025, FD026, FD027",NA,SPOT ND UNTUK VITEX NEGUNDO,CLOSED,,,,,Penyimpangan DEV/QPR/PLG/0523/002
03-Mei-2023,OOS/QC/BPG/ST/0523/001,POSN1,POSN1 FORMULA B,NA,TMS ACETOSAL,CLOSED,,Tidak terjadi kesalahan pada tahap 1.a,Tidak terjadi kesalahan pada tahap 1.b,TIDAK DITEMUKAN KESALAHAN PADA PROSES ANALISA . OOS VALID BERASAL DARI SAMPEL YANG KURANG STABIL,
03-Mei-2023,OOS/QC/BPG/ST/0523/002,POSN1,POSN1 FORMULA D,NA,TMS ACETOSAL,CLOSED,,Tidak terjadi kesalahan pada tahap 1.a,Tidak terjadi kesalahan pada tahap 1.b,OOS dari sampel yg tidak homogen,
06-Mei-2023,OOS/QC/BPG/ST/0523/003,POSNA,T23.04.066 / CD008,NA,TMS CAFFEIN,CLOSED,,Tidak terjadi kesalahan pada tahap 1.a,Tidak terjadi kesalahan pada tahap 1.b,OOS dari sampel yg tidak homogen,
06-Mei-2023,OOS/QC/BPG/ST/0523/004,POSNA,T23.04.070 / CD009,NA,TMS ACETOSAL DAN CAFFEIN,CLOSED,,Tidak terjadi kesalahan pada tahap 1.a,Tidak terjadi kesalahan pada tahap 1.b,OOS dari sampel yg tidak homogen,
06-Mei-2023,OOS/QC/BPG/ST/0523/005,POSNA,T23.04.071 / CD009,NA,TMS ACETOSAL,CLOSED,,Tidak terjadi kesalahan pada tahap 1.a,Tidak terjadi kesalahan pada tahap 1.b,OOS dari sampel yg tidak homogen,
06-Mei-2023,OOS/QC/BPG/ST/0523/006,LNKKB,T23.05.026 / CD1,NA,TMS GG DAN PE HCl,CLOSED,,Tidak terjadi kesalahan pada tahap 1.a,Tidak terjadi kesalahan pada tahap 1.b,OOS dari sampel yg tidak homogen,
06-Mei-2023,OOS/QC/BPG/ST/0523/007,LNKKB,T23.05.027 / CD 2,NA,TMS PE HCl,CLOSED,,Tidak terjadi kesalahan pada tahap 1.a,Tidak terjadi kesalahan pada tahap 1.b,OOS dari sampel yang tidak stabil,
06-Mei-2023,OOS/QC/BPG/ST/0523/008,POSKD,T23.05.020 / CG010,NA,TMS CAFFEIN,CLOSED,,Tidak terjadi kesalahan pada tahap 1.a,Tidak terjadi kesalahan pada tahap 1.b,OOS dari sampel yang tidak stabil,
06-Mei-2023,OOS/QC/BPG/ST/0523/009,POSKD,T23.05.021 / CG011,NA,TMS CAFFEIN,CLOSED,,Tidak terjadi kesalahan pada tahap 1.a,Tidak terjadi kesalahan pada tahap 1.b,OOS dari sampel yang tidak stabil,
17-Apr-2023,OOS/QC/BPG/MIKRO/0423/003,LPRGP,T.M.23.04.061,NA,HASIL TPC & KK OOS,CLOSED,CAPA/QC/BPG/MIKRO/0423/001,Tidak ada kesalahan selama proses analisa. ,Tidak ada kesalahan selama proses analisa. ,Hasil analisa SU yang sama relatif tidak ada pertumbuhan. Proses sampling 11 hari MS. OOS Invalid. Perlu dilakukan perbaikan pada root cause.,
14-Apr-2023,OOT/QC/BPG/MIKRO/0423/001,HONEY LIQUID,2R/2304/0057,"NUR ABADI SEJAHTERA, PT",HASIL TPC OOT,CLOSED,,Tidak ada kesalahan selama proses analisa. ,Tidak ada kesalahan selama proses analisa. ,Hasil analisa PU dan SU MS tidak OOT. RM Honey 2R/2304/0057 dapat diluluskan. Tidak ada kesalahan analisa. OOS Valid.,
20-Apr-2023,OOS/QC/BPG/MIKRO/0423/004,BILASAN MESIN ST 13,VERIF BEFORE LEBARAN,NA,HASIL TPC OOS,CLOSED,,Tidak ada kesalahan selama proses analisa. ,Tidak ada kesalahan selama proses analisa. ,Hasil SU MS. Mesin dapat digunakan. Tidak ditemukan kesalahan pada proses analisa. OOS Valid.,
20-Apr-2023,OOS/QC/BPG/MIKRO/0423/005,BILASAN UNFILL A,VERIF BEFORE LEBARAN,NA,HASIL TPC OOS,CLOSED,,Tidak ada kesalahan selama proses analisa. ,Tidak ada kesalahan selama proses analisa. ,Hasil verifikasi SU MS. Mesin dapat digunakan. Tidak ditemukan kesalahan pada proses analisa. OOS Valid.,
20-Apr-2023,OOS/QC/BPG/MIKRO/0423/006,P.2.7,AIR EHM W3 APRIL 2023,NA,HASIL TPC OOS,CLOSED,,Tidak ada kesalahan selama proses analisa. ,Tidak ada kesalahan selama proses analisa. ,Tidak ditemukan kesalahan pada proses analisa. OOS Valid. Hasil analisa SU MS. Mungkin terjadi kontaminasi pada saat sampling awal. ,
21-Apr-2023,OOS/QC/BPG/MIKRO/0423/007,BILASAN ST 8,VERIF BEFORE LEBARAN,NA,HASIL TPC OOS,CLOSED,,Tidak ada kesalahan selama proses analisa. ,Tidak ada kesalahan selama proses analisa. ,Hasil analisa SU memenuhi syarat. ST dapat digunakan. OOS kemungkinan dari sampel. OOS Valid. ,
21-Apr-2023,OOT/QC/BPG/MIKRO/0423/002,BILASAN ST 11,VERIF BEFORE LEBARAN,NA,HASIL KK OOT,CLOSED,,Tidak ada kesalahan selama proses analisa. ,Tidak ada kesalahan selama proses analisa. ,"Hasil analisa SU MS, mesin bersih dan dapat digunakan. Tidak ditemukan kesalahan pada proses analisa. OOT Valid. OOT mungkin disebabkan kontaminasi saat sampling dari botol sampel. ",
10-Mei-2023,OOS/QC/BPG/ST/0523/010,LPRGG,CG002,NA,TMS SIMETHICONE,CLOSED,,Tidak terjadi kesalahan pada tahap 1.a,Tidak terjadi kesalahan pada tahap 1.b,Perbaikan metode analisa untuk sampel stabtest,Develop MA alternatif
10-Mei-2023,OOS/QC/BPG/ST/0523/011,LPRGG,BL002,NA,TMS SIMETHICONE,CLOSED,,Tidak terjadi kesalahan pada tahap 1.a,Tidak terjadi kesalahan pada tahap 1.b,tidak ditemukan lab error pada proses analisa. hasil analisa unvalid disebabkan metode analisa yang tidak sesuaiuntuk pengujian stabilitas. oos valid,
10-Mei-2023,OOS/QC/BPG/ST/0523/012,LNKKB,FD2 / T.23.05.054,NA,TMS PE HCl,CLOSED,,Tidak terjadi kesalahan pada tahap 1.a,Tidak terjadi kesalahan pada tahap 1.b,OOS dari sampel yang tidak stabil,
10-Mei-2023,OOS/QC/BPG/ST/0523/013,LNKKB,FC 1 / T.23.05.051,NA,TMS PE HCl ; CTM ; GG,CLOSED,,Tidak terjadi kesalahan pada tahap 1.a,Tidak terjadi kesalahan pada tahap 1.b,OOS dari sampel yang tidak stabil,
10-Mei-2023,OOS/QC/BPG/ST/0523/014,LNKOA,FD1 BAWAH / T.23.05.056,NA,TMS PE HCl ; CTM ; GG,CLOSED,,Tidak terjadi kesalahan pada tahap 1.a,Tidak terjadi kesalahan pada tahap 1.b,OOS dari sampel yang tidak stabil,
10-Mei-2023,OOS/QC/BPG/ST/0523/015,LNKOA,FD1 ATAS / T.23.05.055,NA,TMS PE HCl ; CTM,CLOSED,,Tidak terjadi kesalahan pada tahap 1.a,Tidak terjadi kesalahan pada tahap 1.b,OOS dari sampel yang tidak stabil,
10-Mei-2023,OOS/QC/BPG/ST/0523/016,LNKKB,FD2 / T.23.05.052,NA,TMS PE HCl,CLOSED,,Tidak terjadi kesalahan pada tahap 1.a,Tidak terjadi kesalahan pada tahap 1.b,OOS dari sampel yang tidak stabil,
12-Mei-2023,OOS/QC/BPG/ST/0523/017,POSNA,POSNA-D02 (ATAS) / T.23.05.061,NA,TMS CAFFEINE,CLOSED,,Tidak terjadi kesalahan pada tahap 1.a,Tidak terjadi kesalahan pada tahap 1.b,OOS dari sampel yang tidak stabil,
05-Mei-2023,OOS/QC/BPG/MIKRO/0523/001,S.2.2,AIR AQUADEMIN PANAS COMP SOLID 2,NA,HASIL ANALISA TPC KK OOS,CLOSED,,Tidak ada kesalahan selama proses analisa. ,Tidak ada kesalahan selama proses analisa. ,"Tidak ada kesalahan pada proses analisa. OOS Valid. Hasil TMS berasal dari sampel awal terkontaminasi saat sampling. Hasil SU MS, Aquademin dapat digunakan. ",
08-Mei-2023,OOS/QC/BPG/MIKRO/0523/002,SWAB TONG PLASTIK 1,EHM MESIN PERSONIL,NA,HASIL ANALISA TPC OOS,CLOSED,,Tidak ada kesalahan selama proses analisa. ,Tidak ada kesalahan selama proses analisa. ,Hasil analisa SU MS. Tong dapat digunakan. Pastikan metode pembersihan dilakukan sesuai aturan dan tidak terjadi kontaminasi pada saat sampling. ,
16-Mei-2023,OOS/QC/BPG/ST/0523/018,LNKOA,BK111 BK112 BK113,NA,TMS PE HCl ; CTM,CLOSED,,Tidak terjadi kesalahan pada tahap 1.a,Tidak terjadi kesalahan pada tahap 1.b,tidak ditemukan lab error pada proses analisa. oos disebabkan oleh sampel yang sudah menurun kadarnya. oos valid,
17-Mei-2023,OOS/QC/BPG/ST/0523/019,LNKOA,BL030,NA,PE HCl,CLOSED,,Tidak terjadi kesalahan pada tahap 1.a,Tidak terjadi kesalahan pada tahap 1.b,SAMPEL TIDAK STABIL,
19-Mei-2023,OOT/QC/BPG/MIKRO/0523/001,PSIDIUM GUAJAVA,(034LX) 2R/2305/0084,"PHYTOCHEMINDO REKSA, PT",HASIL ANALISA KK VAT 3 OOT,CLOSED,,Tidak terdapat kesalahan dalam proses analisa.,Terdapat kasus OOT Valid pada batch yang sama sebelumnya. ,Hasil analisa sampling ulang MS tidk ada pertumbuhn RM Psidium Guajava dapat diluluskan. ,
19-Mei-2023,OOS/QC/BPG/ST/0523/020,LNKOA,T23.05.084,NA,"TMS CTM, PE HCL",CLOSED,,Tidak terjadi kesalahan pada tahap 1.a,Tidak terjadi kesalahan pada tahap 1.b,SAMPEL TIDAK STABIL,
19-Mei-2023,OOS/QC/BPG/ST/0523/021,LNKOA,T23.05.085,NA,TMS CTM,CLOSED,,Tidak terjadi kesalahan pada tahap 1.a,Tidak terjadi kesalahan pada tahap 1.b,SAMPEL TIDAK STABIL,
25-Mei-2023,OOS/QC/BPG/ST/0523/022,LNKKB,"T23,05,069;170",NA,TMS PE HCL DAN CTM,CLOSED,,Tidak terjadi kesalahan pada tahap 1.a,Tidak terjadi kesalahan pada tahap 1.b,SAMPEL TIDAK STABIL,
25-Mei-2023,OOS/QC/BPG/ST/0523/023,LNKKB,"T23,05,165;168",NA,TMS PE HCL DAN CTM,CLOSED,,Tidak terjadi kesalahan pada tahap 1.a,Tidak terjadi kesalahan pada tahap 1.b,SAMPEL TIDAK STABIL,
22-Mei-2023,OOS/QC/BPG/ST/0523/024,POSNA,AE008,NA,TMS ACETOSAL DAN CAFFEIN,CLOSED,,Tidak terjadi kesalahan pada tahap 1.a,Tidak terjadi kesalahan pada tahap 1.b,OOS BERASAL DARI SAMPEL YANG KURANG HOMOGEN,SAMPEL SUDAH MENGALAMI PENURUNAN KUALITAS
22-Mei-2023,OOS/QC/BPG/FG/0523/001,LKXK1 (KOMIX HERBAL KID LIQ),FE008-FE010,NA,SPOT ND UNTUK VITEX NEGUNDO,CLOSED,,,,DEV/QPR/PLG/QC/0523/018,
30-Mei-2023,OOS/QC/BPG/PM/0523/001,PACK BEJO,2K/2305/0107,CSG,BERAT TMS,CLOSED,,,,,
24-Mei-2023,OOS/QC/BPG/ST/0523/025,LPRG2,23.05.117 dan 23.05.120,NA,TMS SIMETICONE,CLOSED,,Tidak terjadi kesalahan pada tahap 1.a,Tidak terjadi kesalahan pada tahap 1.b,Perbaikan metode analisa untuk sampel stabtest,Develop MA alternatif
29-Mei-2023,OOS/QC/BPG/ST/0523/026,LNKOA,AE020,NA,TMS PE HCL DAN CTM,CLOSED,,Tidak terjadi kesalahan pada tahap 1.a,Tidak terjadi kesalahan pada tahap 1.b,sampel sudah ED+1,
29-Mei-2023,OOS/QC/BPG/ST/0523/027,POSNA,CC017 (23.05.205),NA,TMS ACETOSAL DAN CAFFEINE,CLOSED,,Tidak terjadi kesalahan pada tahap 1.a,Tidak terjadi kesalahan pada tahap 1.b,TIDAK DITEMUKAN LAB ERROR PADA PROSES ANALISA. OOS DISEBABKAN OLEH SAMPEL YANG KURANG HOMOGEN,
29-Mei-2023,OOT/QC/BPG/MIKRO/0523/002,LKXJA,FE 056 / B LINE 6,NA,HASIL KK OOT,CLOSED,,Tidak ada kesalahan selama proses analisa. ,Tidak ada kesalahan selama proses analisa. ,Hasil analisa sampel ulang MS tidak OOT.  Produk LKXJA FE 056 dapat diluluskan. ,
26-Mei-2023,OOS/QC/BPG/MIKRO/0523/003,SWAB STAINER,BEFORE TRIAL LBXTA FE069,NA,HASIL TPC OOS,CLOSED,,Tidak ada kesalahan selama proses analisa. ,Tidak ada kesalahan selama proses analisa. ,Tidak ditemukan Lab error pada proses analisa. OOS Valid disebabkan oleh sampel yang TMS. Pastikan metode pembersihan sudah efektif membersihkan alat. ,
31-Mei-2023,OOS/QC/BPG/MIKRO/0523/004,MAS,RUANG STAGING ALAT PRODUKSI,NA,HASIL TPC OOS,CLOSED,,,,,
14-Mei-2023,OOS/QC/BPG/MIKRO/0523/005,MAS,RUANG MIKRO BEFPRE FOGGING,NA,HASIL TPC OOS,CLOSED,,Tidak ada kesalahan selama proses analisa. ,Tidak ada kesalahan selama proses analisa. ,Tidak ditemukan Lab Error pada proses analisa. OOS Valid disebabkan ruangan yang belum di sanitasi (pendataan kondisi sebelum pembersihan) ,
04-Jun-2023,OOS/QC/BPG/MIKRO/0623/001,BILASAN TATHUNG,TRIAL POSNA,NA,HASIL TPC OOS,CLOSED,,Tidak ada kesalahan selama proses analisa. ,Tidak ada kesalahan selama proses analisa. ,Tidak ditemukan Lab Error pada proses analisa. OOS Valid. Perlu dipastikan metode pembersihan valid & dilakukan sesuai prosedur. ,
30-Mei-2023,OOS/QC/BPG/RM/0523/001,SODIUM BENZOATE,2R/2305/0161,WUHAN YOUJI INDUSTRIES,KADAR AIR (KF) TMS,OPEN,,Tidak ada kesalahan dalam tahapan ini ,Hasil analisa kF TMS = Over speck,,
31-Mei-2023,OOS/QC/BPG/RM/0523/002,"ZINGIBER OFF ROSCH RUBRUM LE 
 (1,5-3%)",2R/2305/0168,"NATRINDO SURYA PRIMA, PT",KADAR 6 GINGEROL TMS,CLOSED,Buat CAPA untuk follow up reject,,,"- Hasil analisa sampel sampling ulang pada VAT 1&6 tetap TMS kadar over spec, kemungkinan memang dari sampelnya
- Ada tambahan data hasil analisa oleh Andev, dengan hasil yang sama untuk kode E, tetap TMS over spec kadar gingerolnya",Tidak ditemukan kesalahan pada proses analisa. OOS Valid disebabkan sampe Jahe yang over spek. RM 2R/2309/0168 Lot E di reject (parsial reject hanya untuk Lot E)
09-Jun-2023,OOS/QC/BPG/ST/0623/001,LBMA2,BJ060 (23.06.060) BJ061 (23.06.061),NA,TMS GINGEROL,CLOSED,,Tidak terjadi kesalahan pada tahap 1.a,Tidak terjadi kesalahan pada tahap 1.b,tidak ditemukan lab error pada proses analisa.,
07-Jun-2023,OOS/QC/BPG/ST/0623/002,LKJTA,23.06.048,NA,TMS CTM DAN GUAIFENESIN,CLOSED,-,Tidak terjadi kesalahan pada tahap 1.a,Tidak terjadi kesalahan pada tahap 1.b,OOS VALID. HASIL ANALISA SAMPEL AWAL OVERSPEK. HASIL ANALISA SAMPLING ULANG MS CENDERUNG BATAS ATAS. OOS KARENA SAMPEL KURANG HOMOGEN. GUNAKAN HASIL ANALISA SAMPLING ULANG,"OOS Valid, Hasil analisa SPL awal overspek, hasil analisa sampling ulang MS cenderung batas atas, OOS karena SPL kurang homogen, gunakan hand analisa sample ulang"
09-Jun-2023,OOS/QC/BPG/ST/0623/003,LNKK1,FC1 (23.06.097) FC2 (23.06.098),NA,TMS CTM DAN PE HCL,CLOSED,,Tidak terjadi kesalahan pada tahap 1.a,Tidak terjadi kesalahan pada tahap 1.b,tidak ditemukan lab error pada proses analisa.,
09-Jun-2023,OOS/QC/BPG/ST/0623/004,LNKK1,FC1 (23.06.095) FC2 (23.06.096),NA,TMS CTM DAN PE HCL,CLOSED,,Tidak terjadi kesalahan pada tahap 1.a,Tidak terjadi kesalahan pada tahap 1.b,tidak ditemukan lab error pada proses analisa.,
09-Jun-2023,OOS/QC/BPG/ST/0623/005,LNKK1,CD1 (23.06.075) CD2 (23.06.076),NA,"TMS CTM, GUAIFENESINE, DAN PE HCL",CLOSED,,Tidak terjadi kesalahan pada tahap 1.a,Tidak terjadi kesalahan pada tahap 1.b,tidak ditemukan lab error pada proses analisa.,
13-Jun-2023,OOS/QC/BPG/ST/0623/006,LNKK1,BE001,NA,"TMS PE HCL, CTM",CLOSED,,Tidak terjadi kesalahan pada tahap 1.a,Tidak terjadi kesalahan pada tahap 1.b,tidak ditemukan lab error pada proses analisa.,
10-Jun-2023,OOS/QC/BPG/ST/0623/007,LNKK1,BG001,NA,TMS CTM DAN PE HCL,CLOSED,,Tidak terjadi kesalahan pada tahap 1.a,Tidak terjadi kesalahan pada tahap 1.b,tidak ditemukan lab error pada analisa. OOS VALID DISEBABKAN OLEH SAMPEL YANG MENURUN KUALITASNYA SEDANG DILAKUKAN REFORMULASI UNTUK IMPROVEMENT STABILITAS,
08-Jun-2023,OOS/QC/BPG/MIKRO/0623/002,AIR,KUALIFIKASI AIR PW 1,NA,HASIL TPC OOS,CLOSED,,Tidak ada kesalahan selama proses analisa. ,Tidak ada kesalahan selama proses analisa. ,Hasil analisa sampling ulang MS. Hasil OOS pada sampel awal mungkin disebabkan kontaminasi saat sampling atau dari sampel air yang TMS. ,
09-Jun-2023,OOS/QC/BPG/MIKRO/0623/003,SWAB,SWAB JALUR BULK & RETURN CL 3 (1),NA,HASIL TPC OOS,CLOSED,,Tidak ada kesalahan selama proses analisa. ,Tidak ada kesalahan selama proses analisa. ,Tidal terjadi Lab Error pada proses analisa. OOS Valid disebabkan sampel. ,
12-Jun-2023,OOS/QC/BPG/MIKRO/0623/004,MAS,MAS RUANG MIKRO FOGGING H+1 Y6,NA,HASIL KK OOS,CLOSED,,Tidak ada kesalahan selama proses analisa. ,Tidak ada kesalahan selama proses analisa. ,Tidak ditemukan Lab Error pada analisa. Perlu dipastikan tidak terjadi kontaminasi pada saat sampling dan sanitasi dilakukan secara efektif untuk sanitasi.,
09-Jun-2023,OOS/QC/BPG/MIKRO/0623/005,MAS,MAS RUANG MIKRO AFTER FOGGING H+4 Y4,NA,HASIL TPC OOS,CLOSED,,Tidak ada kesalahan selama proses analisa. ,Tidak ada kesalahan selama proses analisa. ,Tidak ditemukan kesalahan pada proses analisa. Hasil OOS mungkin disebabkan oleh ruangan yang sudah kotor kembali setelah fugging atau kontaminasi pada saat sampling. ,
15-Jun-2023,OOS/QC/BPG/ST/0623/008,LNKO1,EH085,NA,TMS PE HCL,CLOSED,,Tidak terjadi kesalahan pada tahap 1.a,Tidak terjadi kesalahan pada tahap 1.b,sedang dilakukan reformulasi formula 07,
15-Jun-2023,OOS/QC/BPG/ST/0623/009,LNKO1,T23.06.133,NA,"TMS PE HCL, GG, CTM, GA, NIPASOL",CLOSED,,Tidak terjadi kesalahan pada tahap 1.a,Tidak terjadi kesalahan pada tahap 1.b,tidak ditemukan lab error pada proses analisa.,
17-Jun-2023,OOS/QC/BPG/ST/0623/010,LKXO1,AF001,NA,PH,CLOSED,,Tidak terjadi kesalahan pada tahap 1.a,Tidak terjadi kesalahan pada tahap 1.b,sampel sudah ED+1,
19-Jun-2023,OOS/QC/BPG/MIKRO/0623/006,SWAB,UNFILL A FOIL BAGIAN DALAM,NA,HASIL TPC OOS,CLOSED,,,,,
27-Jun-2023,OOS/QC/BPG/ST/0623/011,POSN1,FF288/T23.06.204,NA,TMS ACETOSAL,CLOSED,,Tidak terjadi kesalahan pada tahap 1.a,Tidak terjadi kesalahan pada tahap 1.b,reformulasi,
27-Jun-2023,OOS/QC/BPG/ST/0623/012,POSN1,CC016/T23.06.209,NA,"TMS CAFFEIN, ACETOSAL",CLOSED,,Tidak terjadi kesalahan pada tahap 1.a,Tidak terjadi kesalahan pada tahap 1.b,sampel kurang homogen,
02-Jul-2023,OOS/QC/BPG/ST/0723/001,POSN1,BE002,NA,"TMS CAFFEIN, ACETOSAL, DAN PCT",CLOSED,-,Tidak terjadi kesalahan pada tahap 1.a,Tidak terjadi kesalahan pada tahap 1.b,Tidak ditemukan penyebab penyimpangan pada proses analisa. Kadar TMS karena sampel sudah mengalami penurunan kualitas,Tidak ditemukan lab error pada proses analisa. OOS valid disebabkan oleh sampel
04-Jul-2023,OOS/QC/BPG/ST/0723/002,POSN1,23.07.058; 059; 060,NA,TMS ACETOSAL,CLOSED,-,Tidak terjadi kesalahan pada tahap 1.a,Tidak terjadi kesalahan pada tahap 1.b,Terdapat sampel yang diuji bersamaan dengan hasil MS. Tidak ditemukan penyimpangan pada tahap analisa. Kadar TMS karena sampel tidak homogen,Tidak ditemukan lab error pada proses analisa. OOS valid berasal dari sampel yang kurang stabil (stress test)
28-Jun-2023,OOS/QC/BPG/ST/0623/013,LNKOA,CF035,NA,TMS PE HCL,CLOSED,-,Tidak terjadi kesalahan pada tahap 1.a,Tidak terjadi kesalahan pada tahap 1.b,Tidak ditemukan penyebab penyimpangan pada tahap analisa. Kadar TMS karena sampel tidak stabil,Tidak ditemukan lab error pada proses analisa. OOS valid berasal dari sampel yang kurang stabil. on proses development / reformulasi
28-Jun-2023,OOS/QC/BPG/ST/0623/014,LNKK1,FC1 (23.06.207),NA,TMS CTM,CLOSED,-,Tidak terjadi kesalahan pada tahap 1.a,Tidak terjadi kesalahan pada tahap 1.b,Tidak ditemukan penyebab penyimpangan pada proses analisa. Kadar TMS karena homogenitas sampel tidak stabil,Tidak ditemukan lab error pada proses analisa. OOS valid disebabkan sampel yang kurang stabil
28-Jun-2023,OOS/QC/BPG/ST/0623/015,LNKO1,CC2 (23.06.205),NA,TMS CTM DAN PE HCL,CLOSED,,Tidak terjadi kesalahan pada tahap 1.a,Tidak terjadi kesalahan pada tahap 1.b,reformulasi,
05-Jul-2023,OOS/QC/BPG/ST/0723/003,LNKKB,AF004,NA,"TMS pH, CTM, DAN PE HCL",CLOSED,-,Tidak terjadi kesalahan pada tahap 1.a,Tidak terjadi kesalahan pada tahap 1.b,Tidak ditemukan penyebab penyimpangan pada proses analisa. Kadar TMS karena sampel sudah mengalami penurunan kualitas,Tidak ditemukan lab error pada proses analisa. OOS valid disebabkan oleh sampel yang sudah ED +1
04-Jul-2023,OOS/QC/BPG/ST/0723/004,LNKO1,23.06.245 DAN 23.06.246,NA,TMS PE HCL DAN CTM,CLOSED,-,Tidak terjadi kesalahan pada tahap 1.a,Tidak terjadi kesalahan pada tahap 1.b,"Tidak ditemukan penyebab penyimpangan pada proses analisa, kadar TMS disebabkan sampel telah mengalami penurunan kualitas",Tidak ditemukan Lab Error pada proses analisa OOS Valid
05-Jul-2023,OOS/QC/BPG/ST/0723/005,LBMA2,23.07.054; 056,NA,TMS ZINGIBER,CLOSED,-,Tidak terjadi kesalahan pada tahap 1.a,Tidak terjadi kesalahan pada tahap 1.b,"Sudah dilakukan analisa dengan pembanding sampel dan akurasi, tidak ditemukan penyebab penyimpangan pada tahap analisa. Kadar TMS dikarenakan homogenitas sampel yang belum homogen",Tidak ditemukan lab error pada proses analisa. OOS valid disebabkan sampel stress test yang kurang stabil
03-Jul-2023,OOS/QC/BPG/ST/0723/006,LPRG4,EM002 TK ACC,NA,TMS VISKOSITAS,CLOSED,DEV/QNA/PLG/QA/0823/001,Tidak terjadi kesalahan pada tahap 1.a,Tidak terjadi kesalahan pada tahap 1.b,"Sudah dilakukan analisa ulang dengan hasil yang sama tidak memenuhi syarat, secara rekap data dari 0 bulan sampai 6 bulan terdapat kenaikan visco. Visco TMS karena sampelnya.
Note : Tidak ada sampel pembanding karena produksi baru 1 batch. Dilihat dari trend hasil analisa, ada kecenderungan viscositas meningkat seiring dengan waktu",OOS valid berasal dari sampel yang viscositasnya meningkat. perlu penyesuaian spesifikasi visco untuk mengcover perubahan selama stabilitas
10-Jul-2023,OOS/QC/BPG/ST/0723/007,LNKK1,23.07.103 (FC1) DAN 23.07.104,NA,TMS PE HCL DAN CTM,CLOSED,-,Tidak terjadi kesalahan pada tahap 1.a,Tidak terjadi kesalahan pada tahap 1.b,Terdapat sampel yang diuji bersamaan dengan hasil MS. Tidak ditemukan penyebab penyimpangan pada tahap analisa. Kadar TMS karena sampel tidak stabil,Tidak ditemukan lab error dalam proses analisa. OOS valid berasal dari sampel yang kurang stabil
10-Jul-2023,OOS/QC/BPG/ST/0723/008,LNKK1,23.07.106 (FD2) DAN 23.07.107 (FC047),NA,TMS PE HCL DAN CTM,CLOSED,-,Tidak terjadi kesalahan pada tahap 1.a,Tidak terjadi kesalahan pada tahap 1.b,Tidak ditemukan penyebab penyimpangan pada tahap analisa. Kadar TMS karena sampel tidak stabil,Tidak ditemukan lab error pada proses analisa. OOS valid berasal dari sampel yang kurang stabil
23-Jun-2023,OOS/QC/BPG/MIKRO/0623/007,MAS,MAS KUALIFIKASI LAF,NA,HASIL ANALISA TPC & KK TMS,CLOSED,-,tidak ada kesalahan pada instrumen dan alat analisis.,tidak ada kesalahan selama proses analisis.,tidak ditemukkan kesalahan pada proses analisa. hasil OOS karena proses sanitasi yang kurang efektif. pastikan sanitasi dilakukan dengan baik sebelum sampling ulang. ,Tidak ditemukan kesalahan pada proses analisa. Hasil OOS kemungkinan karena proses sanitasi yang kurang efektif. Pastikan sanitasi dilakukan dengan baik sebelum melakukan sampling
11-Jul-2023,OOS/QC/BPG/ST/0723/009,POSN1,23.07.130 (TS001-FE1) DAN 23.07.132 (FF288),NA,TMS ACETOSAL,CLOSED,-,Tidak terjadi kesalahan pada tahap 1.a,Tidak terjadi kesalahan pada tahap 1.b,Terdapat sampel pembanding yang dianalisa bersamaan dengan hasil MS. Tidak ditemukan penyebab penyimpangan pada tahap analisa. Kadar TMS dikarenakan sampel tidak homogen,Tidak ditemukan lab error pada proses analisa. OOS valid disebabkan sampel yang tidak stabil (stress test)
07-Jan-2023,OOS/QC/BPG/ST/0723/010,PEJJ1,KM001,NA,TMS VIT.B2 PHOSPATE,CLOSED,,Tidak terjadi kesalahan pada tahap 1.a,Tidak terjadi kesalahan pada tahap 1.b,NOMOR OOS TIDAK DIPAKAI KARENA DOUBLE DENGAN NOMOR OOS/QC/BPG/ST/0723/012,
14-Jul-2023,OOS/QC/BPG/ST/0723/011,POSKC,22.11.040,NA,"TMS ACETOSAL, CAFFEIN, DAN PARACETAMOL",CLOSED,,Tidak terjadi kesalahan pada tahap 1.a,Tidak terjadi kesalahan pada tahap 1.b,"KEMUNGKINAN SAMPEL TERTUKAR, DAN TIDAK TERJADI KESALAHAN ANALISA",
07-Jan-2023,OOS/QC/BPG/ST/0723/012,PEJJ1,KM001,NA,TMS VITAMIN B2 PHOSPATE,CLOSED,-,Tidak terjadi kesalahan pada tahap 1.a,Tidak terjadi kesalahan pada tahap 1.b,Tidak ditemukan penyebab penyimpangan pada proses analisa. Kadar TMS karena sampel sudah mengalami penurunan kualitas,Tidak ditemukan kesalahan / lab error pada proses analisa. OOS valid disebabkan sampel yang sudah ED +1
17-Jul-2023,OOS/QC/BPG/ST/0723/013,LBMA2,23.07.158; 23.07.159 (FB305),NA,TMS GINGEROL,CLOSED,-,Tidak terjadi kesalahan pada tahap 1.a,Tidak terjadi kesalahan pada tahap 1.b,Tidak ditemukan penyebab penyimpangan pada proses analisa. Kadar TMS karena sampel sudah mengalami penurunan kualitas,Tidak ditemukan lab error pada proses analisa. OOS valid disebabkan oleh sampel stress test yang tidak stabil
18-Jul-2023,OOT/QC/BPG/MIKRO/0723/001,VITEX NEGUNDO,230201/ (2R/2307/0030),JILIN PROVINCE HONGJIU BIOTECH,HASIL ANALISA KK OOT,CLOSED,-,tidak ada kesalahan pada instrumen dan alat analisis.,tidak ada kesalahan selama proses analisis.,Hasil analisis pertama dengan hasil analisis sampling ulang terdapat pada nilai yang kurang lebih serupa yaitu 40 - 70 cfu/ml. Penyebab penyimpangan terdapat TS pada bahan baku Vitex Negundo no QC 2R/2307/0030,Hasil analisa SU serupa dengan hasil analisa awal. OOT berasal dari spl dgn mikro yang cenderung lebih tinggi OOT valid
20-Jul-2023,OOS/QC/BPG/MIKRO/0723/001,AIR,P.2.9 (AIR PAM CUCI ALAT PRODUKSI),NA,HASIL ANALISA TPC OOS,CLOSED,-,tidak ada kesalahan pada instrumen dan alat analisis.,tidak ada kesalahan selama proses analisis.,"Dari hasil sampling ulang didapat hasil analisis memenuhi persyaratan, sehingga penyebab penyimpangan dapat berasal dari kondisi saat sampling awal (wadah, teknik sampling)",Hasil analisa ulang tetap OOS sedangkan SU MS. OOS mungkin akibat proses sampling atau berasal dari sampel air
25-Jul-2023,OOS/QC/BPG/ST/0723/014,LBMAQ,AG076; AG077; AG078,NA,TMS GINGEROL,CLOSED,,Tidak terjadi kesalahan pada tahap 1.a,Tidak terjadi kesalahan pada tahap 1.b,Tidak ditemukan penyebab penyimpangan pada proses analisa. Kadar TMS karena sampel sudah mengalami penurunan kualitas,
25-Jul-2023,OOS/QC/BPG/ST/0723/015,POSNA,23.07.245,NA,TMS ACETOSAL CAFFEIN,CLOSED,-,Tidak terjadi kesalahan pada tahap 1.a,Tidak terjadi kesalahan pada tahap 1.b,Tidak ditemukan penyebab penyimpangan pada proses analisa. Kadar TMS karena sampel kurang homogen,Tidak ditemukan lab error pada proses analisa. OOS valid berasal dari sampel
25-Jul-2023,OOS/QC/BPG/ST/0723/016,POSNA,23.07.237,NA,TMS ACETOSAL,CLOSED,-,Tidak terjadi kesalahan pada tahap 1.a,Tidak terjadi kesalahan pada tahap 1.b,Tidak ditemukan penyebab penyimpangan pada proses analisa. Kadar TMS karena homogenitas sampel kurang baik,Tidak ditemukan lab error pada proses analisa. OOS valid berasal dari sampel yang diuji dengan kondisi stressing
26-Jul-2023,OOS/QC/BPG/ST/0723/017,LNKO1,"23,07,252",NA,TMS GUAIFENESIN (1 TITIK) TMS PE HCL (1 TITIK) TMS NIPAGIN,CLOSED,-,Tidak terjadi kesalahan pada tahap 1.a,Tidak terjadi kesalahan pada tahap 1.b,"Tidak ditemukan penyebab penyimpangan pada proses analisa, kadar TMS karena sampel tidak stabil kadar zat aktif overspek adanya endapan putih dan RM tak larut pada SPL produksi ditambahkan pada Bulk 100% skala Lab TS",Tidak ditemukan Lab error pada proses analisa OOS valid karena SPL trial
26-Jul-2023,OOS/QC/BPG/ST/0723/018,LNKO1,"23,07,253",NA,TMS GUAIFENESIN (1 TITIK) TMS PE HCL (1 TITIK),CLOSED,-,Tidak terjadi kesalahan pada tahap 1.a,Tidak terjadi kesalahan pada tahap 1.b,"Tidak ditemukan penyebab penyimpangan pada proses analisa, kadar TMS karena sampel tidak stabil, kadar Eat aktif overspek karena adanya endapan putih dan RM tak larut pada SPL produksi ditambahkan pada bulk 100% Skala Lab TS",Tidak ditemukan Lab error pada proses analisa OOS Valid karena SPL
27-Jul-2023,OOS/QC/BPG/ST/0723/019,LNKO1,"23,07,264",NA,"MS GUAIFENESIN, PE HLC DAN CTM",CLOSED,-,Tidak terjadi kesalahan pada tahap 1.a,Tidak terjadi kesalahan pada tahap 1.b,"Tidak ditemukan penyebab penyimpangan pada proses analisa, kadar TMS disebabkan sampel mengalami pemanasan sampai suhu mendekati 80 derajat C oleh TS",Tidak ditemukan Lab error pada proses analisa  *OOS Valid* berasal dari SPL trial yang di panaskan
27-Jul-2023,OOS/QC/BPG/ST/0723/020,LNKO1,"23,07,261",NA,"MS GUAIFENESIN, PE HLC DAN CTM",CLOSED,-,Tidak terjadi kesalahan pada tahap 1.a,Tidak terjadi kesalahan pada tahap 1.b,Tidak ditemukan penyebab penyimpangan pada proses analisa. kadar TMS disebabkan sampel dilakukan pemanasan sampai suhu mendekati 80 derajat C oleh TS,Tidak ditemukan Lab error pada proses analisa OOS valid karena SPL trial pemanasan
12-Jul-2023,OOS/QC/BPG/RM/0723/001,Zingiber Offic LE (1.5-3%),2R/2307/0028,Natrindo Surya,nilai pH TMS (underspec),CLOSED,,,,Tidak ditemukan Lab error pada proses analisa. OOS Valid disebabkan oleh sampel yg iradiasi (pernah ada kasus serupa). RM di Reject dengan pertimbangan adjust pH akan mempengaruhi mikroba. RM dapat diajukan untuk penyimpangan terencana pH TMS,
18-Jul-2023,OOS/QC/BPG/RM/0723/002,Caramel Colour SRC3212,2R/2307/0062,Sethness Roquette,nilai Density TMS (underspec),CLOSED,-,,,OOS Valid. Hasil analisa density baik dari QC & Andev tetap TMS -> underspec kemungkinan memang dari sampelnya,OOS valid berasal dari sampel. RM Caramel colour 2R/2307/0062 direject
28-Jul-2023,OOS/QC/BPG/MIKRO/0723/002,AIR,BILASAN OUTLET KELUARAN LAUNDRY BAJU,NA,HASIL ANALISA TPC TMS,CLOSED,-,tidak ada kesalahan pada instrumen dan alat analisis.,hasil OOS disebabkan oleh kondisi sampel bukan dari proses analisis.,tidak ditemukan lab error pada proses analisa.,Tidak ditemukan lab error pada proses analisa. OOS valid berasal dari sampel
05-Agu-2023,OOS/QC/BPG/ST/0823/001,LNKK1,CA001,NA,TMS PE HCL,CLOSED,-,Tidak terjadi kesalahan pada tahap 1.a,Tidak terjadi kesalahan pada tahap 1.b,Sudah dilakukan preparasi ulang dengan hasil tidak berbeda signifikan. Tidak ditemukan penyebab penyimpangan pada proses analisa. Kadar TMS dikarenakan sampel sudah mengalami penurunan kualitas,Tidak terjadi lab error pada proses analisa. OOS berasal dari sampel yang kurang stabil. (On progress development formula)
01-Jun-2023,OOS/QC/BPG/MIKRO/0823/001,SUCCUS B,M.23.07.333226,NA,HASIL TPC DAN KK OOS,CLOSED,-,tidak ada gangguan selama proses analisis berlangsung.,tidak ada penyimpangan selama proses analisis berlangsung.,tidak ditemukan lab errror pada proses analisa. OOS valid karena sampel.,Tidak ditemukan lab erro pada proses analisa OOS valid disebabkan untuk sampel
08-Agu-2023,OOS/QC/BPG/ST/0823/002,POSN1,23.08.047; 48; 49; 50,NA,TMS ACETOSAL,CLOSED,-,Tidak terjadi kesalahan pada tahap 1.a,Tidak terjadi kesalahan pada tahap 1.b,"Sampel stress test suhu 60 selama 28 hari, TMS pada kadar acetosal yang terurai pada suhu & kelembaban tinggi. Trend dari 14 hari sudah mendekati batas bawah OOS karena sampel",Tidak ditemukan lab error pada proses analisa. OOS valid berasal dari sampel yang terurai karena pemanasan suhu tinggi
09-Agu-2023,OOS/QC/BPG/ST/0823/003,LNKK1,23.08.062; 063,NA,"TMS CTM, PE HCL",CLOSED,-,Tidak terjadi kesalahan pada tahap 1.a,Tidak terjadi kesalahan pada tahap 1.b,Tidak ditemukan penyimpangan pada proses analisa. Sudah dilakukan pada PU dan SU (r) hasil kadar tidak berbeda signifikan. Penyebab penyimpangan dari sampel yang tidak stabil,Tidak terjadi lab error pada saat analisa. OOS valid berasal dari sampel yang kurang stabil
09-Agu-2023,OOS/QC/BPG/PM/0823/001,3MM004000,1202-A 070823/2K/2308/0026,OJI,PARAMETER LEBAR TMS,CLOSED,,,,"Perbedaan perhitungan /pengukuran QC dengan RnD dan TS. Sehingga pada saat pembentukan karton, garis lipatan tidak berasa ditengah sehingga didapatkan posisi yang selisih 2mm",
08-Agu-2023,OOS/QC/BPG/RM/0823/001,1AZ004000,"2R/2308/0029, 2R/2308/0030","Natrindo Surya Prima, PT",pH TMS under,CLOSED,-,,,Tidak ditemukan Lab error pada proses analisa. OOS Valid. RM di Reject,Tidak ditemukan lab error pada proses analisa. OOS valid berasal dari sampel. RM Zingiber 2R/2308/0030 ditolak
21-Agu-2023,OOS/QC/BPG/ST/0823/004,LKXOB,AH001,NA,TMS PH,CLOSED,-,Tidak terjadi kesalahan pada tahap 1.a,Tidak terjadi kesalahan pada tahap 1.b,Tidak ditemukan penyebab penyimpangan pada proses analisa. Nilai PH TMS karena sampel sudah mengalami penurunan kualitas,Tidak ditemukan lab error pada proses analisa. OOS valid berasal dari sampel yang sudah ED +1 tahun
23-Agu-2023,OOS/QC/BPG/ST/0823/005,POSNA,23.08.135 (FH334),NA,TMS ACETOSAL,CLOSED,-,Tidak terjadi kesalahan pada tahap 1.a,Tidak terjadi kesalahan pada tahap 1.b,Tidak ditemukan penyebab penyimpangan pada proses analisa. Kadar TMS karena homogenitas sampel,Tidak ditemukan lab error pada proses analisa. OOS valid berasal dari sampel yang di stress test
23-Agu-2023,OOS/QC/BPG/ST/0823/006,LNKKB,CB002,NA,TMS PE HCL,CLOSED,-,Tidak terjadi kesalahan pada tahap 1.a,Tidak terjadi kesalahan pada tahap 1.b,Tidak ditemukan penyebab penyimpangan pada proses analisa. Kadar TMS karena sampel sudah tidak stabil,Tidak ditemukan lab error pada proses analisa. OOS valid disebabkan sampel yang kurang stabil (on progress retormulasi oleh RND / TS)
22-Agu-2023,OOS/QC/BPG/ST/0823/007,LNKKB,BH002,NA,TMS PH DAN TMS PE HCL,CLOSED,-,Tidak terjadi kesalahan pada tahap 1.a,Tidak terjadi kesalahan pada tahap 1.b,Tidak ditemukan penyebab penyimpangan pada proses analisa. Kadar TMS karena sampel sudah mengalami penurunan kualitas,Tidak ditemukan lab error pada proses analisa. OOS valid disebabkan oleh sampel yang sudah menurun kualitasnya
23-Agu-2023,OOS/QC/BPG/ST/0823/008,LNKO1,23.08.118 (FG687),NA,TMS PE HCL,CLOSED,-,Tidak terjadi kesalahan pada tahap 1.a,Tidak terjadi kesalahan pada tahap 1.b,Tidak ditemukan penyebab penyimpangan pada tahap analisa. Kadar TMS karena sampel tidak stabil,Tidak ditemukan lab error pada proses analisa. OOS valid berasal dari sampel
23-Agu-2023,OOS/QC/BPG/ST/0823/009,LNKO1,23.08.101 (FD1),NA,TMS PE HCL,CLOSED,-,Tidak terjadi kesalahan pada tahap 1.a,Tidak terjadi kesalahan pada tahap 1.b,Tidak ditemukan penyebab penyimpangan pada tahap analisa. Kadar TMS karena sampel tidak stabil,Tidak ditemukan lab error pada proses analisa. OOS valid berasal dari sampel
25-Agu-2023,OOS/QC/BPG/ST/0823/010,POSNA,EH034,NA,TMS CAFFEIN,CLOSED,,Tidak terjadi kesalahan pada tahap 1.a,Tidak terjadi kesalahan pada tahap 1.b,Tidak ditemukan penyebab penyimpangan pada tahap analisa. Kadar TMS karena sampel tidak stabil,
10-Agu-2023,OOS/QC/BPG/MIKRO/0823/002,AIR,PW 1,NA,HASIL TPC TMS,CLOSED,DEV/QNA/PLG/QC/1023/010,tidak ada kesalahan sistem pada saat analisis.,tidak ada kesalahan selama proses analisis.,"hasil analisa SU MS, air dapat digunakan. OOS valid berasal dari sampel yang TMS.",Hasil analisa SU tetap OOS. Perlu perbaikan / sanitasi (pembersihan) pada sistem pengolahan air (OOS valid)
28-Agu-2023,OOS/QC/BPG/ST/0823/011,LKMC1,KH003,NA,HASIL VICOSITAS TMS,CLOSED,,Tidak terjadi kesalahan pada tahap 1.a,Tidak terjadi kesalahan pada tahap 1.b,tidak ditemkan lab eror pada proses analisa. oos valid disebabkan oleh sampel yang sudah ed,
04-Sep-2023,OOS/QC/BPG/ST/0923/001,LKNT1,23.09.008(FC432) ; 23.09.009(FC433),NA,KADAR CTM TMS,CLOSED,,NA,NA,OOS GAJADI,
05-Sep-2023,OOS/QC/BPG/ST/0923/002,POSN1,"23.09.015 (FH334)
 23.09.013 (FH334)",NA,KADAR ACETOSAL UNDER,CLOSED,-,Tidak terjadi kesalahan pada tahap 1.a,Tidak terjadi kesalahan pada tahap 1.b,Tidak ditemukan penyebab penyimpangan pada proses analisa kadar acetosa TMS karena penyimpangan pada suhu stressing 60'C,Tidak ditemukan lab error pada proses analisa. OOS valid disebabkan oleh sampel yang terurai
24-Agu-2023,OOS/QC/BPG/MIKRO/0823/003,AIR,PW 1,NA,HASIL ANALISA TPC DAN KK TMS,CLOSED,-,tidak ada kesalahan sistem pada saat analisis.,tidak ada kesalahan selama proses analisis.,"hasil analisa SU MS, air dapat digunakan. OOS valid berasal dari sampel yang TMS.","Hasil analisa SU MS, air dapat digunakan. OOS valid berasal dari sampel yang TMS"
06-Sep-2023,OOS/QC/BPG/ST/0923/003,LKNT1,"23.09.035 (FC432)
 23.09.035 (FC432)",NA,KADAR CTM TMS,CLOSED,,NA,NA,OOS GAJADI,
01-Sep-2023,OOS/QC/BPG/MIKRO/0923/001,AIR,PW 1,NA,HASIL ANALISA TPC TMS,CLOSED,DEV/QNA/PLG/QC/1023/010,tidak ada gangguan sistem selama proses analisis berlangsung. ,tidak ada penyimpangan selama analisis berlangsung. ,"Hasil analisa air PW titik 1 TMS, perlu di follow up untuk perbaikan & review penggunaan air selama TMS. ","OOS valid. Hasil analisa air PW titik 1 TMS, perlu di follow up untuk perbaikan X review penggunaan air selama TMS"
01-Sep-2023,OOS/QC/BPG/MIKRO/0923/002,AIR,PW TS,NA,HASIL ANALISA TPC TMS,CLOSED,-,tidak ada gangguan sistem selama proses analisis berlangsung. ,tidak ada penyimpangan selama analisis berlangsung. ,"Tidak ditemukan lab error pada proses analisa. OOS valid dari sampel/penanganan sampel pada proses sampling. sampling ulang MS, air dapat digunakan. ",Tidak ditemukan lab error pada proses analisa. OOS valid berasal dari sampel / penanganan sampel pada proses sampling. sampling ulang MS. Air dapat digunakan
01-Sep-2023,OOS/QC/BPG/MIKRO/0923/003,AIR R.3.6,AIR COMPOUNDING LIQUID 3,NA,HASIL ANALISA TPC TMS,CLOSED,-,tidak ada gangguan sistem selama proses analisis berlangsung. ,tidak ada penyimpangan selama analisis berlangsung. ,"Hasil analisa SU MS, PU botol beda MS. tidak ditemukan lab error pada saat analisa OOS valid perlu dipastikan proses sampling dilakukan dengan baik. ","Hasil analisa SU MS, PU botol beda MS
Tidak ditemukan lab error pada saat analisa, OOS valid. Perlu dipastikan proses sampling dilakukan dengan baik"
01-Sep-2023,OOS/QC/BPG/MIKRO/0923/004,AIR P.2.10,AIR BUFFER PRODUKSI LANTAI 2 (LIQUID 1),NA,HASIL ANALISA TPC TMS,CLOSED,-,tidak ada gangguan sistem selama proses analisis berlangsung. ,tidak ada penyimpangan selama analisis berlangsung. ,"Hasil analisa SU MS, PU botol berbeda ada tumbuh tapi MS tidak ditemukan lab error pada proses analisa. OOS valid. perlu dipastikan sampling dilakukan dengan baik.","Hasil analisa SU MS, PU botol berbeda ada tumbuh tapi MS
tidak ditemukan lab error pada proses analisa. OOS valid. Perlu dipastikan sampling dilakukan dengan baik"
07-Sep-2023,OOS/QC/BPG/ST/0923/004,LKCL1,BK002,NA,TMS BRIX UNDER,CLOSED,-,Tidak terjadi kesalahan pada tahap 1.a,Tidak terjadi kesalahan pada tahap 1.b,Dari hasil analisa PU menunjukan sampel tetap tidak memenuhi syarat dan disaat bersamaan dilakukan pengujian sampel lain yang memenuhi syarat tidak ditemukan penyebab penyimpangan pada proses analisa,"Tidak ditemukan lab error pada proses analisa. baik OOS underspek BJ underspek, kadar pada batas bawah. OOS valid berasal dari sampel. Lakukan analisa tambahan untuk memastikan apakah OOS hanya pada beberapa sachet tersebut"
23-Agu-2023,OOS/QC/BPG/RM/0823/002,1AZ004000,2R/2308/0076,"NATRINDO SURYA PRIMA, PT",KADAR 6-GINGEROL TMS,CLOSED,-,,,"OOS Valid, Hasil analisa kadar Gingerol under dan over serta kondisi fisik sampel berbeda dari biasanya, sangan mudah memisah / tidak dapat di homogenkan. RM ini di Reject partial untuk Kode A & B","Hasil analisa SU OOS under & over pada sampel. Karakter sampel berbeda dengan biasa. Sangat gampang memisah / tidak dihomogenkan.
RM 2R/2308/0076 kode A & B direject"
11-Sep-2023,OOS/QC/BPG/ST/0923/005,LNKK1,23.09.071-23.09.072,NA,TMS CTM dan PE,CLOSED,-,Tidak terjadi kesalahan pada tahap 1.a,Tidak terjadi kesalahan pada tahap 1.b,Tidak ditemukan penyebab penyimpangan pada proses analisa. Kadar TMS disebabkan sampel mengalami penurunan kualitas,Tidak ditemukan lab error pada proses analisa. OOS disebabkan oleh sampel yang kurang stabil (on progress devol oleh RnD)
11-Sep-2023,OOS/QC/BPG/ST/0923/006,LNKK1,23.09.073-23.09.074,NA,TMS CTM dan PE,CLOSED,-,Tidak terjadi kesalahan pada tahap 1.a,Tidak terjadi kesalahan pada tahap 1.b,Tidak ditemukan penyebab penyimpangan pada proses analisa. Kadar TMS disebabkan sampel sudah mengalami penurunan kualitas,Tidak ditemukan lab error pada proses analisa. OOS valid berasal dari sampel. (on progress reformulasi oleh RnD)
12-Sep-2023,OOS/QC/BPG/ST/0923/007,LHRBA,CC016,NA,TMS ZINGIBER,CLOSED,-,Tidak terjadi kesalahan pada tahap 1.a,Tidak terjadi kesalahan pada tahap 1.b,Tidak ditemukan penyebab penyimpangan pada proses analisa. Kadar TMS disebabkan sampel sudah mengalami penurunan kualitas,Tidak ditemukan lab error pada proses analisa. OOS disebabkan oleh sampel. OOS valid
13-Sep-2023,OOS/QC/BPG/ST/0923/008,LNKK1,23.09.097,NA,TMS PE HCL dan CTM,CLOSED,,Tidak terjadi kesalahan pada tahap 1.a,Tidak terjadi kesalahan pada tahap 1.b,Tidak ditemukan penyebab penyimpangan pada proses analisa. Kadar TMS disebabkan sampel sudah mengalami penurunan kualitas,Tidak ditemukan lab error pada proses analisa. OOS valid berasal dari sampel yag kurang stabil. (on progress reformulasi oleh RnD)
04-Sep-2023,OOS/QC/BPG/MIKRO/0923/005,SWAB,SWAB ANDI BAGIAN DADA,NA,HASIL ANALISA TPC OOS,CLOSED,-,Tidak ada kesalahan sistem pada saat analisis.,Tidak ada kesalahan sistem pada saat analisis.,Pastikan Hygiene operator dijalankan dengan baik. OOS Valid. ,Pastikan hygiene operator dijalankan dengan baik. OOS valid
15-Sep-2023,OOS/QC/BPG/ST/0923/009,LNKOA,EH085,NA,TMS PE HCL,CLOSED,-,Tidak terjadi kesalahan pada tahap 1.a,Tidak terjadi kesalahan pada tahap 1.b,Tidak ditemukan penyebab penyimpangan pada proses analisa. Kadar TMS disebabkan sampel sudah mengalami penurunan kualitas,Tidak ditemukan lab error pada proses analisa. OOS valid berasal dari sampel yang menurun kadarnya
18-Sep-2023,OOS/QC/BPG/ST/0923/010,LNKOA,23.09.127 (FG674),NA,TMS CTM,CLOSED,-,Tidak terjadi kesalahan pada tahap 1.a,Tidak terjadi kesalahan pada tahap 1.b,Tidak ditemukan penyebab penyimpangan pada proses analisa. Kadar TMS karena sampel sudah mengalami penurunan kualitas,Tidak ditemukan lab error pada proses analisa. OOS valid berasal dari sampel
20-Sep-2023,OOS/QC/BPG/ST/0923/011,LNKO1,23.09.144 (FD1),NA,TMS PE HCL,CLOSED,,Tidak terjadi kesalahan pada tahap 1.a,Tidak terjadi kesalahan pada tahap 1.b,tidak ditemukan lab error pada proses analisa. oos valid berasal dari sampel yang oos,
22-Sep-2023,OOS/QC/BPG/ST/0923/012,POSN1,"23,09,152 : POSN1 ( ALTERNATIF PCT EX ANQIU LUAN ) 
23,09,153 : POSN1 (EKS) ",NA,TMS ACT,CLOSED,,Tidak terjadi kesalahan pada tahap 1.a,Tidak terjadi kesalahan pada tahap 1.b,tidak ditemukan lab eror pada proses analisa. oos valid berasal dari spl (stres test),
09-Nov-2023,OOS/QC/BPG/RM/0923/001,2AX001000,2R/2309/0016,Deosan Biochemical (Ordos) Ltd,TMS pH,CLOSED,-,,,,Lakukan sampling dan analisa ulang untuk memastikan hasil yang OOS
23-Mar-2023,OOS/QC/BPG/PM/0323/001,2DW003110,2K/2303/0109,"CAKRAWALA MEGA INDAH, PT",hasil pemeriksaan parameter gramatur TMS,CLOSED,,,,,
02-Okt-2023,OOS/QC/BPG/ST/1023/001,LNKK1,"BJ001
BJ002
BJ003",NA,TMS KADAR PE,CLOSED,-,Tidak terjadi kesalahan pada tahap 1.a,Tidak terjadi kesalahan pada tahap 1.b,Tidak ditemukan penyebab penyimpangan pada proses analisa. Kadar PE TMS disebabkan karena sampel sudah mengalami penurunan kualitas,Tidak ditemukan lab error pada proses analisa. OOS valid disebabkan oleh sampel
03-Okt-2023,OOS/QC/BPG/ST/1023/002,LNKOA,BJ003,NA,TMS PE HCL,CLOSED,-,Tidak terjadi kesalahan pada tahap 1.a,Tidak terjadi kesalahan pada tahap 1.b,Tidak ditemukan penyebab penyimpangan pada proses analisa. Kadar TMS disebabkan sampel sudah mengalami penurunan kualitas,"Tidak ditemukan lab error pada proses analisa. OOS valid berasal dari sampel yang sudah TMS kadarnya
usia produk 24 bulan sedang develop formula baru by RnD"
03-Okt-2023,OOS/QC/BPG/ST/1023/003,LNKO1,"23.10.010 (FC1)
23.10.011 (FC2)
23.10.017 (FC510)",NA,TMS PE HCL,CLOSED,-,Tidak terjadi kesalahan pada tahap 1.a,Tidak terjadi kesalahan pada tahap 1.b,Tidak ditemukan penyimpangan pada proses analisa. Kadar TMS disebabkan sampel sudah mengalami penurunan kualitas,Tidak ditemukan lab error pada proses analisa. OOS valid disebabkan oleh sampel yang disimpan pada suhu 40'C
03-Okt-2023,OOS/QC/BPG/ST/1023/004,LNKO1,23.10.013 (FC1),NA,TMS PE HCL DAN CTM,CLOSED,-,Tidak terjadi kesalahan pada tahap 1.a,Tidak terjadi kesalahan pada tahap 1.b,Tidak ditemukan penyimpangan pada proses analisa. Kadar TMS disebabkan sampel telah mengalami penurunan kualitas,Tidak ditemukan lab error pada proses analisa. OOS valid disebabkan oelh sampel
03-Okt-2023,OOS/QC/BPG/ST/1023/005,LNKO1,23.10.021 (CC1),NA,"TMS PE HCL, GG, DAN CTM",CLOSED,-,Tidak terjadi kesalahan pada tahap 1.a,Tidak terjadi kesalahan pada tahap 1.b,Tidak ditemukan penyebab penyimpangan pada proses analisa. Kadar TMS disebabkan sampel telah mengalami penurunan kualitas,Tidak ditemukan lab error pada proses analisa. OOS valid
03-Okt-2023,OOS/QC/BPG/ST/1023/006,LNKO1,23.10.022 (CC2),NA,TMS PE HCL DAN CTM,CLOSED,,Tidak terjadi kesalahan pada tahap 1.a,Tidak terjadi kesalahan pada tahap 1.b,"nomor OOS tidak digunakan, karena double sama dengan nomor OOS/QC/BPG/ST/1023/005",
03-Okt-2023,OOS/QC/BPG/ST/1023/007,LNKO1,"23.10.037 (EJ158 FOIL EKSISTING ) 
23.10.040 (EJ158 FOIL DIVERS INDOGRAVURE)",NA,TMS PE HCL,CLOSED,-,Tidak terjadi kesalahan pada tahap 1.a,Tidak terjadi kesalahan pada tahap 1.b,Tidak ditemukan penyebab penyimpangn pada proses analisa. Kadar TMS disebabkan sampel sudah mengalami penurunan kualitas,Tidak ditemukan lab error pada proses analisa. OOS valid berasal dari sampel yang sudah menurun kadarnya
03-Okt-2023,OOS/QC/BPG/ST/1023/008,LCLZ1,LCLZ1 ( PEMANASAN SUHU 75 DC),NA,TMS PSEUDOEPHEDRINE HCL,CLOSED,-,Tidak terjadi kesalahan pada tahap 1.a,Tidak terjadi kesalahan pada tahap 1.b,Tidak ditemukan penyebab penyimpangan pada proses analisa. Kadar TMS disebabkan sampel telah mengalami penurunan kualitas perbedaan proses produksi,Tidak ditemukan lab error pada proses analisa. OOS valid karena sampel trial yang tidak sesuai spek
03-Okt-2023,OOS/QC/BPG/ST/1023/009,LCLZ1,LCLZ1 ( PEMANASAN SUHU 85 DC),NA,"TMS PSEUDOEPHEDRINE HCL 
TMS CTM",CLOSED,-,Tidak terjadi kesalahan pada tahap 1.a,Tidak terjadi kesalahan pada tahap 1.b,Tidak ditemukan penyebab penyimpangan pada proses analisa. Kadar TMS disebabkan sampel sudah mengalami perbedaan proses produksi,Tidak ditemukan lab error pada proses analisa. OOS valid berasal dari sampel trial yang tidak sesuai spek
06-Okt-2023,OOS/QC/BPG/ST/1023/010,POSNA,23.10.071 (FF297),NA,TMS CAFFEINE,CLOSED,-,Tidak terjadi kesalahan pada tahap 1.a,Tidak terjadi kesalahan pada tahap 1.b,tidak ditemukan lab error pada proses analisa. oos valid karena SPL,-
06-Okt-2023,OOS/QC/BPG/ST/1023/011,POSNA,23.10.077 (FF299),NA,TMS ACTOSAL DAN CAFFEINE,CLOSED,-,Tidak terjadi kesalahan pada tahap 1.a,Tidak terjadi kesalahan pada tahap 1.b,Tidak ditemukan penyebab penyimpangan pada proses analisa. Kadar TMS disebabkan sampel sudah mengalami degradasi karena suhu penyimpanan,Tidak ditemukan lab error pada proses analisa. OOS valid
06-Okt-2023,OOS/QC/BPG/ST/1023/012,LNKK1,23.10.083 (FD1),NA,TMS PE HCL,CLOSED,-,Tidak terjadi kesalahan pada tahap 1.a,Tidak terjadi kesalahan pada tahap 1.b,Tidak ditemukan penyebab penyimpangan pada proses analisa. Kadar PE HCI TMS disebabkan penurunan kualitas,Tidak ditemukan lab error pada proses analisa. OOS valid karena sampel yang menurun kualitasnya
06-Okt-2023,OOS/QC/BPG/ST/1023/013,LNKK1,"23.10.080 (FD1)
23.10.081 (FD2)
23.10.082 (FC047)",NA,TMS PE HCl,CLOSED,-,Tidak terjadi kesalahan pada tahap 1.a,Tidak terjadi kesalahan pada tahap 1.b,Tidak dtemukan penyebab penyimpangan pada proses analisa. Kadar TMS disebabkan kadar PE HCI telah mengalami penurunan kualitas,Tidak ditemukan lab error pada proses analisa. OOS valid berasal dari sampel
22-Sep-2023,OOS/QC/BPG/RM/0923/001,2AX001000,2R/2309/0057,Deosan Biochemical (Ordos) Ltd,TMS pH,CLOSED,-,,,,"OOS Valid disebabkan oleh SPL RM Xanthan Gum, 2R/2309/0016 Di reject"
08-Mar-2023,OOS/QC/BPG/EHM/0323/001,Air Limbah outlet,NA,NA,Hasil COD TMS,CLOSED,-,Tidak ada kesalahan sistem selama analisis berlangsung,Tidak ada penyimpangan prosedur selama analisis berlangsung,Lakukan sampling & analisa ulang untuk memastikan hasil yg OOS,"Tidak ditemukan Lab Error pada proses analisa OOS Valid, Berasal dari SPL. Pengujian SPL tgl 27/03/2023 MS air dapat di gunakan."
05-Jun-2023,OOS/QC/BPG/EHM/0623/001,Air Demin Storage tank 2 lt.2 & Air Demin Panas comp. liquid 3,D.2.2 & S.2.3,NA,Hasil CND TMS,CLOSED,-,Tidak terdapat kesalahan / Eror selama proses berlangsung,Tidak ada kesalahan proses analisa,Lakukan sampling & analisa ulang untuk memastikan hasil analisa yg OOS,"Tidak di temukan Lab Error pada proses analisa OOS Valid, Hasil analisa sampling ulang MS air dapat di gunakan untuk proses"
09-Okt-2023,OOS/QC/BPG/ST/1023/014,POSN1,23.10.088,NA,TMS ACETOSAL,CLOSED,-,Tidak terjadi kesalahan pada tahap 1.a,Tidak terjadi kesalahan pada tahap 1.b,Tidak ditemukan penyebab penyimpangan pada proses analisa. Kadar TMS disebabkan sampel telah mengalami penurunan kualitas,Tidak ditemukan lab error pada proses analisa. OOS valid
09-Okt-2023,OOS/QC/BPG/ST/1023/015,POSN1,23.10.089,NA,TMS ACETOSAL DAN CAFFEIN,CLOSED,-,Tidak terjadi kesalahan pada tahap 1.a,Tidak terjadi kesalahan pada tahap 1.b,Tidak ditemukan penyebab penyimpangan pada proses analisa. Kadar TMS disebabkan sampel telah mengalami penurunan kualitas,Tidak ditemukan lab error pada proses analisa. OOS valid disebabkan oleh sampel
09-Okt-2023,OOS/QC/BPG/ST/1023/016,POSN1,23.10.091,NA,TMS ACETOSAL DAN CAFFEIN,CLOSED,-,Tidak terjadi kesalahan pada tahap 1.a,Tidak terjadi kesalahan pada tahap 1.b,Tidak ditemukan penyebab penyimpangan pada proses analisa. Kadar TMS disebabkan sampel sudah mengalami penurunan kualitas,Tidak ditemukan lab error pada proses analisa. OOS valid
09-Okt-2023,OOS/QC/BPG/ST/1023/017,POSN1,23.10.095,NA,TMS ACETOSAL DAN CAFFEIN,CLOSED,-,Tidak terjadi kesalahan pada tahap 1.a,Tidak terjadi kesalahan pada tahap 1.b,Tidak ditemukan penyebab penyimpangan pada proses analisa. Kadar TMS disebabkan sampel sudah mengalami penurunan kualitas,Tidak ditemukan kesalahan / lab error pada proses analisa. OOS valid dari sampel yang sudah menurun kadarnya
25-Sep-2023,OOS/QC/BPG/EHM/0923/001,Air Demin Panas Comp. Liquid 3,S.2.3,NA,Hasil CND TMS,CLOSED,DEV/HSE/PLG/QS/0823/001,Tidak ditemukan error selama proses analisa,Tidak ditemukan kesalahan/ error selama proses analisa. SU sebelumnya juga TMS,Lakukan sampling ulang untuk memastikan hasil analisa yg OOS,"Hasil analisa SU ke 3 MS (OOS tgl 25,26, tgl 27 MS). Aqudem panas digunakan untuk proses cuci alat dan pelarutan polyoxil (tidak kontak) segingga tidak berpengaruh langsung terhadap kualitas produk. Perlu dilakukan investigasi perbaikan agar tidak terulang kembali (kasus ke 2). OOS valid"
11-Okt-2023,OOS/QC/BPG/ST/1023/018,POSN1,CD006,NA,TMS ACETOSAL DAN CAFFEIN,CLOSED,,Tidak terjadi kesalahan pada tahap 1.a,Tidak terjadi kesalahan pada tahap 1.b,Tidak ditemukan penyebab penyimpangan pada proses analisa. Kadar TMS disebabkan sampel telah mengalami penurunan kualitas,Tidak ditemukan lab error pada proses analisa.  OOS valid berasal dari sampel produk yang kadarnya sudah menurun (on progress improvement di RnD)
13-Okt-2023,OOS/QC/BPG/ST/1023/019,LBMA2,"BJ069
BK026",NA,TMS ZINGIBER,CLOSED,,Tidak terjadi kesalahan pada tahap 1.a,Tidak terjadi kesalahan pada tahap 1.b,"Tidak ditemukan lab eror pada proses analisa, OOS valid berasal dari sampel",
17-Okt-2023,OOS/QC/BPG/ST/1023/020,POSN1,EK089,NA,TMS ACT DAN CAFFEIN,CLOSED,,Tidak terjadi kesalahan pada tahap 1.a,Tidak terjadi kesalahan pada tahap 1.b,"Tidak ditemukan lab eror pada proses analisa, OOS valid berasal dari sampel yang menurun kualitasnya.",
17-Okt-2023,OOS/QC/BPG/ST/1023/021,POSN1,EK090,NA,TMS CAFFEIN,CLOSED,,Tidak terjadi kesalahan pada tahap 1.a,Tidak terjadi kesalahan pada tahap 1.b,"Tidak ditemukan lab eror pada proses analisa, OOS valid berasal dari sampel yang menurun kualitasnya.",
17-Okt-2023,OOS/QC/BPG/ST/1023/022,POSN1,EK091,NA,TMS ACETOSAL,CLOSED,,Tidak terjadi kesalahan pada tahap 1.a,Tidak terjadi kesalahan pada tahap 1.b,"Tidak ditemukan lab eror pada proses analisa, OOS valid berasal dari sampel yang menurun kualitasnya.",
19-Okt-2023,OOS/QC/BPG/ST/1023/023,LNKO1,23.10.211 (FD1),NA,"TMS CTM , GG , PE HCL",CLOSED,,Tidak terjadi kesalahan pada tahap 1.a,Tidak terjadi kesalahan pada tahap 1.b,"Tidak ditemukan lab eror pada proses analisa, OOS valid berasal dari sampel yang kurang stabil",
20-Okt-2023,OOS/QC/BPG/ST/1023/024,POSN1,23.10.231 (CD008),NA,"TMS ACETOSAL , CAFFEIN",CLOSED,,Tidak terjadi kesalahan pada tahap 1.a,Tidak terjadi kesalahan pada tahap 1.b,"Tidak ditemukan lab eror pada proses analisa, OOS valid berasal dari sampel yang menurun kualitasnya.",
23-Okt-2023,OOS/QC/BPG/ST/1023/025,LNKO1,CD010,NA,TMS PE HCL,CLOSED,,Tidak terjadi kesalahan pada tahap 1.a,Tidak terjadi kesalahan pada tahap 1.b,"Tidak ditemukan lab eror pada proses analisa, OOS valid berasal dari sampel",
24-Okt-2023,OOS/QC/BPG/ST/1023/026,POSNA,EK103,NA,TME CAFFEIN,CLOSED,,Tidak terjadi kesalahan pada tahap 1.a,Tidak terjadi kesalahan pada tahap 1.b,"Tidak ditemukan lab eror pada proses analisa, OOS valid berasal dari sampel",
27-Okt-2023,OOS/QC/BPG/ST/1023/027,LNKO1,23.10.277 (FJ713),NA,TMS PE HCL,CLOSED,-,Tidak terjadi kesalahan pada tahap 1.a,Tidak terjadi kesalahan pada tahap 1.b,"Tidak ditemukan penyebab penyimpangan pada proses analisa, kadar TMS disebabkan sample sudah mengalami penurunan kualitas.","Tidak ditemukan Lab eror pada proses analisa, OOS valid disebabkan oleh sampel yang kurang stabil."
23-Okt-2023,OOS/QC/BPG/EHM/1023/001,Air Demin Panas Comp. Liquid 3,S.2.3,NA,Hasil CND TMS,CLOSED,DEV/QNA/PLG/QA/0623/002,Tidak ada kesalahan sistem selama analisis,Tidak ada kesalahan selama proses analisis,Lakukan sampling & analisa ulang untuk memastikan hasil analisa yg OOS,Hasil analisa SU & MS. air dapat digunakan. Perlu dilakukan investigasi penyebab OOS karena kasus berulang
06-Nov-2023,OOS/QC/BPG/ST/1123/001,POSN1,"23.11.024(FF297) , 23.11.027(FF299)",NA,"TMS ACETOSAL , CAFFEIN",CLOSED,,Tidak terjadi kesalahan pada tahap 1.a,Tidak terjadi kesalahan pada tahap 1.b,tidak ditemukan lab eror pada proses analisa oos valid,
06-Nov-2023,OOS/QC/BPG/ST/1123/002,LPRGG (PROMAG SUSPENSI),CG002,NA,TMS SIMETICONE,CLOSED,,Tidak terjadi kesalahan pada tahap 1.a,Tidak terjadi kesalahan pada tahap 1.b,"tidak ditemukan lab eror, oos valid, disebabkan oleh metode analisa yang kurang cocok untuk sampel stabtest on process develop MA oleh ANDEV",
07-Sep-2023,OOS/QC/BPG/MIKRO/0923/006,MAS,"R. CL 2 Y1 ( TPC ) , Y2 ( PATOGEN SA )",NA,"HASIL TPC TMS, HASIL PATOGEN STAPHYLOCOCCUS AUREUS ( SA ) TMS",CLOSED,DEV/QNA/PLG/PR/1023/007,Tidak ada kesalahan sistem pada saat analisis.,Tida ada kesalahan selama proses analisis. ,Hasil SU tetap OOS. OOS Valid. Perlu investigasi lebih lanjut.,Hasil SU tetap OOS *OOS Valid* perlu investigasi lebih lanjut
16-Sep-2023,OOS/QC/BPG/MIKRO/0923/007,MAS,R. CL 4 TITIK Y3,NA,HASIL KK TMS,CLOSED,-,Tidak ada kesalahan sistem pada saat analisis berlangsung. ,Tidak ada penyimpangan proses analisis.,Hasil analisa SU MS. Ruangan dapat digunakan. Tidak ditemukan lab error. OOS Valid.,Hasil analisa SU MS ruangan dapat digunakan tidak di temukan Lab Error OOS Valid
15-Okt-2023,OOS/QC/BPG/MIKRO/1023/001,MAS,R. STAGING RM 2 TITIK Y4,NA,HASIL KK TMS,CLOSED,-,Tidak ada kesalahan sistem selama analisis. ,Tidak ada kesalahan selama proses analisis. ,Hasil SU MS. Ruang dapat digunakan. Pastikan metode sanitasi sudah efektif dan dilakukan sesuai prosedur. OOS Valid. ,Hasil sampling ulang MS ruang dapat digunakan pastikan metode sanitasi sudah efektif & dilakukan sesuai prosedur *OOS Valid*
08-Nov-2023,OOS/QC/BPG/EHM/1123/001,"Demin Panas Comp. Liquid 1, Comp. Solid 2, Comp. Liquid 3, R. Cuci alat produksi","S.2.1, S.2.2, S.2.3, S.2.4",NA,Hasil TOC TMS,CLOSED,DEV/QNA/PLG/PR/1223/003,Tidak terjadi kesalahan sistem selama analisis berlangsung,Tidak ada kesalahan selama proses analisis,Lakukan sampling & analisa ulang untuk memastikan hasil analisa yg OOS,"Tidak ditemukan Lab error pada proses analisa. OOS valid berasal dari sampel, perlu review kembali proses sampling & review speck apakah sudah sesuai"
04-Sep-2023,OOS/QC/BPG/MIKRO/1023/002,MAS,R. FILLING LIQUID 1 TITIK Y1 (PATOGEN S.a),NA,HASIL PATOGEN Staphylococcus aureus ( S.a ) TMS,CLOSED,-,Tidak ada kesalahan sistem selama analisis. ,Tidak ada kesalahan selama proses analisis. ,Hasil analisia SU ruangan MS. Ruangan dapat digunakan. Perlu dipastikan metode sanitasi sudah efektif. OOS Valid.,"Hasil analisa samping ulang ruangan MS ruangan dapat digunakan, perlu dipastikan metode sarutan sudah efektif  *OOS Valid*"
04-Sep-2023,OOS/QC/BPG/MIKRO/1023/003,MAS,R. FILLING LIQUID 2 TITIK Y2 (PATOGEN S.a),NA,HASIL PATOGEN Staphylococcus aureus ( S.a ) DAN Enterobacteriaceace TMS,CLOSED,-,Tidak ada kesalahan sistem selama analisis. ,Tidak ada kesalahan selama proses analisis. ,Hasil SU setelah sanitasi ulang MS. Ruangan dapat digunakan. OOS Valid. Perlu dipastikan metode sanitasi ruangan yang dilakukan.,Hasil SU setelah sanitasi ulang MS ruangan dapat digunakan *OOS Valid* perlu dipastikan metode sanitasi ruangan yang di lakukan
04-Sep-2023,OOS/QC/BPG/MIKRO/1023/004,MAS,R. FILLING LIQUID 3 TITIK Y1,NA,HASIL PATOGEN Staphylococcus aureus ( S.a ) TMS,CLOSED,-,Tidak ada kesalahan sistem selama analisis. ,Tidak ada kesalahan selama proses analisis. ,Hasil SU MS. Ruangan dapat digunakan untuk proses. Pastikan metode cleaning efektif untuk pembersihan. OOS Valid.,Hasil sampling ulang MS ruangan dapat digunakan untuk proses pastikan metode cleaning efektif untuk pembersihan *OOS Valid*
07-Sep-2023,OOS/QC/BPG/MIKRO/1023/005,MAS,TANGGA LIQUID AHU 115,NA,HASIL PATOGEN Staphylococcus aureus ( S.a ) TMS,CLOSED,DEV/QNA/PLG/PR/1023/007,Tidak ada kesalahan sistem selama analisis. ,Tidak ada kesalahan selama proses analisis. ,Hasil SU tetap didapatkan tetap OOS (Positif SA) perlu dilakukan investigasi dan sanitasi ulang pada ruangan. OOS Valid.,Hasil SU tetap didapatkan HK yang OOS (Positif SA) perlu dilakukan investigasi & sanitasi ulang pada ruangan *OOS Valid*
13-Nov-2023,OOS/QC/BPG/ST/1123/003,LNKO1,23.11.083 (FH695) ; 23.11.085 (FH696),NA,TMS PE HCL DAN CTM,CLOSED,-,Tidak terjadi kesalahan pada tahap 1.a,Tidak terjadi kesalahan pada tahap 1.b,Tidak ditemukan penyebab penyimpangan pada proses analisa kadar TMS disebabkan sampel sudah mengalami penurunan kualitas.,Tidak ditemukan Lab error pada proses analisa OOS valid disebebkan & samole yang kurang stabil
14-Nov-2023,OOS/QC/BPG/ST/1123/004,LBMA2,"23.11.091
23.11.092
23.11.093
23.11.094",NA,TMS ZINGIBER,CLOSED,-,Tidak terjadi kesalahan pada tahap 1.a,Tidak terjadi kesalahan pada tahap 1.b,Tidak ditemukan penyebab penyimpangan pada proses analisa kadar TMS disebabkan sampel sudah mengalami penurunan kualitas.,"Tidak ditemukan  Lab error pada proses analisa, OOS valid disebabkan penurunan kadar pada sampel"
14-Nov-2023,OOS/QC/BPG/ST/1123/005,LBMA2,23.11.095 (BK060/2R/2108/2R/2108/0338_01),NA,TMS ZINGIBER,CLOSED,-,Tidak terjadi kesalahan pada tahap 1.a,Tidak terjadi kesalahan pada tahap 1.b,Tidak ditemukan penyebab penyimpangan pada proses analisa kadar TMS disebabkan sampel sudah mengalami penurunan kualitas.,Tidak ditemukan Lab error OOS Valid & disebabkan oleh SPL yang sudah menurun kadarnya
10-Sep-2023,OOS/QC/BPG/MIKRO/0923/008,MAS,R. STAGING ALAT AHU 218 TITIK Y1,NA,HASIL PATOGEN Staphylococcus aureus ( S.a ) TMS,CLOSED,-,Tidak ada kesalahan selama analisis.,Tidak ada kesalahan selama proses analisis.,Hasil analisa SU MS. Perlu dipastikan metode sanitasi yang sesuai. OOS Valid. ,Hasil analisa sampling ulang MS perlu dipastikan metode sanitasi yang sesuai *OOS Valid*
10-Sep-2023,OOS/QC/BPG/MIKRO/0923/009,MAS,R. SAMPLING QC TITIK Y1,NA,HASIL PATOGEN Staphylococcus aureus ( S.a ) TMS,CLOSED,DEV/QNA/PLG/QC/1023/012,Tidak ada kesalahan sistem pada saat analisis berlangsung. ,Tidak ada penyimpangan proses analisis. ,Tidak ada kesalahan pada proses analisa. OOS Valid. Perlu dilakukan sanitasi ulang agar hasil MS. ,"Tidak ada kesalahan pada proses analisa OOS valid, perlu di lakukan sanitasi ulang agar hasil MS"
21-Okt-2023,OOS/QC/BPG/MIKRO/1023/006,HONEY LIQUID,O61/PLG-NAS/X/23  /  2R/2310/0041,"NUR ABADI SEJAHTERA, PT",HASIL ANALISA TPC OOT DAN KK OOS,CLOSED,-,Tidak ada kesalahan sistem pada saat analisis berlangsung. ,Tidak ada penyimpangan proses analisis. ,OOS Valid berasal dari spl RM di reject.,OOS Valid Berasal dari SPL RM di reject
15-Nov-2023,OOS/QC/BPG/ST/1123/006,LNKO1,BK111 ; BK112 ; BK113,NA,TMS PE HCL,CLOSED,-,Tidak terjadi kesalahan pada tahap 1.a,Tidak terjadi kesalahan pada tahap 1.b,"Tidak ditemukan penyebab penyimpangan pada proses analisa, kadar TMS disebabkan sampel telah mengalami penurunan kualitas","Tidak ditemukan Lab error pada proses analisa, OOS Valid karena sampel yang kurang stabil (OP Dev Formula by RnD/TS)"
17-Nov-2023,OOS/QC/BPG/ST/1123/007,LNKO1,BL030,NA,TMS PE HCL,CLOSED,-,Tidak terjadi kesalahan pada tahap 1.a,Tidak terjadi kesalahan pada tahap 1.b,"Tidak ditemukan penyebab penyimpangan pada proses analisa, kadar TMS disebabkan sampel telah mengalami penurunan kualitas","Tidak ditemukan Lab error pada proses analisa, OOS disebabkan sample yang kadarnya menurun"
17-Nov-2023,OOS/QC/BPG/ST/1123/008,LNKO1,23.11.112 (FG674),NA,TMS CTM,CLOSED,-,Tidak terjadi kesalahan pada tahap 1.a,Tidak terjadi kesalahan pada tahap 1.b,"Tidak ditemukan penyebab penyimpangan pada proses analisa, kadar TMS disebabkan sampel sudah mengalami penurunan kualitas.","Tidak ditemukan Lab error pada proses analisa, OOS valid karena penurunan stabilitas SPL"
18-Nov-2023,OOS/QC/BPG/ST/1123/009,LNKK1,EL025,NA,TMS PE HCL,CLOSED,-,Tidak terjadi kesalahan pada tahap 1.a,Tidak terjadi kesalahan pada tahap 1.b,"Tidak ditemukan penyebab penyimpangan pada proses analisa, kadar TMS disebabkan sampel sudah mengalami penurunan kualitas.","Tidak ditemukan Lab Error, OOS Valid"
21-Nov-2023,OOS/QC/BPG/ST/1123/010,LPRGG,CB003,NA,TMS SIMETICONE,CLOSED,-,Tidak terjadi kesalahan pada tahap 1.a,Tidak terjadi kesalahan pada tahap 1.b,Tidak ditemukan kesalahan/penyimpangan pada proses analisa. OOS valid karena MA tidak sesuai untuk sampel stabilitas,"Tidak ditemukan kesalahan/Penyimpangan pada proses analisa, OOS Valid karena MA tidak sesuai untuk sampel stabilitas"
09-Nov-2023,OOS/QC/BPG/MIKRO/1123/001,AIR PANAS,AIR EHM WEEK 2 NOV 2023,NA,HASIL ANALISA TPC DAN KK TMS,CLOSED,-,Tidak terjadi kesalahan sistem selama analisis berlangsung.,Tidak terdapat kesalahan saat proses analisis.,"Hasil PU (beda botol spl awal) OOS, tetapi hasil SU MS. OOS Valid. Pastikan kebersihan sistem air panas titik tersebut.  ","Hasil PU (beda botol SPL awal ) OOS, tetap hasil SU MS *OOS Valid* pastikan kebersihan sistem air panas, titik tersebut"
16-Nov-2023,OOS/QC/BPG/MIKRO/1123/002,AIR PAM (P.2.3),AIR EHM W3 NOV 2023,NA,HASIL ANALISA TPC DAN KK TMS,CLOSED,-,Tidak terjadi kesalahan sistem selama analisis berlangsung.,Tidak ada penyimpangan selama proses analisis. ,"Hasil SU MS, sedangkan hasil PU OOS. OOS Valid karena spl perlu di review proses sampling.","Hasil SU MS, sedangkan hasil PU OOS , OOS Valid karena Sampel perlu review proses sampling"
19-Nov-2023,OOS/QC/BPG/MIKRO/1123/003,SWAB,DASAR KANAN BIN 5 SIKLUS 3 H+9 EX POSN1 FK416,NA,HASIL ANALISA TPC TMS,CLOSED,-,Tidak terjadi kesalahan sistem selama analisis berlangsung.,Tidak terdapat kesalahan saat proses analisis.,Tidak di temukan lab error pada proses analisa. ,Tidak di temukan Lab Error pada proses analisa
21-Nov-2023,OOS/QC/BPG/EHM/1123/002,"Demin Panas Comp. Liquid 1, Comp. Solid 2, Comp. Liquid 3, R. Cuci alat produksi","S.2.1, S.2.2, S.2.3, S.2.4",NA,Hasil TOC TMS,CLOSED,DEV/QNA/PLG/PR/1223/003,Tidak terjadi kesalahan sistem saat analisis berlangsung,Spesifikasi TOC ≤ 500 ppb untuk aquademin panas perlu direview kembali,Lakukan sampling ulang untuk memastikan hasil yg OOS,"OOS Valid hasil TMS berasal dari SPL, perlu di review kembali speck yang diterapkan apakah sudah sesuai."
23-Nov-2023,OOS/QC/BPG/ST/1123/011,POSN1,23.11.141 ( ALT CAFFEINE EX AARTI) DAN 23.11.142 (PEMBANDING CAFFEINE EX JILLIN),NA,TMS ACETOSAL,CLOSED,-,Tidak terjadi kesalahan pada tahap 1.a,Tidak terjadi kesalahan pada tahap 1.b,"tidak ditemukan kesalahan analisa, oos valit dikarenakan sampel stressed","Tidak ditemukan Lab Error pada proses analisa, OOS Valid karena Sampel stress test"
23-Nov-2023,OOS/QC/BPG/ST/1123/012,POSK1,23.11.143 ( ALT CAFFEINE EX AARTI) DAN 23.11.144 (PEMBANDING CAFFEINE EX JILLIN),NA,TMS ACETOSAL,CLOSED,-,Tidak terjadi kesalahan pada tahap 1.a,Tidak terjadi kesalahan pada tahap 1.b,"tidak ditemukan kesalahan analisa, oos valit dikarenakan sampel stressed","Tidak ditemukan Lab error, OOS Valid disebabkan sampel stress test"
28-Nov-2023,OOS/QC/BPG/ST/1123/013,LNKK1,"23.11.178 (CD1)
23.11.179 (CD2)",NA,TMS PE HCl,CLOSED,-,Tidak terjadi kesalahan pada tahap 1.a,Tidak terjadi kesalahan pada tahap 1.b,tidak ditemukan lab eror. OOS VALID,Tidak ditemukan Lab Error OOS Valid
29-Nov-2023,OOS/QC/BPG/ST/1123/014,POSN1,23.11.189 ( POSN1 01 ALT CAFFEINE AARTI) DAN 23.11.192 (POSN1 01 EXT CAFFEINE JILLIN),NA,TMS ACETOSAL,CLOSED,-,Tidak terjadi kesalahan pada tahap 1.a,Tidak terjadi kesalahan pada tahap 1.b,tidak ditemukan lab eror pada analisa. OOS VALID,Tidak ditemukan Lab Error OOS Valid
29-Nov-2023,OOS/QC/BPG/ST/1123/015,POSK1,23.11.190 ( DIVERSIFIKASI CAFFEINE ANHYDROUS EX AARTI PHARMALABS) DAN 23.11.191 (PEMBANDING CAFFEINE ANHYDROUS EX JILLIN SHULAN),NA,TMS ACETOSAL,CLOSED,-,Tidak terjadi kesalahan pada tahap 1.a,Tidak terjadi kesalahan pada tahap 1.b,tidak ditemukan lab eror pada analisa. OOS VALID,Tidak ditemukan Lab Error OOS pada proses analisa OOS Valid
30-Nov-2023,OOS/QC/BPG/ST/1123/016,LNKK1,23.11.199 (CD1 STD KULKAS),NA,TMS PE HCl,CLOSED,-,Tidak terjadi kesalahan pada tahap 1.a,Tidak terjadi kesalahan pada tahap 1.b,tidak ditemukan lab eror pada analisa. OOS VALID,Tidak ditemukan Lab error pada proses analisa OOS Valid
06-Des-2023,OOS/QC/BPG/EHM/1223/001,"Demin Panas Comp. Liquid 1, Comp. Solid 2, Comp. Liquid 3, R. Cuci alat produksi","S.2.1, S.2.2, S.2.3, S.2.4",NA,Hasil TOC TMS,CLOSED,DEV/QNA/PLG/PR/1223/003,Tidak ada kesalahan sistem selama proses analisis berlangsung,Tidak ada kesalahan selama proses analisis,Lakukan sampling & analisa ulang untuk memastikan hasil analisa yg OOS,Tidak ditemukan Lab Errorr pada proses analisa. OOS Valid
06-Des-2023,OOS/QC/BPG/ST/1223/001,POSN1,"23.12.023 (FF297) 23,12,026 (FF299)",NA,TMS ACT DAN CAFFEIN,CLOSED,-,Tidak terjadi kesalahan pada tahap 1.a,Tidak terjadi kesalahan pada tahap 1.b,"Tidak ditemukan penyebab penyimpangan pada proses analisa, kadar TMS disebabkan sampel telah mengalami penurunan kualitas. Penyimpangan sampel pada suhu 40 Derajat celcius menambah kecepatan degradasi zat aktif",Tidak di temukan Lab Error OOS Valid karena sampel yang kurang stabil
09-Des-2023,OOS/QC/BPG/ST/1223/002,LNKK1,23.12.054 (FC1) DAN 23.12.055 (FC2),NA,TMS PE HCL,CLOSED,-,Tidak terjadi kesalahan pada tahap 1.a,Tidak terjadi kesalahan pada tahap 1.b,LAPORAN BELUM BALIK MASIH DI IBU,"Tidak ditemukan Lab Error pada proses analisa, OOS Valid"
12-Des-2023,OOS/QC/BPG/ST/1223/003,POSN1,EL130,NA,TMS ACETOSAL,CLOSED,-,Tidak terjadi kesalahan pada tahap 1.a,Tidak terjadi kesalahan pada tahap 1.b,LAPORAN BELUM BALIK MASIH DI IBU,Tidak ditemukan Lab Errorr pada proses analisa. OOS Valid karena SPL kurang stabil
28-Nov-2023,OOS/QC/BPG/RM/1123/001,PEG 1500,DEG4612530,CLARIANT PRODUKTE (DEUTSCHLAND),TMS VISCO,CLOSED,DEV/QMT/PLG/QC/0124/009,Tidak ada Pror yang ditemukan ,Terdapat perubahan metode analisa ketika perubahan MA,lakukan verifikasi ulang untuk memastikan hasil yang OOS,"OOS Valid disebabkan metode yang belum cocok, lakukan revisi MA agar tidak terjadi OOS pada SPL yang akan datang"
07-Des-2023,OOS/QC/BPG/MIKRO/1223/001,MAS,COMP. SOLID 4 Y4,NA,HASIL  ANALISA TPC TMS,CLOSED,DEV/QPR/PLG/AD/1223/022,Tidak ada kesalahan sistem selama proses analisa berlangsung ,Tidak ada kesalahan proses analisis,Lakukan sanitasi A sampling ulang,Tidak ditemukan Lab Error pada proses analisa *OOS Valid* perlu di pastikan efektifitas sanitasi yang di lakukan 
12-Des-2023,OOS/QC/BPG/ST/1223/004,LNKK1,23.12.062 (FC1 STD KULKAS),NA,TMS PE HCL,CLOSED,,Tidak terjadi kesalahan pada tahap 1.a,Tidak terjadi kesalahan pada tahap 1.b,"TIDAK DITEMUKAN LAPORAN ERROR, OOS VALID BERASAL DARI SAMPEL",
07-Nov-2023,OOS/QC/BPG/PM/1123/001,2DM010000,P230802188,"PENJALINDO NUSANTARA, PT",BERAT TMS,CLOSED,,"Tidak ditemukan kesalahan analisa, hasil sesuai","Tidak ditemukan kesalahan analisa, hasil sesuai ",MATERIAL TMS ,
07-Des-2023,OOS/QC/BPG/PM/1223/001,1FK008020,44601,"PANVERTA CAKRAKENCANA, PT",PITCH TMS,CLOSED,,,,MATERIAL TMS ,
09-Des-2023,OOS/QC/BPG/PM/1223/002,2DM010000,PR/A7/BT4410/GK/IX/23,"GUNUNG KELUD WISESA, PT",BERAT TMS,CLOSED,,"Hasil analisa sesuai, tidak ditemukan kesalahan analisa","Hasil analisa sesuai, tidak ditemukan kesalahan analisa",Lakukan sampling & analisa ulang untuk memastikan hasil yang OOS,
18-Des-2023,OOS/QC/BPG/ST/1223/005,LNKO1,FG674 (23.12.084),NA,TMS CTM,CLOSED,-,Tidak terjadi kesalahan pada tahap 1.a,Tidak terjadi kesalahan pada tahap 1.b,LAPORAN BELUM BALIK MASIH DI IBU,Tidak ditemukan Lab Errorr pada proses analisa. OOS Valid karena SPL
14-Des-2023,OOS/QC/BPG/MIKRO/1223/002,AIR AQUADEMIN PANAS COMP.LIQUID 3,S.2.3,NA,HASIL ANALISA TPC DAN KK TMS,CLOSED,-,Tidak ada kesalahan sistem selama proses analisa,Tidak ada penyimpangan prosedur selama proses analisa,Lakukan sampling & analisa ulang untuk memastikan hasil yang OOS,"Hasil PU OOS, SU MS, OOS berasal dari sampel awal yang over atau terkontaminasi perhatikan penanganan sampling *OOS Valid* aseptis"
21-Des-2023,OOS/QC/BPG/ST/1223/006,LBMAQ,AM010,NA,TMS 6-GINGEROL,CLOSED,-,Tidak terjadi kesalahan pada tahap 1.a,Tidak terjadi kesalahan pada tahap 1.b,LAPORAN BELUM BALIK MASIH DI IBU,"Tidak ditemukan Lab Error, OOS Valid karena sampel sudah ED + I  tbn"
19-Des-2023,OOS/QC/BPG/EHM/1223/002,"Demin Panas Comp. Liquid 1, Comp. Solid 2, Comp. Liquid 3, R. Cuci alat produksi","S.2.1, S.2.2, S.2.3, S.2.4",NA,Hasil TOC TMS,CLOSED,DEV/QNA/PLG/PR/1223/003,Tidak ada kesalahan sistem selama proses analisa,Tidak ada penyimpangan prosedur analisis,Lakukan sampling & analisa ulang untuk memastikan hasil analisa yg OOS,Tidak ditemukan Lab Error pada proses analisa. OOS Valid
02-Jan-2024,OOS/QC/BPG/ST/0124/001,LNKOA,CF035,NA,TMS PE HCL,CLOSED,-,Tidak terjadi kesalahan pada tahap 1.a,Tidak terjadi kesalahan pada tahap 1.b,Tidak ditemukan penyebab penyimpangan pada proses analisa. kadar TMS disebabkan sampel telah mengalami penurunan kualitas,"Tidak ditemukan Lab Error pada proses analisa, OOS Valid karena SPL yang kurang Stabil"
05-Jan-2024,OOS/QC/BPG/ST/0124/002,POSN1,24.01.029 (FF297)  24.01.034 (FF299),NA,TMS ACT DAN CAFFEIN,CLOSED,-,Tidak terjadi kesalahan pada tahap 1.a,Tidak terjadi kesalahan pada tahap 1.b,Tidak ditemukan Lab Error. OOS Valid,"Tidak ditemukan lab error, OOS valid"
02-Jan-2024,OOS/QC/BPG/EHM/0124/001,"Demin Panas Comp. Liquid 1, Comp. Solid 2, Comp. Liquid 3, R. Cuci alat produksi","S.2.1, S.2.2, S.2.3, S.2.4",NA,Hasil TOC TMS,CLOSED,DEV/QNA/PLG/PR/1223/003,Tidak ada kesalahan sistem selama proses analisis,Tidak ada penyimpangan prosedur selama analisis,Lakukan sampling & analisa ulang,Hasil analisa sampling ulang tetap OOS. OOS Valid karena sampel perlu di review spek yang digunakan apakah sudah sesuai
05-Jan-2024,OOS/QC/BPG/ST/0124/003,PWSNH,NA,#REF!,TMS Mg(OH)2,CLOSED,,Tidak terjadi kesalahan pada tahap 1.a,Tidak terjadi kesalahan pada tahap 1.b,Tidak ditemukan Lab Error. OOS Valid,"Tidak ditemukan lab error, OOS valid"
05-Jan-2024,OOS/QC/BPG/ST/0124/004,PWSNH,"24.01.040 (FG085)
24.01.042 (FG086)",  NA,"TMS Mg(OH)2, Hydrotalcite dan simethicone ",CLOSED,,Tidak terjadi kesalahan pada tahap 1.a,Tidak terjadi kesalahan pada tahap 1.b,Tidak ditemukan Lab Error. OOS Valid,"Tidak ditemukan lab error, OOS valid"
09-Des-2023,OOS/QC/BPG/RM/1223/001,2AH001000,101/PLG-NAS/X/23,NAS,TMS ENZIM,CLOSED,-,TIDAK TERJADI PROP PADA SAAT PROSES ANALISA,TIDAK TERJADI KESALAHAN DALAM PROSES ANALISA,LAKUKAN SAMPLING DAN ANALISA ULANG UNTUK MEMASTIKAN HASIL YANG OOS,"Tidak ditemukan Lab Error pada proses analisa. Sampel material honey kedatangan di gudang batch 101/PLG-NAS/X/23 (QC no. 2R/2312/008) Hasil MS, RM dapat di release"
10-Jan-2024,OOS/QC/BPG/ST/0124/005,LNKO1,24.01.085 (FH695) DAN 24.01.086 (FH696),NA,TMS PE HCL DAN CTM,CLOSED,,Tidak terjadi kesalahan pada tahap 1.a,Tidak terjadi kesalahan pada tahap 1.b,Tidak ditemukan Lab Error. OOS Valid,"Tidak ditemukan lab error, OOS valid"
11-Okt-2023,OOS/QC/BPG/MIKRO/1023/007,MAS,R. FILLING LIQUID 7 & 8 Y1,NA,HASIL PATOGEN S.a POSITIF,CLOSED,DEV/QNA/PLG/PR/1123/001,Tidak ada kesalahan sistem selama proses analisa berlangsung ,Tidak ada kesalahan selama proses analisi,Hasil analisa SU MS. Perlu dipastikan pelaksanaan cleaning dan sanitasi agar ruangan selalu MS. OOS Valid.,"Hasil analisa ulang MS, Perlu di tingkatkan pelaksanaan cleaning & sanitasi agar ruangan selalu MS, OOS Valid"
20-Sep-2023,OOS/QC/BPG/MIKRO/0923/010,MAS,R. TIMBANG 4 Y1,NA,HASIL PATOGEN S.a POSITIF,CLOSED,DEV/QNA/PLG/WG/1023/016,Tidak ada kesalahan sistem selama proses analisa berlangsung ,Tidak ada kesalahan sistem selama proses analisis berlangsung. ,Hasil Su memenuhi syarat. Perlu ditingkatkan pelaksanaan cleaning dan sanitasi agar ruangan selalu MS. OOS Valid.,"Hasil analisa SU memenuhi syarat, perlu ditingkatkan pelaksanaan cleaning & sanitasi agar ruangan selalu MS OOS Valid"
15-Jan-2024,OOS/QC/BPG/ST/0124/006,LNKK1,"24.01.091 (BM004)
24.01.092 (BM005)",NA,TMS PE HCl,CLOSED,-,Tidak terjadi kesalahan pada tahap 1.a,Tidak terjadi kesalahan pada tahap 1.b,Tidak ditemukan Lab Error pada proses analisa OOS Valid,"Tidak ditemukan lab error, OOS valid"
08-Jan-2024,OOS/QC/BPG/MIKRO/0124/001,SWAB PERSONIL,"ANDI (DADA), IRGI (TANGAN), DIMAS (TANGAN)",NA,HASIL ANALISA TPC DAN KK TMS,CLOSED,-,Tidak ada penyimpangan sistem selama analisis berlangsung ,Tidak ada penyimpangan prosedur saat analisis berlangsung ,Lakukan sampling ulang untuk personil yang bersangkutan ,"Tidak di temukan Lab error pada proses analisa. OOS Valid. Hasil SU MS, Perlu perbaikan hygiene perorang untuk operation produksi."
17-Jan-2024,OOS/QC/BPG/ST/0124/007,LNKO1,24.01.119(FG674),NA,TMS PE HCL DAN CTM,CLOSED,,Tidak terjadi kesalahan pada tahap 1.a,Tidak terjadi kesalahan pada tahap 1.b,Tidak ditemukan lab error. oos valid berasal dari sampel,"Tidak ditemukan lab error, OOS valid berasal dari sampel"
15-Jan-2024,OOS/QC/BPG/EHM/0124/002,"Demin Panas Comp. Liquid 1, Comp. Solid 2, Comp. Liquid 3, R. Cuci alat produksi","S.2.1, S.2.2, S.2.3, S.2.4",NA,Hasil TOC TMS,CLOSED,DEV/QNA/PLG/PR/1223/003,Tidak ada kesalahan sistem selama analisis berlangsung ,Tidak ada penyimpangan prosedur selama proses analisa,Lakukan sampling & analisa ulang untuk memastikan hasil yang OOS,"Hasil analisa SU masih OOS, perlu di lakukan investigasi penyebab OOS, Tidak ditemukan Lab Error pada analisa OOS Valid"
21-Des-2023,OOS/QC/BPG/MIKRO/1223/003,AIR,P.1.2 & P.2.5,NA,HASIL ANALISA TPC TMS,CLOSED,-,Tidak ada kesalahan sistem saat analisis berlangsung ,Tidak ada penyimpangan prosedur selama analisis berlangsung,Lakukan sampling & analisa ulang untuk memastikan hasil yang OOS,"Hasil analisa SU memenuhi syarat, air dapat digunakan, tidak ditemukan LAB eror pada saat analisa OOS Valid"
21-Des-2023,OOS/QC/BPG/MIKRO/1223/004,AIR,BILASAN ILAPAK 11 VERIF BEFORE TRIAL MIXAGRIP,NA,HASIL ANALISA TPC TMS,CLOSED,-,Tidak ada kesalahan sistem selama analisi berlangsung,Tidak ada penyimpangan prosedur selama analisis berlangsung,"Tidak ditemukan LAB error pada proses analisa, OOS Valid",-
20-Jan-2024,OOS/QC/BPG/MIKRO/0124/002,SWAB PERSONIL,RIZKY (FILLING) TANGAN,NA,HASIL ANALISA TPC TMS,CLOSED,-,Tidak ada kesalahan sistem selama analisis berlangsung ,Tidak ditemukan penyimpangan prosedur ketika analisis,lakukan sampling ulang untuk memastikan hasil yang OOS,"Hasil SU MS, tidak di temukan error pada proses analisa perlu di pastikan higyene personal produksi berjalan sesuai aturan"
11-Jan-2024,OOS/QC/BPG/MIKRO/0124/003,AIR,S.2.3 (AIR COMPOUNDING LIQUID 3),NA,HASIL ANALISA TPC DAN KK TMS,CLOSED,-,Tidak ada kesalahan sistem selama analisis berlangsung ,Tidak ada penyimpangan prosedur ketika analisis berlangsung ,Lakukan sampling ulang untuk memastikan hasil yang OOS,"Tidak ditemukan lab error, OOS Valid, Hasil SU MS air dapat di gunakan"
26-Jan-2024,OOS/QC/BPG/MIKRO/0124/004,MAS,COMPOUNDING SOLID 3 Y1,NA,HASIL ANALISA KK TMS,CLOSED,-,Tidak ada kesalahan sistem selama analisis berlangsung ,Tidak ditemukan penyimpangan prosedur ketika analisis,Lakukan sampling & analisa ulang ,"Tidak ditemukan Lab Error, pada proses analisa. OOS Valid, Hasil analisa sampling ulang MS, ruangan dapat di gunakan."
25-Jan-2024,OOS/QC/BPG/ST/0124/008,LNKO1,24.01.171(CA001)  24.01172(CA002) 24.01.173(CA003) 24.01.174(CA004) 24.01.175(CA005),NA,TMS PE HCL,CLOSED,-,Tidak ditemukan kesalahan pada tahap 1.a,Tidak ditemukan kesalahan pada tahap 1.b,Tidak ditemukan Lab Error pada proses analisa. OOS Valid Karena SPL yang sudah ED," Tidak ditemukan lab error, OOS valid karena sampel sudah ED"
27-Jan-2024,OOS/QC/BPG/MIKRO/0124/005,MAS,COMP SOLID 4 (Y12) & COMP SOLID 5 (Y9),NA,HASIL ANALISA KK TMS,CLOSED,-,Tidak ada penyimpangan sistem selama proses analisis berlangsung ,Tidak ada penyimpangan prosedur selama analisis berlangsung,Lakukan sampling ulang untuk memastikan hasil yang OOS,"Hasil sampling ulang MS perlu di pastikan metode cleaning agar tidak terjadi OOS kembali. Tidak di temukan lab error pada proses analisa, OOS Valid"
30-Jan-2024,OOS/QC/BPG/ST/0124/009,LEJO1,24.01.189 (Existing Xanthan Gum),NA,TMS VITAMIN B5,CLOSED,,Tidak terjadi kesalahan pada tahap 1.a,Tidak terjadi kesalahan pada tahap 1.b,"Tidak ditemukan Lab Error pada proses analisa. OOS Valid, hasil analisa sampel ulang MS","Tidak ditemukan lab error, OOS valid hasil analisa ulang sampel MS"
29-Jan-2024,OOS/QC/BPG/EHM/0124/003,"Demin Panas Comp. Liquid 1, Comp. Solid 2, Comp. Liquid 3, R. Cuci alat produksi","S.2.1, S.2.2, S.2.3, S.2.4",NA,Hasil TOC TMS,CLOSED,DEV/QNA/PLG/PR/1223/003,Tidak ada penyimpangan sistem selama analisis berlangsung ,Tidak ada penyimpangan prosedur selama analisis berlangsung,Lakukan sampling & analisa ulang untuk memastikan hasil yang OOS,Tidak ditemukan Lab error pada proses analisa. OOS Valid karena sampel 
29-Jan-2024,OOT/QC/BPG/MIKRO/0124/001,HONEY LIQUID,2R/2401/0107 (003/PLG/NAS/I/24),"NUR ABADI SEJAHTERA, PT",HASIL ANALISA TPC OOT,CLOSED,DEV/QMT/PLG/QC/0224/003,Tidak ada kesalahan sistem selama analisis berlangsung,Tidak ditemukan penyimpangan prosedur ketika analisis,Direlease dengan penyimpangan agar pemakaian dapat dikontrol. ,"Hasil analisa ulang tetap OOT, OOT valid berasal dari SPL. RM Honey akan di release dengan penyimpangan agar pemakaian dapat di kontrol (2R/2401/0108)"
29-Jan-2024,OOT/QC/BPG/MIKRO/0124/002,HONEY LIQUID,2R/2401/0108 (004/PLG/NAS/I/24),"NUR ABADI SEJAHTERA, PT",HASIL ANALISA TPC OOT,CLOSED,DEV/QMT/PLG/QC/0224/003,Tidak ada kesalahan sistem selama analisis berlangsung,Tidak ditemukan penyimpangan prosedur ketika analisis,Tidak di temukan lab error pada proses analisa. OOT Valid. RM Honey 2R/2401/0107 akan di release dengan penyimpangan agar pemakaian dapat di kontrol.                      ,"Tidak ditemukan Lab error pada proses analisa. OOT Valid, RM Honey 2R/2401/0107 akan di release dengan penyimpangan agar pemakaian dapat di kontrol."
05-Feb-2024,OOS/QC/BPG/ST/0224/001,LNKK1,CA001,NA,TMS PE HCL,CLOSED,,Tidak terjadi kesalahan pada tahap 1.a,Tidak terjadi kesalahan pada tahap 1.b,"Tidak ditemukan Lab Error pada proses analisa. OOS Valid, berasal dari SPL yang sudah ED",
06-Feb-2024,OOS/QC/BPG/ST/0224/002,LPRGG,CG002,NA,TMS SIMETICONE,CLOSED,,Tidak terjadi kesalahan pada tahap 1.a,Tidak terjadi kesalahan pada tahap 1.b,Tidak ditemukan Lab Error pada proses analisa. OOS Valid. perlu perbaikan pada metode analisa  (on Progress development) ,
05-Feb-2024,OOS/QC/BPG/EHM/0224/001,"Demin Panas Comp. Liquid 1, Comp. Solid 2, Comp. Liquid 3, R. Cuci alat produksi","S.2.1, S.2.2, S.2.3, S.2.4",NA,Hasil TOC TMS,CLOSED,DEV/QNA/PLG/PR/1223/003,Tidak ada penyimpangan sistem selama proses analisis,Tidak ada penyimpangan prosedur selama analisis,Lakukan sampling & analisa ulang untuk memastikan hasil yang OOS,"Hasil analisa sampling ulang tetap OOS, OOS valid berasal dari SPL "
13-Feb-2024,OOS/QC/BPG/ST/0224/003,LNKO1,24.02.039 (FH695) / 24.02.042 (FH696),NA,TMS PE HCL DAN CTM,CLOSED,-,Tidak terjadi kesalahan pada tahap 1.a,Tidak terjadi kesalahan pada tahap 1.b,Tidak ditemukan lab error pada proses analisa. OOS Valid karena SPL yang sudah menurun kualitasnya On progress develop ment by RnD ke TS,-
08-Feb-2024,OOS/QC/BPG/MIKRO/0224/001,SWAB MESIN,SWINGBEN FROM MT MIXING TANK TETRA 2 EX. LBMA2 GB675,NA,HASIL ANALISA TPC TMS,CLOSED,-,Tidak didapati penyimpangan sistem selama analisis berlangsung ,Tidak ada penyimpangan selama melakukan analisis,Lakukan sampling ulang untuk hasil yang OOS,-
20-Feb-2024,OOS/QC/BPG/ST/0224/004,LKMC1,AC001,NA,TMS VISCOSITAS,CLOSED,-,Tidak terjadi kesalahan pada tahap 1.a,Tidak terjadi kesalahan pada tahap 1.b,"tidak ditemukan Lab error pada proses analisa. OOS Valid karena viscosita yang kurang stabil, pada spek baru parameter viscositas sudah di hilangkan karena tidak mandatory",-
19-Feb-2024,OOS/QC/BPG/EHM/0224/002,"Demin Panas Comp. Liquid 1, Comp. Solid 2, Comp. Liquid 3, R. Cuci alat produksi","S.2.1, S.2.2, S.2.3, S.2.4",NA,Hasil TOC TMS,CLOSED,DEV/QNA/PLG/PR/1223/003,Tidak didapat penyimpangan sistem selama analisis berlangsung ,Tidak ada penyimpangan selama proses analisis berlangsung,Lakukan sampling & analisa ulang untuk memastikan hasil yang OOS,Tidak ditemukan Lab Error pada proses analisa. OOS Valid Perlu di follow Up untuk perbaikan 
13-Feb-2024,OOS/QC/BPG/PM/0224/001,2DM010000,2K/2402/0025,"GUNUNG KELUD WISESA, PT",BERAT TMS,CLOSED,,,,,
20-Feb-2024,OOS/QC/BPG/ST/0224/005,POSNA,BB015,NA,TMS ACT DAN CAFFEIN,CLOSED,-,Tidak terjadi kesalahan pada Tahap 1.a,Tidak terjadi kesalahan pada tahap 1.b,Tidak ditemukan lab error pada proses analisa. OOS Valid karena SPL sudah ED + 1,-
20-Feb-2024,OOS/QC/BPG/ST/0224/006,LNKK1,CC001,NA,TMS PE HCL,CLOSED,-,Tidak terjadi kesalahan pada Tahap 1.a,Tidak terjadi kesalahan pada tahap 1.b,Tidak ditemukan lab error pada proses analisa. OOS Valid karena SPL yang kurang stabil. on progress perbaikan formula oleh RnD & TS,-
19-Feb-2024,OOS/QC/BPG/RM/0124/001,1AZ004000,2310/GGR/B7/016,"NATRINDO SURYA PRIMA, PT",TMS PH,CLOSED,DEV/QMT/PLG/QC/0224/007,Tidak ditemukan kesalahan/ Eror selama proses analisa,Terdapat Trial pasteurisasi project VD B7-Natrindo yang mungkin berpengaruh,Lakukan sampling & analisa ulang untuk memastikan hasil yang OOS,Tidak ditemukan Lab error. OOS Valid berasal dari SPL kasus PH unclear sudah pernah terjadi & sejauh ini hasil di produk masih sesuai Spek. RM dapat di release dengan penyimpangan terencana. Ada rencana untuk meminta perluasan speck PH
19-Feb-2024,OOS/QC/BPG/RM/0124/002,2AX001000,34230046,DEOSEN BIOCHEMICAL (ORDOS) Ltd,TMS PH,CLOSED,-,Tidak ditemukan eror selama proses analisa,Terdapat Deviation 3 QC dengan batch yang sama sebelumnya,Lakukan sampling & analisa ulang untuk memastikan hasil yang OOS,Tidak ditemukan Lab error pada proses analisa. OOS Valid berasal dari SPL (sudah dilakukan verifikasi 01 lab ext ) RM Xanthan gum batch 3423004G direject
23-Feb-2024,OOS/QC/BPG/ST/0224/007,LNKK1,CB002,NA,TMS PE HCL DAN PARAMETER pH,CLOSED,-,Tidak ditemukan kesalahan pada tahap 1.a,Tidak ditemukan kesalahan pada tahap 1.b,"Tidak ditemukan Lab Error pada proses analisa , OOS Valid",-
24-Feb-2024,OOS/QC/BPG/ST/0224/008,POSN1,EH034,NA,TMS ACETOSAL DAN CAFFEIN,CLOSED,-,Tidak ditemukan kesalahan pada tahap 1.a,Tidak ditemukan kesalahan pada tahap 1.b,Tidak ditemukan lab error pada proses analisa OOS Valid,-
15-Feb-2024,OOS/QC/BPG/RM/0224/001,1AG001000,2R/2402/0043-2R/2402/0051,ZHEJIANG JIANFENG HAIZHOU,RUNTIME TIDAK SESUAI,OPEN,-,Tidak terjadi Error selama proses analisa,Terdapat buble pada saat analisa sehingga RT tidak sesuai,,-
22-Feb-2024,OOS/QC/BPG/MIKRO/0224/002,AIR,P.1.2 & P.2.6,NA,HASIL ANALISA TPC TMS,CLOSED,-,Tidak ada penyimpangan sistem ketika analisis berlangsung ,Tidak ada penyimpangan prosedur saat analisis berlangsung ,"Hasil retain air TBUD, hasil SU MS. tidak ditemukan lab error pada proses analisa. OOS valid. perlu dipastikan kebersihan pipa air & botol sampel. ","Hasil analisa retained air TBUD, Hasil SU MS. Tidak ditemukan Lab Error pada proses analisa, OOS Valid di perlu di pastikan kebersihan, pipa air & Botol Sample "
,OOS/QC/BPG/MIKRO/0224/003,AIR,R.2.8,NA,HASIL ANALISA KK TMS,CLOSED,-,Tidak ada penyimpangan sistem ketika analisis berlangsung ,Tidak ada penyimpangan prosedur saat analisis berlangsung ,Hasil SU MS. tidak ditemukan penyimpangan pada proses analisa. OOS valid. ,"Hasil analisa SU MS, Tidak ditemukan penyimpangan pada proses analisa *OOS Valid*"
26-Feb-2024,OOS/QC/BPG/EHM/0224/003,Comp. Solid 4 & PW Tank PW Gen lt. 3,R.2.6 & R.3.4,NA,Hasil TOC TMS,CLOSED,DEV/QNA/PLG/TK/0324/007,Tidak ada kesalahan sistem selama analisis berlangsung ,Tidak ada penyimpangan prosedur analisis,"Tidak ditemukan Lab error pada proses analisa, Lakukan sampling untuk memastikan hasil analisa yang OOS",Hasil analisa sampling ulang memenuhi syarat. air dapat digunakan di pastikan penyebab TOC TMS tidak ditemukan lab error
04-Mar-2024,OOS/QC/BPG/EHM/0324/001,"Demin Panas Comp. Liquid 1, Comp. Solid 2, Comp. Liquid 3, R. Cuci alat produksi","S.2.1, S.2.2, S.2.3, S.2.4",NA,Hasil TOC TMS,CLOSED,DEV/QNA/PLG/PR/1223/003,Tidak ada penyimpangan sistem selama analisis berlangsung ,Tidak ada penyimpangan prosedur analisis,Lakukan sampling & analisa ulang untuk memastikan hasil yang OOS,Tidak ditemukan Lab Error pada proses analisa OOS Valid berasal dari SPL perlu di lakukan review terhadap spek yang di terapkan 
07-Mar-2024,OOS/QC/BPG/ST/0324/001,POSN1,EJ064,NA,TMS ACETOSAL ,CLOSED,-,Tidak terjadi kesalahan pada Tahap 1.a,Tidak terdapat kesalahan pada tahap 1.b,Tidak ditemukan Lab Error pada proses analisa. OOS valid,-
07-Mar-2024,OOS/QC/BPG/ST/0324/002,PWSN1,24.03.034,NA,TMS SIMETICONE,CLOSED,-,Tidak terjadi kesalahan pada Tahap 1.a,Tidak terjadi kesalahan pada tahap 1.b,Tidak ditemukan Lab error pada proses analisa. OOS valid berasal dari spl strestest lab scale,-
07-Mar-2024,OOS/QC/BPG/EHM/0324/002,Air Limbah outlet,NA,NA,Hasil COD TMS,CLOSED,-,Tidak ada kesalahan sistem selama analisis berlangsung ,Tidak ada penyimpangan prosedur ketika analisis,"Tidak ditemukan Lab error pada proses analisa, OOS Valid hasil analisa sampling ulang MS",-
12-Mar-2024,OOS/QC/BPG/ST/0324/003,LKMC1,AB002,NA,TMS VISKOSITAS,CLOSED,-,Tidak terjadi kesalahan pada Tahap 1.a,Tidak terjadi kesalahan pada tahap 1.b,"Tidak ditemukan Lab Error pada proses analisa, OOS Valid",-
12-Mar-2024,OOS/QC/BPG/ST/0324/004,LNKK1,"24.03.042 (FC1 TK)
24.03.043 (FC2 TK)",NA,TMS PE HCl DAN CTM,CLOSED,-,Tidak terjadi kesalahan pada Tahap 1.a,Tidak terjadi kesalahan pada tahap 1.b,"Tidak ditemukan Lab Error pada proses analisa, OOS Valid",-
12-Mar-2024,OOS/QC/BPG/ST/0324/005,LHRBA,CC016,NA,TMS 6-GINGEROL,CLOSED,-,Tidak terjadi kesalahan pada Tahap 1.a,Tidak terjadi kesalahan pada tahap 1.b,"Tidak ditemukan Lab Error pada proses analisa, OOS Valid",-
13-Mar-2024,OOS/QC/BPG/ST/0324/006,PWNS1,24.03.059,NA,TMS SIMETICONE & HT,CLOSED,-,Tidak terjadi kesalahan pada Tahap 1.a,Tidak terjadi kesalahan pada tahap 1.b,"Tidak ditemukan Lab Error pada proses analisa, OOS Valid",-
14-Mar-2024,OOS/QC/BPG/ST/0324/007,LNKK1,24.03.065 (FC1 std kulkas),NA,TMS PE HCL DAN CTM,CLOSED,-,Tidak terjadi kesalahan pada Tahap 1.a,Tidak terjadi kesalahan pada tahap 1.b,"Tidak ditemukan Lab Error pada proses analisa OOS Valid berasal dari SPL, On Progress Improvement formula",-
15-Mar-2024,OOS/QC/BPG/ST/0324/008,LNKOA,EH085,NA,TMS PE HCL,CLOSED,-,Tidak terjadi kesalahan pada tahap 1.a,Tidak terjadi kesalahan pada tahap 1.b,"Tidak ditemukan Lab Error pada proses analisa OOS Valid, on progress improvement formula",-
15-Mar-2024,OOS/QC/BPG/ST/0324/009,LBMAQ,BC015,NA,TMS 6-GINGEROL,CLOSED,-,Tidak terjadi kesalahan pada tahap 1.a,Tidak terjadi kesalahan pada tahap 1.b,"Tidak ditemukan Lab Error pada proses analisa, OOS Valid",-
07-Mar-2024,OOS/QC/BPG/RM/0324/001,1AZ004000,2402/GGR/B7/001,"Natrindo Surya PRIMA, PT",pH TMS under,CLOSED,DEV/QMT/PLG/QC/0224/007,Tidak ditemukan error selama proses analisa,Material proses trial VD dapat mempengaruhi nilai PH ,"Tidak ditemukan Lab Error pada proses analisa, OOS Valid karena SPL on progress permintaan review speck ke TS/RnD",-
18-Mar-2024,OOS/QC/BPG/EHM/0324/003,"Demin Panas Comp. Liquid 1, Comp. Solid 2, Comp. Liquid 3, R. Cuci alat produksi","S.2.1, S.2.2, S.2.3, S.2.4",NA,Hasil TOC TMS,CLOSED,DEV/QNA/PLG/PR/1223/003,Tidak penyimpangan sistem selama analisis berlangsung ,Tidak terdapat penyimpangan prosedur ketika analisis,Lakukan sampling & analisa ulang untuk memastikan hasil yang OOS,"Tidak ditemukan Lab error pada proses analisa, OOS Valid, Hasil analisa sample ulang tetap OOS, perlu review lagi speck yang di tetapkan "
08-Mar-2024,OOT/QC/BPG/MIKRO/0324/001,ANANAS COMOSUS,2R/2403/0012 (WSP231202),BEIJING WISAPPLE BIOTECH,HASIL ANALISA TPC OOT,CLOSED,DEV/QMT/PLG/QC/0324/012,Tidak ada penyimpangan sistem ketika analisis berlangsung ,Tidak ada penyimpangan prosedur ketika analisis berlangsung ,"Hasil analisa sampling ulang tetap ada pertumbuhan, OOT valid. sampel RM Ananas Cosmosus tetap dapat diluluskan karena masih sesuai spek. ","Hasil analisa sampling ulang tetap ada pertumbuhan, OOT Valid, sampel RM ananas comusus tetap dapat di luluskan karena masih sesuai speck "
01-Mar-2024,OOS/QC/BPG/MIKRO/0324/001,SWAB VALCLEAN,SWAB ATAP KANAN MESIN BIN 2,NA,HASIL ANALISA TPC OOS,CLOSED,-,Tidak ada penyimpangan sistem ketika analisis berlangsung ,Tidak ada penyimpangan prosedur saat analisis berlangsung ,"Tidak ditemukan Lab Error pada proses analisa, OOS Valid",-
03-Mar-2024,OOS/QC/BPG/MIKRO/0324/002,AIR,BILASAN TABUNG VAKUM TRANSFER PUMP CFM,NA,HASIL ANALISA TPC & KK OOS,CLOSED,-,Tidak ada penyimpangan sistem ketika analisis berlangsung ,Tidak ada penyimpangan prosedur saat analisis berlangsung ,"Tidak di temukan Lab error pada proses analisa, OOS Valid, Tidak dapat di lakukan sampling & analisa ulang perlu di pastikan prosedur cleaning tabung transfer pump",-
14-Mar-2024,OOS/QC/BPG/MIKRO/0324/003,AIR ,AIR RO BULK LEJSA TRIAL M.24.03.740013,NA,HASIL ANALISA KK OOS,CLOSED,-,Tidak ada penyimpangan sistem ketika analisis berlangsung ,Tidak ada penyimpanan prosedur saat analisis berlangsung ,Tidak ditemukan Lab error pada proses analisa *OOS Valid* tidak dapat di lakukan sampling & analisa ulang karena SPL Trial ,-
20-Mar-2024,OOS/QC/BPG/EHM/0324/004,Air Limbah outlet,NA,NA,Hasil COD TMS,CLOSED,-,Tidak terdapat peyimpangan sistem selama analisis berlangsung ,Tidak ada penyimpangan prosedur selama analisis berlangsung ,Lakukan sampling & analisa ulang untuk memastikan hasil yang OOS,"Hasil analisa sampling ulang hari berbeda MS, Tidak ditemukan Lab error pada proses analisa OOS Valid"
21-Mar-2024,OOS/QC/BPG/ST/0324/010,PWSN1,24.03.095,NA,TMS SIMETICONE & HT,CLOSED,-,Tidak terjadi kesalahan pada tahap 1.a,Tidak terjadi kesalahan pada tahap 1.b,Tidak ditemukan Lab Error pada proses analisa OOS Valid (SPL Stress test),-
19-Mar-2024,OOS/QC/BPG/RM/0324/002,1AT004000,2R/2403/0085,HERBAL CREATIONS,IDENTIFIKASI TMS,CLOSED,,Tidak ada kesalahan analisa,"Tidak ada kesalahan analisa dan error pada analisa .
Lakukan sampling ulang dan identifikasi lanjutan untuk memastikan identitas material",Tidak di termukan eror pada proses analisa. OOS Valid  RM released dengan MA khusus untuk identifikasi karena kebutuhan CITO untuk produksi,
23-Mar-2024,OOS/QC/BPG/ST/0324/011,PWSN1,24.03.105 (PERGANTIAN WARNA T2 ALTERNATIF),NA,TMS MgHT DAN SIMET,CLOSED,,Tidak terjadi kesalahan pada tahap 1.a,Tidak terjadi kesalahan pada tahap 1.b,Tidak ditemukan Lab Error pada proses analisa OOS Valid ,
23-Mar-2024,OOS/QC/BPG/ST/0324/012,PWSN1,24.03.106 (PERGANTIAN WARNA T1 EXISTING),NA,TMS MgHT DAN SIMET,CLOSED,,Tidak terjadi kesalahan pada tahap 1.a,Tidak terjadi kesalahan pada tahap 1.b,Tidak ditemukan Lab Error pada proses analisa OOS Valid ,
19-Mar-2024,OOS/QC/BPG/RM/0324/003,1AZ004000,2R/2403/0084,"Natrindo Surya PRIMA, PT",TMS PH,CLOSED,-,Tidak ditemukan eror selama proses analisa,Meterial proses trial VD dapat mempengaruhi nilai PH,"Tidak ditemukan Lab Error pada proses analisa. oos valid berasal dari SPL, sesuai hasil COA dan informasi by email dari vendor on progress permintaan perubahan Range Spek RM dapat di luluskan sesuai devol.",-
23-Mar-2024,OOS/QC/BPG/ST/0324/013,LEJS1,T.24.03.016 (PRODUK EXISTING),NA,TMS VIT B6,CLOSED,,Tidak terjadi kesalahan pada tahap 1.a,Tidak terjadi kesalahan pada tahap 1.b,Tidak ditemukan Lab Error pada proses analisa OOS Valid ,
23-Mar-2024,OOS/QC/BPG/ST/0324/014,LEJO1,24.03.103 (TANPA ADJUSTMENT VITAMIN),NA,TMS VIT B6,CLOSED,,Tidak terjadi kesalahan pada tahap 1.a,Tidak terjadi kesalahan pada tahap 1.b,Tidak ditemukan Lab Error pada proses analisa OOS Valid ,
25-Mar-2024,OOS/QC/BPG/ST/0324/015,PWSN1,24.03.128,NA,TMS SIMETHICONE,CLOSED,,Tidak terjadi kesalahan pada tahap 1.a,Tidak terjadi kesalahan pada tahap 1.b,Tidak ditemukan Lab Error pada proses analisa OOS Valid ,
26-Mar-2024,OOS/QC/BPG/ST/0324/016,LBMA2,24.03.112 (CC026),NA,TMS 6-GINGEROL,CLOSED,,Tidak terjadi kesalahan pada tahap 1.a,Tidak terjadi kesalahan pada tahap 1.b,Tidak ditemukan Lab Error pada proses analisa OOS Valid ,
26-Mar-2024,OOS/QC/BPG/ST/0324/017,LBMA2  (zingiber 6 gingerol),"24.03.113 
(Phytochemindo 2R/2008/0126_01 (LBMAQ CC026) QC) ",NA,"TMS 
 (zingiber 6 gingerol)",CLOSED,,Tidak terjadi kesalahan pada tahap 1.a,Tidak terjadi kesalahan pada tahap 1.b,Tidak ditemukan Lab Error pada proses analisa OOS Valid ,
25-Mar-2024,OOS/QC/BPG/EHM/0324/005,Comp. Solid 1,R.2.3,NA,Hasil TOC TMS,CLOSED,-,Tidak ada penyimpangan sistem ketika analisis berlangsung ,Tidak ada penyimpangan prosedur ketika analisis berlangsung ,Lakukan sampling & analisa ulang untuk memastikan hasil yang OOS ,"Tidak ditemukan lab error pada proses analisa. OOS valid, hasil SU ke 2 MS"
26-Mar-2024,OOS/QC/BPG/MIKRO/0324/004,AIR,P.2.8,NA,HASIL ANALISA TPC TMS,CLOSED,DEV/QNA/PLG/PR/0324/008,Tidak terdapat penyimpangan sistem selama analisis berlangsung,Tidak ada penyimpangan prosedur selama analisis berlangsung,Lakukan sampling ulang untuk memastikan hasil yang OOS,"Tidak ditemukan lab error pada proses analisa, OOS Valid"
28-Mar-2024,OOS/QC/BPG/ST/0324/018,LNKO1,24.03.150 (FC2) SCALE UP,NA,TMS PE HCL,CLOSED,,Tidak terjadi kesalahan pada tahap 1.a,Tidak terjadi kesalahan pada tahap 1.b,Tidak ditemukan Lab Error pada proses analisa OOS Valid ,
01-Apr-2024,OOS/QC/BPG/ST/0424/001,LNKOA,24.04.005 (CC1) DAN 24.04.006 (CC2),NA,TME PE HCL,CLOSED,-,Tidak terjadi kesalahan pada tahap 1.a,Tidak terjadi kesalahan pada tahap 1.b,Tidak ditemukan Lab error pada proses analisa *OOS Valid*,-
01-Apr-2024,OOS/QC/BPG/EHM/0424/001,Comp. Liquid 3 PW Gen 2,R.2.2,NA,Hasil TOC TMS,CLOSED,-,Tidak ada penyimpangan sistem selama analisis berlangsung ,Tidak ada penyimpangan prosedur ketika analisis berlangsung ,Lakukan sampling & analisa ulang untuk memastikan hasil yang OOS,"Tidak di temukan Lab Error pada proses analisa, OOS Valid"
02-Apr-2024,OOS/QC/BPG/EHM/0424/002,"Demin Panas Comp. Liquid 1, Comp. Solid 2, Comp. Liquid 3, R. Cuci alat produksi","S.2.1, S.2.2, S.2.3, S.2.4",NA,Hasil TOC TMS,CLOSED,DEV/QNA/PLG/PR/1223/003,Tidak terdapat penyimpangan sistem selama analisis berlangsung ,Tidak ada penyimpangan prosedur ketika analisis berlangsung ,Lakukan sampling & analisa ulang untuk memastikan hasil yang OOS,Hasil SU tetap Oos & merupakan OOS berulang perlu di lakukan review terhadap kecocokan speck OOS Valid
02-Apr-2024,OOS/QC/BPG/EHM/0424/003,Air Limbah outlet,NA,NA,Hasil COD TMS,CLOSED,-,Tidak ada penyimpangan sistem selama analisis berlangsung ,Tidak ada penyimpangan prosedur ketika analisis,Lakukan sampling & analisa ulang untuk memastikan hasil yang OOS,"tidak di temukan lab error pada proses analisa, OOS Valid perlu di investigasi penyebab OOS"
02-Apr-2024,OOS/QC/BPG/ST/0424/002,POSN1,"24.04.026
24.04.030 
24.04.035",NA,TMS ACETOSAL ,CLOSED,-,Tidak terjadi kesalahan pada tahap 1.a,Tidak terjadi kesalahan pada tahap 1.b,Tidak ditemukan Lab error pada proses analisa OOS Valid,-
02-Apr-2024,OOS/QC/BPG/ST/0424/003,POSN1,"24.04.045
24.04.046",NA,"TMS ACETOSAL , CAFFEINE, PARACETAMOL ",CLOSED,-,Tidak terjadi kesalahan pada tahap 1.a,Tidak terjadi kesalahan pada tahap 1.b,Tidak ditemukan Lab error pada proses analisa OOS Valid,-
02-Apr-2024,OOS/QC/BPG/ST/0424/004,LNKO1,24.04.038(EJ158) & 24.04.039(EJ158),NA,TMS PE HCL ,CLOSED,-,Tidak terjadi kesalahan pada tahap 1.a,Tidak terjadi kesalahan pada tahap 1.b,Tidak ditemukan Lab error pada proses analisa OOS Valid,-
27-Mar-2024,OOS/QC/BPG/RM/0324/004,2AS010000,2R/2403/0124,"Wihadil, PT",pH TMS under,CLOSED,,Tidak terdapat eror selama analisa di lakukan ,Tidak terdapat kesalahan selama proses analisa,Lakukan sampling & analisa ulang untuk memastikan hasil yang OOS,Tidak ditemukan Lab error pada proses analisa. OOS Valid sodium siklamat 2R/2403/0124 DI REJECT
15-Apr-2024,OOS/QC/BPG/ST/0424/005,LKMCA,AD001,NA,TMS VISCOSITAS ,CLOSED,-,Tidak terjadi kesalahan pada tahap 1.a,Tidak terjadi kesalahan pada tahap 1.b,Tidak ditemukan Lab error pada proses analisa OOS Valid,-
16-Apr-2024,OOS/QC/BPG/ST/0424/006,POSN1,CD006,NA,TMS CAFFEINE DAN ACETOSAL,CLOSED,-,Tidak terjadi kesalahan pada tahap 1.a,Tidak terjadi kesalahan pada tahap 1.b,Tidak ditemukan Lab error pada proses analisa OOS Valid,-
16-Apr-2024,OOS/QC/BPG/EHM/0424/004,"Demin Panas Comp. Liquid 1, Comp. Solid 2, Comp. Liquid 3, R. Cuci alat produksi","S.2.1, S.2.2, S.2.3, S.2.4",NA,Hasil TOC TMS,CLOSED,DEV/QNA/PLG/PR/1223/003,Tidak ada penyimpangan sistem selama analisis berlangsung ,Tidak ada penyimpangan prosedur ketika analisis berlangsung ,Lakukan sampling ulang untuk memastikan hasil yang OOS,"oos VALID, tidak ditemukan lab error pada proses analisa perlu review ulang spek "
17-Apr-2024,OOS/QC/BPG/ST/0424/007,POSN1,EK089 EK090 EK091,NA,TMS CAFFEINE DAN ACETOSAL,CLOSED,-,Tidak terjadi kesalahan pada tahap 1.a,Tidak terjadi kesalahan pada tahap 1.b,Tidak ditemukan Lab error pada proses analisa OOS Valid,-
18-Apr-2024,OOS/QC/BPG/ST/0424/008,LNKO1,CE030,NA,TMS PE HCL ,CLOSED,-,Tidak terjadi kesalahan pada tahap 1. a,Tidak terjadi kesalahan pada tahap 1.b,Tidak ditemukan Lab error pada proses analisa OOS Valid,-
18-Apr-2024,OOS/QC/BPG/ST/0424/009,LNKO1,24.04.093 (FG674),NA,TMS PE HCL  DAN CTM ,CLOSED,-,Tidak terjadi kesalahan pada tahap 1. a,Tidak terjadi kesalahan pada tahap 1.b,Tidak ditemukan Lab error pada proses analisa OOS Valid,-
19-Apr-2024,OOS/QC/BPG/ST/0424/010,POSN1,"24.04.140 (CD008 (Art Paper) TK
24.04.142 (CD008 (Metalize) TK
24.04.145 (CD009 (Art Paper) TK
24.04.146 (CD009 (Metalize) TK",NA,TMS ACETOSAL,CLOSED,-,Tidak terjadi kesalahan pada tahap 1. a,Tidak terjadi kesalahan pada tahap 1.b,Tidak ditemukan Lab error pada proses analisa OOS Valid,-
22-Apr-2024,OOS/QC/BPG/ST/0424/011,LNKO1,CD010,NA,TMS PE HCL,CLOSED,-,Tidak terjadi kesalahan pada tahap 1. a,Tidak terjadi kesalahan pada tahap 1.b,Tidak ditemukan Lab error pada proses analisa OOS Valid,-
24-Apr-2024,OOS/QC/BPG/ST/0424/012,POSN1,EK103,NA,TMS CAFFEINE DAN ACETOSAL,CLOSED,-,Tidak terjadi kesalahan pada tahap 1. a,Tidak terjadi kesalahan pada tahap 1.b,Tidak ditemukan lab error pada proses analisa OOS Valid,-
26-Apr-2024,OOS/QC/BPG/ST/0424/013,POSN1,24.04.192 (GD559/ATAS),NA,CAFFEINE,CLOSED,,Tidak terjadi kesalahan pada tahap 1. a,Tidak terjadi kesalahan pada tahap 1.b,Tidak ditemukan lab error pada proses analisa OOS Valid,
02-Apr-2024,OOS/QC/BPG/MIKRO/0424/001,SWAB,SWAB KANAN & KIRI WASTAFEL TITIK P.2.8,NA,HASIL ANALISA TPC & KK TMS,CLOSED,-,Tidak ada penyimpangan sistem selama analisis berlangsung ,Tidak ada penyimpangan prosedur ketika analisis berlangsung ,"Tidak ditemukan Lab error pada proses analisis OOS Valid, Wastafel perlu di bersihkan kembali",-
03-Apr-2024,OOS/QC/BPG/MIKRO/0424/002,SWAB,"SWAB KANAN KIRI P.2.9, KANAN KIRI P.2.10, KIRI P.1.2 ",NA,HASIL ANALISA TPC & KK TMS,CLOSED,-,Tidak ada penyimpangan sistem ketika analisis berlangsung ,Tidak ada penyimpangan prosedur ketika analisis berlangsung ,"Tidak ditemukan Lab error pada proses analisa OOS valid, Wastatel perlu di bersihkan kembali",-
21-Apr-2024,OOS/QC/BPG/MIKRO/0424/003,ZINGIBER LE,2R/2404/0060 (075CZ),"PHYTOCHEMINDO REKSA, PT",HASIL ANALISA VAT 4&5 TMS,CLOSED,CAPA/QC/BPG/MIKRO/0424/001,Tidak terdapat penyimpangan sistem selama analisis berlangsung,Tidak terdapat penyimpangan prosedur ketika analisis berlangsung,"Tidak ditemukan Lab error pada proses analisa OOS valid, Wastatel perlu di bersihkan kembali",
30-Apr-2024,OOS/QC/BPG/ST/0524/001,LBMA2,24.04.201 ( CD032),NA,TMS 6 GINGEROL ,CLOSED,,Tidak terjadi kesalahan pada tahap 1. a,Tidak terjadi kesalahan pada tahap 1.b,Tidak ditemukan lab error pada proses analisa OOS Valid,
29-Apr-2024,OOS/QC/BPG/EHM/0424/005,"Demin Panas Comp. Solid 2, R. Cuci alat produksi","S.2.2, S.2.4",NA,Hasil TOC TMS,CLOSED,DEV/QNA/PLG/PR/1223/003,Tidak terdapat penyimpangan sistem selama analisis berlangsung ,Tidak terdapat penyimpangan prosedur ketika analisis berlangsung ,Lakukan sampling ulang untuk memastikan hasil yang OOS,"Tidak ditemukan leb error pada proses analisa OOS Valid, perlu review kembali speck yang di tetapkan "
18-Apr-2024,OOS/QC/BPG/RM/0424/001,1AZ004000,2R/2404/0052-61 ; 2R/2404/0064,PT.PHYTOCHEMINDO REKSA,KADAR ZINGIBER TMS,CLOSED,-,Tidak terdapat error selama proses analisa,Tidak terdapat kesalahan hasil & Proses analisa,Lakukan sampling &analisa ulang untuk memastikan hasil yang OOS,Tidak ditemukan Lab error pada proses analisa. OOS Valid berasal dari SPL RM Zingiber RM di reject
30-Apr-2024,OOS/QC/BPG/ST/0524/002,LNKK1,24.04.202 (CD1) DAN 24.04.203 (CD2) ,NA,TMS PE HCl DAN CTM ,CLOSED,,Tidak terjadi kesalahan pada tahap 1. a,Tidak terjadi kesalahan pada tahap 1.b,Tidak ditemukan lab error pada proses analisa OOS Valid,
06-Mei-2024,OOS/QC/BPG/EHM/0524/001,"Demin Panas Comp. Liquid 1, Comp. Solid 2, Comp. Liquid 3, R. Cuci alat produksi","S.2.1, S.2.2, S.2.3, S.2.4",NA,Hasil TOC TMS,CLOSED,DEV/QNA/PLG/PR/1223/003,Tidak ditemukan penyimpangan sistem ketika analisis berlangsung ,Tidak terdapat penyimpangan prosedur ketika analisis berlangsung ,Lakukan sampling ulang untuk memastikan hasil yang OOS,oos Valid tidak ditemukan lab error pada proses analisa. Perlu review speckl
03-Mei-2024,OOS/QC/BPG/MIKRO/0524/001,Swab Dispenser,"dispenser pantry (normal & dingin), dispenser QA-QS (normal & dingin), dispenser kantin (normal & dingin)",NA,HASIL ANALISA TPC & KK TMS,CLOSED,-,Tidak terdapat penyimpangan sistem ketika analisis berlangsung,Tidak terdapat penyimpangan prosedur ketika analisis berlangsung,Tidak ditemukan Lab error pada proses analisa OOS Valid,-
13-Mei-2024,OOS/QC/BPG/RM/0524/001,1AZ004000 (Zingiber 1.5-3%),2R/2405/0030-0032,PT.PHYTOCHEMINDO REKSA,HASIL ANALISA KADAR TMS,CLOSED,-,Tidak terdapat kesalahan / error selama proses analisa,Tidak terdapat kesalahan dalam analisa kedatangan sebelumnya mengalami issue yang sama dan masih diinvestigasi,"Tidak di temukan Lab error pada proses analisa. OOS Valid berasal dari spl, RM Zingiber di tolak, lanjutkan OOS/QC/BPG/RM/0424/001",-
14-Mei-2024,OOS/QC/BPG/ST/0524/003,LPRG2,CF002,NA,TMS SIMETHICONE,CLOSED,-,Tidak terjadi kesalahan pada tahap 1.a,Tidak terjadi kesalahan pada tahap 1.b,Tidak ditemukan penyebab penyimpangan pada prosesa nalisa. Kadar TMS disebabkan sample telah mengalami penurunan kualitas. Telah dianalisa menggunakna instrument pembanding (FTIR) dan didapatkan hasil yang TMS,"Tidak ditemukan lab error pada proses analisa, OOS valid."
17-Mei-2024,OOS/QC/BPG/ST/0524/004,LNKO1,EM335,NA,PE HCl,CLOSED,DEV/QNA/PLG/QA/0624/006,Tidak terjadi kesalahan pada tahap 1.a,Tidak terjadi kesalahan pada tahap 1.b,Lakukan analisa sampel batch yang sama dari Retained untuk memastikan hasil yang OOS,Tidak ditemukan Lab Error pada proses analisa. OOS Valid perlu perbaikan pada formula & Antisipasi terhadap produk yang masih beredar.
17-Mei-2024,OOS/QC/BPG/ST/0524/005,LNKK1,"24.05.088 (CD1 STD KULKAS)
24.05.089 (CD2 STD KULKAS)",NA,TMS PE HCl DAN CTM,CLOSED,,Tidak terjadi kesalahan pada tahap 1.a,Tidak terjadi kesalahan pada tahap 1.b,Tidak ditemukan Lab Error pada proses analisa OOS Valid,
03-Mei-2024,OOS/QC/BPG/MIKRO/0524/002,MAS,KUALIFIKASI 2QC-BSC-002,NA,"HASIL TPC & KK TMS TITIK Y1,Y3,Y4, Y5",CLOSED,-,Tidak ditemukan penyimpangan sistem selama analisis berlangsung,Tidak ditemukan penyimpangan prosedur ketika analisis berlangsung,Lakukan analisa ulang untuk memastikan hasil yang OOS,Tidak ditemukan Lab error pada proses analisa. Hasil analisa sampling ulang MS. Perlu perbaikan pada proses sampling
10-Mei-2024,OOS/QC/BPG/MIKRO/0524/003,SWAB,BOTOL COKLAT 1,NA,HASIL ANALISA TPC TMS,CLOSED,-,Tidak ada penyimpangan sistem ketika analisis berlangsung,Tidak ditemukan penyimpangan prosedur ketika analisis berlangsung,Lakukan sampling ulang untuk memastikan hasil yang OOS,Tidak ditemukan Lab error pada proses analisa. OOS Valid. perlu di perhatikan proses pembersihan botol.
12-Mei-2024,OOS/QC/BPG/MIKRO/0524/004,SWAB,ANDI MARGONO TANGAN,NA,HASIL ANALISA TPC TMS,CLOSED,-,Tidak ada penyimpangan sistem ketika analisis berlangsung,Tidak ada penyimpangan prosedur ketika analisis berlangsung,Lakukan sampling ulang,"Tidak di temukan Lab error pada proses analisa. OOS Valid, Perlu perbaikan pada hygiene operator"
15-Mei-2024,OOS/QC/BPG/MIKRO/0524/005,SWAB,TONG BIN 1 & 2,NA,HASIL ANALISA TPC TMS,CLOSED,-,Tidak terdapat penyimpangan sistem selama analisis berlangsung ,Tidak ditemukan penyimpangan prosedur ketika analisis berlangsung,Lakukan sampling ulang untuk memastikan hasil yang OOS,"Tidak ditemukan Lab error pada proses analisa, OOS valid hasil SU kedua MS perlu di lakukan pemastian metode cleaning & Sampling yang tepat "
20-Mei-2024,OOS/QC/BPG/ST/0524/006,LNKK1,EL025,NA,TMS PE HCL,CLOSED,,Tidak terjadi kesalahan pada tahap 1.a,Tidak terjadi kesalahan pada tahap 1.b,"Tidak ditemukan penyebab penyimpangan pada proses analisa, kadar TMS disebabkan sampel sudah mengalami penurunan kualitas.",
20-Mei-2024,OOS/QC/BPG/ST/0524/007,LEJO1,GB003 GB004 GB005 ACC,NA,TMS VISCOSITAS ,CLOSED,DEV/QNA/PLG/QC/0624/005,Tidak terjadi kesalahan pada tahap 1.a,Tidak terjadi kesalahan pada tahap 1.b,LAKUKAN SAMPLING DAN ANALISA ULANG UNTUK MEMASTIKAN HASIL OOS (TAHAP 2),"Tidak ditemukan Lab Error pada proses analisa, OOS Valid perlu di investigasi lebih lanjut penyebab & tindaka lanjut oos"
20-Mei-2024,OOS/QC/BPG/EHM/0524/002,"Demin Panas Comp. Liquid 1, Comp. Solid 2, Comp. Liquid 3, R. Cuci alat produksi","S.2.1, S.2.2, S.2.3, S.2.4",NA,Hasil TOC TMS,CLOSED,DEV/QNA/PLG/PR/1223/003,Tidak ditemukan penyimpangan sistem saat analisis berlangsung,Tidak ditemukan penyimpangan prosedur ketika analisis berlangsung,Lakukan sampling ulang untuk memastikan hasil analisa yang OOS,Tidak ditemukan Lab error pada proses analisa. OOS Valid perlu Follow up perubahan speck
23-Jan-2024,OOS/QC/BPG/PM/0124/001,1FP004000,2P/2401/0053,"SUPERNOVA FLEXIBLE PACKAGING, PT",PITCH TMS,CLOSED,,,,,
23-Feb-2024,OOS/QC/BPG/PM/0224/002,3MM013010,2K/2402/0059,"DAYACIPTA KEMASINDO, PT",BERAT TMS,CLOSED,,Analisa tepat dan tidak ada kesalahan pada pengujian,Analisa tepat dan tidak ada kesalahan pada pengujian,,
26-Mar-2024,OOS/QC/BPG/PM/0324/001,3MK007000,2K/2403/0073,"OJI SINAR MAS PACKAGING, PT",Berat dan gramatur TMS,CLOSED,,Tidak terdapat gangguan ataupun kesalahan dalam penanganan sampel,Kesalahan analisa tidak ditentukan sampel TMS,"Sampel diluluskan dengan catatan ""Accept with variance""",
27-Mei-2024,OOS/QC/BPG/MIKRO/0524/006,ANANAS COMOSUS,WSP240415 (2R/2405/0087),BEIJING WISAPPLE BIOTECH,HASIL ANALISA KK TMS,CLOSED,-,Tidak terdapat penyimpangan sistem selama analisis berlangsung ,Tidak terdapat penyimpangan prosedur ketika analisis berlangsung ,Lakukan sampling ulang untuk memastikan hasil yang OOS,"Hasil analisa ulang OOT, Tidak ditemukan Lab Error pada proses analisa, OOS Valid. RM ananas batch WSP 240415 di Reject karena beresiko terhadap produk"
30-Mei-2024,OOS/QC/BPG/MIKRO/0524/007,AIR,P.2.7,NA,HASIL ANALISA TPC TMS,CLOSED,-,Tidak ditemukan penyimpangan sistem selama analisis berlangsung ,Tidak ditemukan penyimpangan prosedur selama analisis berlangsung,Lakukan sampling ulang untuk memastikan hasil yang OOS,"Hasil analisa SU MS sedang PU tetap OOS, Tidak ditemukan lab error pada proses analisa, OOS Valid, Mungkin disebabkan penanganan spl yang kurang baik "
30-Mei-2024,OOS/QC/BPG/ST/0524/008,LPRGG,CB002,NA,TMS SIMETHICONE,CLOSED,,Tidak terjadi kesalahan pada tahap 1.a,Tidak terjadi kesalahan pada tahap 1.b,"Tidak ditemukan Lab Error pada proses analisa OOS Valid, berasal dari sampel yang sudah ed 
",
31-Mei-2024,OOS/QC/BPG/ST/0524/009,LGRGA,CE001 CE002 CE003,NA,TMS 6-Gingerol,CLOSED,-,Tidak terjadi kesalahan pada tahap 1.a,Tidak terjadi kesalahan pada tahap 1.b,"Tidak ditemukan Lab Error pada proses analisa, OOS valid disebabkan oleh spl yang kurang stabil",-
03-Jun-2024,OOS/QC/BPG/EHM/0624/001,"Demin Panas Comp. Liquid 1, Comp. Liquid 3, R. Cuci alat produksi","S.2.1, S.2.3, S.2.4",NA,Hasil TOC TMS,CLOSED,DEV/QNA/PLG/PR/1223/003,Tidak ada penyimpangan sistem ketika analisis berlangsung ,Tidak terdapat penyimpangan prosedur ketika analisis berlangsung ,Lakukan pengambilan spl & analisa ulang untuk memastikan hasil yang OOS,"Tidak ditemukan Lab error pada proses analisa, OOS Valid. Perlu Perbaikan Speck."
07-Jun-2024,OOS/QC/BPG/ST/0624/001,LKXLA,BM004,NA,TMS VISKOSITAS,CLOSED,,Tidak terjadi kesalahan pada tahap 1.a,Tidak terjadi kesalahan pada tahap 1.b,"Tidak ditemukan Lab Error pada proses analisa OOS Valid, berasal dari sampel yang sudah ED + 1 tahun",
10-Jun-2024,OOT/QC/BPG/MIKRO/0624/001,ANANAS COMOSUS,WSP-240415 (2R/2406/0003),BEIJING WISAPPLE BIOTECH,HASIL ANALISA KK OOT,CLOSED,-,Tidak didapat penyimpangan sistem ketika analisis berlangsung ,Tidak didapat penyimpangan prosedur selama analisis berlangsung,Lakukan sampling & analisa ulang untuk memastikan hasil yang OOT,Tidak ditemukan Lab Error pada proses analisa. OOS Valid RM Ananas 2R/2406/0003 (Batch wsp-240415) di tolak
11-Jun-2024,OOS/QC/BPG/ST/0624/002,LNKKB,BE001,NA,TMS PE HCL,CLOSED,,Tidak terjadi kesalahan pada tahap 1.a,Tidak terjadi kesalahan pada tahap 1.b,"Tidak ditemukan Lab Error pada proses analisa OOS Valid, berasal dari sampel yang sudah ED + 1 tahun",
12-Jun-2024,OOS/QC/BPG/ST/0624/003,POSN1,EL130 EL131,NA,TMS ACETOSAL DAN CAFFEIN,CLOSED,-,Tidak terjadi kesalahan pada tahap 1.a,Tidak terjadi kesalahan pada tahap 1.b,"Tidak ditemukan Lab Error pada proses analisa, OOS valid berasal dari SPL ",-
17-Mei-2024,OOS/QC/BPG/RM/0624/001,2AP013000,"15479947G0 (2R/2404/0085, 2R/2405/0018)",BASF SE-Germany,TMS DIOXANE (over),CLOSED,,Tidak terdapat kesalahan pada proses analisa,Tidak terdapat kesalahan proses analisa (analisa eksternal),"Hasil analisa ulang oleh lab external OOS. OOS valid , RM ditolak ",
04-Jun-2024,OOS/QC/BPG/RM/0624/002,1AZ004000,"2R/2405/0119, 2R/2405/0120","PHYTOCHEMINDO REKSA, PT",TMS 6-Gingerol,CLOSED,-,Tidak terdapat error dalam proses analisa,Tidak terdapat kesalahan dalam proses analisa. Terdapat issue yang sama pada kedatangan sebelumnya.,"Tidak ditemukan Lab Error pada proses sampling & analisa, OOS Valid berasal dari SPL RM Zingiber di reject (lanjutkan OOS /QC/BPG/RM/0424/001)",-
21-Jun-2024,OOS/QC/BPG/MIKRO/0624/001,AIR PAM COMPOUNDING SOLID 8 & CUCI ALAT PRODUKSI,P.2.5 & P.2.6,NA,HASIL ANALISA TPC TMS,CLOSED,-,Tidak terdapat  penyimpangan sistem selama analisis berlangsung,Tidak terdapat  penyimpangan prosedur ketika analisis berlangsung,Lakukan sampling & analisa ulang untuk memastikan hasil yang OOS,"Hasil analisa SU MS, PU TMS. Tidak ditemukan error pada proses analisa. OOS Valid, perlu perbaikan pada proses handling & sampling"
25-Jun-2024,OOS/QC/BPG/ST/0624/004,LNKO1,CF035,NA,TMS PE HCl,CLOSED,-,Tidak terjadi kesalahan pada tahap 1.a,tidak terjadi kesalahan pada tahap 1.b,"Tidak ditemukan Lab Error pada proses analisa, OOS valid karena SPL yang sudah TMS. on progress reformulasi oleh RnD",-
18-Jun-2024,OOS/QC/BPG/EHM/0624/002,"Demin Panas Comp. Liquid 1, Comp. Solid 2, Comp. Liquid 3, R. Cuci alat produksi","S.2.1, S.2.2, S.2.3, S.2.4",NA,Hasil TOC TMS,CLOSED,DEV/QNA/PLG/PR/1223/003,Tidak terdapat penyimpangan sistem ketika analisis berlangsung,Tidak terdapat penyimpangan prosedur ketika analisis berlangsung ,Lakukan sampling ulang untuk memastikan hasil yang OOS,Tidak ditemukan Lab Error pada proses analisa OOS Valid Karena Spek yang kurang sesuai
30-Jun-2024,OOS/QC/BPG/ST/0624/005,POSN1,BE002,,TMS ACETOSAL DAN CAFFEIN,CLOSED,-,Tidak terjadi kesalahan pada tahap 1.a,tidak terjadi kesalahan pada tahap 1.b,Tidak ditemukan Lab Error pada proses analisa . OOS Valid sudah di lakukan improvement kemasan untuk meningkatkan stabilitas  produk (OOS pada kemasan lama) Produk sudah ED + 1 tahun,-
01-Jul-2024,OOS/QC/BPG/EHM/0724/001,"Demin Panas Comp. Liquid 1, Comp. Solid 2, Comp. Liquid 3, R. Cuci alat produksi","S.2.1, S.2.2, S.2.3, S.2.4",NA,Hasil TOC TMS,CLOSED,DEV/QNA/PLG/PR/1223/003,Tidak ditemukan penyimpangan sistem ketika analisis berlangsung ,Tidak di dapat penyimpangan prosedur selama analisis berlangsung ,Lakukan sampling & analisa ulang untuk memastikan hasil yang OOS,Potensi penyimpangan berasal dari parameter yang tidak tepat untuk aquademin panas
28-Jun-2024,OOS/QC/BPG/MIKRO/0624/002,AIR BLANKO TANKI C,PARALON,NA,HASIL TPC TMS,CLOSED,,Tidak ditemukan penyimpangan sistem selama analisis berlangsung ,Tidak ditemukan penyimpangan prosedur selama analisis berlangsung,Lakukan sampling ulang untuk memastikan hasil yang OOS,
06-Jul-2024,OOS/QC/BPG/MIKRO/0724/001,AQUADEMIN PIPE PVC,PIPE PVC TANKI C,NA,HASIL ANALISA TPC TMS,CLOSED,-,Tidak terjadi penyimpangan pada sistem selama analisis berlangsung,Tidak didapat penyimpangan prosedur ketika analisis berlangsung,Lakukan sampling & analisa ulang tidak untuk memastikan hasil yang OOS,Tidak ditemukan Lab error pada proses analisa hasil analisa sampling ulang ms perlu di perhatikan jalur yang tersanitasi dengan baik *OOS Valid*
08-Jul-2024,OOS/QC/BPG/MIKRO/0724/002,SUCCUS A,(23.7112) 2R/2407/0023,EXTRAITS VEGETAUX ET DERIVES,HASIL ANALISA TPC TMS,CLOSED,-,Tidak ditemukan penyimpangan sistem selama analisis berlangsung,Tidak ditemukan penyimpangan prosedur selama analisis berlangsung,Lakukan sampling ulang untuk memastikan hasil analisa yang OOS,"Hasil analisa SU Tetap OOS, RM Succuss A 2R/2407/0023 DI TOLAK, *oos valid*"
16-Jul-2024,OOS/QC/BPG/ST/0724/001,LBMA2,24.07.034 (BF1) ; 24.07.034 (BF2) ,NA,TMS ZINGIBER ,CLOSED,,"
Tidak terjadi kesalahan pada tahap 1.a","
Tidak terjadi kesalahan pada tahap 1.B
","Tidak ditemukan Lab Error pada proses analisa . OOS Valid berasal dari sampel yang sudah ED 1 TAHUN
note bejo formula baru sudah tidak ada spek gingerol ",
15-Jul-2024,OOS/QC/BPG/EHM/0724/002,"Demin Panas Comp. Liquid 1, Comp. Solid 2, Comp. Liquid 3, R. Cuci alat produksi","S.2.1, S.2.2, S.2.3, S.2.4",NA,Hasil TOC TMS,CLOSED,-,tidak terjadi kesalahan analisa maupun kegagalan karena faktor eksternal pada tahap ini ,tidak ada kesalahan analisa pada tahap ini ,tidak ditemukan lab error pada proses analisa OOS valid OOS berulang on progres review spek dan WI,
15-Jul-2024,OOS/QC/BPG/EHM/0724/003,"Demin Supply CIP LT.2, Demin Panas Comp. solid 2 (double jacket tank), Demin Panas R. cuci alat produksi ","D.2.4, S.2.2, S.2.4",NA,Hasil CND TMS,CLOSED,-,Tidak terjadi kesalahan analisa ataupun kegagalan karena faktor pada tahapan ini ,Tidak ada kesalahan analisa pada tahapan ini ,Lakukan sampling & analisa ulang untuk memastikan hasil yang OOS,Tidak ditemukan Lab Error pada proses analisa OOS Valid Hasil sampling & analisa ulang MS
18-Jul-2024,OOS/QC/BPG/ST/0724/002,LPRG4,GA016,NA,TMS SIMETICONE,CLOSED,,"
Tidak terjadi kesalahan pada tahap 1.a","
Tidak terjadi kesalahan pada tahap 1.B
",Tidak ditemukan lab error pd proses analisa. OOS Valid. On progress develop method dengan FTIR,
24-Mei-2024,OOS/QC/BPG/MIKRO/0524/008,"AIR DISPENSER QA, PANTRY, UNCONTROL KANTIN","AIR DISPENSER QA, PANTRY, UNCONTROL KANTIN, (DINGIN & NORMAL)",NA,HASIL ANALISA TMS,CLOSED,-,tidak terdapat penyimpangan sistem ketika analisis berlangsung ,tidak terdapat penyimpangan prosedur ketika analisis berlangsung,tidak ditemukan lab error pada proses analisa tidak dilakukan pengambilan SPL ulang hasil konsisten untuk semua dispenser yang diuji perlu di review metode pembersihan dispensir air minum,
29-Jul-2024,OOS/QC/BPG/EHM/0724/004,"Demin Panas Comp. Liquid 1, Comp. Solid 2, Comp. Liquid 3, R. Cuci alat produksi","S.2.1, S.2.2, S.2.3, S.2.4",NA,Hasil TOC TMS,CLOSED,-,Tidak terjadi kesalahan analisa ataupun kegagalan karena faktor eksternal pada tahapan ini,tidak ada kesalahan analisa pada tahap ini,tidak ditemukan lab error pada proses analisa OOS Vlid dan berulang on progress review spek dan WI ,-
02-Agu-2024,OOS/QC/BPG/MIKRO/0824/001,HONEY LIQUID,044/PLG-NAS/IV/24 (2R/2407/0118),"NUR ABADI SEJAHTERA, PT",HASIL ANALISA TPC TMS,CLOSED,,tidak terjadi kesalahan analisa ataupun kegagalan karena faktor eksternal pada tahap ini ,tidak ada penyimpangan prosedur ketika analisa berlangsung,"Hasil analisa ulang (PU & SU) tidak memenuhi syarat, RM Honey di tolak",
25-Jul-2024,OOS/QC/BPG/MIKRO/0724/003,SWAB CFM 2 (EHM MACHINE),CFM 2,NA,HASIL AANALISA TPC TMS,CLOSED,,tidak terjadi kesalahan analisa ataupun kegagalan karena faktor eksternal pada tahap ini ,tidak ada penyimpangan prosedur ketika analisa berlangsung,lakukan sampling dan analisa ulang untuk memastikan hasil yang oos,
29-Jul-2024,OOS/QC/BPG/MIKRO/0724/004,SWAB MT SILVERSON (TRIAL METODE CLEANING),BATANG AGITATOR,NA,HASIL ANALISA TPC TMS,CLOSED,,tidak terjadi kesalahan analisa ataupun kegagalan karena faktor eksternal pada tahap ini ,tidak ada kesalahan analisa pada tahapan ini,Tidak ditemikan lab error pada proses analisa. OOS valod pastikan metode cleaning efektif,
05-Agu-2024,OOS/QC/BPG/ST/0824/001,LPRGG,CG002,NA,TMS SIMETHICONE,CLOSED,,tidak terjadi kesalahan pada tahap 1 A,tidak terjadi kesalahan pada tahap 1B ,tidak ditemukan lab error pada proses analisa OOS valid berasal dari SPL yang sudah ED ,
06-Agu-2024,OOS/QC/BPG/ST/0824/002,LBMA2,BH004; BH009,NA,TMS ZINGIBER,CLOSED,-,tidak terjadi kesalahan pada tahap 1 A,tidak terjadi kesalahan pada tahap 1B ,tidak ditemukan lab error pada proses analisa OOS valid berasal dari SPL yang sudah ED 1 tahun,
05-Agu-2024,OOS/QC/BPG/EHM/0824/001,"Demin Panas Comp. Liquid 1, Comp. Solid 2, Comp. Liquid 3, R. Cuci alat produksi","S.2.1, S.2.2, S.2.3, S.2.4",NA,Hasil TOC TMS,CLOSED,-,Tidak terjadi kesalahan analisa ataupun kegagalan karena faktor eksternal pada tahapan ini,tidak ada kesalahan analisa pada tahap ini,tidak ditemukan lab error pada proses analisa OOS valid OOS berulang sedang dalam tahap review untuk perubahan spesifikasi ,
31-Jul-2024,                    OOS/QC/BPG/MIKRO/0724/005,Swab SIG 5,Nozzle 4,NA,NA,CLOSED,,tidak terjadi kesalahan analisa ataupun kegagalan karena faktor eksternal pada tahap ini ,tidak ada kesalahan analisa pada tahapan ini,Tidak ditemikan lab error pada proses analisa. OOS valod pastikan metode cleaning efektif,
12-Agu-2024,OOS/QC/BPG/ST/0824/003,LPRGG,BG003,NA,TMS SIMETHICONE,CLOSED,,tidak terjadi kesalahan pada tahap 1 A,tidak terjadi kesalahan pada tahap 1B ,tidak ditemukan lab error pada proses analisa OOS valid berasal dari SPL yang sudah ED 1 tahun,
12-Agu-2024,OOS/QC/BPG/ST/0824/004,LPRGG,BH001,NA,TMS SIMETHICONE,CLOSED,,tidak terjadi kesalahan pada tahap 1 A,tidak terjadi kesalahan pada tahap 1B ,tidak ditemukan lab error pada proses analisa OOS valid berasal dari SPL yang sudah ED 1 tahun,
13-Agu-2024,OOS/QC/BPG/ST/0824/005,LNKOA,"24.08.030(FH696) / 
24.08.031 (FH695)",NA,#REF!,CLOSED,,tidak terjadi kesalahan pada tahap 1 A,tidak terjadi kesalahan pada tahap 1B ,Tidak ditemukan lab error pada proses analisa. OOS valid karna sampel yang tidak stabil. On Progeress reformulasi oleh FD,
05-Agu-2024,OOS/QC/BPG/MIKRO/0824/002,Honey Liquid,045/PLG-NAS/IV/24,"NUR ABADI SEJAHTERA, PT",TMS PE HCL DAN CTM,CLOSED,,tidak terdapat kesalahan analisa ataupun kegagalan karena faktor eksternal pada tahap ini ,tidak ada penyimpangan prosedur ketika analisa berlangsung,"tidak di temukan lab error pada proses analisa. hasil analisa ulang masih OOS. RM ditolak, OOS valid",
29-Jul-2024,OOS/QC/BPG/MIKRO/0724/006,Swab Batang Agitator MT Silverson Trial Metode Cleaning,MT Silverson,NA,Hasil analisa TPC TMS,CLOSED,,tidak terdapat kesalahan analisa ataupun kegagalan karena faktor eksternal pada tahap ini ,tidak ada kesalahan analisa pada tahapan ini,Tidak ditemikan lab error pada proses analisa. OOS valod pastikan metode cleaning efektif,
03-Agu-2024,OOS/QC/BPG/MIKRO/0724/007,Swab Atap ST 14 before LNKOA,Atap ST 14,NA,Hasil analisa TPC TMS,CLOSED,,tidak terdapat kesalahan analisa ataupun kegagalan karena faktor eksternal pada tahap ini ,tidak ada kesalahan analisa pada tahapan ini,Tidak ditemikan lab error pada proses analisa. OOS valod pastikan metode cleaning efektif,
14-Agu-2024,OOS/QC/BPG/ST/0824/006,LPRG2,BH002,NA,TMS SIMETHICONE,CLOSED,,tidak terjadi kesalahan pada tahap 1 A,tidak terjadi kesalahan pada tahap 1B ,Tidak ditemukan lab error pada proses analisa. OOS valid karna sampe sudah ED ,
08-Agu-2024,OOT/QC/BPG/MIKRO/0824/001,HONEY LIQUID,046/PLG-NAS/V/24 (2R/2408/0013),"NUR ABADI SEJAHTERA, PT",HASIL ANALISA TPC VAT 3 & 4 OOT,CLOSED,,tidak terdapat kesalahan analisa ataupun kegagalan karena faktor eksternal pada tahap ini ,tidak ada penyimpangan prosedur ketika analisa berlangsung,lakukan sampling dan analisa ulang untuk memastikan hasil yang OOS,
19-Agu-2024,OOS/QC/BPG/EHM/0824/002,"Demin Panas Comp. Liquid 1, Comp. Solid 2, Comp. Liquid 3, R. Cuci alat produksi","S.2.1, S.2.2, S.2.3, S.2.4",NA,Hasil TOC TMS,CLOSED,,Tidak terjadi kesalahan analisa ataupun kegagalan karena faktor eksternal pada tahapan ini,Tidak ada penyimpangan prosedur ketika analisa berlangsung,tidak ditemukan lab error pada proses analisa OOS valid karena spesifikasi yabg tidak sesuai,
19-Agu-2024,OOS/QC/BPG/ST/0824/007,LPRGG,BH003,NA,TMS SIMETHICONE,CLOSED,,tidak terjadi kesalahan pada tahap 1 A,tidak terjadi kesalahan pada tahap 1B ,Tidak ditemukan lab error pada proses analisa. OOS valid karna sampe sudah ED + 1 tahun,
20-Agu-2024,OOS/QC/BPG/ST/0824/008,LNKK1,BH002,NA,TMS PE HCL,CLOSED,,tidak terjadi kesalahan pada tahap 1 A,tidak terjadi kesalahan pada tahap 1B ,Tidak ditemukan lab error pada proses analisa. OOS valid karna sampe sudah ED + 1 tahun,
17-Agu-2024,OOT/QC/BPG/MIKRO/0824/002,HONEY LIQUID,051/PLG-NAS/VII/24 (2R/2408/0065),"NUR ABADI SEJAHTERA, PT",HASIL ANALISA TPC VAT 3 OOT,CLOSED,,tidak terdapat kesalahan analisa ataupun kegagalan karena faktor eksternal pada tahap ini ,tidak ada penyimpangan prosedur ketika analisa berlangsung,lakukan sampling dan analisa ulang untuk memastikan hasil yang OOT,
18-Agu-2024,OOS/QC/BPG/MIKRO/0824/003,THYMUS VULGARIS,2R/2408/0056 (0000192048),BIONORICA,"HASIL ANALISA KK OOS DI VAT 4,5,&6 DAN OOT DI VAT 3 & 7",CLOSED,,tidak terdapat kesalahan analisa ataupun kegagalan karena faktor eksternal pada tahap ini ,tidak ada penyimpangan prosedur ketika analisa berlangsung,lakukan sampling dan analisa ulang untuk memastikan hasil yg OOS,
24-Agu-2024,OOS/QC/BPG/ST/0824/009,POSNA,EH034,NA,TMS ACETOSAL DAN CAFFEIN,CLOSED,,tidak terjadi kesalahan pada tahap 1 A,tidak terjadi kesalahan pada tahap 1B ,Tidak ditemukan lab error pada proses analisa. OOS valid karna kemasan kurang kedap. Sudah dilakukan perubahan kemasan primer,
26-Agu-2024,OOT/QC/BPG/MIKRO/0824/003,THYMUS VULGARIS,2R/2408/0127 (0000192048),BIONORICA,HASIL ANALISA KK VAT 2 & 3 OOT,CLOSED,,Tidak terjadi kesalahananalisa ataupun kegagalan karena faktor eksternal pada tahapan ini,Tidak ada penyimpangan prosedur ketika anlisis berlangsung,lakukan sampling dan analisa ulang untuk memastikan hasil yang OOS,
22-Agu-2024,OOS/QC/BPG/MIKRO/0824/004,P.2.6,AIR PAM CUCI ALAT PRODUKSI,NA,HASIL ANALISA KK TMS,CLOSED,,Tidak terjadi kesalahan analisa ataupun kegagalan karena faktor eksternal pada tahapan ini. ,tidak ada penyimpangan prosedur ketika analisis berlangsung,"Tidak ditemukan lab error pada proses analisa. OOS valid.Hasil analisa SU MS, air dapat digunakan. Perlu dipastikan proses sampling & handlingnya. ",
27-Agu-2024,OOS/QC/BPG/ST/0824/010,LKMC1,KH003,NA,TMS VISCOSITAS,CLOSED,,tidak terjadi kesalahan pada tahap 1 A,tidak terjadi kesalahan pada tahap 1B ,Tidak ditemukan lab error pada proses analisa. OOS valid viskositas sampel yang tidak stabil. Perlu update spesifikasi,
26-Agu-2024,OOS/QC/BPG/ST/0824/011,LNKOA,EH093,NA,TMS PE HCL,CLOSED,,tidak terjadi kesalahan pada tahap 1 A,tidak terjadi kesalahan pada tahap 1B ,Tidak ditemukan lab error pada proses analisa. OOS valid karna sampel yang tidak stabil. On Progeress perbaikan formula oleh FD,
29-Agu-2024,OOT/QC/BPG/MIKRO/0824/004,HONEY LIQUID,053/PLG-NAS/VII/24 (2R/2408/0132),"NUR ABADI SEJAHTERA, PT",HASIL ANALISA TPC OOT VAT 1 & 2,CLOSED,,Tidak terjadi kesalahan analisa ataupun kegagalan karena faktor eksternal pada tahapan ini. ,tidak ada penyimpangan prosedur ketika analisis berlangsung,Lakukan sampling & analisa ulang untukmemastikan hasil analisa yang OOT,
30-Agu-2024,OOT/QC/BPG/MIKRO/0824/005,HONEY LIQUID,052/PLG-NAS/VII/24 (2R/24080133),"NUR ABADI SEJAHTERA, PT",HASIL ANALISA TPC OOT VAT 3 & 4,CLOSED,,Tidak terjadi kesalahan analisa ataupun kegagalan karena faktor eksternal pada tahapan ini. ,Tidak ada kesalahan analisa tahapan ini.,Lakukan sampling & analisa ulang untukmemastikan hasil analisa yang OOT,
30-Agu-2024,OOT/QC/BPG/MIKRO/0824/006,ZINGIBER LE,003CZ (2R/2408/0142),"NUR ABADI SEJAHTERA, PT",HASIL ANALISA TPC OOT VAT 1 & 2,CLOSED,,tidak terdapat kesalahan analisa ataupun kegagalan karena faktor eksternal pada tahap ini ,tidak ada penyimpangan prosedur ketika analisa berlangsung,lakukan sampling dan analisa ulang untuk memastikan hasil yang OOT,
30-Agu-2024,OOS/QC/BPG/MIKRO/0824/005,R.2.9,RO COMPOUNDING LIQUID 3,NA,HASIL ANALISA TPC TMS,CLOSED,,Tidak terjadi kesalahan analisa ataupun kegagalan karena faktor eksternal pada tahapan ini. ,tidak ada penyimpangan prosedur ketika analisis berlangsung,"Tidak ditemukan lab error pada proses analisa. OOS valid.Hasil analisa SU MS, sedangkan PU OOS. perlu diperhatikan kebersihan pada proses sanpling.",
17-Agu-2024,OOS/QC/BPG/RM/0824/001,FRUCTOSE 55%,"2024061819 (2R/2408/0084, 2R/2408/0098)",COFCO BIOCHEM E (GONGZHULING),KADAR FRUCTOSE DAN GLUCOSE TMS,OPEN,,,,,
31-Agu-2024,OOS/QC/BPG/MIKRO/0824/006,BILASAN I & 6 ILAPAK 5,BEFORE LBMAN (TANPA PANAS DINGIN),NA,HASIL ANALISA TPC TMS,CLOSED,,tidak terdapat kesalahan analisa ataupun kegagalan karena faktor eksternal pada tahap ini ,tidak ada kesalahan analisa pada tahapan ini,Tidak ditemikan lab error pada proses analisa. OOS valod pastikan metode cleaning efektif,
02-Sep-2024,OOS/QC/BPG/EHM/0924/001,"Demin Panas Comp. Liquid 1, Comp. Solid 2, Comp. Liquid 3, R. Cuci alat produksi","S.2.1, S.2.2, S.2.3, S.2.4",NA,Hasil TOC TMS,CLOSED,,tidak terjadi kesalahan analisa ataupun kegagalan karna faktor eksternal pada tahap ini,tidak terjadi kesalahan analisa ataupun kegagalan karna faktor eksternal pada tahap ini,"tidak di temukan lab error pada proses analisa oos valid, on progres review spesifikasi ",
02-Sep-2024,OOS/QC/BPG/EHM/0924/002,"Demin Storage tank 1, supply CIP lt.2, Demin Panas Comp. Liquid 1, Comp. Solid 2, R. Cuci alat produksi","D.2.1, D.2.4, S.2.1, S.2.2, S.2.4",NA,Hasil CND TMS,CLOSED,,tidak terjadi kesalahan analisa ataupun kegagalan karena faktor eksternal pada tahapan ini,tidak ada penyimpangan prosedur ketika analisis berlangsung ,tidak ditemukan lab error pada proses analisa. oos valid hasil analisa sampling ulang ms. air dpt digunakan perlu review proses pengelolaan air,
29-Agu-2024,OOS/QC/BPG/MIKRO/0824/007,BILASAN 1 ILAPAK 1,AFTER PERBAIKAN,NA,HASIL ANALISA TPC TMS,CLOSED,,tidak terdapat kesalahan analisa ataupun kegagalan karena faktor eksternal pada tahap ini ,tidak ada kesalahan analisa pada tahapan ini,Tidak ditemikan lab error pada proses analisa. OOS valod pastikan metode cleaning efektif,
04-Sep-2024,OOS/QC/BPG/MIKRO/0924/001,VITEX NEGUNDO FOLIUM DE,2R/24008/0161,"Jilin Province 
Hongjiu Biotech","HASIL ANALISA KK OOT VAT 2 & 3, OOS VAT 8",CLOSED,CAPA/QC/BPG/MIKRO/0924/001,Tidak ada penyimpangan prosedur ketika analisir berlangsung,Ditemukan larutan sanitasi inkubator ED & terdapat kontaminasi pada kipas dalam inkubator ,Terjadi kontaminasi pada inkubator. OOS Invalid. Hasil analisa sampling ulang MS RM Vitex 2R/2408/0161 dapat di release.,
08-Sep-2024,OOS/QC/BPG/MIKRO/0924/002,HONEY LIQUID,2R/2409/0028,"NUR ABADI SEJAHTERA, PT","HASIL ANALISA TPC OOT VAT 4, OOS VAT 1,2,3,5",CLOSED,,tidak terjadi kesalahan analisa ataupun kegagalan karna faktor eksternal pada tahap ini,Tidak penyimpangan prosedur ketika analisis berlangsung.,Lakukan sampling & analisa ulang untuk memastikan hasil yang OOS,
08-Sep-2024,OOS/QC/BPG/MIKRO/0924/003,SWAB BALING-BALINGG 1&2 DAN BATANG AGITATOR ST 14,BALING-BALINGG 1&2 DAN BATANG AGITATOR ST 14,NA,HASIL ANALISA TPC TMS,CLOSED,,tidak terjadi kesalahan analisa ataupun kegagalan karna faktor eksternal pada tahap ini,Tidak ada penyimpangan prosedur ketika analisis berlangsung,Tidak ditemukan lab error pada proses analisa. hasil analisa SU MS tidak ada pertumbuhan. perlu dipastikan pembersihan awal yang dilakukan sesuai dengan prosedur. ,
09-Sep-2024,OOS/QC/BPG/ST/0924/001,POSN1,EJ064,NA,TMS ACETOSAL DAN CAFFEIN,CLOSED,,tidak terjadi kesalahan pada tahap 1 A,tidak terjadi kesalahan pada tahap 1B ,Tidak ditemukan lab error pada proses analisa. OOS valid  SUDAH DILAKUKAN improvement formula per2024 (perubahan jenis kemasan primer) ,
11-Sep-2024,OOS/QC/BPG/ST/0924/002,LNKK1,24.09.030(FC1) / 24.09.031(FC2),NA,TMS PE HCL,CLOSED,,"
tidak terjadi kesalahan pada tahap 1 A
",tidak terjadi kesalahan pada tahap 1B ,Tidak ditemukan lab error pada proses analisa. OOS valid . On Progeress improvement  formula oleh FD,
11-Sep-2024,OOS/QC/BPG/ST/0924/003,LNKK1,24.09.043 (FC1),NA,TMS PE HCL,CLOSED,,"
tidak terjadi kesalahan pada tahap 1 A",tidak terjadi kesalahan pada tahap 1B ,Tidak ditemukan lab error pada proses analisa. OOS valid . On Progeress improvement  formula oleh FD,
13-Sep-2024,OOS/QC/BPG/ST/0924/004,POSN1,FJ370,NA,TMS ACETOSAL DAN CAFFEIN,CLOSED,,tidak terjadi kesalahan pada tahap 1 A,tidak terjadi kesalahan pada tahap 1B ,Tidak ditemukan lab error pada proses analisa. OOS valid karna sampel yang tidak stabil. On Progeress perbaikan formula oleh FD,
17-Sep-2024,OOS/QC/BPG/ST/0924/005,LNKO1,EH085,NA,TMS PE HCl,CLOSED,,tidak terjadi kesalahan pada tahap 1 A,tidak terjadi kesalahan pada tahap 1B ,Tidak ditemukan lab error pada proses analisa. OOS valid ditindaklanjuti dengan reformulasi oleh RnD ,
17-Sep-2024,OOS/QC/BPG/EHM/0924/003,"Demin Panas Comp. Liquid 1, Comp. Solid 2, Comp. Liquid 3, R. Cuci alat produksi","S.2.1, S.2.2, S.2.3, S.2.4",NA,Hasil TOC TMS,CLOSED,,Tidak terjadi kesalahan analisa ataupun kegagalan karna faktor eksternal pada tahpan ini,Tidak ada penyimpangan prosedur ketika analisa berlangsung,Tidak ditemukan lab error pada analisa. OOS valid. Akan dilakukan perubahan pada spesifikasi,
09-Sep-2024,OOS/QC/BPG/MIKRO/0924/004,HONEY LIQUID,056/PLG-NAS/VIII/24 (2R/2409/0029),"NUR ABADI SEJAHTERA, PT","HASIL ANALISA TPC VAT 2,3,4 OOT, VAT 6 OOS",CLOSED,,Tidak terjadi kesalahan analisa ataupun kegagalan karna faktor eksternal pada tahap ini,Tidak ada penyimpangan prosedur ketika analisis berlangsung,Lakukan sampling & analisa ulang untuk memastikan hasil analisa yang OOS.,
09-Sep-2024,OOS/QC/BPG/MIKRO/0924/005,PSIDIUM GUAJAVA,073D2 (2R/2409/0004),"PHYTOCHEMINDO REKSA, PT",HASIL ANALISA KK OOS VAT 2,CLOSED,,Tidak ada kesalahan atau kegagalan karna faktor eksternal pada tanahapn ini ,Tidak ada kesalahan atau penyimpangan prosedur pada tahapan ini ,Lakukan sampling & analisa ulang untuk memastikan hasil yang OOS.,
16-Sep-2024,OOS/QC/BPG/MIKRO/0924/006,STIK SAMPLING CS 8,COMPOUNDING POWDER,NA,HASIL ANALISA TPC & KK OOS,CLOSED,,Tidak terjadi kesalahan analisa ataupun kegagalan karena faktor eksternal pada tahapan ini,Tidak ada kesalahan analisa atau penyimpangan prosedur ketika analisa berlangsung,Tidak ditemukan lab error pada proses analisa. OOS Valid. perlu di review proses pembersihan stick sampler. ,
27-Sep-2024,OOS/QC/BPG/ST/0924/006,LNKK1,BJ001; BJ002; BJ003,NA,TMS PE HCL DAN CTM,CLOSED,,tidak terjadi kesalahan pada tahap 1 A,tidak terjadi kesalahan pada tahap 1B ,Tidak ditemukan lab error pada proses analisa. OOS valid  ( sampel ed+1 tahun) ,
30-Sep-2024,OOS/QC/BPG/ST/1024/001,LNKO1,"24.09.112 (FC1)
24.09.113 (FC2)
24.09.114 (FC510)",NA,TMS PE HCL,CLOSED,,tidak terjadi kesalahan pada tahap 1 A,tidak terjadi kesalahan pada tahap 1 B,Tidak ditemukan lab error pada proses analisa. OOS valid . On Progeress improvement  formula oleh RnD,
01-Okt-2024,OOS/QC/BPG/ST/1024/002,LNKO1,BJ003,NA,TMS PE HCL,CLOSED,,tidak terjadi kesalahan pada tahap 1 A,tidak terjadi kesalahan pada tahap 1 B,Tidak ditemukan lab error pada proses analisa. OOS valid . (spl ed+1 tahun) ,
02-Okt-2024,OOS/QC/BPG/ST/1024/003,LBMA2,24.09.119 DAN 24.09.120,NA,TMS GINGEROL,CLOSED,,tidak terjadi kesalahan pada tahap 1 A,tidak terjadi kesalahan pada tahap 1 B,Tidak ditemukan lab error pada proses analisa. OOS valid . (sampel ed+1 tahun) ,
03-Okt-2024,OOS/QC/BPG/MIKRO/1024/001,PSIDIUM GUAJAVA,073D2 (2R/2409/0004),"PHYTOCHEMINDO REKSA, PT",HASIL ANALISA KK OOS VAT 5 & OOT VAT 1,CLOSED,,Tidak terjadi kesalahan analisa ataupun kegagalan karena faktor eksternal pada tahapan ini ,Tidak ada penyimpangan prosedur ketika analisis berlangsung,Lakukan sampling & Analisis untuk memastikan hasil yang OOS,
03-Okt-2024,OOS/QC/BPG/ST/1024/004,LNKO1,"24.10.014
24.10.015",NA,TMS PE HCL,CLOSED,,tidak terjadi kesalahan pada tahap 1 A,tidak terjadi kesalahan pada tahap 1 B,Tidak ditemukan lab error pada proses analisa. OOS valid  On Progeress improvement  formula oleh RnD,
01-Okt-2024,OOS/QC/BPG/EHM/1024/001,"Demin Panas Comp. Liquid 1, Comp. Solid 2, Comp. Liquid 3, R. Cuci alat produksi","S.2.1, S.2.2, S.2.3, S.2.4",NA,Hasil TOC TMS,CLOSED,,Tidak terjadi kesalahan analisa ataupun kegagalan karena faktor eksternal pada tahpan ini,Tidak ada penyimpangan prosedur ketika analisis berlangsung,Tidak ditemukan lab error pada proses analisa. OOS valid. On progress perubahan spesifikasi,
07-Okt-2024,OOS/QC/BPG/EHM/1024/002,"Demin Panas Comp. Liquid 1, Comp. Solid 2, Comp. Liquid 3, R. Cuci alat produksi, Comp. Liquid 1 (Cleaning mesin fiiling)","S.2.1, S.2.2, S.2.3, S.2.4, S.2.5",NA,Hasil TOC TMS,CLOSED,,tidak terjadi kesalahan analisa ataupun kegagalan karna faktor eksternal pada tahap ini,tidak ada penyimpangan prosedur ketika analisis berlangsung,"Tidak di temukan lab error pada proses analisa, oos valid, on progress, review, WI persyaratan air",
09-Okt-2024,OOS/QC/BPG/ST/1024/005,POSN1,24.10.047 (GJ687),NA,TMS ACETOSAL,CLOSED,,tidak terjadi kesalahan pada tahap 1 A,tidak terjadi kesalahan pada tahap 1 B,Tidak ditemukan lab error pada proses analisa. OOS valid   (study by TS) ,
06-Okt-2024,OOS/QC/BPG/MIKRO/1024/002,Air bilasan,Bilasan silverson ex LKJTA before valclean,NA,TMS KK,CLOSED,,Tidak terjadi kesalahan analisa ataupun kegagalan karena faktor eksternal pada tahapan ini,Tidak ada penyimpangan prosedur ketika analisis berlangsung,"Tidak di temukan lab error pd proses analisa. OOS valid, hasil TMS mungkin di sebabkan pembersihan kurang efektif ",
04-Okt-2024,OOT/QC/BPG/MIKRO/1024/001,HONEY LIQUID,2R/2410/0002,"NUR ABADI SEJAHTERA, PT",OOT VAT 1 & 4,CLOSED,,Tidak terjadi kesalahan analisa ataupun kegagalan karena faktor eksternal pada tahapan ini.,Tidak ada penyimpan prosedur ketika analisis berlangsung,Lakukan sampling & Analisa ulang untuk memastikan hasil analisa yang OOT.,
04-Okt-2024,OOT/QC/BPG/MIKRO/1024/002,THYMUS VULGARIS,2R/2409/0168,BIONORICA,OOT VAT 6 & 7,CLOSED,,tidak terjadi kesalahan analisa ataupun kegagalan karena faktor eksternal pada tahapan ini.,tidak ada kesalahan analisa pada tahapan ini,lakukan sampling dan analisa ulang untuk memastikan hasil yg OOT,
11-Okt-2024,OOS/QC/BPG/MIKRO/1024/003,Air bilasan,Bilasan silverson before valclean,NA,TMS KK,CLOSED,,tidak terdapat kesalahan analisa ataupun kegagalan karena faktor eksternal pada tahapapan ini ,tidak ada penyimpangan prosedur ketika analisis berlangsung ,Tidak ditemikan lab error pada proses analisa. OOS valid. Air bilasan sebelum val clean tidak MS,
14-Okt-2024,OOS/QC/BPG/ST/1024/006,LKXO1,BG011,NA,TMS pH ,CLOSED,,tidak terjadi kesalhan pada tahap 1.a,tidak terjadi kesalahan pada tahap 1b ,Tidak ditemukan penyebab penyimpangan pada proses analisa. pH TMS dikarenakan sampel telah mengalami penurunan kualitas dan  sudah ED,
03-Okt-2024,OOT/QC/BPG/RM/1024/001,PE HCL,2R/2409/0051,SHENZEN ORIENTAL PHARM,RT Analisa bergeser,OPEN,,,,,
14-Okt-2024,OOS/QC/BPG/ST/1024/007,LBMA2,BK026,NA,TMS GINGEROL,CLOSED,,tidak terjadi kesalahan pada tahap 1 A,tidak terjadi kesalahan pada tahap 1 B,"Tidak ditemukan lab error pada proses analisa. OOS valid   , berasal dari sp yang sudah ED + 1 tahun",
14-Okt-2024,OOS/QC/BPG/ST/1024/008,LBMA2,BJ069,NA,TMS GINGEROL,CLOSED,,tidak terjadi kesalahan pada tahap 1 A,tidak terjadi kesalahan pada tahap 1 B,"Tidak ditemukan lab error pada proses analisa. OOS valid   , berasal dari sp yang sudah ED + 1 tahun",
15-Okt-2024,OOS/QC/BPG/MIKRO/1024/004,SWAB,DINDING KANAN BIN 8,NA,TMS TPC,CLOSED,,tidak terdapat kesalahan analisa ataupun kegagalan karena faktor eksternal pada tahap ini ,tidak ada kesalahan analisa pada tahapan ini,Tidak ditemikan lab error pada proses analisa. OOS valod pastikan metode cleaning efektif,
16-Okt-2024,OOS/QC/BPG/ST/1024/009,LBMA2,24.10.092 dan 24.10.093,NA,TMS ZINGIBER ,CLOSED,,tidak terjadi kesalahan pada tahap 1 A,tidak terjadi kesalahan pada tahap 1 B,Tidak ditemukan lab error pada proses analisa. OOS valid   (study by TS) ,
18-Okt-2024,OOS/QC/BPG/MIKRO/1024/005,PHYLLANTUS NIRURI HERBA DE,068BZ/ 2R/2410/0058,"PHYTOCHEMINDO REKSA, PT","HASIL ANALISA TPC OOT VAT 1, OOS VAT 2 & 3",CLOSED,,,,,
17-Okt-2024,OOS/QC/BPG/ST/1024/010,POSN1,EK089 EK090 EK091,NA,TMS ACETOSAL DAN CAFFEINE,CLOSED,,tidak terjadi kesalahan pada tahap 1 A,tidak terjadi kesalahan pada tahap 1 B,"Tidak ditemukan lab error pada proses analisa. OOS valid   , terjadi dari 18 bulan dan sudah dilakukan perubahan pada jenis kemasan",
18-Okt-2024,OOS/QC/BPG/ST/1024/011,LPRG4,GA016,NA,TMS SIMETHICONE,CLOSED,,tidak terjadi kesalahan pada tahap 1 A,tidak terjadi kesalahan pada tahap 1 B,Tidak ditemukan lab error pd proses analisa. OOS Valid. on progres develop method FTIR,
09-Okt-2024,OOS/QC/BPG/PM/1024/002,PACK KOMIX HERBAL PAPERMINT,P240900820 dan 2K/2410/0033,"PENJALINDO NUSANTARA, PT",BERAT TMS (UPPER),CLOSED,,Tidak ada kesalahan analisa dan tidak ditemukan penyimpangan sistem dan prosedur selama analisa berlangsung,Tidak ada kesalahan analisa dan tidak ditemukan ketidaksesuaian prosedur saat nproses analisa,"OOS Valid hasil analisa sampling ulang tetap over speck, OOS berasal dari sampel yang over speck",
21-Okt-2024,OOS/QC/BPG/EHM/1024/003,"Demin Panas Comp. Liquid 1, Comp. Solid 2, Comp. Liquid 3, R. Cuci alat produksi, Comp. Liquid 1 (Cleaning mesin fiiling)","S.2.1, S.2.2, S.2.3, S.2.4, S.2.5",NA,Hasil TOC TMS,CLOSED,,Tidak terjadi kesalahan analisa ataupun kegagalan karena faktor eksternal pada tahapan ini,tidak ada penyimpangan prosedur ketika analisis berlangsung,Tidak ditemukan lab error pada proses analisa. OOS valid. On progress review spesifikasi,
23-Okt-2024,OOS/QC/BPG/ST/1024/012,LNKOA,24.10.112 (FD1),NA,TMS CTM DAN PE HCl,CLOSED,,tidak terjadi kesalahan pada tahap 1 A,tidak terjadi kesalahan pada tahap 1 B,"Tidak ditemukan lab error pada proses analisa. OOS valid   , sedang dilakukan perbaikan formula oleh andev",
24-Okt-2024,OOS/QC/BPG/ST/1024/013,POSN1,EK103,NA,TMS CAFFEIN DAN ACETOSAL,CLOSED,,tidak terjadi kesalahan pada tahap 1 A,tidak terjadi kesalahan pada tahap 1 B,"Tidak ditemukan lab error pada proses analisa. OOS valid   , berasal dari sp yang sudah ED, sedang dilakukan reformulasi atau perubahan kemasan per Quarter 1 2024",
24-Okt-2024,OOS/QC/BPG/ST/1024/014,LNKOA,EK206,NA,TMS CTM DAN PE HCl,CLOSED,,tidak terjadi kesalahan pada tahap 1 A,tidak terjadi kesalahan pada tahap 1 B,"Tidak ditemukan lab error pada proses analisa. OOS valid   , berasal dari sp yang sudah ED, sedang dilakukan reformulasi untuk perbaikan stabilitas ",
24-Okt-2024,OOS/QC/BPG/ST/1024/015,LNKOA,24.10.135 (BK003),NA,TMS PE HCl,CLOSED,,tidak terjadi kesalahan pada tahap 1 A,tidak terjadi kesalahan pada tahap 1 B,"Tidak ditemukan lab error pada proses analisa. OOS valid   , berasal dari sp yang sudah ED + 1 tahun",
24-Okt-2024,OOS/QC/BPG/MIKRO/1024/006,AIR EHM W3 OKT 2024,P.2.6,NA,TMS TPC,CLOSED,,Tidak terjadi kesalahan analisa ataupun kegagalan karena faktor eksternal pada tahapan ini,tidak ada penyimpanan prosedur ketika analisi berlangsung,lakukan sampling dan analisa ulang untuk memastikan hasil OOS,
25-Okt-2024,OOS/QC/BPG/MIKRO/1024/007,ZINGIBER LE,037KZ (2R/2410/0113),"PHYTOCHEMINDO REKSA, PT","OOT TPC DAN KK, OOS KK",CLOSED,,Tidak terjadi kesalahan analisa ataupun kegagalan karena faktor eksternal pada tahapan ini,tidak ada penyimpanan prosedur ketika analisi berlangsung,lakukan sampling dan analisa ulang ,
04-Nov-2024,OOS/QC/BPG/ST/1124/001,LKXOB,BK013,NA,pH,CLOSED,, tidak terjadi kesalhan pada tahap 1.a,"
tidak terjadi kesalahan pada tahap 1b",tidak ditemukan lab error pada proses analisa. sudah dilakukan analiasa ulang dgn hasil tms. OOS valid. karena spl yg sudah ED + 1 tahun,
04-Nov-2024,OOS/QC/BPG/EHM/1124/001,"Demin Panas Comp. Liquid 1, Comp. Solid 2, Comp. Liquid 3, R. Cuci alat produksi, Comp. Liquid 1 (Cleaning mesin fiiling)","S.2.1, S.2.2, S.2.3, S.2.4, S.2.5",NA,Hasil TOC TMS,CLOSED,,tidak terjadi kesalahan analisa  ataupun kegagalan karena faktor eskternal pada tahapan ini,tidak ada penyimpangan prosedur ketika analisis berlangsung,tidak ditemukan lab error pd proses analisa OOS valid berasal dari SPL. on progress review ulang spesifikasi,
07-Nov-2024,OOS/QC/BPG/PM/1124/001,2DK030000,P241002354,"PENJALINDO NUSANTARA, PT",BERAT TMS,CLOSED,,Tidak ditemukan penyimpangan sistem dan prosedur selama analisa berlangsung,Tidak ditemukan ketidaksesuaian prosedur saat proses analisa,"Dari sample yang ditarik yang dianalisa, termasuk yang disampling + analisa ulang. Lebih dari 65% sample bobot TMS over (range 4% dari 11.30 gram). Berdasarkan info @devol, penjalindob menggunakan bahan baku dari supplier baru dengan range grammature ex suaprna 5%, shs hal ini bisa menjadi potensi penyebab berat pack TMS over (karena range grammature 5%, sedangkan range berat pack as it is 4%). Perlu review ulang spec berat pack.",Tidak ditemukan lab errror pada proses analisa. OOS valid PM over spek karena perubahan supplier kertas. bila perlu digunakan PM dapatv diluluskan dengan devol dan review efek over spek trsb.
14-Nov-2024,OOS/QC/BPG/ST/1124/002,LPRG4,FK003; FK004; FK005,NA,TMS SIMETICONE,CLOSED,, tidak terjadi kesalhan pada tahap 1.a,"
tidak terjadi kesalahan pada tahap 1b",Tidak ditemukan lab error pd proses analisa. OOS Valid. on progress develop method dengan FTIR,
14-Nov-2024,OOS/QC/BPG/ST/1124/003,LPRG2,BL002,NA,TMS SIMETHICONE ,CLOSED,,tidak terjadi kesalahan pada tahap 1a ,"
tidak terjadi kesalahan pada tahap 1b","tidak ditemukan lab eror pada proses analisa oos valid 
sampel sudah ed + 1 tahun 

",
15-Nov-2024,OOS/QC/BPG/ST/1124/004,LBMA2,"24.11.038
24.11.039
24.11.040
24.11.041
24.11.042",NA,TMS 6-GINGEROL,CLOSED,,,,,
15-Nov-2024,OOS/QC/BPG/ST/1124/005,ZINGIBER LBMA2,"24.11.043 (BK060)
24.11.044 (BK061)",NA,TMS 6-GINGEROL,CLOSED,,tidak terjadi kesalahan pada tahap 1a,tidak terjadi kesalahan pada tahap 1b,tidak ditemukan penyebab penyimpangan pada proses analisa . kadar 6-gingerol tms disebabkan produk telah mengalami penurunan kualitas dan telah TMS sejak 24 bulan TK,
14-Nov-2024,OOS/QC/BPG/OJ/1124/001,POSN1,GL744,NA,TMS CAFFEINE ,CLOSED,,tidak terdapat anomali atau error selama proses analisa,tidak terdapat kesalahan analisa selama proses. namun terdapat case serupa pada batch lain ,lakukan sampling dan analisa ulang untuk memastikan hasil yg OOS,"Hasil analisa SU masih TMS, beberapa titik under OOS valid, perlu dilakukan reproses pada bulk sesuai dengan devol"
14-Nov-2024,OOS/QC/BPG/OJ/1124/002,POSN1,GL746,NA,TMS CAFFEINE ,CLOSED,,"hasil ok, tms di sebabkan oleh sample","hasil analisa ok, TMS disebabkan oleh kadar sample (sampel)",lakukan sampling dan analisa ulang setalah proses reproses dilakukan untuk memastikan hasil yg OOS. Note kasus berulang,"Hasil analisa sampling reproses MS, bulk ruah di release untuk proses filling. Tidak ditemukan lab error pada proses analisa OOS valid, bulk OOS karena kurang homogen"
16-Nov-2024,OOS/QC/BPG/OJ/1124/011,POSN1,GL749,#REF!,TMS CAFFEINE ,CLOSED,CAPA/QC/BPG/FG/1124/001,,,                     ,
18-Nov-2024,OOS/QC/BPG/ST/1124/006,LNKO1,BK111; BK112; BK113,NA,TMS PE HCL,CLOSED,,tidak terjadi kesalahan pada tahap 1a,tidak terjadi kesalahan pada tahap 1b,tidak ditemukan penyebab penyimpangan pada proses analisa . kadar PE HCL tms disebabkan produk telah mengalami penurunan kadar dan kadaluarsa,
18-Nov-2024,OOS/QC/BPG/ST/1124/007,LNKO1,BL030,NA,TMS PE HCL,CLOSED,,tidak terjadi kesalahan pada tahap 1a,tidak terjadi kesalahan pada tahap 1b,tidak ditemukan penyebab penyimpangan pada proses analisa . kadar PE HCL tms disebabkan produk telah mengalami penurunan kadar dan kadaluarsa,
18-Nov-2024,OOS/QC/BPG/ST/1124/008,LNKK1,EL025,NA,TMS PE HCL,CLOSED,,tidak terjadi kesalahan pada tahap 1a ,tidak terjadi kesalahan pada tahap 1b,tidak ditemukan penyebab penyimpangan pada proses analisa . kadar PE HCL tms disebabkan produk telah mengalami penurunan kualitas sejak usia simpan 12 bulan TK ,
06-Nov-2024,OOS/QC/BPG/OJ/1124/009,POSNA,GL736,NA,TMS CAFFEIN,CLOSED,,"tidak ditemukan penyimpangan pada tahap 1a, hasil TMS karena sample",tidak ada kesalahan analisa. penyebab TMS diduga sample,lakukan sampling dan analisa ulang untuk memastikan hasil analisa yg OOS,"Tidak ditemukan lab error pada proses analisa, OOS Valid. Hasil analisa sampling ulang 9 titik, MS seacara rata-rata walaupun terlihat tidak terlalu homogen. Bulk diluluskan untuk proses filling perlu investigasi penyebab ketidakhomogenan bulk"
06-Nov-2024,OOS/QC/BPG/OJ/1124/009,POSNA,GL736,NA,TMS CAFFEIN,CLOSED,,"tidak ditemukan penyimpangan pada tahap 1a, hasil TMS karena sample",tidak ada kesalahan analisa. penyebab TMS diduga sample,lakukan sampling dan analisa ulang untuk memastikan hasil analisa yg OOS,
12-Nov-2024,OOS/QC/BPG/OJ/1124/010,POSNA,GL742,NA,TMS CAFFEIN,CLOSED,,tidak di temukan penyimpangan pada tahap 1a,"analisa tidak ditemukan kesalahan, penyebab TMS dugaan adalah homogenitas sample yg kurang baik",lakukan sampling dan analisa ulang untuk memastikan hasil analisa yg OOS,Lakukan sampling dan analisa ulang untuk memastikan hasil yang OOS
18-Nov-2024,OOS/QC/BPG/OJ/1124/012,POSNA,GL750,NA,TMS ACETOSAL,CLOSED,,"Tidak ada kesalahan analisa, dugaan sampel tidak homogen","analisa tidak ditemukan kesalahan, penyebab TMS dugaan adalah homogenitas sample yg kurang baik",Hasil analisa ulang sampel yang sama MS. Bulk dapat di release untuk proses filling. OOS Invalid. Sample perlu di homogenisasi dengan lebih baik sebelum di analisa,"Hasil analisa ulang sampel yang sama MS, bulk dapat di release untuk proses filling, OOS Valid. Sampel perlu dihomogenisasi dengan lebih baik sebelum dianalisa"
18-Nov-2024,OOS/QC/BPG/EHM/1124/002,"Demin Panas Comp. Liquid 1, Comp. Solid 2, Comp. Liquid 3, R. Cuci alat produksi, Comp. Liquid 1 (Cleaning mesin fiiling)","S.2.1, S.2.2, S.2.3, S.2.4, S.2.5",NA,Hasil TOC TMS,CLOSED,,tidak ada kesalahan analisa ataupun kegagalan karena faktro eksternal pada tahapan ini. ,tidak terjadi kesalahan analisa ataupun kegagalan karena faktor eksternal pada tahapan ini,tidak ditemukan lab error pada proses analisa. OOS valid on progress review spek,
25-Okt-2024,OOS/QC/BPG/PM/1024/003,1FP002000,SPK4240900459 / 2P/2410/0068,"INDOGRAVURE, PT",PITCH TMS,CLOSED,,,,,
14-Okt-2024,OOS/QC/BPG/PM/1024/004,3MP002020,1201-C 111024 / 2K/2410/0042,"Oji Sinar Mas Packaging, PT",Berat TMS,CLOSED,,,,,
14-Okt-2024,OOS/QC/BPG/PM/1024/003,3MP002020,1201-C 111024 / 2K/2410/0041,"Oji Sinar Mas Packaging, PT",Berat TMS,CLOSED,,Tidak ada kesalahan analisa dan tidak ditemukan penyimpangan sistem dan prosedur selama analisa berlangsung,Tidak ada kesalahan analisa dan tidak ditemukan ketidaksesuaian prosedur saat proses analisa,"penyimpangan berasal dari sampel, berat sampel tidak homogen",tidak ditemukan lab error pada proses analisa. hasil analisa sampel ulang MS. karton dapat di release OOS valid karena sampel yang bobotnya tidak homogen.
01-Okt-2024,OOS/QC/BPG/PM/1024/001,2DK002020,P240900618 / 2K/2410/0001,"PENJALINDO NUSANTARA, PT",TMS BERAT UPPER,CLOSED,,Tidak ditemukan penyimpangan sistem selama analisis berlangsung,Tidak ditemukan penyimpangan prosedur ketika analisis berlangsung,"Hasil analisa sampel ulang bobot tetap OOS over. Gramatur cenderung tinggi dibandingkan kode sebelumnya. OOS valid berasal dari sampel. Apabila diperlukan cito, material dapat dipertimbkan untuk diluluskan dengan penyimpangan",
25-Nov-2024,OOS/QC/BPG/MIKRO/1124/001,MENTHAE PIPERITAE,"EN/MP04/R06/2024, EN/MP04/R07/2024, EN/MP04/R08/2024",NA,HASIL ANALISA KK OOS,CLOSED,,Tidak terjadi kesalahan analisa ataupun kegagalan karena faktor eksternal pada tahapan ini,tidak ada penyimpanan prosedur ketika analisis berlangsung,lakukan analisa ulang untuk memastikan hasil yang oos,
26-Nov-2024,OOS/QC/BPG/ST/1124/009,POSN1,24.11.085 (GJ687),NA,TMS ACETOSAL,CLOSED,,tidak terjadi kesalahan pada tahap 1a ,tidak terjadi kesalahan pada tahap 1b,"Tidak ditemukan lab error pada proses analisa. Hasil analisa MS pada batas bawah spesifikasi (masuk range variasi +- 2% dari hasil awal). Hasil stabtest dapat dinyatakan MS, sambil dilakukan pemantauan untuk hasil stabtest bulan berikutnya",
23-Nov-2024,OOT/QC/BPG/MIKRO/1124/001,PHYLLANTUS NIRURI HERBA DE,059LZ (2R/2411/0107),"PHYTOCHEMINDO REKSA, PT",HASIL ANALISA TPC OOT,CLOSED,,Tidak terjadi kesalahan analisa ataupun kegagalan karena faktor eksternal pada tahapan ini,tidak ada penyimpangan prosedur ketika analisis berlangsung ,"lakukan sampling pada urutan proses analis, perlu dilanjutkan ke tahap. potensi penyimpangan berasal dari sampel itu sendiri ",
28-Nov-2024,OOS/QC/BPG/MIKRO/1124/002,AIR PAM CUCI ALAT TIMBANG,P.1.5,NA,HASIL ANALISA TPC OOS,CLOSED,,tidak terjadi kesalahan analisa ataupun kegagalan karena faktor eksternal pada tahapan ini,tidak ada penyimpangan prosedur ketika analisis berlangsung ,lakuka sampling dan analisa ulang untuk memastikan hasil yang OOS,
02-Des-2024,OOS/QC/BPG/EHM/1224/001,"Demin Panas Comp. Liquid 1, Comp. Solid 2, Comp. Liquid 3, R. Cuci alat produksi, Comp. Liquid 1 (Cleaning mesin fiiling)","S.2.1, S.2.2, S.2.3, S.2.4, S.2.5",NA,Hasil TOC TMS,CLOSED,,Tidak terjadi kesalahan analisa ataupun kegagalan karena faktor eksternal ,tidak ada penyimpangan prosedur ketika analisis berlangsung ,tidak ditemukan lab error pada proses analisa. OOS Valid. perlu review spek ,
02-Des-2024,OOT/QC/BPG/MIKRO/1224/001,SUCCUS A,"M24-13908, M24-13950, M24-14156, M24-14135, M24-13953, M24-14319",WS DIVERS,HASIL TPC OOT,CLOSED,,Tidak terjadi kesalahan analisa ataupun kegagalan karena faktor eksternal pada tahapan ini,tidak ada penyimpanan prosedur ketika analisis berlangsung,lakukan sampling dan analisa ulang untuk memastikan hasil yang oos,
08-Des-2024,OOS/QC/BPG/MIKRO/1224/001,HONEY LIQUID,079/PLG-NAS/XI/24 (2R/2412/0030),"NUR ABADI SEJAHTERA, PT",HASIL ANALISA TPC OOS,CLOSED,,Tidak terjadi kesalahan analisa ataupun kegagalan karena faktor eksternal pada tahapan ini,tidak ada penyimpanan prosedur ketika analisis berlangsung,tidak ditemukan lab error pada proses analisa OOS valid. perlu review spek,
10-Des-2024,OOS/QC/BPG/MIKRO/1224/002,CURCUMA DOMESTICA (DRY),035HZ (2R/2412/0023),"PHYTOCHEMINDO REKSA, PT",HASIL ANALISA KK OOS,CLOSED,,Tidak terjadi kesalahan analisa ataupun kegagalan karena faktor eksternal pada tahapan ini,tidak ada penyimpanan prosedur ketika analisis berlangsung,tidak ditemukkan lab error pada proses analisa. hasil analisa ulang MS tapi masih terdapat pertumbuhan mikro. OOS valid. RM direkomendasikan untuk diluluskan.,
28-Okt-2024,OOS/QC/BPG/RM/1124/001,"ZINGIBER 1,5-3%","037KZ (2R/2410/0113), 038KZ (2R/2410/0114), 039KZ (2R/2410/0115)","PHYTOCHEMINDO REKSA, PT",HASIL ANALISA 6-GINGEROL TMS (OOS),CLOSED,,Tidak terdapat kesalahan / eror pada saat analisa,Lakukan sampling dan Analisa ulang untuk memastikan hasil yang OOS,Hasil analisa sampling ulang MS. OOS invalid. RM zingiber diluluskan.  perlu perbaikan pada proses homogenisasi sampel karena sampel mudah terpisah,
12-Des-2024,OOS/QC/BPG/ST/1224/001,POSNA,EL130-131,NA,TMS ACT DAN CAFF,CLOSED,,tidak terjadi kesalahan pada tahap 1a ,tidak terjadi kesalahan pada tahap 1b,tidak ditemukan penyebab penyimpangan pada proses analisa . kadar tms disebabkan produk telah mengalami penurunan kualitas dan telah TMS sejak 18 bulan TK,
16-Okt-2024,OOS/QC/BPG/PM/1024/005,1WK008030,E-24-09-11,"HANGZHOU PLASTICS INDUSTRIAL CO., LTD.",TMS PITCH,CLOSED,,Tidak ada kesalahan analisa,NA,"Sudah dilakukan pengujian ulang dan hasil serupa. OOS valid. Tidak dilakuka sampling ulang, PM diluluskan dengan devol DEV/QMT/PLG/QC/1024/010",
16-Des-2024,OOS/QC/BPG/EHM/1224/002,"Demin Panas Comp. Liquid 1, Comp. Solid 2, Comp. Liquid 3, R. Cuci alat produksi, Comp. Liquid 1 (Cleaning mesin fiiling)","S.2.1, S.2.2, S.2.3, S.2.4, S.2.5",NA,Hasil TOC TMS,CLOSED,,tidak terjadi kesalahan analisa ataupun kegagalan karena faktor eksternal pada tahapan ini,tidak ada penyimpangan prosedur ketika analisis berlangsung,tidak ditemukan lab error pada proses analisa. OOS valid on progres review perubahan spek oleh QA,
17-Des-2024,OOS/QC/BPG/PM/1224/001,FOIL ZAIKI,2P/2412/0045,PT. INDOGRAVURE,PITCH TMS UNDER,CLOSED,,tidak ditemukan keselahan atau ketidaksesuaian prosedur,"tidak ada kesalahan dalam proses analisa, tidak ditemukan ketidaksesuaian prosedur selama analisa",lakukan sampling dan analisa ulang untuk memastikan hasil yang oos,
12-Des-2024,OOS/QC/BPG/MIKRO/1224/003,AIR BILASAN,"LINE 1 DAN 6 ILAPAK 1 (AFTER TRIAL LKJTA, BEFOR TRIAL LKNTA)",NA,TMS TPC,CLOSED,,tidak terjadi kesalahan analisa ataupun kegagalan karena faktor ekster pada tahapan ini.,tidak ada penyimpangan prosedur ketika analisis berlangsung ,tidak di temukan lab error pada proses analisa OOS Valid. perlu dilakukan perbaikan pada proses cleaning. ,
20-Des-2024,OOS/QC/BPG/MIKRO/1224/004,AIR PAM EHM,P.1.2,NA,TMS TPC,CLOSED,,Tidak terjadi kesalahan analisa ataupun kegagalan karena faktor eksternal pada tahapan ini,tidak ada penyimpanan prosedur ketika analisis berlangsung,"tidak ditemukkan lab error pada proses analisa. OOS valid, perlu dipastikan kebersihan outlet x storage air PAM.",
17-Des-2024,OOS/QC/BPG/PM/1224/002,FOIL ZAIKI,2P/2412/0046,PT. INDOGRAVURE,PITCH TMS UNDER,CLOSED,,tidak ditemukan keselahan atau ketidaksesuaian prosedur,"tidak ada kesalahan dalam proses analisa, tidak ditemukan ketidaksesuaian prosedur selama analisa",tidak ditemukan lab error pada proses analisa. hasil analisa ulang tetap OOS. PM dapat diluluskan bila diperlukan untuk kebutuhan produksi dengan devol. OOS valid.,
24-Des-2024,OOS/QC/BPG/PM/1224/003,FOIL ZAIKI,2P/2412/0045,PT. INDOGRAVURE,PITCH TMS UNDER,CLOSED,,tidak ada kesalahan analisa dan tidak ddan tidak ditemukan penyimpangan sistem / prosedur selama analisa berlangsung,"tidak ada kesalahan analisa, tidak ditemukan ketidaksesuaian prosedur saat proses analisa",lakukan sampling ulang untuk memastikan hasil yang oos,
20-Des-2024,OOT/QC/BPG/OJ/1224/001,LBXT1,GM266,NA,BJ di luar Trend,CLOSED,,Tidak terdapat penyimpangan pada tahap 1.a.,Tidak terjadi kesalahan pada tahap 1.b.,"Tidak ditemukan error pada proses analisa. OOT Valid. Bulk OOT, sensory MS, direkomendasikan untuk release filling perlu dilakukan investigasi untuk pemastian penyebab OOT.",Lakukan sampling dan analisa ulang untuk memastikan hasil yang OOT
30-Des-2024,OOS/QC/BPG/EHM/1224/003,"Demin Panas Comp. Liquid 1, Comp. Solid 2, Comp. Liquid 3, R. Cuci alat produksi, Comp. Liquid 1 (Cleaning mesin fiiling)","S.2.1, S.2.2, S.2.3, S.2.4, S.2.5",NA,Hasil TOC TMS,CLOSED,,tidak terjadi kesalahan analisa ataupun kegagalan karena faktor eksternal pada tahapan ini,tidak ada penyimpangan prosedur ketika analisis berlangsung,tidak ditemukan lab error pada proses analisa. oos valid. on progress perubahan spek oleh QA,
30-Des-2024,OOS/QC/BPG/MIKRO/1224/005,Swab Bin Thumbler (After Trial PEBJE),Dinding Kanan Bin Thumbler,NA,TMS TPC,CLOSED,,tidak terjadi kesalahan atau kegagalan karena faktur eksternal pada tahapan ini,tidak ada penyimpangan prosedur ketika analisis berlangsung ,tidak di temukan lab error pada proses analisa OOS Valid. tidak dilakukan pengulangan analisa. karena spl tidak tersedia. perlu di pastikan metode cleaning sudah tepat.,
06-Jan-2025,OOS/QC/BPG/ST/0125/001,POSN1,25.01.007; 25.01.008,NA,TMS ACETOSAL DAN CAFFEIN,CLOSED,,tidak terjadi kesalahan pada tahap 1a ,tidak terjadi kesalahan pada tahap 1b,"tidak ditemukan penyebab penyimpangan pada proses analisa oos valid, sudah dilakukan improve kemasan per jan 2024",
06-Jan-2025,OOS/QC/BPG/PM/0125/001,FOIL B7 OBAT MAAG WAISAN,2P/2501/0003,"PANVERTA CAKRAKENCANA, PT",PITCH TMS UNDER,CLOSED,,tidak ada kesalahan analisa serta tidak ditemukan penyimpangan sistem dan prosedur selama analisa berlangsung,"tidak ada kesalahan analisa, tidak ditemukan ketidaksesuaian prosedur saat proses analisa",lakukan sampling ulang untuk memastikan hasil yang oos. Tidak ditemukan lab error pd proses analisa. OOS Valid kedatangan pertama foil waisan PVT  perlu trial uuntuk memastikan foil dpt digunakan. Perlu perbaikan pada produksi berikutnya.,
10-Jan-2025,OOS/QC/BPG/ST/0125/002,LNKK1,"25.01.040 (BM004)
25.01.041 (BM005)",NA,TMS PE HCL,CLOSED,,tidak terjadi kesalahan pada tahap 1a ,tidak terjadi kesalahan pada tahap 1b,"tidak ditemukan penyebab penyimpangan pada proses analisa oos valid, berasal dari sampel yang sudah ed+1",
03-Jan-2025,OOS/QC/BPG/MIKRO/0125/001,AIR EHM W5 DES 2024,"S.2.1, S.2.5, R.2.3",NA,TMS TPC KK,CLOSED,,Tidak terjadi kesalahan analisa ataupun kegagalan karna faktor eksternal pada tahapan ini.,Tidak ada penyimpangan prosedur ketika analisis berlansung.,Tidak ditemukan lab error pada proses analisa. OOS valid. Hasil analisa ulang SU dan PU beda botol MS. Perlu perbaikan pada proses sampling dan penanganan setelah sampling.,
06-Jan-2025,OOS/QC/BPG/EHM/0125/001,"Demin Panas Comp. Liquid 1, Comp. Solid 2, Comp. Liquid 3, R. Cuci alat produksi, Comp. Liquid 1 (Cleaning mesin fiiling)","S.2.1, S.2.2, S.2.3, S.2.4, S.2.5",NA,Hasil TOC TMS,CLOSED,,Tidak terjadi kesalahan analisa ataupun kegagalan karena faktor eksternal pada tahapan ini.,Tidak ada penyimpangan proses ketika analisis berlansung ,Tidak ditemukan lab error pada proses analisa. OOS Valid on progress perubahan spesifikasi.,
06-Jan-2025,OOS/QC/BPG/MIKRO/0125/002,PHYLLANTUS NIRURI HERBA DE (DIVERS),LB 120724-03,"NATRINDO SURYA PRIMA, PT","HASIL ANALISA TPC OOS, KK OOT",CLOSED,,Tidak terjadi kesalahan analisa ataupun kegagalan karna faktor eksternal pada tahapan ini.,Tidak ada penyimpangan prosedur ketika analisis berlansung.,Tidak ditemukan lab error pada proses analisa. Tidak dilakukan analisa ulang karna sampel sudah di gunakan untuk analisa kimia. Perlu dipastikan pembuatan sampel mempertimbangkan spek mikro perlu perbaikan pada sampel divers ini. OOS Valid,
08-Jan-2025,OOS/QC/BPG/MIKRO/0125/003,SWAB EHM MESIN CW 1,TONG PLASTIK 1,NA,HASIL ANALISA TPC TMS,CLOSED,,tidak terjadi keesalaan analisa ataupun kegagalan karena faktor eksternal pada tahapan ini.,Tidak ada penyimpangan prosedur ketika analisis berlansung.,Tidak ditemukan lab error pada proses analisa. perlu dipastikan proses sampling aseptiss ruang peembersihan / cleaning berjalan sesuai prosedur yg efektif.,
10-Jan-2025,OOS/QC/BPG/MIKRO/0125/004,FOENICULUM VULGARAE (FPP),2R/2412/0024_01 (2410/FVE/B7/005),"NATRINDO SURYA PRIMA, PT",HASIL ANALISA TPC DAN KK OOS,CLOSED,,Tidak terjadi kesalahan analisa ataupun kegagalan karena faktor eksternal pada tahapan ini.,Tidak ada penyimpangan prosedur ketika analisis berlansung.,Lakukan sampling dan analisa ulang untuk memastikan hasil analisa yang OOS,
12-Jan-2025,OOS/QC/BPG/MIKRO/0125/005,CURCUMA DOMESTICA,2R/2501/0018 (035HZ),"PHYTOCHEMINDO REKSA, PT",HASIL ANALISA KK TMS,CLOSED,,tidak terjadi keesalaan analisa ataupun kegagalan karena faktor eksternal pada tahapan ini.,Tidak ada penyimpangan prosedur ketika analisis berlansung.,Lakukan sampling dan analisa ulang untuk memastikan analisa yang OOS,
11-Jan-2025,OOS/QC/BPG/MIKRO/0125/006,VERIF ST 5 (SWAB),BATANG AGITATOR ST 5,NA,HASIL ANALISA TPC DAN KK TMS,CLOSED,,tidak terjadi keesalaan analisa ataupun kegagalan karena faktor eksternal pada tahapan ini.,Tidak ada penyimpangan prosedur ketika analisis berlansung.,Lakukan sampling dan analisa ulang untuk memastikan analisa yang OOS,
13-Jan-2025,OOS/QC/BPG/MIKRO/0125/007,LPRGP,SUPERMIXER BAGIAN DALAM,NA,HASIL ANALISA TPC TMS,CLOSED,,tidak terjadi keesalaan analisa ataupun kegagalan karena faktor eksternal pada tahapan ini.,Tidak ada penyimpangan prosedur ketika analisis berlansung.,Lakukan sampling dan analisa ulang untuk memastikan analisa yang OOS,
13-Jan-2025,OOS/QC/BPG/MIKRO/0125/008,LPRGP,HA038 / TENGAH,NA,HASIL ANALISA KK TMS,CLOSED,,tidak terjadi keesalaan analisa ataupun kegagalan karena faktor eksternal pada tahapan ini.,Tidak ada penyimpangan prosedur ketika analisis berlansung.,"Ditemukan konaminan pada inkubator, OOS Invalid. Cantumkan hasil analisa ulang &perbaikan pada inkubator",
14-Jan-2025,OOS/QC/BPG/MIKRO/0125/009,LPRGP,HA040 / ATAS,NA,HASIL ANALISA KK TMS,CLOSED,CAPA/QC/BPG/MIKRO/0125/001,Tidak terjadi kesalahan analisa ataupun kegagalan karena faktor eksternal pada tahapan ini,Tidak ada penyimpangan prosedur ketika analisis berlansung.,"Ditemukan konaminan pada inkubator, OOS Invalid. Cantumkan hasil analisa ulang &perbaikan pada inkubator",
17-Jan-2025,OOS/QC/BPG/ST/0125/003,LPRGP,GA016,NA,TMS SIMETHICONE ,CLOSED,,Tidak terjadi kesalahan pada tahap 1.a,"Tidak terjadi kesalahan pada tahap 1,b",Tidak ditemukan penyebab penyimpangan pada proses analisa. Kadar simethicone disebabkan sample telah mengalami penurunan kualitas.,Tidak ditemukan lab error pada proses analisa. OOS valid.
18-Jan-2025,OOS/QC/BPG/ST/0125/005,LNKO1,"25.01.066 (FG674) 
25.01.067 (FG674)",NA,TMS PE,CLOSED,,Tidak terjadi kesalahan pada tahap 1.a,Tidak terjadi kesalahan pada tahap 1.b,Tidak ditemukan lab error pada proses analisa. OOS Valid. On progress pengembangan formula oleh RnD,
19-Jan-2025,OOS/QC/BPG/ST/0125/004,POSN1,FM485,NA,TMS ACETOSAL,CLOSED,,tidak teradi kesalahan pada tahap1a,tidak terjad kesalahan pada tahap 1b,tidak ditemukan penyebab penyimpangan pada proses analisa . kadar tms disebabkan produk telah mengalami penurunan kualitas ,
21-Jan-2025,OOS/QC/BPG/ST/0125/006,LNKO1,FG681,NA,TMS PE HCL,CLOSED,,Tidak terjadi kesalahan pada tahap 1.a,Tidak terjadi kesalahan pada tahap 1.b,Tidak ditemukan lab error pada proses analisa. OOS Valid. On progress pengembangan formula oleh RnD,
20-Jan-2025,OOT/QC/BPG/OJ/0125/001,LNKO1,HA171,NA,OOT DENSITY,OPEN,,,,,
21-Jan-2025,OOS/QC/BPG/PM/0125/002,PACK KOMIX HERBAL JERUK NIPIS,2K/2501/0061,"PENJALINDO NUSANTARA, PT",BERAT TMS UPPER,CLOSED,,tidak ada kesalahan analisa dan tidak ditemukan penyimpangan sistem dan prosedur selama analisa berlangsung,"tidak ada kesalahan analisa, tidak ditemukan ketidaksesuaian prosedur saat proses analisa",tidak ditemukan lab error pada proses analisa. OOS valid. bobot pack berpengaruh pada proses pengemasan. perlu dilakukan review apabila pack perlu direlease untuk produksi. bila dapat digunakan direkomendasikan untuk diluluskan.,
21-Jan-2025,OOS/QC/BPG/EHM/0125/002,"Demin Panas Comp. Liquid 1, Comp. Solid 2, Comp. Liquid 3, R. Cuci alat produksi, Comp. Liquid 1 (Cleaning mesin fiiling)","S.2.1, S.2.2, S.2.3, S.2.4, S.2.5",NA,Hasil TOC TMS,CLOSED,,Tidak terjadi kesalahan analisa ataupun kegagalan karena faktor eksternal pada tahapan ini.,tidak ada penyimpangan prosedur ketika analisis berlangsung,Tidak ditemukan error pada proses analisa. Kasus OOS berulang karena spek tidak sesuai & op penyesuaian.,
26-Jan-2025,OOS/QC/BPG/ST/0125/007,LNKO1,25.01.126 (CA001) ; 25.01.127 (CA002); 25.01.128 (CA003); 25.01.129(CA004); 25.01.130 (CA005),NA,TMS PE DAN CTM,CLOSED,,tidak terjadi kesalahan pada tahap 1a ,tidak terjadi kesalahan pada tahap 1b,"tidak ditemukan penyebab penyimpangan pada proses analisa oos valid, berasal dari sampel yang sudah ed+1",
21-Jan-2025,OOT/QC/BPG/MIKRO/0125/001,HONEY LIQUID,003T/PLG-NAS/I/25 (2R/2501/0127),"NUR ABADI SEJAHTERA, PT",HASIL ANALISA TPC VAT 4 OOT,CLOSED,,tidak terjadi keesalaan analisa ataupun kegagalan karena faktor eksternal pada tahapan ini.,Tidak ada penyimpangan prosedur ketika analisis berlansung.,Lakukan sampling dan analisa ulang untuk memastikan analisa yang OOS,
21-Jan-2025,OOT/QC/BPG/MIKRO/0125/002,HONEY LIQUID,004T/PLG-NAS/I/25 (2R/2501/0128),"NUR ABADI SEJAHTERA, PT",HASIL ANALISA TPC VAT 7 OOT,CLOSED,,tidak terjadi keesalaan analisa ataupun kegagalan karena faktor eksternal pada tahapan ini.,Tidak ada penyimpangan prosedur ketika analisis berlansung.,Lakukan sampling dan analisa ulang untuk memastikan analisa yang OOS,
31-Jan-2025,OOS/QC/BPG/PM/0125/003,KARTON PROMAG SUSPENSI,2K/2501/0110,"DAYA CIPTA KEMASINDO, PT",BERAT TMS UPPER,CLOSED,DEV/QMT/PLG/QC/0225/003,tidak ada kesalahan analisa dan tidak ditemukan penyimpangan sistem dan prosedur selama analisa berlangsung,"tidak ada kesalahan analisa, tidak ditemukan ketidaksesuaian prosedur saat proses analisa", berdasarkan hasil investigasi tidak ada kesalhan atau penyimpangan prosedur selama analisa. sudah dilakukan sampling dan analisa ulang dari vat yang berbeda hasil tetap TMS. penyimpangan berasal dari sampel itu sendiri,hasil sampling ulang tetap OOS upper. bila diperlukan untuk proses produksi. perlu dipertimbangkan kemungkinan efek pada FG. direkomendasikan untuk dilakukan dengan devol.
03-Feb-2025,OOS/QC/BPG/EHM/0225/001,"Demin Panas Comp. Liquid 1, Comp. Solid 2, Comp. Liquid 3, R. Cuci alat produksi, Comp. Liquid 1 (Cleaning mesin fiiling)","S.2.1, S.2.2, S.2.3, S.2.4, S.2.5",NA,Hasil TOC TMS,CLOSED,,Tidak terjadi kesalahan analisa ataupun kegagalan karena faktor eksternal pada tahapan ini.,tidak ada penyimpangan prosedur ketika analisis berlangsung,Tidak ditemukan lab error pada proses analisa. OOS Valid. on progress perubahan standart.,
26-Jan-2025,OOS/QC/BPG/MIKRO/0125/010,Bilasan verif ST 4 ,before LKXPA HA053 valpro,NA,Hasil TPC TMS,CLOSED,,Tidak terjadi kesalahan analisa ataupun kejanggalan karena faktor eksternal pada tahapan ini,Tidak ada penyimpangan prosedur ketika analisis berlansung.,Tidak ditemukan lab error pada proses analisa OOS Valid pastikan pembersihan dilakukan dengan baik sesuai prosedur yang ditetapkan,
25-Jan-2025,OOS/QC/BPG/MIKRO/0125/011,AIR PAM BUFFER PRODUKSI LT 1,P.1.2,#REF!,HASIL TPC TMS,CLOSED,,Tidak ada kesalahan dalam tahap investigasi 1.a,Tidak ada kesalahan analisa pada tahap 1.b,"Tidak ditemukan lab error pada proses analisa, OOS valid pastikan, personil yang di swab melakukan personal hygiene sesuai aturan",
04-Feb-2025,OOS/QC/BPG/ST/0225/001,POSN1,25.01.136 (GJ687) ,NA,TMS ACETOSAL ,CLOSED,,tidak terjadi kesalahan pada tahap 1a ,tidak terjadi kesalahan pada tahap 1b,tidak ditemukan penyebab penyimpangan pada proses analisa . kadar tms disebabkan produk telah mengalami penurunan kualitas ,
06-Feb-2025,OOS/QC/BPG/ST/0225/002,LGRG1,T.25.01.016 (GG010),NA,TMS ZINGIBER,CLOSED,,tidak terjadi kesalahan pada tahap 1a ,tidak terjadi kesalahan pada tahap 1b,tidak ditemukan penyebab penyimpangan pada proses analisa . kadar tms disebabkan produk telah mengalami penurunan kualitas ,
07-Feb-2025,OOS/QC/BPG/ST/0225/003,LNKO1,25.01.146,NA,TMS PE HCL,CLOSED,,tidak teradi kesalahan pada tahap1a,tidak terjad kesalahan pada tahap 1b,tidak ditemukan penyebab penyimpangan pada proses analisa . kadar tms disebabkan produk telah mengalami penurunan kualitas ,
07-Feb-2025,OOS/QC/BPG/ST/0225/004,LNKO1,25.01.147-25.01.149,NA,TMS PE HCL DAN CTM,CLOSED,,tidak teradi kesalahan pada tahap1a,tidak terjad kesalahan pada tahap 1b,tidak ditemukan penyebab penyimpangan pada proses analisa . kadar tms disebabkan produk telah mengalami penurunan kualitas ,
10-Feb-2025,OOS/QC/BPG/MIKRO/0225/001,SWAB PERSONIL,DANDI CS TANGAN,NA,HASIL TPC TMS,CLOSED,,Tidak ada kesalahan dalam tahap investigasi 1.a,Tidak ada kesalahan analisa pada tahap 1.b,Tidak ditemukan lab error pada proses analisa OOS Valid pastikan pembersihan dilakukan dengan baik sesuai prosedur yang ditetapkan,
12-Feb-2025,OOS/QC/BPG/ST/0225/005,LNKK1,25.01.151; 25.01.152,NA,TMS PE HCL,CLOSED,,Tidak terjadi kesalahan pada tahap 1.a,Tidak teradi kesalahan pada kesalahan pada tahap 1.b,Tidak ditemkan lab error pada prosses analisa OOS valid. sample sudah ED + 1 tahun.,
12-Feb-2025,OOS/QC/BPG/ST/0225/006,LNKK1,CA001,NA,TMS PE HCL,CLOSED,,Tidak terjadi kesalahan pada tahap 1.a,Tidak terjadi kesalahan pada tahap 1.b ,Tidak ditemkan lab error pada prosses analisa OOS valid. sample sudah ED + 1 tahun.,
13-Feb-2025,OOS/QC/BPG/ST/0225/007,LKXOB,CA004,NA,TMS pH ,CLOSED,,Tidak terjadi kesalahan pada tahap 1.a,Tidak terjadi kesalahan pada tahap 1.b,Tidak ditemukan lab error pada proses analisa. OOS valid sample ED +1 tahun,
14-Feb-2025,OOS/QC/BPG/PM/0225/001,KARTON KOMIX,2K/2502/0058,"DAYA CIPTA KEMASINDO, PT",BERAT TMS UNDER,CLOSED,,tidak ada kesalahan analisa dan tidak ditemukan penyimpangan sistem dan prosedur selama analisa berlangsung,"tidak ada kesalahan analisa, tidak ditemukan ketidaksesuaian prosedur saat proses analisa","tidak ditemukan lab error pada proses analisa. OOS valid , sampling tambahan hasil MS. karton tercampur bobot MS dan TMS. PM di reject di sortir oleh vendor",
13-Feb-2025,OOS/QC/BPG/ST/0225/008,LPRG4,GK034,na,tms visco ,CLOSED,,Tidak terjadi kesalahan pada tahap 1.a,Tidak terjadi kesalahan pada tahap 1.b,Tidak ditemukan penyebab OOS pada proses analisa di lab.,"Tidak ditemukan lab error pada proses analisa, oos valid. Perlu pastikan penyebab OOS hanya 1 batch atau terjadi pada batch lain"
17-Feb-2025,OOS/QC/BPG/EHM/0225/002,"Demin Panas Comp. Liquid 1, Comp. Solid 2, Comp. Liquid 3, R. Cuci alat produksi, Comp. Liquid 1 (Cleaning mesin fiiling)","S.2.1, S.2.2, S.2.3, S.2.4, S.2.5",NA,Hasil TOC TMS,CLOSED,,Tidak ada kesalahan pada tahap investigasi tahap 1.a,Terjadi ketidaksesuaian pada saat sampling sampel oleh QA,"Tidak ditemukan lab error pada proses analisa, OOS valid. On progress perubahan spek","Tidak ditemukan lab error pada proses analisa, OOS valid. on progress perubahan spek"
20-Feb-2025,OOS/QC/BPG/ST/0225/009,LEJOA,GB003 GB004 GB005,NA,VISKOSITAS TMS,CLOSED,,Tidak terjadi kesalahan pada tahap 1.a,Tidak terjadi kesalahan pada tahap 1.b,"LAKUKAN SAMPLING DAN ANALISA ULANG UNTUK MEMASTIKAN HASIL OOS (TAHAP 2)
",
,OOS/QC/BPG/PM/0225/002,TUBE KOMIX HERBAL ORIGINAL,E-25-01-05-3,"HANGZHOU PLASTICS INDUSTRIAL CO., LTD.",PITCH TMS UPPER DAN UNDER,CLOSED,,tidak ada kesalahan analisa dan tidak ditemukan penyimpangan sistem dan prosedur selama analisa berlangsung,"tidak ada kesalahan analisa, tidak ditemukan ketidaksesuaian prosedur saat proses analisa",tidak diteemukan lab error pada proses analiis. OOS valid. Hasil analisa tetap OOS. Bila tube tetap akan di rlease untuk digunakan perlu dibuatkan devol.,
17-Feb-2025,OOS/QC/BPG/MIKRO/0225/002,SWAB PERSONIL,ABDUL TEKNIK (DADA),NA,TMS TPC,CLOSED,,Tidak ada kesalahan investigasi dalam tahap 1.a,Tidak ada kesalahan prosedur yang dilakukan olleh personil QC,Tidak ditemukan lab Error pada proses analisa OOS valid. ,
19-Feb-2025,OOT/QC/BPG/MIKRO/0225/001,MENTHAE PIPERITAE DE (WS DIVERS),LB 12425-01,"NATRINDO SURYA PRIMA, PT",KK OOT,CLOSED,,Tidak ada kesalahan investigasi dalam tahap 1.a,Tidak ada kesalahan prosedur yang dilakukan olleh personil QC,Tidak ditemukan lab Error pada proses analisa OOS valid. Perllu diperhatikan teknik sampling,
21-Feb-2025,OOS/QC/BPG/MIKRO/0225/003,EHM AIR W3 FEB 2025 ,P.1.2,NA,TMS TPC,CLOSED,,Tidak ada kesalahan investigasi dalam tahap 1.a,Tidak ada kesalahan prosedur yang dilakukan olleh personil QC,Tidak ditemukan lab Error pada proses analisa OOS valid. Hasil analisa SU MS. Perllu diperhatikan teknik sampling,
21-Feb-2025,OOS/QC/BPG/MIKRO/0225/004,SWAB ST 11 (AFTER GOSOK VENDRO),DASAR ST 11,NA,TMS TPC,CLOSED,,Tidak ada kesalahan pada tahap 1 investigasi,Tidak ada kesalahn prosedur yang dilakukan oleh personil QC,Tidak ditemukan lab error pada proses analisa OOS Valid pastikan pembersihan dilakukan dengan baik sesuai prosedur yang ditetapkan,
21-Feb-2025,OOS/QC/BPG/PM/0225/003,TUBE KOMIX HERBAL ORIGINAL,E-25-01-05-1,"HANGZHOU PLASTICS INDUSTRIAL CO., LTD.",PITCH TMS UNDER,CLOSED,,tidak ada kesalahan analisa dan tidak ditemukan penyimpangan sistem dan prosedur selama analisa berlangsung,"tidak ada kesalahan analisa, tidak ditemukan ketidaksesuaian prosedur saat proses analisa",tidak ditemukan lab error pada prosess analisa. hasil samplng ulang OOS. Bila akan dluluskan untuk digunakan. Buat devol untuk pencatatan kasus,
21-Feb-2025,OOS/QC/BPG/ST/0225/010,LNKK1,GH111 GH112 GH113 TK,NA,TMS PE HCL ,CLOSED,,Tidak terjadi kesalahan pada tahap 1.a,Tidak terjadi kesalahan pada tahap 1.b,"Tidak ditemukan lab error pada proses analisa. 
OOS valid
sedang dilakukan reformulasi oleh RnD ",
21-Feb-2025,OOS/QC/BPG/ST/0225/011,LNKK1,GH111 GH112 GH113 ACC ,NA,TMS PE HCL ,CLOSED,,Tidak terjadi kesalahan pada tahap 1.a,Tidak terjadi kesalahan pada tahap 1.b,"Tidak ditemukan lab error pada proses analisa. 
OOS valid
sedang dilakukan reformulasi oleh RnD ",
26-Feb-2025,OOS/QC/BPG/ST/0225/012,LNKK1,CB002,NA,"TMS PE HCL, CTM DAN PH METER",CLOSED,,Tidak terjadi kesalahan pada tahap 1.a,Tidak terjadi kesalahan pada tahap 1.b,"Tidak ditemukan lab error pada proses analisa. 
OOS valid
karena sampel sudah ED+1 tahun ",
26-Feb-2025,OOS/QC/BPG/ST/0225/013,LKXO1,CB003,NA,tms ph ,CLOSED,,Tidak terjadi kesalahan pada tahap 1.a,Tidak terjadi kesalahan pada tahap 1.b,"Tidak ditemukan lab error pada proses analisa. 
OOS valid
sampel sudah ED+1 tahun ",
27-Feb-2025,OOS/QC/BPG/ST/0225/014,POSN1,25.02.077 (GJ687),NA,TMS ACETOSAL ,CLOSED,,Tidak terjadi kesalahan pada tahap 1.a,Tidak terjadi kesalahan pada tahap 1.b,"Tidak ditemukan lab error pada proses analisa,
 sudah dikonfirmasi dengan analisa ulang  
OOS valid",
26-Feb-2025,OOS/QC/BPG/MIKRO/0225/005,SWAB DINDING KIRI MTT2,AFTER LKXN1 HB092,NA,HASIL ANALISA TPC TMS,CLOSED,,Tidak ada kesalahan pada tahap 1 investigasi,Tidak ada kesalahn prosedur yang dilakukan oleh personil QC,Tidak ditemukan lab error pada proses analisa OOS Valid pastikan proses sampling dan handling sampel dilakukan dengan benar,
25-Feb-2025,OOS/QC/BPG/MIKRO/0225/006,SWAB DINDING KIRI MTT3 ,EX. LEJSA HB133,NA,HASIL ANALISA TPC TMS,CLOSED,,Tidak ada kesalahan pada tahap 1 investigasi,Tidak ada kesalahn prosedur yang dilakukan oleh personil QC,Tidak ditemukan lab error pada proses analisa OOS Valid pastikan proses sampling dan handling sampel dilakukan dengan benar,
03-Mar-2025,OOS/QC/BPG/EHM/0325/001,"Demin Panas Comp. Liquid 1, Comp. Solid 2, R. Cuci alat produksi, Comp. Liquid 1 (Cleaning mesin fiiling)","S.2.1, S.2.2, S.2.4, S.2.5",NA,Hasil TOC TMS,CLOSED,,Tidak ada kesalahan pada tahap investigasi tahap 1.a,tidak ada penyimpangan prosedur ketika analisis berlangsung,"Tidak ditemukan lab error pada proses analisa, OOS valid. On progress perubahan spek","Tidak ditemukan lab error pada proses analisa, OOS valid. On progress perubahan spek"
04-Mar-2025,OOS/QC/BPG/ST/0325/001,LNKO1,"FJ711, FJ712, FJ713",NA,"TMS PE HCL, CTM",CLOSED,,Tidak terjadi kesalahan pada tahap 1.a,Tidak terjadi kesalahan pada tahap 1.b,"Tidak ditemukan lab error pada proses analisa. 
OOS valid
sedang dilakukan reformulasi oleh RnD ",
28-Feb-2025,OOS/QC/BPG/MIKRO/0225/007,SWAB DASAR UNIFILL A,BEFORE LEJSA,NA,HASIL ANALISA TPC TMS,CLOSED,,Tidak ada kesalahan dalam investigasi tahap 1.a,Tidak ada kesalahan dalam investigasi tahap 1.b,"Tidak ditemukan lab error pada prposes analisa, OOS valid. PM direject untuk perbaikan (fisik TMS dan mikro OOS). Perlu diperhatikan metode sampling karena fisik berbeda dengan RM normal.",
10-Mar-2025,OOS/QC/BPG/ST/0325/002,LKMCA,AB002,NA,VISKOSITAS TMS,CLOSED,,Tidak teradi kesalahan pada tahap 1.a,Tidak terjadi kesalahan pada tahap 1.b,Tidak ditemukan lab error pada proses analisa OOS valid. Sample sudah ED+1 tahun,
13-Mar-2025,OOS/QC/BPG/ST/0325/003,POSN1,FJ370,NA,TMS ACETOSAL DAN CAFFEIN,CLOSED,,Tidak terjadi kessalahan pada tahap 1.a,Tidak terjadi kesalahan pada tahap 1.b,Tidak ditemukan lab error pada proses analisa. OOS valid. Sudah dilakukan improvement kemasan,
13-Mar-2025,OOS/QC/BPG/PM/0325/001,KARTON KOMIX OBH,1201-A 120325 / 2K/2503/0071,"Oji Sinar Mas Packaging, PT",TMS UNDER BERAT KARTON,CLOSED,,"Tidak ada kesalahan analisa, tidak ditemukan penyimpangan prosedur saat analisa","tidak ada kesalahan analisa, tidak ditemukan ketidaksesuaian prosedur saat proses analisa","Tidak ditemukan labb error pada proses analisa. OOS Valid, berat TMS under spek. Bila karton diperlulkan untuk dipakai perllu review dari OOS ini dengan devol.",
20-Mar-2025,OOS/QC/BPG/ST/0325/004,LBMA2,25.03.060,NA,TMS ZINGIBER,CLOSED,,Tidak teradi kesalahan pada tahap 1.a,Tidak terjadi kesalahan pada tahap 1.b,"Tidak ditemkan lab error pada proses analisa, OOS Valid. OOS teradi dari 24 bulan, Produk sudah ED + 1 tahun",
11-Mar-2025,OOS/QC/BPG/MIKRO/0325/001,ZINGIBER LE,2501/GGR/B7/011 (2R/2503/0032),"NATRINDO SURYA PRIMA, PT",HASIL ANALISA TPC & KK OOS,CLOSED,,Tidak ada kesalahan dalam investigasi tahap 1.a,tidak ada kesalahan dalam tahap investigas 1.b,Hasil SU & PU memenuhi syarat. tidak ditemukan lab error pada proses analisa. pastikan proses sampling & kebersihan wadah. ,
17-Mar-2025,OOS/QC/BPG/EHM/0325/002,"Demin Panas Comp. Liquid 1, Comp. Solid 2, Comp. Liquid 3, R. Cuci alat produksi, Comp. Liquid 1 (Cleaning mesin fiiling)","S.2.1, S.2.2, S.2.3, S.2.4, S.2.5",NA,Hasil TOC TMS,CLOSED,,Tidak ada gangguan sistem ketika analisa berlangsung,Tidak ada penyimpangan saat analisa berlangsung,Tidak ditemukan lab error pada proses analisa. OOS valid. On progress review spek,
09-Mar-2025,OOS/QC/BPG/MIKRO/0325/002,R.3.6,AIR MILIQ LAB QC,NA,HASIL ANALISA KK TMS,CLOSED,,Tidak ada kesalahan investigasi dalam tahap 1.a,Tidak ada kesalahan prosedur yang dilakukan olleh personil QC,Tidak ditemukan lab Error pada proses analisa OOS valid. ,
11-Mar-2025,OOS/QC/BPG/MIKRO/0325/003,AIR BILASAN SILVERSON,EX. LKJTA HC894,NA,HASIL ANALISA TPC & KK OOS,CLOSED,,Tidak ada kesalahan pada tahap 1 investigasi,Tidak ada kesalahan dalam investigasi tahap 1.b,Tidak di temukan lab error pada proses analisa pastikan pengambilan sampel dan penanganan sampel sesuai dengan aturan,
06-Mar-2025,OOT/QC/BPG/MIKRO/0325/001,HONEY LIQUID,M.25.02.082 & M.25.02.089,NA,HASIL ANALISA TPC OOT,CLOSED,,Tidak ada kesalahan sistem saat analisa berlangsung,Tidak ada penyimpangan saat analisa berlangsung,"Tidak ditemukan lab error pada proses analisa berlangsung, OOS valid.",
25-Mar-2025,OOS/QC/BPG/ST/0325/005,POSN1,25.03.075 (GJ687),NA,TMS ACETOSAL,CLOSED,,Tidak teradi kesalahan pada tahap 1.a,Tidak terjadi kesalahan pada tahap 1.b,"Tidak ditemkan lab error pada proses analisa, OOS Valid. PASTIKAN SPL DALAM SACHET CUKUP HOMOGEN ",
07-Apr-2025,OOS/QC/BPG/ST/0425/001,LKMC1,AD001,NA,VISKOSITAS TMS,CLOSED,,Tidak teradi kesalahan pada tahap 1.a,Tidak terjadi kesalahan pada tahap 1.b,Tidak ditemukan lab error pada proses analisa OOS valid. sampel sudah ED+ 1 tahun,
09-Apr-2025,OOS/QC/BPG/ST/0425/002,LNKO1,FJ715,NA,PE HCL TMS,CLOSED,,Tidak terjadi kesalahan pada tahap 1.a,Tidak terjadi kesalahan pada tahap 1.b,"Tidak ditemukan lab eror pada proses analisa, OOS valid. Berasal dari sample, sedang dilakukan refomulasi",
09-Apr-2025,OOS/QC/BPG/ST/0425/003,LNKO1,25.04.001; 24.04.002,NA,PE HCL TMS,CLOSED,,Tidak terjadi kesalahan pada tahap 1.a,Tidak terjadi kesalahan pada tahap 1.b,"Tidak ditemukan lab error pada prroses analisa, OOS valid, ample sudah ED +1 tahun.",
09-Apr-2025,OOS/QC/BPG/ST/0425/004,LNKO1,25.04.057; 25.04.058,NA,PE HCL TMS,CLOSED,,Tidak terjadi kesalahan pada tahap 1.a,Tidak terjadi kesalahan pada tahap 1.b,"Tidak ditemukan lab error pada proses analisa OOS valid. Berasal dari sample, sedang dilakukan reformulasi",
09-Apr-2025,OOS/QC/BPG/ST/0425/005,LNKO1,25.04.069; 25.04.070,NA,PE HCL TMS,CLOSED,,Tidak terjadi kesalahan pada tahap 1.a,Tidak terjadi kesalahan pada tahap 1.b,Tidak ditemukan lab error pada proses analisa . OOS valid produk sudah ED.,
10-Apr-2025,OOS/QC/BPG/ST/0425/006,LNKK1 ,25.04.006 (FD1) ,NA,PE HCL DAN CTM TMS ,CLOSED,,Tidak terjadi kesalahan pada tahap 1.a,Tidak terjadi kesalahan pada tahap 1.b,"Tidak ditemukan lab error pada proses analisa, OOS valid. Sample sudah ED, on progress perbaikan formula di RnD",
11-Apr-2025,OOS/QC/BPG/ST/0425/007,LNKK1 ,25.04.007(FD2)  DAN 25.04.008 (FC047) ,NA,PE HCL DAN CTM TMS ,CLOSED,,Tidak terjadi kesalahan pada tahap 1.a,Tidak terjadi kesalahan pada tahap 1.b,"Tiadk ditemka la error padad proses analisa, OOS valid. Sample sudah ED, on progress perubahan formula di RnD",
07-Apr-2025,OOS/QC/BPG/EHM/0425/001,"Demin Panas Comp. Liquid 1, Comp. Liquid 3, R. Cuci alat produksi, Comp. Liquid 1 (Cleaning mesin fiiling)","S.2.1, S.2.3, S.2.4, S.2.5",NA,Hasil TOC TMS,CLOSED,, Tidak ada gangguan sistem ketika analisis berlangsung,Tidak ada penyimpangan selama analisa berlangsung ,"Tidak ditemukan lab error pada proses analisa, OOS valid. on progress review spek.",
10-Mar-2025,OOS/QC/BPG/RM/0325/001,"1AZ004000 
ZINGIBER OFF.ROSCH RUBRUM LE (GIN1.5-3%)","2502/GGR/B7/007
2502/GGR/B7/008
2502/GGR/B7/009
2502/GGR/B7/011
2502/GGR/B7/012
2502/GGR/B7/013
2502/GGR/B7/014","NATRINDO SURYA PRIMA, PT",Kadar TMS,CLOSED,,Tidak terdapat kesalahan selama proses analisa,Tidak terdapat kesalahan selama proses analisa,"Bentuk sample berbeda dari seharusnya (pasta). Berdasarkan keterangan vendor, distributor meminta penyeragaman kokal solid. Sample diperlukan untuk reproses sehingga bentuk sample sesuai dengan standard",
16-Apr-2025,OOS/QC/BPG/ST/0425/008,PSN1,CD006,NA,TMS ACT DAN CAFF,CLOSED,,Tidak terjadi kesalahan pada tahap 1.a,Tidak terjadi kesalahan pada tahap 1.b,"Tida ditemukan lab error pada proses analisa, OOS valid. Sample sudah ED +1 tahun.",
21-Apr-2025,OOS/QC/BPG/EHM/0425/002,"Demin Panas Comp. Liquid 1, Comp. Solid 2, Comp. Liquid 3, R. Cuci alat produksi, Comp. Liquid 1 (Cleaning mesin fiiling)","S.2.1, S.2.2, S.2.3, S.2.4, S.2.5",NA,Hasil TOC TMS,CLOSED,,Tidak ada gangguan sistem ketika analisa berlangsung,Tidak ada penyimpangan selama analisa berlangsung ,"Tidak ditemukan lab error pada proses analisa, OOS valid. on progress review spek.",
17-Apr-2025,OOS/QC/BPG/ST/0425/009,POSN1,25.04.033; 25.04.037,NA,TMS ACT DAN CAFF,CLOSED,,Tidak terjadi kesalahan pada tahap 1.a,Tidak terjadi kesalahan pada tahap 1.b,Tidak ditemukan lab error pada proses analisa OOS valid.,
17-Apr-2025,OOS/QC/BPG/ST/0425/010,POSN1,25.04.034; 25.04.035; 25.04.036; 25.04.038; 25.04.039,NA,TMS ACT DAN CAFF,CLOSED,,Tidak terjadi kesalahan pada tahap 1.a,Tidak terjadi kesalahan pada tahap 1.b,Tidak ditemukan lab error pada proses analisa. OOS valid. Sample sudah ed+ 1 tahun,
23-Apr-2025,OOS/QC/BPG/ST/0425/011,LNKO1,CD010,NA,TMS PE HCL ,CLOSED,,Tidak terjadi kesalahan pada tahap 1.a,Tidak terjadi kesalahan pada tahap 1.b,"Tidak ditemukan lab error pada proses analisa. OOS valid, sample sudah ed+ 1 tahun",
17-Apr-2025,OOS/QC/BPG/MIKRO/0425/001,SWAB SWINGBEND SILVERSON,EX. LNKOA,NA,HASIL ANALISA TPC TMS,CLOSED,,Tidak ada kesalahan sistem saat analisa berlangsung,Tidak ada penyimpangan saat analisa berlangsung,"Tidak ditemukan lab error pada proses analisa berlangsung, OOS valid.","Tidak ditemukan lab error pada proses analisa berlangsung, OOS valid."
24-Apr-2025,OOS/QC/BPG/PM/0425/001,TUBE KOMIX HERBAL ORIGINAL,E-25-02-07-1 / 2P/2504/0019,"HANGZHOU PLASTICS INDUSTRIAL CO., LTD.",HASIL ANALISA PITCH TMS UPPER,CLOSED,,Tidak ada kesalahan analisa pada tahapan ini,Tidak ada kesalahan pada analisa. Tidak ditemukan penyimpangan prosedur saat analisa berlangsung.,Tidak ditemukan lab error pada proses analisa. OOS valid. Picth TMS beresiko menghambat pada proses produksi. Beberapa mungkin digunakan dengan adjustment. PM dapat diluluskan bila resiko dapat di terima gunakan devol.,
18-Apr-2025,OOS/QC/BPG/MIKRO/0425/002,BILASAN ILAPAK 5 LINE 1,BEFORE LMHGA,NA,HASIL ANALISA TPC TMS,CLOSED,,Tidak ada kesalahan investigasi dalam tahap 1.a,Tidak ada kesalahan dalam investigasi tahap 1.b,"Tidak ditemukan lab error pada proses analisa, OOS vlaid. Perlu diperhatikan metode sampling, botolsampling dan penanganan sample.","Tidak ditemukan lab error pada proses analisa berlangsung, OOS valid."
18-Apr-2025,OOS/QC/BPG/MIKRO/0425/003,BLANKO RO MTT2 ,BEFORE LKXOD,NA,HASIL ANALISA TPC & KK TMS,CLOSED,,Tidak ada kesalahan sistem/gangguan sistem saat analisa berlangsung,Tidak ada penyimpangan selama analisa berlangsung,"Tidak ditemukan lab error pada proses analisa, OOS vlaid. Perlu diperhatikan metode sampling, botolsampling dan penanganan sample.",
20-Apr-2025,OOS/QC/BPG/MIKRO/0425/004,R.2.2; R.2.3; R.2.9,R.2.2 (RO COMPOUNDING LIQUID 3); R.2.3 (RO COMPOUNDING SOLID 1); R.2.9 (RO COMPOUNDING LIQUID 3),NA,HASIL ANALISA TPC & KK TMS,CLOSED,,Tidak ada kesalahan sistem saat analisa berlangsung,Tidak ada penyimpangan selama analisa berlangsung,"Tidak ditemukan lab error pada proses analisa, OOS valid.",
01-Mei-2025,OOS/QC/BPG/ST/0525/001,POSN1,"25.04.199 (CD008 /FOIL METALIZE)
25.04.203 (CD009/FOIL METALIZE)",NA, ACETOSAL TMS,CLOSED,,Tidak terjadi kesalahan pada tahap 1.a,Tidak terjadi kesalahan pada tahap 1.b,"Tidak ditemukan lab error pada analisa, OOS valid. sample sudah ED +1 tahun.",
06-Mei-2025,OOS/QC/BPG/ST/0525/002,LNKO1,GK074,NA,TMS PE HCL,CLOSED,,Tidak terjadi kesalahan pada tahap 1.a,Tidak terjadi kesalahan pada tabah 1.b,Tidak ditemukan lab error pada proses analisa. OOS valid. On progress reformulasi oleh FD,
06-Mei-2025,OOS/QC/BPG/EHM/0525/001,"Demin Panas Comp. Liquid 1, Comp. Solid 2, Comp. Liquid 3, R. Cuci alat produksi, Comp. Liquid 1 (Cleaning mesin fiiling)","S.2.1, S.2.2, S.2.3, S.2.4, S.2.5",NA,Hasil TOC TMS,CLOSED,,Tidak ada kesalahan sistem saat analisa berlangsung,Tidak ada penyimpangan selama analisa berlangsung ,"Tidak ditemukan lab error pada proses analisa, OOS valid. on progress review spek.",
09-Mei-2025,OOS/QC/BPG/ST/0525/003,LPRG4,FK003,NA,SIMETHICONE TMS,CLOSED,,Tidak terjadi kesalahan pada tahap 1.a,Tidak terjadi kesalahan pada tahap 1.b,Tidak ditemukan penyebab penyimpangan pada proses analisa. Kadar Simethicone TMS disebabkan sampel telah mengalami perubahan kualitas dan telah terjadi pada periode analisa sebelumnya (12 bulan TK),"Tidak ditemukan lab error pada proses analisa. OOS valid, sedang dilakukan reformasi oleh RnD."
09-Mei-2025,OOS/QC/BPG/FG/0525/001,LKJT1,HE995; HE996,NA,TMS CTM,CLOSED,,Tidak terdapat penyimpangan pada tahap 1.a.,Tidak terjadi kesalahan pada tahap 1.b.,"Tidak ditemukan error pada proses analisa. OOS Valid. hasil investigasi ditemukan bobot timbang CTM melebihi PPI, Bulk direkomendasikan untuk dilakukan reproses","Tidak ditemukan lab Error pada proses analisa. OOS valid, sudah dilakukan reporses pada kedua batch tersesbut. Hasil analisa reproses MS, LKJT1 HE995-HE996 diluluskan untuk proses filling"
18-Apr-2025,OOS/QC/BPG/MIKRO/0425/005,BLANKO RO LKXOD,LKXOD HD507,NA,HASIL ANALISA TPC TMS,CLOSED,,Tidak ada kesalahan sistem saat analisa berlangsung,Tidak ada penyimpangan selama analisa berlangsung,"Tidak ditemukan lab error pada proses analisa, OOS valid.","Tidak ditemukan lab error pada proses analisa, OOS valid."
25-Apr-2025,OOS/QC/BPG/MIKRO/0425/006,AIR PAM CUCI ALAT PRODUKSI,P.2.6,NA,HASIL ANALISA TPC & KK TMS,CLOSED,,Tidak ada kesalahan sistem saat analisa berlangsung,Tidak ada penyimpangan selama analisa berlangsung,Tidak ditemukan lab error pada proses analisa. OOS valid.,
24-Apr-2025,OOS/QC/BPG/MIKRO/0425/007,AIR BILASAN ST 11 CL1,NA,NA,HASIL ANALISA TPC & KK TMS,CLOSED,,Tidak ada kesalahan sistem selama analisa berlangsung,Tidak ada penyimpangan selama analisa berlangsung,"Tidak ditemukan lab error pada proses analisa, perlu memastikan sampling aseptis dan penanganan sampel sesuai aturan, OOS valid",Tidak ditemukan lab error pada proses analisa. OOS valid.
08-Mei-2025,OOS/QC/BPG/MIKRO/0525/001,RO LETSB HD119,LETSB HD119,NA,NA,CLOSED,,Tidak ada kesalahan sistem selama analisa berlangsung,Tidak ada penyimpangan selama analisa berlangsung,Tidak ditemukan lab error pada proses analisa pastikan pengambilan sample dan penanganan sample sesuai dengan aturan.,"Tidak ditemukan lab error pada proses analisa., perlu pemastian sampling aseptis dan penanganan sample sesuai aturan. OOS valid."
10-Mei-2025,OOS/QC/BPG/MIKRO/0525/002,BILASAN ST 9,NA,NA,HASIL ANALISA TPC TMS,CLOSED,,Tidak ada kesalahan sistem selama analisa berlangsung,Tidak ada penyimpangan selama analisa berlangsung,"Tidak ditemukan lab error pada proses analisa (OOS valid, sample air termasuk dalam kategori validasi cleaning tidak bisa dilakukan su/pu)",
10-Mei-2025,OOS/QC/BPG/MIKRO/0525/003,BILASAN ST 5,NA,NA,HASIL ANALISA TPC TMS,CLOSED,,Tidak ada kesalahan sistem saat analisa berlangsung,Tidak ada penyimpangan saat analisa berlangsung,penyebab penyimpangan adalah hygenitas personel dan handling sample,
21-Mei-2025,OOS/QC/BPG/ST/0525/004,LPRG2,CB002,NA,TMS SIMETHICONE,CLOSED,,Tidak terjadi kesalahan pada tahap 1.a,Tidak terjadi kesalahan pada tahap 1.b,"Tidak ditemukan penyebab penyimpangan pada proses analisa. Kadar simethicone TMS disebabkan sampel telah mengalami penurunan, kualitas, atau ED.","Tidak ditemukan lab error pada proses anlisa, OOS valid. Smple sudah ED + 1 tahun"
20-Mei-2025,OOS/QC/BPG/EHM/0525/002,"Demin Panas Comp. Liquid 1, Comp. Solid 2, Comp. Liquid 3, R. Cuci alat produksi, Comp. Liquid 1 (Cleaning mesin fiiling)","S.2.1, S.2.2, S.2.3, S.2.4, S.2.5",NA,Hasil TOC TMS,CLOSED,,Tidak ada kesalahan sistem saat analisa berlangsung,Tidak ada penyimpangan saat analisa berlangsung,"Tidak ditemukan lab error pada proses anlisa, OOS vlid. On progress perubahan WI spek","Tidak ditemukan lab error pada proses anlisa, OOS vlid. On progress perubahan WI spek"
01-Mei-2025,OOS/QC/BPG/MIKRO/0525/004,SWAB PERSONIL,YOGI CS LIQUID (TANGAN),NA,HASIL ANALISA TPC TMS,CLOSED,,Tidak ada kesalahan sistem pada saat anailsa berlangsung ,Tidak ada penyimpangan saat analisa berlangsung,,"Tidak ditemuakn lab error pada proses analisa, OOS valid. pastikan hygine personel dilakukan dengan baik."
28-Mei-2025,OOS/QC/BPG/ST/0525/005,LBMA2,"25.04.206 (CD031)
25.04.207 (CD032)",NA,TMS GINGEROL,CLOSED,,Tidak terjadi kesalahan pada tahap 1.a,Tidak terjadi kesalahan pada tahap 1.b,Tidak ditemukan penyebab penyimpanagn pada proses analisa. Kadar Gingerol TMS disebabkan sample sudah ED dan terjadi penurunan kualitas,"Tidak ditemukan lab error pada proses analisa, OOS valid. Produk sudah ED+1 thn "
28-Mei-2025,OOS/QC/BPG/ST/0525/006,LBMA2,"25.04.208 (ZINGIBER OFF.ROSCH RUBTUM LE (GIN 1.5-3%) Natrindo Surya Prima 2R/2108/0147_01, ZINGIBER (LBMAQ) )
25.04.209 (ZINGIBER OFF.ROSCH RUBTUM LE (GIN 1.5-3%) ex Indesso Aroma 2R/2108/0338_01 QC)",NA,TMS GINGEROL,CLOSED,,Tidak terjadi kesalahan pada tahap 1.a,Tidak terjadi kesalahan apda tahap 1.b,Tidak ditemukan penyebab penyimpangan pada proses analisa. Kadar 9-Gingerol TMS disebabkan sampel sudah ED dan terjadi penurunan kualitas,"Tidak ditemukan lab error pada proses analisa, OOS valid. Produk sudah ED+1 thn "
17-Mei-2025,OOS/QC/BPG/MIKRO/0525/005,SWAB VERIF ST 7,"DINDING KIRI, DINDING KANAN, AGITATOR, DASAR",NA,HASIL ANALISA TPC & KK TMS,CLOSED,,Tidak ada kesalahan sistem pada saat anailsa berlangsung ,Tidak ada penyimpangan saat analisa berlangsung,Penyebab OOS dikearenakan wadah yang digunakan tidak menggunakan wadah yang steril pada saat sampling,Hasil analisa SU MS. Tidak ditemukan penyimpangan pada proses analisa. OOS valid. Pastikan pembersihan mesin dilakukan dengan sesuai prosedur kerja
26-Mei-2025,OOS/QC/BPG/MIKRO/0525/006,1AA005000 (ANANAS COMOSUS),2R/2505/0003 (SIKLUS 1),BEIJING WISAPPLE BIOTECH,HASIL ANALISA KK TMS,CLOSED,,Tidak ada kesalahan sistem pada saat anailsa berlangsung ,Tidak ada penyimpangan saat analisa berlangsung,Penyebab OOS dikarenakan wadah yang digunakan tidak mengguankan wadah yang steril pada saat sampling,"Tidak ditemukan lab errror pada proses analisa, OOS valid. Perlu dipastikan sampel untuk analisa mikro disampling secara aseptis dan mengguanakn wadah steril"
27-Mei-2025,OOS/QC/BPG/MIKRO/0525/007,1AA005000 (ANANAS COMOSUS),2R/2505/0003 (SIKLUS 1 & 2),BEIJING WISAPPLE BIOTECH,HASIL ANALISA KK TMS,CLOSED,,Tidak ada kesalahan sistem pada saat anailsa berlangsung ,Tidak ada penyimpangan saat analisa berlangsung,Penyebab OOS dikarenakan wadah yang digunakan didah menggunakan wadah yang steril pada saat sampling,Tidak ditemukan lab error pada saat proses analisa berlangnsung. OOS valid. pastikan wadah setril untuk sampel mikro
28-Mei-2025,OOS/QC/BPG/MIKRO/0525/008,1AA005000 (ANANAS COMOSUS),2R/2505/0003 (SIKLUS 1 & 2),BEIJING WISAPPLE BIOTECH,HASIL ANALISA KK TMS,CLOSED,,Tidak ada kesalahan sistem pada saat anailsa berlangsung ,Tidak ada penyimpangan saat analisa berlangsung,Penyebab OOS dikarenakan wadah yang digunakan tidak mengguankan wadah yang steril pada saat sampling,OOS valid. Tidak ditemuakna lab error pada proses analisa. pastikan wadah yang diguanakan adalah wadah steril
24-Mei-2025,OOS/QC/BPG/MIKRO/0625/011,1AA005000 (ANANAS COMOSUS),2R/2505/0003 (SIKLUS 1 & 2),BEIJING WISAPPLE BIOTECH,HASIL ANALISA KK TMS,CLOSED,,Tidak ada kesalahan sistem pada saat anailsa berlangsung ,Tidak ada penyimpangan selama analisa berlangsung,"Tidak ditemukan lab error pada proses analisa, perlu memastikan penanganan sampling aseptis dan sesuai aturan","Tidak ditemuakan lab error pada proses analisa. OOS valid, pastikan wadah untuk sample mikro menggunakan wadah yang steril"
05-Jun-2025,OOS/QC/BPG/PM/0625/001,KARTON KOMIX,1202-B 030625  /  2K/2506/0013,"Oji Sinar Mas Packaging, PT",BERAT TMS UNDER,CLOSED,,Tidak ada kesalahan analisa pada tahapan ini,Tidak ada kesalahan pada analisa. Tidak ditemukan penyimpangan prosedur saat analisa berlangsung.,"Berdasarkan hasil investigasi, tidak ada kesalaha selama proses analisa. Hasil sampling dan analisa dari karton yang berbeda tetap didapati hasil berat, dan karton yang TMS. Penyimpangan berasal dari sample",
02-Jun-2025,OOS/QC/BPG/ST/0625/001,LGRG1,"CE001, CE002, CE003",NA,TMS  GINGEROL,CLOSED,,Tidak terjadi kesalahan pada tahap 1.a,Tidak terjadi kesalahan apda tahap 1.b,"Tidak ditemukan lab error pada proses analisa. OOS valid, sample sudah ed +1 tahun","Tidak ditemukan lab error pada proses analisa. OOS valid, sample sudah ed +1 tahun"
11-Apr-2025,OOS/QC/BPG/MIKRO/0425/008,BLANKO RO & BILASAN ST 5/16,ST 5/16,NA,HASIL ANALISA TPC TMS,CLOSED,,Tidak ada kesalahan sistem pada saat anailsa berlangsung ,Tidak ada penyimpangan selama analisa berlangsung,"Tidak ditemukan lab error pada proses analisa, perlu memastikan penanganan sampling aseptis dan sesuai aturan","Tidak ditemukan lab error pada proses anlisa, OOS valid. Pastikan proses sampling dan handling sample dilakukan secara aseptis."
10-Jun-2025,OOS/QC/BPG/FG/0625/001,POSN1,HF890,NA,CAFF. TMS ,CLOSED,,Tidak terdapat penyimpangan pada tahap 1.a,Tidak terdapat penyimpangan pada tahap 1.b,caffein tidak homogen,
11-Jun-2025,OOS/QC/BPG/ST/0625/002,LKMC1,"AF004, AF005, AF006",NA,VISKO TMS,CLOSED,,Tidak terjadi kesalahan pada tahap 1.a,Tidak terjadi kesalahan pada tahap 1.b,"Tidak ditemukan penyebab penyimpangannya pada proses analisa. Viskositas TMS disebabkan sample yang sudah ED, bentuk cairan lebih encer dan terjadi penurunan kualitas fisik",Tidak ditemukan lab error pada proses analisa. OOS valid akrena spl sudah ED +1 thn
,OOS/QC/BPG/EHM/0625/001,Demin Panas Comp. Liquid 1 (Cleaning mesin fiiling),S.2.5,NA,Hasil TOC TMS,CLOSED,,Tidak ada gangguan sistem ketika analisa berlangsung,Tidak ada kesalahan anlisa saat analisa berlangsung,"Sudah dilakukan perubahan spesifikasi 500 menjadi 2000, tetapi hasil analisa terkadang masih OOS. Tidak ada proses yang mengurangi kadar TOC, sehingga tergantung pada air dingin yang di supply dari tangki utama","Tdak ditemukan lab error pada proses anlisa. OOS valid, hasil analisa sampling ulang MS."
17-Jun-2025,OOS/QC/BPG/MIKRO/0425/009,AIR RO COMPOUNDING LIQUUID 3,R.2.2,NA,TMS,CLOSED,,Tidak ada ganguan sistem saat analisa berlangsung,Tidak ada penyimpangan saat analisa berlangsung,Terdapat pertumbuhan pada asample awal maupun PU (beda sample) dan SU. Air R.22 cenderung mengandung mikroba perlu dipastikan proses sampling dilakukan dengan baik (pastikan aseptis),"Tidak ditemukan lab error pada proses analisa, hasil analisa ulang (sample berbeda) MS, OOS valid. "
24-Jun-2025,OOS/QC/BPG/FG/0625/002,LNKKB,HF140,NA,TMS BOBOT SACHET,CLOSED,CAPA/QC/BPG/FG/0625/001,Terdapat penyimpangan pada tahap 1.a yaitu penimbangan sacher tidak sesuai prosedur,Tidak terdapat penyimpangan pada tahap 1.b,Dilakukan timbang ulang sch,Analis perlu training ulang penggunaan timbangan yang benar
,Cancel OOT,PWSN1,HF217,NA,TIDAK ADA TAT PADA HYDROTALCITE,CLOSED,,Tidak terdapat penyimpangan pada tahap 1.a,Terdapat penyimpangan pada tahap 1.b yaitu larutan bufer,Terdapat kontaminasi pada larutan bufer,
20-Jun-2025,OOS/QC/BPG/MIKRO/0625/001,1AS004000 (SUCCUS A),(24.7155) 2R/2506/0079,Extraits Vegetaux et Derives,HASIL ANALISA TPC TMS,CLOSED,,Tidak ada ganguan sistem saat analisa berlangsung,Tidak ada penyimpangan saat analisa berlangsung,"Hasil analisa SU OOS. Tidak ditemukan lab eror pada proses analisa. RM dengan manufacturer lot yang sama mengalami pertumbuhan yang serupa. OOS Valid. RM direject sebagai code succus A, tetapi dapat diterima sebagai Succus B.","Hasil analisa SU OOS, tidak ditemuakn lab error pada proses analisa. RM dengan manufacturing lot yang sama mengalami pertumbuhan serupa. OOS valid. RM di reject sebagai code succus A tetapi dapat diterima sebagai succus B"
22-Jun-2025,OOS/QC/BPG/MIKRO/0625/002,"1AZ004000 (ZINGIBER LE 1,5-3%)",046DA (2R/2506/0100),"PHYTOCHEMINDO REKSA, PT","HASIL ANALISA TPC OOS DI VAT 1 S.D 4
KK OOT DI VAT 1 DAN OOS DI VAT 2 & 4",CLOSED,,Tidak ada kesalahan sistem pada saat analisa berlangsung,Tidak ada penyimpangan selama analisa berlangsung,"Hasil SU dan PU TMS, tidak ditemukan lab error selama proses analisa, OOS valid karena material.","Tidak ditemukan lab error pada proses analsa, sudah dilakukan sampling ualnga dengan hasil yang serupa. OOS berasal dari amterial. RM zingiber 2R/2506/0100 di reject"
23-Jun-2025,OOS/QC/BPG/MIKRO/0625/003,SWAB PERSONIL SUDARSONO KERAH,KERAH,NA,HASIL ANALISA TPC TMS,CLOSED,,Tidak ada kesalahan sistem pada saat analisa berlangsung,Tidak ada penyimpangan selama analisa berlangsung,lakukan su untuk memastikan hasil yang OOS,Tidak ditemukan lab error pada proses analisa. hasil analisa SU MS. perlu dipastikan hygine operator dilakukan dengan konsisten.
23-Jun-2025,OOS/QC/BPG/MIKRO/0625/004,SWAB PERSONIL GILANG TANGAN,TANGAN,NA,HASIL ANALISA TPC TMS,CLOSED,,Tidak ada kesalahan saat analisa berlangsung,Tidak ada penyimpangan selama analisa berlangsung ,"Tidak ditemukan penyebab penyimpangan pada proses analisa, OOS kemungkinan berasal dari sample",Tidak ditemukan lab error pada proses analisa. Hasil sampling & analisa ulang MS. Pastikan operator melakukan melakukan hygine dengan bauk. OOS valid
20-Jun-2025,OOS/QC/BPG/MIKRO/0625/005,AIR PAM CUCI ALAT PRODUKSI,P.2.6,NA,HASIL ANALISA TPC & KK TMS,CLOSED,,Tidak ada kesalahan sistem saat analisa berlangsung,Tidak ada penyimpangan saat analisa berlangsung,"Dari hasil SU didapat hasil analisis MS, sehingga penyebab penyimpangan dapat berasal dari kondisi saat sampling awal (wadah, tehnik sampling)","Tidak ditemukan lab error pada proses analisa. OOS valid, berasal dari spl, pastikan sampling dilakukan dengan tehnik aseptis"
20-Jun-2025,OOS/QC/BPG/MIKRO/0625/006,AIR PAM BUFFER PRODUKSI LT 2,P.2.7,NA,HASIL ANALISA TPC TMS,CLOSED,,Tidak ada kesalahan sistem saat analisa berlangsung,Tidak ada penyimpangan selama analisa berlangsung,"Dari hasil SU didapat hasil analisa MS, sehingga penyebab dapat berasal dari kondisi saat sampling awal (wadah, tehnik sampling)","Hasil analisa PU TMS, SU MS. Tidak ditemukan lab error pada proses analisa. OOS valid. Berasal dari sample. Pastikan proses sampling aseptis & pembilasa / pembuangan air sebelum sampling dilakukan dengan cukup."
06-Jun-2025,OOS/QC/BPG/MIKRO/0625/007,BLANKO RO LGRGA HE013,LGRGA HE013,NA,HASIL ANALISA TPC TMS,CLOSED,,Tidak ada kesalahan sistem saat analisa berlangsung,Tidak ada penyimpangan selama analisa berlangsung,"Tidak ditemukan lab error pada proses analisa, oos valid, check handling sample sudah aseptis / sesuai aturan",Tidak ditemukan lab error pada proses analisa. OOS valid. Pastikan proses sampling &penanganan spl dilakukan sesuai aturan
06-Jun-2025,OOS/QC/BPG/MIKRO/0625/008,AIR BILASAN ILAPAK 1 LINE 1,EX. LPRGH HE020,NA,HASIL ANALISA TPC TMS,CLOSED,,Tidak ada kesalahan sistem saat analisa berlangsung,Tidak ada penyimpangan selama analisa berlangsung,Tidak ditemukan lab error apda proses. oos valid. Hasil TMS mungking disebabkan pembersihan kurang efektif,Tidak ditemukan lab error pada proses analisa. OOS valid. Perlu diperhatikan proses pencucian mesin.
08-Jun-2025,OOS/QC/BPG/MIKRO/0625/009,BLANKO RO LGRGA HE011,LGRGA HE011,NA,HASIL ANALISA TPC & KK TMS,CLOSED,,Tidak ada kesalahan sistem saat analisa berlangsung,Tidak ada penyimpangan selama analisa berlangsung,Tidak ada lab error pada saat analisa berlangsung. OOS valid. Cek handling sample sudah aseptis (sesuai aturan),Tidak ditemukan lab error pada proses analisa. OOS valid. Pastikan sampling dilakukan secara aseptis 
12-Sep-2025,OOS/QC/BPG/OJ/0924/001,LCLZC,GJ111,NA,KADAR CTM MELEBIHI UCL,CLOSED,DEV/QPR/PLG/PR/0924/014,"Tidak terjadi penyimapngan pada tahap 1.a, penyelidikan dilanjut ke tahap 1.b",Tidak terdapat kesalahan pada tahap 1.b,Perlu dilakukan sampling ulang terhadap bulk mixing pada titik ATB,"Tidak ditemukan lab error pada proses analisa, OOS valid disebabkan 01 spl yang kurang homogen"
26-Jun-2025,OOS/QC/BPG/ST/0625/003,LNKO1,CF035,NA,KADAR PE DAN CTM TMS,CLOSED,,Tidak terjadi kesalahan pada tahap 1.a,Tidak terjadi kesalahan pada tahap 1.b,Tidak ditemukan penyimpangan pada tahap analisa. Kemungkinan sample TMS dikarenakan mengalami penurunan kuaitas produk,"Tidak ditemukan lab error pada proses analisa, OOS valid. Sample sudah ED + 1 thn."
01-Jul-2025,OOS/QC/BPG/EHM/0725/001,"Demin Panas Comp. Liquid 1,  Comp. Liquid 1 (Cleaning mesin fiiling)","S.2.1, S.2.5",NA,Hasil TOC TMS,CLOSED,,Tidak ada kesalahan sistem pada saat analisa berlangsung,Tidak ada kesalahan analisa selama analisa berlangsung,Hasil SU MS (beda botol dan sample dengan sample awal).,"Hasil sampling ulang MS, pastikan input air dan proses sampling dilakukan dengan tepat. OOS valid."
04-Jul-2025,OOS/QC/BPG/ST/0725/001,LNKO1/LNKOD,GA760,NA,TMS PE HCL,CLOSED,,Tidak terjadi kesalahan pada tahap 1.a,Tidak terjadi kesalahan pada tahap 1.b,Tidak ditemukan penyebab penyimpangan pada tahap analisa. kemungkinan sample TMS karena sudah mengalami penurunan kualitas produk,Tidak ditemukan lab error pada proses analisa. OOS valid. Sedang dilakukan optimasi formula di RnD
,,,,,,,,,,,
10-Jul-2025,OOT/QC/BPG/FG/0725/001,POSN1,HG906,NA,MELEBIHI UCL CAFFEIN,CLOSED,,"Tidak terjadi penyimapngan pada tahap 1.a, penyelidikan dilanjut ke tahap 1.b",Tidak terdapat kesalahan pada tahap 1.b,Perlu dilakukan sampling ulang terhadap bulk mixing pada titik ATB,
09-Jul-2025,OOT/QC/BPG/MIKRO/0725/001,"1AZ004000 (ZINGIBER LE 1,5-3%)",031FA (2R/2507/0034),"PHYTOCHEMINDO REKSA, PT",HASIL ANALISA TPC OOT VAT 3 & 5,CLOSED,,Tidak ada kesalahan sistem saat analisa berlangsung.,Tidak ada penyimpangan selama analisa berlangsung.,  Dilakukan sampling dan analisa ulang dengan hasil KK melebihi spek pertumbuhan mikroba yang tinggi berasal dari sample yang TMS.,"Tidak ditemukan lab error pada proses analis. OOS valid, RM zingiber direject."
09-Jul-2025,OOS/QC/BPG/MIKRO/0725/001,"1AZ004000 (ZINGIBER LE 1,5-3%)",109FA (2R/2507/0035),"PHYTOCHEMINDO REKSA, PT",HASIL ANALISA TPC OOS VAT 1 S/D 5,CLOSED,,Tidak ada ganguan sistem saat analisa berlangsung,Tidak ada penyimpangan selama analisa berlangsung,Tidak ditemukan error pada proses analisa. OOS valid. RM zingiber di reject,
20-Jun-2025,OOS/QC/BPG/MIKRO/0625/010,BILASAN ILAPAK 11 LINE 1 S/D 6,NA,NA,HASIL ANALISA TPC TMS,CLOSED,,Tidak ada kesalahan sistem saat analisa berlangsung,Tidak ada penyimpangan selaam analisa berlangsung,"Tidak ditemukan lab error pada proses analisa (OOS valid). Perlu perhatikan metode sampling, botol sampling dan metode sampling serta penanganan sample",Tidak ditemukan lab error pada proses analisa pastikan cleaning mesin dilakukan sesuai dengan prosedur yang valid. OOS valid.
18-Jul-2025,OOS/QC/BPG/ST/0725/002,LKXO1,GA287,NA,IDEN VITEX TMS,CLOSED,,Tidak terjadi kesalahan pada tahap 1.a,Tidak terjadi kesalahan pada tahap 1.b,Dari hasil analisa dengan sachet berbeda didapatkan kromatogram vitex lebih rendah dari analisa standar. Peyebab penyimpangan dikarenakan sample sudah mengalami penurunan kualitas dan homogenitas sample perlu diperhatikan saat preparasi analisa.,Hasil analisa sample ulang dan retained sample MS (Teridentifikasi dengan luas area sangat kecil. Tidak terdapat error pada proses analisa. OOS valid
21-Jul-2025,OOS/QC/BPG/ST/0725/003,LNKK1,GJ119,NA,PE TMS,CLOSED,,Tidak terjadi kesalahan pada tahap 1.a,Tidak terjadi kesalahan pada tahap 1.b,Tidak terjadi dan tidak ditemukan penyebab penyimpangan pada proses analisa. Kadar PE TMS disebabkan sample telah mengalami penurunan kadar.,Tidak ditemukan lab error pada proses analisa. OOS valid. On progress reformulasi oleh RnD.
17-Mei-2025,OOS/QC/BPG/MIKRO/0525/009,BILASAN ST 7,AFTER PERBAIKAN BALING-BALING,NA,HASIL ANALISA TPC TMS,CLOSED,,Tidak ada kesalahan sistem saat analisa berlangsung.,Tidak ada peyimpangan selama analisa berlangsung.,"Berdasarkan hasil investigasi, tidak ada kesalahan selama proses analisa. Hasil yang menyimpang berasal dari kondisi sample bilasan ST7 yang memang TMS. Pastikan proses cleaning dilakukan sesuai prosedur. ",Tidak ditemukan lab error pada proses analisa. OOS valid. Pastikan peoses cleaning dilakukan dengan baik.
06-Jun-2025,OOS/QC/BPG/MIKRO/0625/012,BILASAN ILAPAK 1 LINE 1,EX. LPRGH HE020,NA,HASIL ANALISA TPC TMS,CLOSED,,Tidak ditemukan kesalahan sistem saat analisa berlangsung.,Tidak ditemukan penyimpangan selama analisa berlangsung,"Berdasarkan hasil investigasi, tidak ada kesalahan selama proses analisa. Potensi penyimpanagn berasal dari sample itu sendiri.Pastikan proses cleaningn dilakukan sesuai prosedur.",Tidak ditemukan lab error pada proses analisa. OOS valid. 
23-Jul-2025,OOS/QC/BPG/ST/004,LNKO1,Divi Laboratories,NA,PE TMS,CLOSED,,Tidak terjadi kesalahan pada tahap 1.a,Tidak terjadi kesalahan pada tahap 1.b,Tidak ditemukan kesalahan pada proses analisa. Kadar TMS karena formula produk tidak stabil.,
23-Jul-2025,OOE/QC/BPG/RM/0725/001,DEXTROMERTOPHAN HBr,2R/2507/0106,DIVI LABORATORIES,RT DEXTRO MUNDUR,CLOSED,,Pengujian berjalan normal tanpa kendala,Analisa dilakukan sesuai prosedur & tidak terdapat keanehan pada sampel dan reagent ,Hasil pembuatan ulang eluen dari beberapa analis didapatkan runtime yang sesuai.,
01-Agu-2025,OOS/QC/BPG/ST/0825/001,LPRG4,GA016,NA,TMS SIMETHICONE,CLOSED,,Tidak terjadi kesalahan pada tahap 1.a,Tidak terjadi kesalahan pada tahap 1.b,Tidak ditemukan penyebab penyimpangan pada proses analisa. Hasil kadar TMS diakrenakan produk sudah mengalalmi penurunan kualitas.,Tidak ditemukan lab error pada proses analisa. OOS valid.
01-Agu-2025,OOS/QC/BPG/PM/0825/001,PACK EJ SPORT BANANA,2K/2508/0008,"CAHAYA ABADI GRAFIKA, PT",BERAT DAN GRAMATURE PACK TMS,CLOSED,,Tidak terdapat error pada alat yang digunakan. Tidak terjadi kesalahan analisa maupun kegagalan karena faktor external pada tahapan ini.,Tidak ada penyimpangan prosedur ketika analisis berlangsung,"Berdasarkan hasil investigasi, tidak ada kesalaha selama proses analisa. Hasil sampling dan analisa dari karton yang berbeda tetap didapati hasil berat, dan karton yang TMS. Penyimpangan berasal dari sample","Tidak ada lab error pada proses analisa. OOS disebabkan oleh sample, OOS valid. Hasil tidak sesuai spek, apabila material perlu dipakai review dampak depan ederiaton dan dapat diluluskan apabila dampak dapat ditoleransi."
06-Agu-2025,OOS/QC/BPG/EHM/0825/001,Comp. Liquid 1,R.2.1,NA,HASIL pH TMS,CLOSED,,Tidak terjadi kesalahan analisa ataupun kegagalam karena faktor eksternal pada tahapan ini.,Tidak ada penyimpangan prosedur ketika analisis berlangsung.,Setelah dilakukan flushing dan dilakukan sampling ulang hasil potensi penyimpangan berasal dari sample air RO itu sendiri.,Sudah dilakukan verifikasi dan cek ulang. Hasil masih OOS setelah dikuras hadil MS. OOS valid. Lanjutkan dengan penyimpangan untuk produk-produk terkait.
23-Jul-2025,OOS/QC/BPG/MIKRO/0725/002,1AP007000,LB71125-01,"NATRINDO SURYA PRIMA, PT",HASIL ANALISA TPC OOS DAN KK OOT,CLOSED,,Tidak terjadi kesalahan analisa ataupun kegagalan karena faktor eksternal pada tahpan ini.,Tidak ada penyimpangan prosedur ketika analisis berlangsung. ,Potensi penyimpangan berasal dari sample itu sendiri.,Tidak ditemukan lab error pada proses analisa. OOS valid. Minta sample perbaikan ke vendor.
22-Jul-2025,OOS/QC/BPG/MIKRO/0725/003,AIR PAM BUFFER PRODUKSI LT.1 ,P.1.2,NA,HASIL ANALISA TPC TMS,CLOSED,DEV-B7PLG-08-2025-0086,Tidak terjadi kesalahan analisa ataupun kegagalan karena faktor external pada tahapan ini.,Tidak ada penyimpangan prosedur ketika analisis berlangsung. ,"Berdasarkan hasil investigasi, tidak ada kesalahan selama analisa sebelum dilakukan sampling ulang dialkukan flushing selama 10 menit, dan pembersihan jalur di fasiliats produksi. Hasil SU memenuhi syarat. Perlu dipastikan dilakukan flushing selama 10 menit pada jalur air PAM dan dilakukan pembersihan secara rutin pada jalur air",Tidak ditemuklan lab error pada proses analisa. OOS valid. Perlu dipastikan kebersihan jalur dan air PAM sesuai spek.
28-Jul-2025,OOS/QC/BPG/MIKRO/0725/004,AIR PAM CUCI ALAT TIMBANG,P.1.5,NA,HASIL ANALISA TPC TMS,CLOSED,DEV-B7PLG-08-2025-0086,Tidak terjadi kesalahan analisa ataupun kegagalan karena faktor eksternal pada tahapan ini,Tidak ada kesalahan analisa atau penyimpangan prosedur ketika analisa,"Berdasarkan hasil investigasi, tidak ada kesalahan selama analisa. Sebelum dilakukan sampling ulang dilakukan flushing selama 10 menit dan pembersihan jalur air PAM. Hasil SU memenuhi syarat. Perlu dipastikan dilakukan flushing selama 10 menit pada jalur air PAM dan dilakukan pembersihan secara rutin pada jalur air PAM","Tidak ditemukan kesalahan analisa / lab error. OOS Valid, pastikan sebelum sampling dilakukan pembersihan pada Hk outlet. "
22-Jul-2025,OOS/QC/BPG/MIKRO/0725/005,SWAB PERSONIL FAUZI TEKNIK DADA,DADA,NA,HASIL ANALISA TPC TMS,CLOSED,,Tidak terjadi kesalahan analisa ataupun kegagalan karena faktor eksternal pada tahapan ini,Tidak ada penyimpangan prosedur  ketika analisis berlangsung.,Dilakukan sampling dan analisa ulang didapati hasil MS. Potensi penyimpangan memang berasal dari hygine personil yang kurang ketika diswab.,"Tidak ditemukan llab error pada proses analisa, OOS valid. Hasil analisa sampling ulang MS. Perlu ditingkatkan hygine personil."
05-Agu-2025,OOS/QC/BPG/MIKRO/0825/001,AIR BILASAN SILVERSON BEFORE,BEFORE LKKSB HH077,NA,HASIL ANALISA TPC TMS,CLOSED,,Tidak terjadi kesalahan analisa ataupun kegagalan karena faktor eksternal pada tahapan ini,Tidak ada pengimpangan prosedur ketika analisis berlangsung ,"Berdasarkan hasil investigasi, tidak ada kesalahan slama proses analisa. Hasil yang TMS kemungkinan terjadi karena proses cleaning yang kurang maksimal.",Tidak ditemukan lab error pada proses analisa. OOS valid. Pastikan cleaning dilakukan sesuai prosedur yang tervalidasi.
30-Jul-2025,OOT/QC/BPG/MIKRO/0825/001,HONEY LIQUID,026/PLG-NAS/VI/25 (2R/2507/0137),"NUR ABADI SEJAHTERA, PT",HASIL ANALISA KK OOT,CLOSED,,Tidak terjadi kesalahan analisa ataupun kegagalan karena faktor eksternal pada tahapan ini,Tidak ada penyimpangan prosedur ketika analisis berlangsung,Hasil analisa ulang dan sampling ulang masih ditemukan pertumbuhan dan masih berada dalam range. OOT valid. RM honey dapat diluluskan. Pastikan tidak digunakan untuk produk dengan QOTR,
11-Agu-2025,OOS/QC/BPG/OJ/0825/001,LKNT1,HH463,NA,"PEAK CTM PECAH, PEAK GG GESER,. SODIUM BENZOATE OVER",CLOSED,,Tidak terjadi kesalahan pada tahap investigasi 1.a,Tidak terjadi kesalahan pada investigasi tahap 1.b,Tidak ditemukan penyebab penyimpangan pada proses analisa. Alat Instrumen yang digunakan sama dan analis sama. Kemungkinan kontaminasi pada sample setelah dilakukan sampling.,
13-Agu-2025,OOS/QC/BPG/MIKRO/0825/002,SWAB DINDING KANAN DAN AIR BILASAN MTT3,EX. LPRG,NA,HASIL ANALISA TPC TMS,CLOSED,,Tidak terjadi kesalahan analisa ataupun kegagalan karena faktor eksternal pada tahapan ini,Tidak terjadi kesalahan analisa ataupun kegagalan karena faktor eksternal pada tahapan ini,Tidak ditemukan error pada proses analisa. OOS valid. Perlu dipastikan proses sampling dan penanganan pasca sampling.,
13-Agu-2025,OOS/QC/BPG/MIKRO/0825/003,"SWAB DASAR, TUTUP DAN AIR BILASAN MESIN JOYEA",TRIAL LEJS,NA,HASIL ANALISA TPC TMS,CLOSED,,Tidak terjadi kesalahan analisa ataupun kegagalan karena faktor eksternal pada tahapan ini,Tidak terjadi kesalahan analisa ataupun kegagalan karena faktor eksternal pada tahapan ini,Tidak ditemukan error pada proses analisa. OOS valid. Perlu dipastikan proses sampling dan penanganan pasca sampling.,
13-Agu-2025,OOS/QC/BPG/MIKRO/0825/004,SWAB DASAR DAN AIR BILASAN SILVERSON,BEFORE LKKSB HH077,NA,HASIL ANALISA TPC TMS,CLOSED,,Tidak terjadi kesalahan analisa ataupun kegagalan karena faktor eksternal pada tahapan ini,Tidak terjadi kesalahan analisa ataupun kegagalan karena faktor eksternal pada tahapan ini,Tidak ditemukan error pada proses analisa. OOS valid. Perlu dipastikan proses sampling dan penanganan pasca sampling.,
20-Agu-2025,OOS/QC/BPG/MIKRO/0825/005,MENTHAE PIPERITAE,2R/2508/0119,BIOSEARCH LIFE EXXENTIA,HASIL ANALISA KK OOS,CLOSED,,Tidak terjadi kesalahan analisa ataupun kegagalan karena faktor eksternal pada tahapan ini.,Tidak ada penyimpangan prosedur ketika analisis berlangsung,"Berdasarkan hasil investigasi, tidak ada kesalahan selama proses analisa. Hasil yang menyimpang berasal dari sample itu sendiri yang memang TMS.",
20-Agu-0205,OOS/QC/BPG/EHM/0825/002,"Demin Panas Comp. Liquid 1, Comp. Solid 2","S.2.1, S.2.2",NA,Hasil TOC TMS,CLOSED,,Tidak ada kesalahan analisa ataupun kegagalan karena faktor eksternal pada tahapan ini.,Tidak ada penyimpangan prosedur ketika analisis berlangsung.,Potensi penyimpangan berasal dari sample itu sendiri. perlu ditinjau kembali untuk spesifikasi TOC aquademin panas.,"Tidak ditemukan lab error pada proses analisa, OOS Valid. Perlu diperhatikan proses sampling."
20-Agu-2025,OOS/QC/BPG/ST/0825/002,LEJO1,GB003,NA,TMS VISCO,CLOSED,,Tidak terjadi kesalahan pada tahap 1.a,Tidak terjadi kesalahan pada tahap 1.b,Tidak terdapat kesalahan pada tahap analisa. Viskositas terdapat perubahan spesifikasi ruah dari 4700 - 5400 menjadi 3700 - 6500,Tidak ditemukan lab error pada proses analisa. OOS valid. sudah dilakukan adjustment spek produk untuk mencover.
21-Agu-2025,OOS/QC/BPG/ST/0825/003,LNKK1,"GH111, GH112, GH113",NA,TMS PE HCL,CLOSED,,Tidak terjadi kesalahan pada tahap 1.a,Tidak terjadi kesalahan pada tahap 1.b,Tidak ditemkukan penyebab penyimpangan pada proses analisa. Kadar sample TMS disebabkan sample telah mengalami penurunan kualitas.,Tidak ditemukan lab error pada proses analisa. OOS valid. sedang dilakukan reformulasi.
19-Agu-2025,OOS/QC/BPG/EHM/0825/003,"R.2.2, R.2.4, R.2.7, R.2.11, R.3.4, R.3.5","RO Comp. Liquid 3 PW Gen 2, Comp. Solid 2, Comp. Solid 5, R. Cuci Alat Produksi 2, PW Tank PW Gen 3 Lt. 3, Comp. Liquid 4 ",NA,Hasil TOC TMS,CLOSED,,Tidak terjadi kesalahan analisa ataupun kegagalan karena faktor eksternal pada tahapan ini.,Tidak ada penyimpangan prosedur ketika analisis berlangsung.,Sudah dilakukan sampling ulang dan analisa ulang hasil tetap TMS. Potensi penyimpangan berasal dari sample itu sendiri. Perlu ditinjau kembali treatment air dan pastikan sanitasi sesuai dengan prosedur.,Tidak ditemukan lab error pada proses analisa. OOS valid.
18-Agu-2025,OOS/QC/BPG/MIKRO/0825/006,PSIDIUM GUAJAVA,LB 80125-01,"NATRINDO SURYA PRIMA, PT",HASIL ANALISA TPC DAN KK OOS ,CLOSED,,Tidak terjadi kesalahan analisa ataupun kegagalan karena faktor eksternal pada tahapan ini,Tidak terjadi kesalahan analisa ataupun kegagalan karena faktor eksternal pada tahapan ini,Tidak ditemukan lab error pada proses analisa. OOS valid. RM divers perlu perbaikan lebih lanjut,
18-Agu-2025,OOS/QC/BPG/MIKRO/0825/007,PSIDIUM GUAJAVA,LB 80125-02,"NATRINDO SURYA PRIMA, PT",HASIL ANALISA TPC DAN KK OOS ,CLOSED,,Tidak terjadi kesalahan analisa ataupun kegagalan karena faktor eksternal pada tahapan ini,Tidak ada penyimpangan prosedur ketika analisis berlangsung,Tidak ditemukan lab error pada proses analisa. OOS valid. RM divers perlu perbaikan lebih lanjut,
16-Agu-2025,OOS/QC/BPG/MIKRO/0825/008,SWAB DINDING KIRI DAN AIR BILASAN MESIN ST 11,NA,NA,HASIL ANALISA TPC TMS,CLOSED,,Tidak terjadi kesalahan analisa ataupun kegagalan karena faktor eksternal pada tahapan ini,Tidak ada penyimpangan prosedur ketika analisis berlangsung,Tidak ditemukan lab error pada proses analisa. OOS valid. ,
29-Agu-2025,OOS/QC/BPG/MIKRO/0825/009,SWAB BIN EX POSNA,NA,NA,HASIL ANALISA TPC TMS,CLOSED,,Tidak terjadi kesalahan analisa ataupun kegagalan karena faktor eksternal pada tahapan ini.,Tidak ada penyimpangan prosedur ketika analisis berlangsung.,Potensi penyimpangan berasal dari proses pembersihan yang belum optimal. Pastikan proses cleaning dilakukan sesuai prosedur,Hasil sampling ulang MS pastikan cleaning dilakukan sesuai prosedur yang valid. Tidak ditemukan lab error pada proses analisa. OOS valid.
25-Agu-2025,OOS/QC/BPG/ST/0825/004,POSN1,EH034,NA,TMS CAFFEIN DAN ACETOSAL,CLOSED,,Tidak ditemukan kesalahan pada investigasi tahap 1.a,Tidak ditemukan kesalahan pada investigasi tahap 1.b,Kadar zat aktif TMS karena produk sudah mengalami penurunan kualitas.,"Tidak ditemukan kesalahan selama proses analis, sample merupakan ED +1 tahumn dan sebelumnya TMS. OOS valid."
25-Agu-2025,OOS/QC/BPG/EHM/0825/004,"R.2.5, R.2.6, R.2.7, R.2.9, R.2.10, R.2.11, R.3.3, R.3.4, R.3.5","RO Comp. Solid 3, Comp. Solid 4, Comp. Solid 5, Comp. Liquid 3 (cleaning mesin fillimg), R. Cuci Alat Produksi 1, R. Cuci Alat Produksi 2, PW Tank PW Gen 2 (After UV), PW Tank PW Gen 3 Lt. 3, Comp. Liquid 4 ",NA,Hasil TOC TMS,CLOSED,,Tidak terjadi kesalahan analisa ataupun kegagalan faktor eksternal pada tahapan ini.,Tidaka ada penyimpangan prosedur ketika analisis berlangsung.,Sudah dilakukan sampling ulang dan analisa ulang hasil tetap TMS. Potensi penyimpangan berasal dari sample itu sendiri. Perlu ditinjau kembali treatment air dan pastikan sanitasi dilakukan berkala sesuai dengan prosedur.,"Tidak ditemukan lab error pada proses analisa, OOS valid."
28-Agu-2025,OOS/QC/BPG/ST/0925/001,LEJO1,HB025,NA,TMS VISCOSITAS,CLOSED,,Tidak ditemukan kesalahan pada investigasi tahap 1.a,Tidak ditemukan kesalahan pada investigasi tahap 1.b,Tidak ditemukan penyimpangan pada tahap analisa.,OOS tidak perlu ke tahap 2 karena mengggunakan spec terupdate
01-Sep-2025,OOS/QC/BPG/ST/0925/002,LNKO1,EH093,NA,INTAN,CLOSED,,Tidak terjadi kesalahan pada investigasi tahap 1.a,Tidak terjadi kesalahan pada investigasi tahap 1.b,Tidak ditemukan penyebab penyimpangan pada proses analisa. kadar TMS dikarenakan kualitas produk sudah menurun.,"Tidak ditemukan lab error pada proses analisa. OOS valid, berasal dari sample ED + 1 tahun."
04-Sep-2025,OOS/QC/BPG/ST/0925/003,LNKO1,FJ712,NA,TMS PE HCL ,CLOSED,,Tidak terjadi kesalahan pada investigasi tahap 1.a,Tidak terjadi kesalahan pada investigasi tahap 1.b,Tidak ditemukan penyebab penyimpangan pada proses analisa. Hasil kadar TMS dikarenakan kualitas produk yang mengalami penurunan.,"Tidak ditemukan lab error pada proses analisa. OOS valid. Sample sudah ED, sedang reformulasi oleh RND"
04-Sep-2025,OOS/QC/BPG/ST/0925/004,LNKO1,FJ713,NA,TMS PE HCL  DAN CTM,CLOSED,,Tidak terjadi kesalahan pada investigasi tahap 1.a,Tidak terjadi kesalahan pada investigasi tahap 1.b,Tidak ditemukan penyebab penyimpangan pada proses analisa. Hasil analisa TMS dikarenakan produk sudah mengalami penurunan kualitas.,Tidak ditemukan lab error pada p[roses analisa. OOS valid. Berasal dari sample yang sudah ED. Sedang dilakukan reformulasi.
08-Sep-2025,OOS/QC/BPG/ST/0925/005,POSN1,EJ064,NA,TMS ACETOSAL,CLOSED,,Tidak ditemukan kesalahan pada investigasi tahap 1.a,Tidak ditemukan kesalahan pada investigasi tahap 1.b,Tidak ditemukan penyebab penyimpangan pada tahap analisa. Hasil kadar TMS kemungkinan karena sample (zat aktif) sudah mengalami penurunan kualitas., Tidak ditemukan lab error pada proses analisa. OOS valid. Berasal dari sample yang sudah ED +1 tahun.
07-Sep-2025,OOS/QC/BPG/MIKRO/0925/001,SWAB MESIN SILVERSON BAGIAN AGITATOR,NA,NA,HASIL ANALISA TPC TMS,CLOSED,,Tidak terjadi kesalahan analisa ataupun kegagalan karena faktor eksternal pada tahapan ini,Tidak ada penyimpangan prosedur ketika analisis berlangsung,Tidak ditemukan lab error pada proses analisa. OOS valid. Pastikan proses cleaning dilakukan sesuai prosedur yang valid.,
07-Sep-2025,OOS/QC/BPG/MIKRO/0925/002,SUCCUS A,2R/2509/0018/ (257.087) VAT 1-6,EXTRAITS VEGETAUX ET DERIVES,HASIL ANALISA TPC OOS VA T 1-6,CLOSED,,Tidak terjadi kesalahan analisa ataupun kegagalan karena faktor eksternal pada tahapan ini,Tidak ada penyimpangan prosedur ketika analisis berlangsung,Tidak ditemukan lab error pada proses analisa. OOS valud. Perlu diperhatikan proses sampling.,"Tidak ditemukan laberror pada proses analisa. OOS valid, hasil analisa ulang masih OOS. RM Succus 2R/2509/0018 di reject."
07-Sep-2025,OOT/QC/BPG/MIKRO/0925/001,SUCCUS A,2R/2509/0017/VAT 7&6 (247.156),EXTRAITS VEGETAUX ET DERIVES,HASIL ANALISA TPC OOT VAT 6&7 ,CLOSED,,Tidak terjadi kesalahan analisa ataupun kegagalan karena faktor eksternal pada tahapan 1.a,Tidak ada penyimpangan pada prosedyr ketika analisis berlangsung,"Berdasarkan hasil investigasi tidak ada kesalahan atau penyimpangan prosedur selama analisa. sudah dilakukan sampling dan analisa ulang dari vat yang sama, hasil tetap OOT TPC. RM rekomendasi release dengan penyimpangan.",Sudah dilakuakan sampling dan analisa ulang dengan hasil serupa. OOT valid. RM dapat diluluskan dengan pengendalian pemakaian tercatat dengan edeviation.
08-Sep-2025,OOS/QC/BPG/MIKRO/0925/003,MENTHAE PIPERITAE (WS DIVEERS),LB 82125-01,"NATRINDO SURYA PRIMA, PT ",HASIL ANALISA KK OOS,CLOSED,,Tidak terjadi kesalahan analisa ataupun kegagalan karena faktor eksternal pada tahapan 1.a,Tidak ada penyimpangan pada prosedyr ketika analisis berlangsung,Tidak ditemukan lab error pada proses analisa. OOS valid. RM divers perlu perbaikan lebih lanjut,
08-Sep-2025,OOS/QC/BPG/MIKRO/0925/004,MENTHAE PIPERITAE (WS DIVERS),LB 82125 -02 ,NATRINDO SURYA PRIMA PT,HASIL ANALISA KK OOS,CLOSED,,Tidak Terjadi kesalahan analisa ataupun kegagalan karena faktor ekstenal pada tahapan ini.,  Tidak ada penyimpangan prosedur ketilka analisis berlangsung.,"Berdasarkan hasil investigasi, tidak ada kesalahan selama proses analisa. samoke menthae pipertae (WS divers) memang terdapat pertumbuhan mikrobiologi.","Tidak ditemukan lab error pada proses analisa, OOS valid. RM divers dimintakan sample baru."
10-Sep-2025,OOS/QC/BPG/MIKRO/0925/005,MENTHAE PIPERITAE (FPP),2R/2508/0009,NATRINDO SURYA PRIMA PT,HASIL ANALISA KK OOS,CLOSED,,Tidak terjadi kesalahan analisa ataupun kegagalan karena faktor eksternal pada tahapan ini.,Tidak ada penyimpangan prosedur ketika analisis berlangsung.,Berdasarkan hasil investigasi tidak ada kesalahan selama proses analisa sample menthae pipertae (FPP) memang terdapat pertumbuhan mikrobiologi.,"Tidak ditemukan lab error pada proses analisa, OOS valid. RM tidak dapat digunakan sebelum diproses lebih lanjut untuk memusnahkan mikroba."
23-Sep-2025,OOS/QC/BPG/ST/0925/006,POSN1,FJ370,NA,TMS CAFFEIN DAN ACETOSAL,CLOSED,,Tidak ditemukan kesalahan pada investigasi 1.a,Tidak ditemukan kesalahan pada investigasi 1.b,Kadar TMS karena produk sudah mengalami penurunan kualitas,Tidak terdapat kesalahan selama proses analisa. Pada periode 18 bulan sample sudah OOS sehingga pada 24 bulan OOS. OOS valid
29-Sep-2025,OOS/QC/BPG/MIKRO/0925/006,SWAB SWINGBEND FROM MT ST 9,EX. LBXT1 HJ568,NA,HASIL ANALISA TPC TMS,CLOSED,,Tidak terjadi kesalahan analisa ataupun kegagalan karena faktor eksternal pada tahapan ini.,Tidak ada penyimpangan prosedur ketika analisis berlangsung.,"Potensi penyimpangan berasal dari kondisi sample, pastikan proses cleaning / sanitasi dilakuakn sesuai prosedur.",Tidak ditemukan lab error pada proses analisa. OOS valid. Hasil analisa cleaning uang MS. Pastikan prosedur cleaning selalu dilakukan secara efektif.
29-Sep-2025,OOS/QC/BPG/MIKRO/0925/007,SWAB SWINGEND TO ST & SWINGBEND FROM MT ST 7,EX. LBXT1 HJ575,NA,HASIL ANALISA TPC TMS,CLOSED,,Tidak terjadi kesalahan analisa ataupun kegagalan karena faktor eksternal pada tahapan ini.,Tidak ada penyimpangan prosedur ketika analisis berlangsung.,Potensi penyimpangan berasal dari kondisi sample. Pastikan proses cleaning / sanitasi dilakukan sesuai prosedur,Tidak ditemukan lab error pada proses analisa. OOS valid. hasill analisa cleaning ulang MS pastikan proses cleaning dilakukan dengan efektif.
29-Sep-2025,OOS/QC/BPG/MIKRO/0925/008,SWAB SWINGBEND TO ST ST 7,EX. LBXT1 HJ568,NA,HASIL ANALISA TPC TMS,CLOSED,,Tidak terjadi kesalahan analisa ataupun kegagalan karena faktor eksternal pada tahapan ini.,Tidak ada penyimpangan prosedur ketika analisis berlangsung.,Potensi penyimpangan berasal dari kondisi sample. Pastikan proses cleaning dilakukan sesuai prosedur.,"Tidak ditemukan lab error pada proses analisa. OOS valid, pastikan proses cleaning dilakukan secara edektif. Hasil analisa cleaning ulang MS"
01-Okt-2025,OOT/QC/BPG/MIKRO/1025/001,MENTHAE PIPERITAE,9043096 (2R/2509/0110),BIOSEARCH LIFE EXXENTIA,HASIL ANALISA KK OOT,CLOSED,,Tidak terjadi kesalahan analisa ataupun kegagalan karena faktor eksternal pada tahapan ini.,Tidak ada penyimpangan prosedur ketika analisis berlangsung,"Sample RM menthae pipertae memang terdapat pertumbuhan mikroba. Hasil analisa awal dan sampling ulang vat/1 didapati hasil OOT. Rekomendasi dapat dinlir dengan penyimpangan. Analisa ulang dilakukan di QC PG dan QC CKR, vat 1 OOT, vat 2 OOS, on progress identifikasi bakteri di PML (Kemungkinan bukan KK)","Hasil analisa vat 1 tetap OOT, dapat diluluskan, kontrol dan pastikan hasil analisa prodeuk akhir sesuai spek. Status vatv 2 menunggu hasil identifikasi / investigasi lanjutan"
01-Okt-2025,OOS/QC/BPG/MIKRO/1025/001,MENTHAE PIPERITAE,9043096 (2R/2509/0112),BIOSEARCH LIFE EXXENTIA,HASIL ANALISA KK OOS,CLOSED,,Tidak terjadi kesalahan analisa ataupun kegagalan karena faktor eksternal pada tahapan ini.,Tidak ada penyimpangan prosedur ketika analisis berlangsung.,"Hasil analisa dan sampling ulang di Lab QC PG didapati hasil MS, tetapi hasil analisa sample yang sama di lab QC CKR TMS KK di angka 210 (vat 1) dan 228 (vat2). Perlu pemastian untuk disposisi berikutnya.","Hasil analisa ulang didapatkan variasi MS dan TMS tetapi ada pertumbuhuan. Tidak ditemukan lab error pada proses analisa. OOS valid. Perlu investigasi lebih lanjut untuk menetapkan status RM reject / release, terkait RM tersedia hanya 1 lot dan manufacturer akan delisting."
24-Sep-2025,OOS/QC/BPG/ST/0925/007,LNKOA,FJ068,NA,TMS PE HCL  DAN CTM,CLOSED,,Tidak terjadi kesalahan pada tahap 1.a,Tidak terjadi kesalahan pada tahap 1.b,on progress reformulasi,
24-Sep-2025,OOS/QC/BPG/ST/0925/008,LNKOA,GJ114,NA,TMS PE HCL  DAN CTM,CLOSED,,Tidak terjadi kesalahan pada tahap 1.a,Tidak terjadi kesalahan pada tahap 1.b,Tidak ditemukan penyebab penyimpangan pada proses analisa. Kadar PE dan CTM TMS disebabkan sample telah mengalami penurunan kualitas.,"Tidak ditemukan lab error pada proses analisa. OOS valid, onprogress reformulasi oleh RnD."
24-Sep-2025,OOS/QC/BPG/ST/0925/009,LNKOA,FK073,NA,TMS PE HCL  DAN CTM,CLOSED,,Tidak terjadi kesalahan pada tahap 1.a,Tidak terjadi kesalahan pada tahap 1.b,Tidak ditemukan penyebab penyimpangan pada proses analisa. Kadar PE dan CTM TMS disebabkan sample telah mengalami penurunan kualitas.,"Tidak ditemukan lab error pada proses analisa. OOS valid, onprogress reformulasi oleh RnD."
24-Sep-2025,OOS/QC/BPG/ST/0925/010,LPRGG,CG002,NA,TMS SIMETHICONE ,CLOSED,,Tidak terjadi kesalahan pada tahap 1.a,Tidak terjadi kesalahan pada tahap 1.b,Tidak ditemukan penyebab penyimpangan pada tahap analisa. Kadar TMS karena produk sudah mengalami penurunan kualitas,"   Tidak ditemukan laboratori  error pada proses analisa, OOS valid. Produk sudah ED +1 tahun."
24-Sep-2025,OOS/QC/BPG/ST/0925/011,LPRGH,GG015 GG016 GG017,NA,TMS SIMETHICONE ,CLOSED,,Tidak terjadi kesalahan pada tahap 1.a,Tidak terjadi kesalahan pada tahap 1.b,Tidak ditemukan penyebab penyimpangan  pada proses analisa. Kadar TMS dikarenakan formula produk tidak stabil,Tidak ditemukan lab error pada proses analisa. OOS valid. On progress reformulasi oleh RnD
29-Sep-2025,OOS/QC/BPG/EHM/0925/001,Demin Panas R. Cuci alat produksi 2,S.2.6,NA,Hasil TOC TMS,CLOSED,,Tidak terjadi kesalahan analisa ataupun kegagalan karena faktor external pada tahapan ini.,Tidak ada penyimpangan prosedur ketika analisis berlangsung.,"Potensi penyimpangan berasal dari sample itu sendiri. Beberapa kali masih didapati spek demin panas >2000 ppb, spesifikasi demin panas perlu ditinjau kembali.","Tidak ditemukan lab error pada proses analisa, OOS valid. Proses demineralisasi tidak mengurangi TOC. SHS tergantung air input."
06-Okt-2025,OOS/QC/BPG/EHM/1025/001,Demin Panas Compuounding Liquid 1 (Cleaning Mesin Filling),S.2.5,NA,Hasil TOC TMS,CLOSED,,Tidak terjadi kesalahan analisa ataupun kegagalan karena faktor external pada tahapan ini.,Tidak ada penyimpangan prosedur ketika analisis berlangsung.,Hasil smapling dan analisa ulang MS. Sampling ulang dilakukan setelah flushing 10 menit. Perlu dikaji kembali spesifikasi TOC demin panas melihat dan history sebelumnya didapati hasil >2000 ppb.,"Tidak ditemukan lab error pada proses analisa. OOS valid, perlu dipastikan cara sampling dan kualitas air yang digunakan."
,,,,,,,,,,,
02-Okt-2025,OOS/QC/BPG/MIKRO/1025/002,1AP015000 (PHYLLANTUS NIRURI),LB 62025-05,NA,HASIL ANALISA TPC DAN KK OOS ,CLOSED,,Tidak terjadi kesalahan analisa ataupun kegagalan karena faktor eksternal pada tahapan ini.,Tidak ada penyimpangan prosedur ketika analisis berlangsung.,"Berdasarkan hasil investigasi, tidak ada kesalahan proses analisa, potensi penyimpangan berasal dari sample itu sendiri.","Tidak ditemukan lab error pada proses analisa, OOS valid. Sample divers perlu perbaikan. "
02-Okt-2025,OOS/QC/BPG/ST/1025/001,LNKOA,FK718,NA,TMS PE HCL DAN CTM,CLOSED,,Tidak terjadi kesalahan pada tahap 1.a,Tidak terjadi kesalahan pada tahap 1.b,Tidak ditemukan penyebab penyimpangan pada hasil analisa. Kadar TMS karena produk sudah mengalami penurunan kualitas.,Tidak ditemukan lab error pada proses analisa. OOS valid
18-Okt-2025,OOS/QC/BPG/ST/1025/002,LNKOA,FJ715,NA,TMS PE HCL DAN CTM,CLOSED,,Tidak terjadi kesalahan pada tahap 1.a,Tidak terjadi kesalahan pada tahap 1.b,Tidak ditemukan penytebab penyimpangan pada hasil analisa. Kadar produk sudah mengalami penurunan kualitas.,Tidak ditemukan lab error pada proses analisa. OOS valid.
,OOE/QC/BPG/OJ/1025/001,LWPG1,,NA,,OPEN,,,,,
16-Okt-2025,OOS/QC/BPG/MIKRO/1025/003,1AS00500 (SUCCUS B),25.7087 (2R/2510/0063),EXTRAITS VEGETAUX ET DERIVES,HASIL ANALISA KK TMS VAT 8 & 9,CLOSED,CAPA/QC/BPG/MIKRO/1025/001,Tidak terjadi kesalahan analisa ataupun kegagalan karena faktor eksternal pada tahapan ini.,Tidak ada penyimpangan prosedur ketika analisis berlangsung.,Dilakukan sampling dan analisa ulang pada vat 8 dan 9. Berdasarkan hasil investigasi tidak ada kesalahan ataupun penyimpangan prosedur selama analisa. Hasil sampling dan analisa ulang MS.,Hasil analisa sampling ulang MS. OOS  invalid. RM dapat diluluskan untuk digunakan 
09-Okt-2025,OOS/QC/BPG/MIKRO/1025/004,Demin Panas Compuounding Liquid 1 (Cleaning Mesin Filling),S.2.5,NA,HAIL ANALISA TPC TMS,CLOSED,,Tidak Terjadi kesalahan analisa ataupun kegagalan karena faktor eksternal pada tahapan ini.,Tidak ada penyimpangan prosedur ketika analisis berlangsung.,"Hasil preparasi ulang tetap TMS, sedangkan smapling ulang hasilnya potensi -penyimpangan berasal dari sample itu sendiri. Pastikan looping / flushing sistem  aquademin dilakukan secara berkala.",Tidak ditemukan lab error pada proses analisa. OOS valid. Hasil analisa sampling ulang MS. pastikan proses sampling dilakukan dengan baik.
28-Okt-2025,OOS/QC/BPG/ST/1025/003,LNKOA,EK206,NA,TMS  PE HCL,CLOSED,,Tidak ditemukan kesalahan pada investigasi 1.a,Tidak ditemukan kesalahan pada investigasi 1.b,"Kadar zat aktif TMS, karena produk sudah mengalami penurunan kualitas.",Tidak ditemukan kesalahan selama proses analisa. Sample sudah TMS pada periode sebelumnya dan sudah ED +1 tahun OOS valid.
28-Okt-2025,OOT/QC/BPG/MIKRO/1125/001,1AF002000 (FOENICULUM VULGARE) FPP,2R/2506/0031 (VAT 1),"NATRINDO SURYA PRIMA, PT",HASIL ANALISA KK TMS,CLOSED,,Tidak Terjadi kesalahan analisa ataupun kegagalan karena faktor eksternal pada tahapan ini.,Tidak ada penyimpangan prosedur ketika analisis berlangsung.,"Berdasarkan hasil investigasi tidak ada kesalahan selama proses analisa, ketidaksesuaian hasil berasal dari sample itu sendiri yang memang TMS.","Tidak ditemukan lab error pada proses analisa, OOS valid. RM tidak dapat digunakan sebelum dilakukan proses untuk menghilangkan mikroba, atau RM direject untuk dimusnahkan."
29-Sep-2025,OOS/QC/BPG/MIKRO/1025/005,SWAB SELANG DALAM MTT3,EHM MESIN MTT3,NA,HASIL ANALISA TPC TMS,CLOSED,,Tidak Terjadi kesalahan analisa ataupun kegagalan karena faktor eksternal pada tahapan ini.,Tidak ada penyimpangan prosedur ketika analisis berlangsung.,"Berdasarkan hasil investigasi, tidak ada kesalahan selama proses analisa. Hasil pengujian tidak memenuhi syarat berasal dari kondisi selang dalam MTT3 yang memang TMS","Tidak ditemukan lab error pada proses analisa, OOS valid."
10-Nov-2025,OOS/QC/BPG/MIKRO/1125/001,SWAB BIN 7,"ATAP, DINDING DEPAN, DASAR KANAN, DASAR KIRI, VALVE",NA,HASIL ANALISA TPC TMS,CLOSED,,Tidak terjadi kesalahan analisa ataupun kegagalan karena faktor eksternal pada tahapan ini.,Tidak ada penyimpangan prosedur ketika analisis berlangsung.,"Berdasarkan hasil investigasi, tidak ada kesalahan selama proses analisa. Hasil yang menyimpang berpotensi berasal dari kondisi sample swab (atap kiri, dinding depan, dasar kanan, dasar kiri, dan valve) yang memang TMS.",Tidak ditemukan lab error pada proses analisa. OOS valid. Perlu dipastikan metode/cleaning dilakukan secara benar.
13-Nov-2025,OOS/QC/BPG/MIKRO/1125/002,AIR RO RUANG CUCI ALAT PRODUKSI 1,R.2.10,NA,HASIL ANALISA TPC TMS,CLOSED,,Tidak terjadi kesalahan analisa ataupun kegagalan karena faktor eksternal pada tahapan ini.,Tidak ada penyimpangan prosedur ketika analisis berlangsung.,Sample memang terdapat pertumbuuhan mikrobiologi bila melihat hasil preparasi ulang.,"Tidak ditemukan lab error pada proses analisa, OOS valid."
14-Nov-2025,OOS/QC/BPG/MIKRO/1125/003,SWAB DASAR KANAN BIN 1,"EX,. PWSNH HK238",NA,HASIL ANALISA TPC TMS,CLOSED,,Tidak terjadi kesalahan analisa ataupun kegagalan karena faktor eksternal pada tahapan ini.,Tidak ada penyimpangan prosedur ketika analisis berlangsung.,Tidak ditemukan eror pada proses analisa. OOS Valid,"Tidak ditemukan lab error pada proses analisa, OOS valid."
16-Nov-2025,OOS/QC/BPG/MIKRO/1125/004,SWAB VALVE BIN 7,VALVE,NA,HASIL ANALISA TPC TMS,CLOSED,,Tidak terjadi kesalahan analisa ataupun kegagalan karena faktor eksternal pada tahapan ini.,Tidak ada penyimpangan prosedur ketika analisis berlangsung.,"Berdasarkan hasil investigasi, tidak ada kesalahan selama proses analisa. Hasil yang menyimpang / TMS berpotensi besasal dari kondisi sample swab valve bin 7 yang memang TMS.","Tidak ditemukan lab error pada proses analisa, OOS valid."
20-Nov-2025,OOS/QC/BPG/MIKRO/1125/005,SWAB SWINGBEND FROM FILLING ST 11 H-2,NA,NA,HASIL ANALISA TPC TMS,CLOSED,,Tidak terjadi kesalahan analisa ataupun kegagalan karena faktor eksternal pada tahapan ini.,Tidak ada penyimpangan prosedur ketika analisis berlangsung.,Berdasarkan hasil investigasi tidak ada kesalhan selama proses analisa. Hasil yang menyimpang / TMS berpotensi berasal dari kondisi sample swab swingbend from filling ST 11 H-2 yang memang TMS,"Tidak ditemukan lab error pada proses analisa, OOS valid."
21-Nov-2025,OOS/QC/BPG/MIKRO/1125/006,SWAB SWINGBEND FROM FILLING ST 11 H-3,NA,NA,HASIL ANALISA TPC TMS,CLOSED,,Tidak terjadi kesalahan analisa ataupun kegagalan karena faktor eksternal pada tahapan ini.,Tidak ada penyimpang prosedur ketika analisis berlangsung,"Berdasarkan hasil investigasi, tidak ada kesalahan selama proses analisa. Hasil yang menyimpang / TMS berpotensi berasal dari kondisi sample swab swingband from filling ST 11 H-3 yang memang TMS.","Tidak ditemukan lab error pada proses analisa, OOS valid."
19-Nov-2025,OOS/QC/BPG/OJ/1125/001,LNKO1,HL653; HL654,NA,TMS GA,CLOSED,,Tidak terjadi kesalahan pada tahap 1.a,Tidak terjadi kesalahan pada tahap 1.b,"Hasil analisa awal, preparasi ulang dan sampling ulang berada dalam rentang yang tidak berbeda signifikan atau dalam batas rentang ketidakpastian analisa yang normal. Hasil analisa tetap berada sedikit dibawah dan diatas kadar spek maksimal. Hasil analisa GA yang TMS disebabkan kandungan GA yang tinggi p;ada raw material syccus liquiritiae 2R/2510/0136",Hasil analisa sampling ulangn didapatkan hasil MS. Produk dapat diluluskan untuk proses filling. Tidak ditemukan error pada proses analisa OOS valid. Disebabkan tingginya kadar GA pada RM Succus Liq. Sebaiknya dibuat spek sementara untuk penggunaan RM tersebut dengan mekanisme plan deviation.
11-Nov-2025,OOS/QC/BPG/ST/1125/002,POSNA,EK089 EK090 EK091,NA,TMS ACETOSAL & CAFFEINE,CLOSED,,Tidak ditemukan kesalahan pada investigasi 1.a,Tidak ditemukan kesalahan pada investigasi 1.b,Kadar zat aktif tidak memenuhi syarat karena produk sudah mengalami penurunan kualitas.,Tidak terdapat kesalahan selama proses analisa. Sample merupakan periode ED +1 tahun & sebelumnya juga TMS. OOS valid.
11-Nov-2025,OOS/QC/BPG/ST/1125/003,POSNA,EK103,NA,TMS ACETOSAL & CAFFEINE,CLOSED,,Tidak ditemukan kesalahan pada investigasi tahap 1.a,Tidak ditemukan kesalahamn pada investigasi 1.b ,Produk sudah mengalami penurunan kualitas sehingga kadar zat aktif TMS,Tidak ditemukan kesalahan selama proses analisa. Sample stabilita merupakan ED +1 tahun yang sebelumnya juga OOS. OOS valid.
17-Nov-2025,OOS/QC/BPG/ST/1125/004,LNKKB,GJ119,NA,TMS PE HCL,CLOSED,,Tidak ditemukan kesalahan pada investigasi tahap 1.a,Tidak ditemukan kesalahan pada investigasi 1.b,Tidak ditemukan kesalahan pada proses analisa. Kadar TMS karena formulasi produk tidak stabil.,Tidak ditemukan lab error pada proses analisa. OOS valid. On progress reformulasi RnD
06-Nov-2025,OOS/QC/BPG/ST/1125/001,LNKOA,GK074,NA,TMS PE HCL,CLOSED,,Tidak ditemukan kesalahan pada investigasi tahap 1.a,Tidak ditemukan kesalahan pada investigasi tahap 1.b,Tidak ditemukan kesalahan pada analisa. Kadar TMS karena formula produk tidak stabil.,Tidak ditemukan lab error pad aproses analisa. OOS valid. On progress reformulasi 01 RND
04-Des-2025,OOS/QC/BPG/ST/1225/001,LNKKB,EL025,NA,TMS PE HCL & CTM,CLOSED,,Tidak ditemukan kesalahan pada investigasi tahap 1.a,Tidak ditemukan kesalahan pada investigasi tahap 1.b,"Kadar zat aktif TMS, karena produk sudah mengalami penurunan kualitas.","Tidak ditemukan kesalhaan selama proses analisa. Sample telah OOS pada periode sebelumnya, dan sudah ED +1 tahun. OOS valid."
26-Nov-2025,OOS/QC/BPG/MIKRO/1125/007,SUCCUS A,2R/2511/0113 (25.7059),EXTRAITS VEGETAUX ET DERIVES,HASIL ANALISA VAT 8 TPC & KK TMS,CLOSED,,Tidak terjadi kesalahan analisa ataupun kegagalan karena faktor eksternal pada tahapan ini.,Tidak ada penyimpanagn prosedur ketika analisa berlangsung.,Kertika dilakukan sampling ulang didapati vat 8 tersebut ditemukan jamur pada bagian dalam ember. Dilakykan analisa ulang dan hasilnya tetap TMS. Rekomendasui reject pada vat 8 tsb.,Tidak ditemukan lab error pada proses analisa. OOS valid. disebabkan oleh wadah yang terkontaminasi jamur. RM succus 2R/2511/0113 vat 8 direject.
08-Des-2025,OOS/QC/BPG/MIKRO/1125/008,SUCCUS A,2R/2512/0040 (25.7128),EXTRAITS VEGETAUX ET DERIVES,HASIL ANALISA TPC VAT 1 S/D 9 TMS,CLOSED,,Tidak terjadi kesalahan analisa ataupun kegagalan karena faktor eksternal pada tahapan ini.,Tidak ada penyimpanagn prosedur ketika analisa berlangsung.,Sample succus A memang terdapat pertumbuhan mikrobiologi.,Tidak ditemukan lab error pada proses analisa. OOS valid. Succus A 2R/2512/0040 direject.
08-Des-2025,OOS/QC/BPG/MIKRO/1225/001,SWAB PERSONIL DEFA TEKNIK TANGAN,EHM PERSONIL,NA,HASIL ANALISA TPC TMS,CLOSED,,Tidak terjadi kesalahan analisa ataupun kegagalan karena faktor eksternal pada tahapan ini.,Tidak ada penyimpangan prosedur ketika analisis berlangsung.,Hasil analisa sampling ulang di hari yang berbeda MS. Potensi penyimpangan di swab awal berasal dari sample swab yang memang TMS. pastikan setiap personil harus memperhatikan hygine pribadi.,Hasil analisa sampling ulang MS. Pastikank hygine operator berjalan dengan baik. Tidak ditemukan lab error pada proses analisa.
23-Nov-2025,OOS/QC/BPG/MIKRO/1125/009,SUCCUS A,2R/2511/0114 (25.7115),EXTRAITS VEGETAUX ET DERIVES,"HASIL ANALISA VAT 1 S/D 2 TMS TPC, VAT 3 TMS KK",CLOSED,,Tidak terjadi kesalahan analisa ataupun kegagalan akrena faktor eksternal pada tahapan ini.,Tidak ada penyimpangan prosedur ketika analisis berlangsung.,Hasil sampling dan analisa ulang tetap TMS. Sampel succus A memang terdapat pertumbuhan mikrobiologi.,"Tidak idtemukan lab error pada proses analisa, OOS valid. RM direject."
15-Des-2025,OOS/QC/BPG/ST/1225/002,POSNA,EL130-131,NA,TMS ACETOSAL & CAFFEINE,CLOSED,,Tidak ditemukan kesalahan pada investigasi tahap 1.a,Tidak ditemukan kesalahan pada investigasi tahap 1.b,Tidak ditemukan kesalahan pada proses analisa. Kadar TMS karena produk sudah mengalami penurunan kualitas.,Tidak ditemukan lab error pada proses analisa. OOS val;id berasal dari sample yang sudah ED+1 tahun
24-Des-2025,OOS/QC/BPG/MIKRO/1225/002,PROMAG HERBAL / LPRGQ HM 1,M.25.12.056,NA,ANALISA KK TMS,CLOSED,,Tidak terjadi kesalahan analisa ataupun kegagalan akrena faktor eksternal pada tahapan ini.,Tidak ada penyimpangan prosedur ketika analisis berlangsung.,Hasil analisa sample tambahan tetap LMS. Potensi penyimpangan berasal dari sample itu sendiri yang memang TMS.,Tidak ditemukan lab error pada proses analisa. OOS valid
05-Jan-2026,OOS/QC/BPG/ST/0126/001,LNKOD,GA760,NA,HASIL ANALISA PE HCL TMS,CLOSED,,Tidak terjadi kesalahan pada tahap 1.a, Tidak terjadi kesalahan pada tahap 1.b,Tidak ditemukan penyebab penyimpangan pada proses analisa. Kadar PE TMS disebabkan sample telah mengalami penurunan kualitas.,Tidak ditemukan lab error pada proses analisa. OOS valid. Sedang dilakukan reformulasi untuk improvement formula.
20-Des-2025,OOS/QC/BPG/MIKRO/1225/003,SUCCUS A,2R/2512/0121 (25.7148),EXTRAITS VEGETAUX ET DERIVES,HASIL ANALISA TPC TMS,CLOSED,,Tidak terjadi kesalahan analisa ataupun kegagalan akrena faktor eksternal pada tahapan ini.,Tidak ada penyimpangan prosedur ketika analisis berlangsung.,Sudah dilakukan sampling dan analisa ulang. Hasil analisa tetap TMS. Potensi penyimpangan berasal dari sample itu sendiri.,Tidak ditemukan lab error pada proses analisa OOS valid. RM dapat digunakan sebagai succus B.
20-Jan-2026,OOS/QC/BPG/PM/0126/001,3MK042030 - Karton Komix,1201-A 190126 - 2K/2601/0070,"Oji Sinar Mas Packaging, PT",Hasil berat karotn TMS under (<538 g),CLOSED,,Tidak terjadi kesalahan analisa ataupun kegagalan karena faktor eksternal pada tahapan ini.,Tidak ada penyimpangan prosedur ketika analisis berlangsung,"Sudah dilakukan sampling dan analisa ylang dari LPN / Palet yang berbeda, dan didapati 5 karton berat MS, 5 karton berat TMS. Penyimpangan berasal dari sample itu sendiri. ",Hasil SU didapatkan dokumen OOS. Tidak ada kesalahan
12-Jan-2026,OOT/QC/BPG/MIKRO/0126/001,PWSNH,M.26.01.009,NA,HASIL ANALISA TPC OOT,CLOSED,,Tidak terjadi kesalahan analisa ataupun kegagalan karena faktor eksternal pada tahapan ini,Tidak ada anomali pada proses sanmpling. Sample dalam bentuk fg (proses manual oleh TS),Hasil analisa ulang tetap TMS sample bulk PWSNH memang terdapat pertumbuhan mikrobiologi.,Tidak ditemukan lab error pada proses analisa. OOS valid. 
12-Jan-2026,OOS/QC/BPG/MIKRO/0126/001,PWSNH,M.26.01.010,NA,HASIL ANALISA TPC OOS,CLOSED,,Tidak terjadi kesalahan analisa ataupun kegagalan karena faktor eksternal pada tahapan ini,Tidak ada anomali pada proses sanmpling. Sample dalam bentuk fg (proses manual oleh TS),Hasil analisa ulang tetap TMS sample bulk PWSNH memang terdapat pertumbuhan mikrobiologi.,Tidak ditemukan lab error pada proses analisa. OOS valid. 
20-Jan-2026,OOS/QC/BPG/ST/0126/002,POSNA,FM485,NA,TMS ACETOSAL & CAFFEINE,CLOSED,,Tidak ditemukan kesalahan pada investigasi tahap 1.a,Tidak ditemukan kesalahan pada investigasi tahap 1.b,Tidak ditemukan penyebab penyimpangan pada hasil analisa. Kadar TMS karena sample sudah mengalami penurunan kualitas.,Tidak ditemukan lab error pada proses analisa. OOS valid. Sudah dilakuakn perubahan kemasan untuk mengatasi masalah stabilitas.
28-Jan-2026,OOS/QC/BPG/MIKRO/0126/002,PWSNH,M.26.01.050,NA,HASIL ANALISA KK TMS,CLOSED,,Tidak ada penyimpangan prosedur atau kegagalan karena faktor eksternal pada tahapan ini.,Tidak ada anomali atau kesalahan pada proses sampling,Potensi penyimpangan berasal dari sample itu sendiri,"Tidak ditemukan lab error pada proses analisa, OOS valid. Sample lab trial"
28-Jan-2026,OOS/QC/BPG/MIKRO/0126/003,PWSNH,M.26.01.049,NA,HASIL ANALISA KK TMS,CLOSED,,Tidak terjadi kesalahan analisa ataupun kegagalan karena faktor eksternal pada tahapan ini.,Tidak ada kesalahan atau anomali pada saat proses sampling,Potensi penyimpangan berasal dari sample itu sendiri,"Tidak ditemukan lab error pada proses analisa. OOS valid, sample trial"
17-Jan-2026,OOT/QC/BPG/MIKRO/0126/002,SUCCUS A,2R/2601/0050,EXTRAITS VEGETAUX ET DERIVES,HASIL ANALISA TPC TMS,CLOSED,CAPA/QC/BPG/MIKRO/1025/001,Tidak terjadi kesalahan analisa ataupun kegagalan karena faktor eksternal pada tahapan ini.,Tidak ada kesalahan atau anomali pada saat proses sampling,Hasil analisa ulang memenuhi syarat. OOT invalid. Potensi penyebab ketidaksesuaian karena terdapat kontaminasi pada saat porses penimbangan sample (pemerian sucus kental dan ditimbang 1 gram ke dalam botol reaksi),"Hasil analisa ulang sample MS. RM succus dapat diloloskan, OOT invalid."
30-Jan-2026,OOS/QC/BPG/MIKRO/0126/004,SUCCUS A,"2R/2601/0114 (25,7151)",EXTRAITS VEGETAUX ET DERIVES,HASIL ANALISA TPC VAT 9 TMS DAN ANALISA KK TMS VAT 8 & 9,CLOSED,,Tidak ada kesalahan analisa atau kegagalan karena faktor eksternal pada tahapan ini.,Tidak ditemukan adanya anomali atau kesalahan pada proses sampling.,Ketika dilakukan sampling ul;ang terhadap vat yang TMS (vat 8 dan 9) ditemukan terdapat jamur pada bagian tutup ember / pail (foto terlampir). sample succus a memang terdapat pertumbuhan mikrobiologi. material rekomendasi untuk reject pada vat yang bermasalah,"Ditemukan juamur pada wadah kemasan. OOS valid, vat dengan kontaminan jamur direject RM dengan kondisi vat bersih dapat di release"
30-Jan-2026,OOS/QC/BPG/MIKRO/0126/005,ZINGIBER LE ,080LA / 2R/2601/0105,PHYTOCHEMINDO REKSA,ANALISA TPC DAN KK TMS,CLOSED,,Tidak terjadi kesalahan analisa ataupun kegagalan karena faktor eksternal pada tahapan ini.,Tidak ada kesalahan atau anomali pada proses sampling,"Hasil analisa ulang SU tetap TMS, dilakukan analisa sample di lab yang berbeda juga (andev) untuk konfirmasi hasil analisa dan didapati hasil TMS juga. Penyimpangan berasal dari sample itu sendiri, sample zingiber LE memang terdapat pertumnbuhan mikrobiologi material rekomendasi untuk direject.","Hasilk analisa SU tetap OOS. Tidak ditemukan lab error pada proses analisa, OOS valid. RM dengan hasil OOS dan yang tidak disampling akan direject."
30-Jan-2026,OOS/QC/BPG/MIKRO/0126/006,ZINGIBER LE ,077LA / 2R/2601/0102,PHYTOCHEMINDO REKSA,HASIL ANALISA TPC DAN KK TMS,CLOSED,,Tidak terjadi kesalahan analisa ataupun kegagalan karena faktor eksternal pada tahapan ini.,Tidak ada anomali atau ketidaksesuaian pada proses pengambilan sample,Hasil analisa SU dan PU tetap tms (TB UD). sample zingiber (Gin 1.5 - 3%) no QC 2R/2601/0102 VAT 2 dan 5 memang terdapat pertumbuhan mikrobiolog. rekomnendasi reject,Tidak ditemukan lab error pada rposes analisa OOS valid RM zingiber 2R/2601/0102 direject
19-Feb-2026,OOS/QC/BPG/ST/0226/001,LBMA2,GM815,NA,TMS GINGEROL,CLOSED,,Tidak terjadi kesalahan pada tahap 1.a,Tidak terjadi kesalahan pada tahap 1.b',"Hasil analisa retainde sample kadar gingerol (retainde sample) memenuhi syarat, sedangkan sample market surveillance TMS. Berdasarkan hal ini terindikasi kemungkinan penurunan kada Gingerol disebabkan kondisi penyimpanan sample yang berbeda dengan seharusnya","Hasil analisa ulang tetap TMS, pembanding retained MS. OOS valid. Kemungkinan sample TMS karena faktor penyimpanan yang kurang baik."
06-Mar-2026,OOS/QC/BPG/ST/0326/001,LNKK1,GH111 GH112 GH113,NA,TMS PE HCL,OPEN,,Tidak terjadi kesalahan pada tahap 1a,Tidak terjadi kesalahan pada tahap 1b,Tidak ditemukan penyebab penyimpangan pada proses abalisa. Kadar PE TMS disebabkan sample telah mengalami degradasi penurunan kualitas,
07-Mar-2026,OOS/QC/BPG/ST/0326/002,LNKK1,GJ114,NA,TMS PE HCL,CLOSED,,Tidak terjadi kesalahan pada tahap 1a,Tidak terjadi kesalahan pada tahap 1b,Tidak ditemukan penyebab penyimpangan pada proses analisa. Kadar PE TMS disebabkan sample telah mengalami degradasi penurunan kualitas,"Tidak ditemukan lab error pada proses analisa. OOS valid, produk sedang reformulasi oleh RnD"
19-Feb-2026,OOT/QC/BPG/MIKRO/0226/001,THYMUS VULGARIS,2R/2602/0071 (212.471),BIONORICA,HASIL ANALISA KK VAT 4 OOT,CLOSED,,Tidak ada keslahaan analisa ataupun kegagalan karena faktor eksternal pada tahapan ini,Tidak ada anomali atau kesalahan pada proses sampling ,hasil analisa dari SU memenuhi syarat. Material rekomendari release.,"Hasil analisa sampling ulang MS, RM dapat direlease"
18-Feb-2026,OOS/QC/BPG/MIKRO/0226/001,SUCCUS A,2R/2602/0066 (25.7171),EXTRAITS VEGETAUX ET DERIVES,HASIL ANALISA TPC KK VAT 8 & 9 TMS,CLOSED,,Tidak terjadi kesalahan analisa taupun kegagalan karena faktor eksternal pada tahapan ini.,Tidak ada anomali atau kesalahan selama proses sampling.,"Pada saat dilakukan sampling ulang pada vat 8 dan 9 ditemukan terdapat jamur pada bagian tutup ember/pail. sample succus memang terdaoat pertumbuhan mikrobiologi. material rekomendasi untuk reject pada vat yang bermasalah. Ket: Saat sampling yang ditemukan jamur ditemukan pada wadah (tutup pail), sampling dilakukan pada cairan / liquid material, bukan pada tutup / wadah pail. Secara fisik RM sudah TMS > reject vat 8 da9 yang bermasalah.","Hasil analisa terhadap RM SU MS, OOS kemungkinan akibat jamur pada wadah kemasan, RM dengan wadah ditemukan jamur direject parsial. OOS valid tidak ada kesalahan analisa."
03-Mar-2026,OOS/QC/BPG/MIKRO/0326/001,SUCCUS A,2R/2602/0171 (25.7151),EXTRAITS VEGETAUX ET DERIVES,HASIL ANALISA TPC KK TMS VAT 1 S.D 8,CLOSED,CAPA/QC/BPG/MIKRO/0326/002,Tidak terjadi kesalahan analisa taupun kegagalan karena faktor eksternal pada tahapan ini.,Tidak ada anomali atau kesalahan selama proses sampling.,"Berdasarkan hasil investigasi, tidak ada kesalahan pada urutan proses analisa. Untuk konfirmasi hasil, investigasi dilanjutkan ke tahap 2",Hasil analisa ulang Memenuhi Syarat. Diduga terjadi kontaminasi pada saat preparasi sample sehingga OOS dinyatakan Invalid. Produk dapat direlease
02-Mar-2026,OOT/QC/BPG/MIKRO/0326/001,LETSB (ENTROSTOP HERBAL ANAK),JB143 LINE 5 (ATB),NA,HASIL ANALISA KK OOT,CLOSED,CAPA/QC/BPG/MIKRO/0326/001,Tidak terjadi kesalahan analisa taupun kegagalan karena faktor eksternal pada tahapan ini.,Tidak ada anomali atau kesalahan selama proses sampling.,"Berdasarkan hasil investigasi, tidak ada kesalahan pada urutan proses analisa. Untuk konfirmasi hasil, investigasi dilanjutkan ke tahap 2",Hasil analisa ulang Memenuhi Syarat. Diduga terjadi kontaminasi pada saat preparasi sample sehingga OOS dinyatakan Invalid. Produk dapat direlease
28-Feb-2026,OOS/QC/BPG/MIKRO/0326/002,LETSB (ENTROSTOP HERBAL ANAK),JB144 LINE 2 (ATB),NA,HASIL ANALISA TPC DAN KK TMS,CLOSED,CAPA/QC/BPG/MIKRO/0326/001,Tidak terjadi kesalahan analisa taupun kegagalan karena faktor eksternal pada tahapan ini.,Tidak ada anomali atau kesalahan selama proses sampling.,"Berdasarkan hasil investigasi, tidak ada kesalahan pada urutan proses analisa. Untuk konfirmasi hasil, investigasi dilanjutkan ke tahap 2",Hasil analisa ulang Memenuhi Syarat. Diduga terjadi kontaminasi pada saat preparasi sample sehingga OOS dinyatakan Invalid. Produk dapat direlease
28-Feb-2026,OOS/QC/BPG/MIKRO/0326/003,LETSB (ENTROSTOP HERBAL ANAK),JB145 LINE 5 (ATB),NA,HASIL ANALISA TPC DAN KK TMS,CLOSED,CAPA/QC/BPG/MIKRO/0326/001,Tidak terjadi kesalahan analisa taupun kegagalan karena faktor eksternal pada tahapan ini.,Tidak ada anomali atau kesalahan selama proses sampling.,"Berdasarkan hasil investigasi, tidak ada kesalahan pada urutan proses analisa. Untuk konfirmasi hasil, investigasi dilanjutkan ke tahap 2",Hasil analisa ulang Memenuhi Syarat. Diduga terjadi kontaminasi pada saat preparasi sample sehingga OOS dinyatakan Invalid. Produk dapat direlease
01-Mar-2026,OOS/QC/BPG/MIKRO/0326/004,LETSB (ENTROSTOP HERBAL ANAK),JB146 LINE 5 (ATB),NA,HASIL ANALISA TPC DAN KK TMS,CLOSED,CAPA/QC/BPG/MIKRO/0326/001,Tidak terjadi kesalahan analisa taupun kegagalan karena faktor eksternal pada tahapan ini.,Tidak ada anomali atau kesalahan selama proses sampling.,"Berdasarkan hasil investigasi, tidak ada kesalahan pada urutan proses analisa. Untuk konfirmasi hasil, investigasi dilanjutkan ke tahap 2",Hasil analisa ulang Memenuhi Syarat. Diduga terjadi kontaminasi pada saat preparasi sample sehingga OOS dinyatakan Invalid. Produk dapat direlease
02-Mar-2026,OOS/QC/BPG/MIKRO/0326/005,LETSB (ENTROSTOP HERBAL ANAK),JB147 LINE 5 (ATB),NA,HASIL ANALISA TPC (OOT)  DAN KK TMS,CLOSED,CAPA/QC/BPG/MIKRO/0326/001,Tidak terjadi kesalahan analisa taupun kegagalan karena faktor eksternal pada tahapan ini.,Tidak ada anomali atau kesalahan selama proses sampling.,"Berdasarkan hasil investigasi, tidak ada kesalahan pada urutan proses analisa. Untuk konfirmasi hasil, investigasi dilanjutkan ke tahap 2",Hasil analisa ulang Memenuhi Syarat. Diduga terjadi kontaminasi pada saat preparasi sample sehingga OOS dinyatakan Invalid. Produk dapat direlease
02-Mar-2026,OOS/QC/BPG/MIKRO/0326/006,LETSB (ENTROSTOP HERBAL ANAK),JB148 LINE 5 (ATB),NA,HASIL ANALISA TPC (OOT)  DAN KK TMS,CLOSED,,Tidak terjadi kesalahan analisa taupun kegagalan karena faktor eksternal pada tahapan ini.,Tidak ada anomali atau kesalahan selama proses sampling.,Hasil analisa dari sampling ulang vat 1 MS dan vat 4 tetap TMS. Sample curcuma domestica memang terdapat pertumbuhan mikrobiologi. Rekomendasi reject partial pada vat yang bermasalah TMS,Tidak ditemukan lab error pada proses analisa. OOS valid. Kedatangan RM 4 vat RM vat 4 reject. Vat 1 bila akan digunakan dapat direlease dengan deviation report
,,,,,,,,,,,
11-Mar-2026,OOS/QC/BPG/MIKRO/0326/007,1AC005000 (CURCUMA DOMESTICA),026BB / 2R/2603/0005 VAT 1 DAN VAT 4,PHYTOCHEMINDO REKSA,HASIL ANALISA KK VAT 1 (OOT) VAT 4 (OOS),CLOSED,,Tidak ada kesalahan analisa ataupun kegagalan karena faktor eksternal pada tahapan ini.,Tidak ada anomali atau kesalahan pada proses sampling. ,Hasil analisa dari sampling ulang vat 1 dan vat 4 tetap TMS. Sampel curcuma domestica memang terdapat pertumbuhan mikrobiologi. Rekomendasi reject partial pada vat yang bermasalah/TMS. ,"Tidak ditemukan lab error pada proses analisa, OOS valid. kedatangan RM 4 vat reject, vat 1 bila akan digunakan dapat direlease dengan delevation report."
08-Mar-2026,OOS/QC/BPG/MIKRO/0326/008,1AS004000 (SUCCUS A),25.7158 / 2R/2603/0033 VAT 1-8,EXTRAITS VEGETAUX ET DERIVES,HASIL ANALISA TPC DAN KK TMS,CLOSED,,Tidak terjadi kesalahan analisa ataupun kegagalan karena faktor  eksternal pada tahapn ini.,Tidak ada anomali atau kesalahan pada proses sampling.,Hasil analisa ulang MS tetapi OOT pada parameter KK. Sudah dilakukan analisa oleh andev dan hasilnya TMS KK pada vat.2 Material rekomendasi untuk reject,Tidak ditemukan lab error pada proses analisa. OOS valid. RM direject
11-Mar-2026,OOT/QC/BPG/MIKRO/0326/002,1AS005000 (SUCCUS B),25.7148 / 2R/2603/0011 VAT 1,EXTRAITS VEGETAUX ET DERIVES,HASIL ANALISA KK OOT VAT 1,CLOSED,,Tidak terjadi kesalahan analisa ataupun kegagalan karena faktor eksternal pada pada tahapan ini.,Tidak ada anomali atau kesalahan pada proses sampling,Hasil analisa ulang tetap TMS. Sample memang terdapat pertumbuhan mikrobiologi. Material rekomendasi reject pada vat yang bermasalah.,Tidak ditemukan lab error pada proses analisa. Hasil analisa OOT masih dalam range spek. RM dapat diluluskan.
24-Jan-2026,OOS/QC/BPG/MIKRO/0126/007,1AS004000 (SUCCUS A),25.7128 / 2R/2512/0040_03,EXTRAITS VEGETAUX ET DERIVES,HASIL ANALISA TPC TMS,CLOSED,,Tidak ada kesalahan analisa taupun kegagalan karena faktor eksternal pada tahapan ini.,Tidak ada anomali atau kesalahan pada proses sampling,"Hasil sampling dan analisa ulang memenuhi syarat, tetapi memang terdapat pertumbuhan mikrobiologi pada hasil TPC tetapi masih MS. Material rekomendari untuk dirilis.",Tidak ditemukan lab error pada proses analisa. OOS valid.
15-Feb-2026,OOS/QC/BPG/MIKRO/0226/002,BILASAN ILAPAK 3,BILASAN ILAPAK 3 LINE 1,NA,HASIL ANALISA TPC TMS,CLOSED,,Tidak terjadi kesalahan analisa ataupun kegagalan karena faktor eksternal pada pada tahapan ini.,Tidak ada anomali atau kesalahan pada proses sampling,"Berdasarkan hasil investigasi, tidak ada kesalahan selama runutan proses analisa. Hasil yang menyimpang berpotensi berasal dari sample succus A yang memang TMS. Sample merupakan sample retur dari produksi (sudah ditimbang). Sample rekomendasi reject (alih kode ke succus B)",Tidak ditemukan lab error pada proses analisa. OOS valid.
04-Feb-2026,OOS/QC/BPG/MIKRO/0226/003,BILASAN FBD,BILASAN FBD BAG BADAN,NA,HASIL ANALISA TPC TMS,CLOSED,,Tidak ada kesalahan analisa ataupun kegagalan karena faktor eksternal pada tahapan ini.,Tidak ada anomali atau kesalahan pada proses sampling,"Berdasarkan hasil investigasi, tidak ada kesalahan selama proses analisis. Hasil yang menyimpang berpotensi berasal dari sample bilasan ilapak 3 line 1 yang memang TMS.",Tidak ditemukan lab error pada proses analisa. OOS valid.
04-Feb-2026,OOS/QC/BPG/MIKRO/0226/004,SWAB FBD EX PWSNH JA270,BAGIAN UJUNG ATAS FILTER,NA,HASIL ANALISA TPC TMS,CLOSED,,Tidak terjadi kesalahan analisa ataupun kegagalan karena faktor eksternal pada pada tahapan ini.,Tidak ada anomali atau kesalahan pada proses sampling,"Berdasarkan hasil inestigasi, tidak ada kesalhan selama runutan proses analisa. Hasil yang menyimpang berpotensi berasal dari kondisi sample bilasan FBD badan yang memang TMS","Tidak ditemukan lab error pada proses analisa, OOS valid."
08-Feb-2026,OOS/QC/BPG/MIKRO/0226/005,SWAB FBD ,BAGIAN TENGAH KANAN DAN TENGAH MESH,NA,HASIL ANALISA TPC TMS,CLOSED,,Tidak terjadi kesalahan analisa ataupun kegagalan karena faktor eksternal pada tahapan ini.,Tidak ada anomali atau kesalahan pada proses sampling,"Berdasarkan hasil investigasi, tidak ada kesalahan selama proses analisa. Hasil yang menyimpang berpotensi berasal dari kondisi sample swab FBD PWSNH JA270 bagian yang atas filter memang TMS",Tidak ditemukan lab error pada proses analisa. OOS valid
15-Feb-2026,OOS/QC/BPG/MIKRO/0226/006,SWAB EMBER SUCCUS A,VAT 8 TITIK 1 & 2,NA,HASIL ANALISA TPC DAN KK TMS,CLOSED,,Tidak ada kesalahan analisa ataupun kegagalan karena faktor eksternal pada tahapan ini.,Tidak ada anomali atau kesalahan pada proses sampling,"Berdasarkan hasil investigasi, tidak ada kesalahan selama proses analisa. Hasil yang menyimpang berpotensi berasal dari kondisi sample swab FBD tengah kanan dan tengah mesh yang memang TMS.",Swab dilakukan pada kemasan yang dicurigai jamur. OOS valid
22-Jul-2025,OOS/QC/BPG/ST/0725/004,LNKOA,FG681,NA,PE HCL TMS,CLOSED,,Tidak ditemukan kesalahan pada hasil investigasi tahap 1.a,Tidak ditemukan kesalahan pada hasil investigasi tahap 1.b,Tidak ditemukan kesalahan pada proses analisa. Kadar TMS karena formula produk tidak stabil,Tidak ditemukan lab error pada proses analisa. OOS valid. On progress reformulasi oleh RND produk sudah ED
21-Mar-2026,OOS/QC/BPG/MIKRO/0326/009,PIPER REFRORACTI,2R/2603/0107,"NATRINDO SURYA PRIMA, PT",HASIL ANALISA TPC DAN KK TMS ,CLOSED,,Tidak terjadi kesalahan analisa ataupun kegagalan karena faktor eksternal pada tahapan ini.,Tidak ada anomali atau kesalahan pada proses sampling,"Berdasarkan hasil investigasi, tidak ada kesalahan selama sample swab succus A vat 8 memang terdapat pertumbuhan mikrobiologi","Tidak ditemukan lab error pada proses analisa, OOS valid. Hasil analisa OOS terhadap spek existing  tetapi masih MS terhadap spek yang sedang diusulkan. Terkait kebutuhan produksi, RM direkomendasikan untuk diluluskan dengan membuat penyimpangan."
14-Mar-2026,OOS/QC/BPG/MIKRO/0326/010,SUCCUS A,"2R/2603/0087 VAT 1,3,4,6,8,9",EXTRAITS VEGETAUX ET DERIVES,HASIL ANALISA TPC TMS,CLOSED,,Tidak terjadi kesalahan analisa ataupun kegagalan karena faktor eksternal pada tahapan ini.,Tidak ada penyimpangan prosedur ketika analisis berlangsung.,Tidak ditemukan lab eror pada proses analisa. OOS Valid. Hasil analisa OOS terhadap spek existing tetapi masih MS terhadap spek yang sedang diusulkan. Terkait kebutuhan produksi RM dikrekomendasikan untuk diluluskan dengan membuat penyimpangan. ,"Tidak ditemukan lab error pada proses analisa, OOS Valid. Hasil analisa OOS terhadap spek existing tetapi masih MS terhadap spek yang sedang diusulkan. Terkait kebutuhan produksi, RM direkomendasikan untuk diluluskan dengan membuat penyimpangan."
16-Mar-2026,OOS/QC/BPG/MIKRO/0326/011,P.2.6,RUANG CUCI PRODUKSI,NA,HASIL ANALISA TPC TMS,CLOSED,,Tidak terjadi kesalahan pada analisa ataupun kegagalan karena faktor eksternal pada tahapan ini,Tidak ada penyimpangan prosedur ketika analisis berlangsung.,Hasil analisa dari sample duplo QA memenuhi syarat tetapi memang terdapat pertumbuhan. perlu diperhatikan kebersihan outlet dan storage air PAM.,Tidak ditemukan lab error pada proses analisa. OOS valid. Hasil analisa SU MS perhatikan proses sampling dan alat sampling sesuai.
17-Mar-2026,OOS/QC/BPG/MIKRO/0326/012,P.1.2,RUANG BUFFER PRODUKSI LANTAI 1,NA,HASIL ANALISA TPC TMS,CLOSED,,Tidak terjadi kesalhan analisa ataupun kegagalan karena faktor eksternal pada tahapan ini.,Tidak ada penyimpangan prosedur ketika analisis berlangsung.,Hasil preparasi ulang pada sample duplo yang disampling tim QA tetap TMS. Hasil yang menyimpang berpotensi berasal dari sample EHM air (ruang cuci produksi) W3 Mar 2026 yang memang TMS,
14-Mar-2026,OOS/QC/BPG/MIKRO/0326/013,PHYLLANTUS NIRURI HERBA DRY EXTRACT DIVERS,DIVERS,PHYTOCHEMINDO REKSA,HASIL ANALISA TPC KK TMS,CLOSED,,Tidak terjadi kesalahan analisa ataupun kegagalan karena faktor eksternal pada tahapan ini.,Tidak ada penyimpangan prosedur ketika analisis berlangsung.,Tidak ditemukan lab eror pada proses analisa. OOS Valid.,Tidak ditemukan lab error pada proses analisa. OOS valid.
09-Apr-2026,OOS/QC/BPG/MIKRO/0426/001,SWAB FBD,BAGIAN BAK DAN BAGIAN DALAM PWSNH,NA,HASIL ANALISA TPC TMS ,CLOSED,,Tidak terjadi kesalahan analisa ataupun kegagalan karena faktor eksternal pada tahapan ini.,Tidak ada anomali atau kesalahan pada saat proses sampling.,Hasil sampling ulang dan analisa ulang MS. Hasil analisa awal yang menyimpang berpotensi berasal dari kondisi sample swab yang memang TMS. Pastikan proses proses pembersihan dilakukan sesuai prosedur.,Hasil analisa SU MS. Pastikan pembersihan FBD dilakukan dengan baik sesuai prosedur. Tidak ditemukan lab error pada proses analisa. OOS valid.
05-Apr-2026,OOS/QC/BPG/MIKRO/0426/002,R.2.11,AIR RO RUANG CUCI ALAT BARU,NA,HASIL ANALISA TPC TMS ,CLOSED,,Tidak terjadi kesalahan analisa ataupun kegagalan karena faktor eksternal pada tahapan ini.,Tidak ada anomali atau kesalahan pada proses sampling.,Hasil preparasi ulang pada sample duplo QA TMS. Hasil sampling ulang MS. OOS valid. Sample memang terdapat pertumbuhan mikrobiologi. Pastikan proses sampling dilakukan dengan baik (aseptis).,Hasil analisa SU MS. Pastikan proses sampling dan flushing dilakyukan dengan tepat agar hasil tidak bias. Tidak ditemukan lab error pada proses analisa. OOS valid.
06-Apr-2026,OOS/QC/BPG/ST/0426/001,LNKOA,FB463,NA,TMS PE HCL DAN GA,CLOSED,,Tidak ditemukan kesalahan pada hasil investigasi tahap 1.a,Tidak ditemukan kesalahan pada hasil investigasi tahap 1.b,"Berdasarkan pemeriksaan samplinng ulang sample, didapatkan kadar GA yang MS. Perbedaan hasil analisa awal dan preparasi ulang dengan sampling ulang terindikasi disebabkan oleh homogenitas antar sachet. hasil analisa PU=3.926 mg sedangkan hasil SU= 4.457 mg, spek minimal= 4.0 mg, hasil analisa berada pada rentang yang berdekatan antara kondisi MS dan TMS. untuk hasil analisa PE tetap TMS seperti trend data PE sebelumnya.","OOS Valid, produk sudah ED+1 tahun"
01-Apr-2026,OOS/QC/BPG/EHM/0426/001,Comp. Solid 2 & R.Cuci Alat Produksi 2,R24 & R211,NA,Hasil TOC TMS,CLOSED,,Tidak terjadi kesalahan analisa ataupun kegagalan karena faktor eksternal pada tahapan ini.,Tidak ada anomali atau kesalahan pada proses sampling.,Hasil sampling ulang pertama baik botol 1 dan 2 tgl 2 April 2026 hasilnya TMS. Hasil sampling ulang kedua di tgl 6 april 2026 MS. Potensi penyimpangan berasal dari sampple itu sendiri yang memang TMS TOC. Pastikan proses flushing/regenerasi sistem pengilahan air dilakukan dengan baik.,Tidak ditemukan lab error pada proses analisa. hasil analisa ulang MS pada sampling ulang kedua. Pastikan pengolahan air sesuai aturan. OOS valid.
06-Apr-2026,OOS/QC/BPG/EHM/0426/002,Comp. Liquid 1 & Comp. Solid 4,R21 & R26,NA,Hasil TOC TMS,CLOSED,,Tidak terjadi kesalahan analisa ataupun kegagalan karena faktor eksternal pada tahapan ini.,Tidak ada anomali atau kesalahan pada proses sampling.,Hasil sampling dan analisa ulang MS pastikan kebersihan outlet dan sistem pengolahan air dilakukan dengan baik. sesuai prosedur.,"Hasil analisa SU MS, air dapat digunakan pastikan Proded sampling dan kondisi sample sesuai persyaratan."
10-Apr-2026,OOS/QC/BPG/MIKRO/0426/003,SWAB SELANG INLET 1 MTT2,EX. LPRGU JD001,NA,HASIL ANALISA TPC TMS,CLOSED,,Tidak terjadi kesalahan analisa taupun kegagalan karena faktor eksternal pada tahapan ini.,Tidak ada anomali pada proses sampling.,"Berdasarkan hasil investigasi, tidak ada kesalahan pada runutan proses analisa. Hasil yang menyimpang berpotensi berasal dari kondisi sample swab selang inlet MTT2 yang memang TMS. Pastikan pembersihan dilakukan sesuai prosedur. OOS valid.",Tidak ditemukan lab error pada proses analisa OOS valid.
11-Apr-2026,OOS/QC/BPG/MIKRO/0426/004,BILASAN ST 17,VERIF BEFORE VALPRO LPRGU,NA,HASIL ANALISA TPC TMS,CLOSED,,Tidak terjadi kesalahana nalisa ataupun kegagalan karena faktor eksternal pada tahapan ini.,Tidak ada anomali pada proses sampling.,"Berdasarkan hasil investigasi, tidak ada kesalahan pada runutan proses analisa. Hasil yang menyimpang berpotensi berasal dari sample bilasan ST17 yang memang TMS. Pastikan pembersihan dilakukan sesuai prosedur. OOS valid.",Tidak ditemukan lab error pada proses analisa. OOS valid
11-Apr-2026,OOS/QC/BPG/MIKRO/0426/005,BILASAN ST 16,VERIF BEFORE VALPRO LPRGU,NA,HASIL ANALISA TPC TMS,CLOSED,,Tidak terjadi kesalahana anlisa ataupun kegagalan karena faktor eksternal pada tahapan ini.,Tidak ada anomali pada proses sampling.,"Berdasarkan hasil investigasi, tidak ada kesalahan pada runutan proses analisa. Hasil yang menyimpang berpotensi berasal dari sample bilasan ST16 yang memang TMS. Pastikan pembersihan dilakukan sesuai prosedur. OOS valid.",Tidak ditemukan lab error pada proses analisa. OOS valid.
13-Apr-2026,OOS/QC/BPG/MIKRO/0426/006,SUCCUS A,25.7158 / 2R/2603/0063 VAT 1-9,EXTRAITS VEGETAUX ET DERIVES,HASIL ANALISA TPC TMS,CLOSED,,Tidak terjadi kesalahan atau kegagalan karena faktor eksternal pada tahapan ini,Tidak ada anomali atau kesalahan pada proses sampling,No lot 25.7158 sudah datang beberapa kali dan hasil analisanya memang TMS TPC bila mengacu ke spek succus A. Materal rekomendasi rilis by devol (rilis sebagai succus A) (DEV-B7PLG-04-2026-0071),Tidak ditemukan lab error pada proses analisa. OOS valid RM Succus direlease dengan devol sesuai dengan spek update. TPC <300 cfu/ml
22-Apr-2026,OOS/QC/BPG/ST/0426/002,LNKKB,GJ119,NA,TMS PE HCL,CLOSED,,Tidak ditemukan kesalahan pada hasil investigasi tahap 1.a,Tidak ditemukan kesalahan pada hasil investigasi tahap 1.b,Tidak ditemukan penyebab penyimpangan pada proses analisa. Kadar PE pada sample TMS disebabkan sample telah mengalami penurunan kualitas.,Tidak ditemukan lab error pada proses analisa . OOS valid. On progress reformulasi oleh Rnd
10-Apr-2026,OOS/QC/BPG/MIKRO/0426/007,AIR ,AIR LAUNDRY,NA,HASIL ANALISA TPC TMS,CLOSED,,Tidak terjadi kesalahan atau kegagalan karena faktor eksternal pada tahapan ini,Tidak ada anomali atau kesalahan pada proses sampling,Hasil sampling dari air laundry MS. Preparasi ulang tetap TMS (TBUD). Pastikan proses sampling dilakukan sesuai prosedur,"Hasil PU TMS, SU MS. Tidak ditemukan lab error pada proses analisa. OOS valid. Pastikan kebersihan air dan konsistensi proses pengolahan air."
29-Apr-2026,OOT/QC/BPG/MIKRO/0426/001,1AS005000 (SUCCUS B),2R/2604/0142 (25.7158),EXTRAITS VEGETAUX ET DERIVES,HASIL ANALISA KK VAT 3 OOT,CLOSED,,Tidak terjadi kesalahan atau kegagalan karena faktor eksternal pada tahapan ini,Tidak ada anomali atau kesalahan pada proses sampling,Hasil analis sampling ulang MS. Produk rekomendasi rilis.,Hasil analisa ulang MS. RM dapat dilakukan OOT valid
29-Apr-2026,OOS/QC/BPG/MIKRO/0426/008,1AS005000 (SUCCUS B),2R/2604/141 (25.7175),EXTRAITS VEGETAUX ET DERIVES,HASIL ANALISA KK VAT 6 OOS DAN VAT 7 OOT,OPEN,,,,,
20-Apr-2026,OOS/QC/BPG/MIKRO/0426/009,SWAB MESIN FBD GLATT,"SWAB DEPAN BAK, ATAS DEPAN, BAWAH BELAKANG, TENGAH KANAN",NA,HASIL ANALISA TPC TMS,CLOSED,,Tidak terjadi kesalahan analisa ataupun kegagalan karena faktor eksternal pada tahapan ini,Tidak ada anomali pada proses sampling,"Hasil sampling ulang 1 masih terdapat hasil yang TMS pda tengah kiri FBD Glatt, pada SU 2 hasil MS. Berdasarkan hasil investigasi, tidak ada kesalahan selama proses analisa. Hasil yang mengimpang berpotensi berasal dari kondisi sample yang memang TMS. Pastikkkan proses cleaning dilakukan secara maksimal sesuai prosedur yang berlaku",Hasil analisa SU MS. Pastikan metode cleaning efektif dan dilakukan secara konsisten tidak ditemukan lab error pada proses analisa. OOS valid
30-Des-2026,OOS/QC/BPG/MIKRO/0126/008,COMPOUNDING SOLID 2 (AHU 208) Y2,Y2,NA,HASIL ANALISA TPC TMS,CLOSED,,Tidak terjadi kesalahan analisa ataupun kegagalan karena faktor eksternal pada tahapan ini,Tidak ada penyimpangan prosedur ketika analisa berlangsung,Berdasarkan hasil investigasi tidak ada kesalahan pada urutan proses analisa. Pastikan ruangan disanitasi dengan baik sesuai prosesdur pembersihan yang berlaku. Perlu dipastikan klebersihan dan kondisi runagan.,Tidak ditemukan lab error pada proses analisa. OOS valid. Pastikan ruangan dibersihkan dengan baik
05-Mei-2026,OOS/QC/BPG/MIKRO/0526/001,1AP005000 (PIPER RETROFACTI),2R/2604/0189 (2604/PRF/B7/004),"NATRINDO SURYA PRIMA, PT",HASIL ANALISA KK TMS,CLOSED,,Tidak ada kesalahan analisa ataupun kegagalan karena faktor eksternal pada tahapan ini.,Tidak ada anomali atau kesalahan pada proses sampling,"Hasil sampling dan analisa ulang didapati hasil emmenuhi syarat, tetapi ada hasil yang OOT. OOS valid. Material rekomendasi untuk reject",Hasil analisa ulang OOT. Peperin trend dari mar 26 cenderung TMS. RM direject untuk iradiasi ulang. OOS valid
30-Apr-2026,OOS/QC/BPG/MIKRO/0426/010,1AP005000 (PIPER RETROFACTI),2R/2604/0158 (2604/PRF/N7/003),"NATRINDO SURYA PRIMA, PT","HASIL ANALISA KK VAT 1 OOS, VAT 2 OOT",CLOSED,,Tidak terjadi kesalahan analisa ataupun kegagalan karena faktor eksternal pada tahapan ini.,Tidak ada anomali kesalahan pada proses sampling,"Hasil sampling dan analisa ulang tetap TMS. Berdasarkan hasil investigasi, tidak ada kesalahan pada proses analisa. Material piper memang terdapat pertumbuhan mikrobiologi, material rekomendasi reject.",Tidak ditemukan lab error pad arposes analisa. Hasil analisa SU tetap TMS. RM direject OOS valid
06-Apr-2026,OOS/QC/BPG/MIKRO/0426/011,MAS RUANG SUPERVISOR PRODUKSI,Y1,NA,HASIL ANALISA TPC Y1 TMS,CLOSED,,Tidak terjadi kesalahan analisa ataupun kegagalan karena faktor eksternal pada tahapan ini.,Tidak ada anomali kesalahan pada proses sampling,Hasil sampling ulang pada waktu yang berbeda didapati hasil yang memenuhi syatay meskipun tetap ada pertumbuhan. Pastikan sanitasi ruangan dilakukan sesuai dengan prosedur yang berlaku,Hasil analisa SU MS. Pastikan metode cleaning efektid dan dilakukan sesuai prosedur. Tidak ditemukan lab error pada proses analisa. OOS valid
06-Apr-2026,OOS/QC/BPG/MIKRO/0426/012,MAS STAGING SOLID 1,"Y1, Y2, Y3",NA,"HASIL ANALISA TPC Y1, Y2, Y3 TMS",CLOSED,,Tidak terjadi kesalahan analisa ataupun kegagalan karena faktor eksternal pada tahapan ini.,Tidak ada anomali kesalahan pada proses sampling,Hasil sampling ulang pada waktu yang berbeda didapati hasil yang memenuhi syatay meskipun tetap ada pertumbuhan. Pastikan sanitasi ruangan dilakukan sesuai dengan prosedur yang berlaku,Hasil analisa sampling ulang MS. Pastikan proses cleaning dilakukan sesuai dengan prosedur dan efektif. Tidak ditemukan lab error pada proses analisa. OOS valid
06-Apr-2026,OOS/QC/BPG/MIKRO/0426/013,MAS STAGING FOIL 4,"Y1, Y2, Y3",NA,"HASIL ANALISA TPC Y1, Y2, Y3 TMS",CLOSED,,Tidak terjadi kesalahan analisa ataupun kegagalan karena faktor eksternal pada tahapan ini.,Tidak ada anomali kesalahan pada proses sampling,Hasil sampling ulang pada waktu yang berbeda didapati hasil yang memenuhi syatay meskipun tetap ada pertumbuhan. Pastikan sanitasi ruangan dilakukan sesuai dengan prosedur yang berlaku,Hasil analisa sampling ulang MS. Pastikan proses sanitasi dilakukan dengan baik dan konsisten
06-Apr-2026,OOS/QC/BPG/MIKRO/0426/014,MAS STAGING SOLID 3,"Y1, Y3, Y4",NA,"HASIL ANALISA TPC Y1, Y3, Y4 TMS",CLOSED,,Tidak terjadi keslahaan analisa ataupun kegagalan karena faktor eksternal pada tahapan ini,Tidak ada anomali ataupun kesalahan pada proses sampling,"Berdasarkan hasil sampling ulang pada waktu yang berbeda didapati hasil yang memenuhi syarat, mesikup tetap ada pertumbuhan. pastikan sanitasi ruangan dilakukan sesuai dengan prosedur yang berlaku","Tidak ditemukan lab error pada proses analisa, Hasil su MS. Pastikan pembersihan ruangan sesuai prosedur dan efektif. OOS valid."
06-Apr-2026,OOS/QC/BPG/MIKRO/0426/015,MAS STAGING SOLID 5,"Y1, Y2, Y3",NA,"HASIL ANALISA TPC Y1, Y2, Y3 TMS",CLOSED,,Tidak terjadi keslahaan analisa ataupun kegagalan karena faktor eksternal pada tahapan ini,Tidak ada anomali ataupun kesalahan pada proses sampling,Hasil sampling ulang pada waktu yang berbeda didapati hasil yang memenuhi syatay meskipun tetap ada pertumbuhan. Pastikan sanitasi ruangan dilakukan sesuai dengan prosedur yang berlaku,Hasil analisa SU MS. Pastikan metode pembersihan ruangan efektif dan dilakukan dengan baik. OOS. Tidak ditemukan lab error pada proses analisa.
,,,,,,,,,,,
26-Apr-2026,OOS/QC/BPG/MIKRO/0426/016,SWAB MIKA GRANULATOR,SWAB MIKA TUTUP KIRI GRANULATOR,NA,HASIL ANALISA TPC TMS,CLOSED,,Tidak terjadi kesalahan analisa ataupun kegagalan karena faktor eksternal pada tahapan ini.,Tidak ada anomali atau kesalahan pada proses sampling,"Hasil sampling ulang pada waktu yang berbeda dan setelaj sanitasi didapati hasil MS. Berdasarkan hasil investigasi tidak ada kesalahan selama proses analisa, Hasil yang menyimpang berpotensi berasal dari kondisi sample yang memang TMS. Pastikan proses cleaning dilakukan secara maksimal sesuai prosedur yang berlaku","Tidak ditemukan lab error pada proses analisa, OOS valid. Pastikan pembersihan alat dilakukan dengan baik."
,,,,,,,,,,,
02-Mei-2026,OOS/QC/BPG/MIKRO/0526/004,SWAB PERSONIL,SWAB MARWAN DADA (BM),NA,HASIL ANALISA TPC TMS,CLOSED,,Tidak terjadi kesalahan analisa ataupun kegagalan karena faktor eksternal pada tahapan ini.,Tidak ada anomali atau kesalahan pada proses sampling,Hasil sampling dan analisa ulang pada sample yang berbeda di waktu yang berbeda didapati hasilnya MS. Pastikan personil yang di swab melakukan personil hygine sesuai prosedur.,Hasil analisa sampling ulangn MS pastikan personal hygine dilakukan dengan baik
03-Mei-2026,OOS/QC/BPG/MIKRO/0526/002,AIR BILASAN FBD,BILASAN BAK DAN MESH FBD,NA,HASIL ANALISA TPC TMS,CLOSED,,Tidak ada kesalahan analisa ataupun kegagalan karena faktor eksternal pada tahapan ini.,Tidak ada anomali atau kesalahan pada proses sampling,Hasil analisa preparasi ulang tetap TBUD. Hasil sampling dan analisa ulang pada sample yang berbeda didapati hasil memenuhi syarat. OOS valid. Pastikan proses sanitasi / pembersihan mesin FBD dilakukan sesuai prosedur,Tidak ditemukan lab error pada proses analisa. OOS. Hasil analisa SU MS. Pastikan proses pembersihan dilakukan dengan baik
07-Mei-2026,OOS/QC/BPG/MIKRO/0526/003,AIR PAM,P 2.2,NA,HASIL ANALISA TPC DAN KK TMS,CLOSED,,Tidak ada kesalahan analisa ataupun kegagalan karena faktor eksternal pada tahapan ini.,Tidak ada anomali atau kesalahan pada proses sampling,"Hasil analisa sample preparasi ulang tetap TMS. Hasil analisa dari sampling dan analisa ulang dari sample yang berbeda didapati hasil MS. OOS valid. Perlu dipastikan proses sampling, kebersihan outlet dan storage air PAM","Tidak ditemukan lab error pada proses analisa, OOS valid. Pastikan kebersihan titik pengambilan sample dan flushing / proses sampling dilakukan dengan baik"
13-Mei-2026,OOS/QC/BPG/ST/0526/001,LNKO1,GK066,NA,TMS PE,CLOSED,"Tidak ditemukan lab error pada proses analisa. OOS valid, sample yang dianalisa mengalami penurunan kualitas dibandingkan dengan retained sample sedang dilakukan reformulasi oleh RnD",Tidak ditemukan kesalahan pada investigasi tahap 1.a,Tidak ditemukan kesalahan pada investigasi 1.b,Dari hasil analisa ulang tidak ditemukan penyebab penyimpangan dari proses analisa sample retain cenderung rendah. kemungkinan sample sudah mengalami penurunan kualitas,
18-Mei-2026,OOS/QC/BPG/MIKRO/0526/005,1AS004000 (SUCCUS A),"2R/2605/0054 VAT 2,7,8,9",EXTRAITS VEGETAUX ET DERIVES,HASIL ANALISA KK TMS,OPEN,,,,,
12-Mei-2026,OOS/QC/BPG/MIKRO/0526/006,1AS004000 (SUCCUS A),"2R/2605/0107 VAT 1,7",EXTRAITS VEGETAUX ET DERIVES,HASIL ANALISA TPC TMS,OPEN,,,,,
12-Mei-2026,OOS/QC/BPG/MIKRO/0526/007,1AS004000 (SUCCUS A),2R/2605/0108 VAT 1. 6. 7,EXTRAITS VEGETAUX ET DERIVES,HASIL ANALISA TPC TMS,OPEN,,,,,
08-Mei-2026,OOS/QC/BPG/MIKRO/0526/008,SWAB FBD,TENGAH KIRI 1 DAN TENGAH ATAS FILTER 1,NA,HASIL ANALISA TPC TMS,CLOSED,,Tidak ada kesalahan analisa ataupun kegagalan karena faktor eksternal pada tahapan ini,Tidak ada anomali atau kesalahan pada proses sampling,,"Tidak ditemukan lab error pada proses analisa, OOS valid."
26-Mei-2026,OOS/QC/BPG/MIKRO/0526/009,1AP005000 (PIPER RESTROFATI),2R/2605/0182 (2605/PRF/B7/005),"NATRINDO SURYA PRIMA, PT","HASIL ANALISA TPC TMS VAT 1, OOT VAT 2",CLOSED,,Tidak ada kesalahan analisa ataupun kegagalan karena faktor eksternal pada tahapan ini,Tidak ada anomali atau kesalahan pada proses sampling,Hasil sampling dan analisa ulang didapati hasil tidak memenuhi syarat. OOS valid. Material rekomendasi utnuk reject,"Hasil analisa ulang TMS. Tidak ada kesalahan pada proses analsia, OOS valid RM direject"
30-Mei-2026,OOS/QC/BPG/ST/0526/002,PWSN1,HL239 ACC HL240 ACC,NA,TMS PENGAWET,CLOSED,,Tidak ditemukan kesalahan pada investigasi tahap 1.a,Tidak ditemukan kesalahan pada investigasi 1.b,Tidak ditemukan penyebab penyimpangan pada proses analisa. Kadar Pengawet pada sample TMS disebabkan sample telah mengalami penurunan kualitas.,
28-Mei-2026,OOS/QC/BPG/MIKRO/0526/010,FILTER 1 BAGIAN DALAM TITIK A,NA,NA,HASIL ANALISA TPC DAN KK TMS,CLOSED,,Tidak terjadi kesalhana analisa ataupun kegagalan karena faktor eksternal pada tahapan ini.,Tidak ada anomali atau kegagalan pada proses sampling,"Berdasarkan hasil investigasi, tidak ada kesalahan selama proses abalisa. Hasil yang menyimpang berpotensi berasal dari kondisi sample swab yang memang TMS. Pastikan proses pembersihan sanitasi dilakukan sesuai prosedur.",OOS valid. Perlu dilakukan review terhadap efektifitas prosedur sanitasi.
23-Jun-2026,OOS/QC/BPG/ST/0626/001,LKJT1,T.26.06.056,NA,"TMS CT,. GG, DEXTRO,DAN SODIUM BENOZATE",CLOSED,,Tidak ditemukan kesalahan pada investigasi tahap 1.a,Tidak ditemukan kesalahan pada investigasi 1.b,Tidak ditemukan penyebab penyimpangan pada proses analisa. Kadar pada sample TMS disebabkan sample telah mengalami penurunan kualitas.,
26-Jun-2026,OOS/QC/BPG/ST/0626/002,LGRG1,GC006,NA,TMS GINGEROL,CLOSED,,Tidak ditemukan kesalahan pada investigasi tahap 1.a,Tidak ditemukan kesalahan pada investigasi 1.b,Tidak ditemukan penyebab penyimpangan pada proses analisa. Kadar gingerol pada sample TMS disebabkan sample telah mengalami penurunan kualitas.,
26-Jun-2026,OOS/QC/BPG/ST/0626/003,LBMAQ,"FF481, FF482, FF483",NA,TMS GINGEROL,OPEN,,Tidak ditemukan kesalahan pada investigasi tahap 1.a,Tidak ditemukan kesalahan pada investigasi 1.b,Tidak ditemukan penyebab penyimpangan pada proses analisa. Kadar pada sample TMS disebabkan sample telah mengalami penurunan kualitas.,
08-Jul-2026,OOS/QC/BPG/ST/0726/001,LNKO1,GH040,NA,TMS PE HCL,CLOSED,,Tidak ditemukan kesalahan pada investigasi tahap 1.a,Tidak ditemukan kesalahan pada investigasi 1.b,Tidak ditemukan penyebab penyimpangan pada proses analisa. Kadar PE pada sample TMS disebabkan sample telah mengalami penurunan kualitas.,
09-Jul-2026,OOS/QC/BPG/ST/0726/002,LNKKB,GH113,NA,TMS PE HCL,CLOSED,,Tidak ditemukan kesalahan pada investigasi tahap 1.a,Tidak ditemukan kesalahan pada investigasi 1.b,Tidak ditemukan penyebab penyimpangan pada proses analisa. Kadar PE pada sample TMS disebabkan sample telah mengalami penurunan kualitas.,
15-Jul-2026,OOS/QC/BPG/ST/0726/003,LHRBA,FG528,NA,TMS GINGEROL,CLOSED,,Tidak ditemukan kesalahan pada investigasi tahap 1.a,Tidak ditemukan kesalahan pada investigasi 1.b,Tidak ditemukan penyebab penyimpangan pada proses analisa. Kadar gingerol pada sample TMS disebabkan sample telah mengalami penurunan kualitas.,
16-Jul-2026,OOS/QC/BPG/ST/0726/004,LPRG4,GH028,NA,TMS SIMETHICONE,CLOSED,,Tidak ditemukan kesalahan pada investigasi tahap 1.a,Tidak ditemukan kesalahan pada investigasi 1.b,Tidak ditemukan penyebab penyimpangan pada proses analisa. Kadar simethicone pada sample TMS disebabkan sample telah mengalami penurunan kualitas.,
23-Jul-2026,OOS/QC/BPG/MIKRO/0726/001,CUCI ALAT PRODUKSI,NA,NA,HASIL ANALISA TPC TMS,CLOSED,,,,,
27-Jul-2026,OOS/QC/BPG/MIKRO/0726/002,SWAB HOUSING MT,NA,NA,HASIL ANALISA TPC & KK TMS,CLOSED,,Tidak terjadi kesalahan analisa ataupun kegagalan karena faktor eksternal pada tahapan ini.,Tidak terjadi kesalahan atau anomali pada proses sampling.,Swab housing MT2 adalah swab before trial RND promag progerd.Berdasarkan hasil investigasi tidal ada kesalahan selama proses analisa. Housing MT2 memang sudah dilakukan pencucian berkali-kali dan hasilnya TMS. Sample memang terdapat pertumbuhan mikrobiologi. Pastikan proses pencucian dilakuan sesuai prosedur,"OOS valid, tidak ada kesalahan pada proses analisa."
27-Jul-2026,OOS/QC/BPG/MIKRO/0726/003,SWAB MESH MT,NA,NA,HASIL ANALISA TPC & KK TMS,CLOSED,,Tidak terjadi kesalahan analisa ataupun kegagalan karena faktor eksternal pada tahapan ini.,Tidak ada kesalahan atau anomali pada proses sampling.,Swab mesh MT2 adalah swab before trial RND promag progerd. Berdasarkan hasil invest9igasi tidak ada kesalahan selama proses analisa. Mesh MT 2 memang sudah dilakukan berali kali dan hasilnya TMS. Sample memang terdapat pertumbuhan mikrobiologi. Pastikan proses pencucian dilakukan sesuai prosedur.,Tidak ditemukan lab error pada proses analisa. OOS valid. Review proses cleaning.
29-Jul-2026,OOS/QC/BPG/ST/0726/005,LNKO1,FG681,NA,TMS PE HCL,CLOSED,,Tidak ditemukan kesalahan pada investigasi tahap 1.a,Tidak ditemukan kesalahan pada investigasi 1.b,Tidak ditemukan penyebab penyimpangan pada proses analisa. Kadar PE pada sample TMS disebabkan sample telah mengalami penurunan kualitas.,
17-Jul-2026,OOS/QC/BPG/PM/0726/001,1FK006090 & FOIL KOMIX RASA PEPPERMINT ,07873_01 / 2P/2607/0049 & 2P/2607/0050,"SUPERNOVA FLEXIBLE PACKAGING, PT","Pitch TMS Under (498, syarat 499 - 501)",OPEN,,,,,
21-Jul-2026,OOS/QC/BPG/PM/0726/002,1FK004080 & FOIL KOMIX RASA JERUK NIPIS,06855_01 / 2P/2607/0058 & 2P/2607/0059 & 2P/2607/0060,"SUPERNOVA FLEXIBLE PACKAGING, PT","Pitch TMS Under (498, syarat 499 - 501)",OPEN,,,,,
21-Jul-2026,OOS/QC/BPG/PM/0726/003,3MK007000 & KARTON KOMIX HERBAL ,KR-26197 / 2K/2607/0080,"DAYA CIPTA KEMASINDO, PT","Pitch TMS Under (498, syarat 499 - 501)",OPEN,,,,,
05-Agu-2026,OOS/QC/BPG/PM/0826/001,1FK004080 & FOIL KOMIX RASA JERUK NIPIS,088HT_01 / 2P/2608/0010 & 2P/2608/0011 & 2P/2608/0012,"SUPERNOVA FLEXIBLE PACKAGING, PT",#REF!,OPEN,,,,,
25-Jul-2026,OOS/QC/BPG/ST/0826/001,LNKT1,T.26.07.089,NA,TMS SOD BENZOATE,CLOSED,,Tidak ditemukan kesalahan pada investigasi tahap 1.a,Tidak ditemukan kesalahan pada investigasi 1.b,Tidak ditemukan penyebab penyimpangan pada proses analisa. Kadar sodium benzoate pada sample TMS disebabkan sample telah mengalami penurunan kualitas.,
20-Agu-2026,OOS/QC/BPG/PM/0826/002,1FK002090 & FOIL KOMIX RASA JAHE,089HT_01 / 2P/2608/0038,"SUPERNOVA FLEXIBLE PACKAGING, PT",TMS pitch under yaitu 498,OPEN,,,,,
11-Sep-2026,OOS/QC/BPG/MIKRO/026/001,SWAB PERSONIL,NA,NA,HASIL ANALISA TPC TMS,OPEN,,,,,