Tahun,No Laporan,Rincian Status,Link e-QMS ,Planned/ Unplanned,Sub Kategori Penyimpangan,Kategori,Kode Produk,No Batch,Rincian Penyimpangan,Disposisi Tindakan Remedial,Arsip 
2024,DEV/QPR/PLG/PR/0124/001,CLOSED,https://portal.bintang7.com/B7_Deviation/DataDeviasi/Deviasi?Nomor=24010305,Planned,Procedure/documentation/data integrity,Lain-lain,LKJTA ,Batch Menyusul ,Report IPC dari aplikasi IPC digital akan dijadikan sebagai lampiran proses menggantikan halaman IPC dalam PPI eksisting,"1.        Terkait rencana penggunaan report IPC dari aplikasi IPC digital menggantikan halaman IPC dalam PPI eksisting¬ dalam rangka roll out project IPC digital ke semua proses filling line liquid, perlu disiapkan lampiran proses untuk menyesuaikan rencana penggunaan report IPC digital ini. Buatkan lampiran sebagai panduan report tarikan IPC digital dengan detail sebagai berikut : Lampiran 1 = IPC rata-rata bobot 10 sachet; Lampiran 2 = IPC physical test; Lampiran 3 = IPC kebocoran; Lampiran 4 = Catatan pemeriksaan keseragaman berat produk
2.        Lakukan sosialisasi tata cara penggunaan system aplikasi IPC digital kepada seluruh operator filling line liquid sebelum IPC digital diimplementasikan, termasuk ketentuan penggunaan akses untuk masing-masing personil. Lampirkan bukti sosialisasi.
3.        Lakukan CSV terhadap system IPC digital sebelum system di roll out terhadap seluruh mesin filling line liquid lainnya. Lampirkan dokumen CSV pada penyimpangan ini.
4.        Penyimpangan ini menjadi acuan untuk perilisan produk LKJTA yang menggunakan report IPC digital sesuai dengan lampiran proses. Produk dapat dirilis jika hasil analisa terhadap semua parameter memenuhi syarat dan jika tidak ada issue kualitas lainnya.
",
2024,DEV/QPR/PLG/PR/0124/002,CLOSED,,Planned,Process,Prosedur/Spec/MA tidak sesuai,PWSN1,FM103 - FM104 ; GA105 - GA106,"Usulan untuk bulk rework yang akan ditambahkan di batch FM103 -  FM104 ; GA105 - GA106 adalah bulk yang berasal dari sachet yang diproduksi di bulan November 2023 (masa simpan saat ini mencapai 2 bulan) yaitu batch FL102 (6,63 kg), FK101 (0,7 kg) dan sachet yang di produksi di bulan Agustus 2023 (masa simpan saat ini mencapai 4 bulan), yaitu batch FG085 (10,7 kg) dan FG086 (11,6 kg)","1.        Terhadap usulan penggunaan bulk rework PWSNH dengan masa simpan > 1 bulan, yaitu sachet dengan masa simpan 2 bulan yang diproduksi di bulan November 2023 (FL102 : 6.63 kg dan FK101 : 0.7 kg), dan sachet dengan masa simpan 4 bulan yang diproduksi di bulan Agustus 2023 (FG085 : 10,7 kg dan FG086 : 11,6 kg) pada PWSNH batch FM103, FM104, GA105, GA106, perlu dilakukan pemeriksaan LOD dan parameter sesuai spesifikasi FG terhadap bulk sebelum bulk digunakan untuk proses mixing. Produksi siapkan sampel untuk kebutuhan analisa terhadap masing-masing bulk sesuai masa simpannya.
2.        QC lakukan analisa terhadap bulk reproses dengan masa simpan > 1 bulan ini untuk parameter sesuai spesifikasi FG (fisika, kimia dan mikro) dan parameter LOD. Lampirkan hasil analisa dalam laporan penyimpangan ini.
3.        TS  melakukan evaluasi terhadap hasil analisa bulk rework. Bulk dapat dilanjutkan untuk proses mixing setelah pemeriksaan parameter LOD memenuhi persyaratan. 
4.        Produksi lakukan proses mixing dengan menggunakan bulk rework sesuai dengan prosedur pada PPI.
5.        QA akan mengambil sampel terhadap FG yang menggunakan bulk rework dengan masa simpan > 1 bulan ini.
6.        Produk PWSNH FM103, FM104, GA105, GA106 dapat dirilis jika hasil analisa terhadap semua parameter MS.",http://b7-drive.bintang7.com/?launchApp=SYNO.SDS.Drive.Application#file_id=798207706570734725
2024,DEV/QPR/PLG/PR/0124/003,CLOSED,,Unplanned,Procedure/documentation/data integrity,Prosedur/Spec/MA tidak sesuai,LNKO1,GA760 ,tidak ada kolom final mixing di mesin tetra 3,"1.        Terjadi kesalahan proses Final Mixing LNKOD GA760, dimana proses dilakukan di mesin Tetra 3 padahal secara PPI untuk Final Mixing LNKOD hanya dapat dilakukan di mesin Tetra 1, Tetra 2 dan Silverson. Terkait hal ini, dengan mempertimbangkan settingan mesin Tetra 3 dan Tetra 1 yang sama, proses Mixing dapat dijalankan di Mesin Tetra 3 dengan melakukan coret paraf pada PPI. Tambahkan keterangan pada catatan perubahan proses. Lampirkan dokumentasinya.
2.        Kesalahan ini dikarenakan oleh kurang mindfulness operator dalam melakukan proses. Lakukan sosialisasi ke operator untuk memastikan mengerjakan proses sesuai dengan PPI. Lampirkan materi briefing dan daftar hadir sosialisasi.
3.        QA telah melakukan verifikasi all parameter setelah proses pembersihan terhadap mesin Tetra 3 setelah mixing produk LNKOD untuk memastikan proses pembersihan di mesin Tetra 3. Hasil pemeriksaan fisik MS, dan pemeriksaan mikro masih in progress pemeriksaan. Lampirkan hasil verifikasi dalam laporan penyimpangan ini.
4.        Produk LNKOD GA760 dapat dirilis jika hasil analisa terhadap semua parameter memenuhi syarat (MS) dan tidak ada issue kualitas lainnya.
5.        Apabila hasil analisa terhadap produk MS dan hasil verifikasi after cleaning produk LNKOD di Mesin Tetra 3 MS, maka dapat diusulkan untuk mengajukan penambahan mesin Tetra 3 sebagai alternative mesin compounding produk LNKOD. Buat FUP sebagai acuan perubahan PPI dan penyesuaian kajian risiko validasi cleaning.
",http://b7-drive.bintang7.com/?launchApp=SYNO.SDS.Drive.Application#file_id=798207821031193878
2024,DEV/QPR/PLG/PR/0124/004,CLOSED,,Unplanned,Product,Prosedur/Spec/MA tidak sesuai,LNKOD,GA760,Bobot karton aktual dan 3WS tidak sesuai,"1.        Pada saat inspeksi oleh QA (Leon & Gunawan) di Chimei 7 (sedang jalan proses LNKOD GA760), ditemukan pada sistem 3WS membaca berat 128g sebagai berat stable, yang mengakibatkan berat karton aktual dan 3WS tidak sesuai dan memiliki selisih, sehingga pada label timbang pun jadi berbeda mengikuti sistem 3WS. Terhadap kejadian tersebut, lakukan investigasi penyebab hal tersebut dapat terjadi, apakah dikarenakan kesalahan system 3WS atau jaringan, karena kondisi timbangan, atau karena factor lainnya. Lampirkan laporan investigasi.  Koordinasikan dengan tim IT jika didapati kesalahan ada pada system 3WS untuk dapat diteruskan ke pihak 3WS.
2.        Temuan ini mengakibatkan ketidaksesuaian antara bobot pada label timbang dengan bobot karton sesungguhnya. Produksi lakukan proses timbang ulang terhadap seluruh karton untuk memastikan bobot yang tertera pada label timbang sudah sesuai dengan bobot sesungguhnya. Hitung hidden cost pada aktivitas ini.
3.        QA lakukan verifikasi terhadap karton yang sudah ditimbang ulang. Hitung hidden cost pada aktivitas ini.
4.        Terhadap ketidaksesuaian proses ini, perlu dilakukan briefing ulang kepada tim produksi untuk selalu memastikan kondisi timbangan sudah diverifikasi sebelum digunakan, timbangan sudah ditara pada posisi 0, dan selalu informasikan ke tim QA apabila didapati timbangan dalam kondisi tidak baik. Lampirkan materi briefing dan daftar hadir sosialisasi.
5.        Produk LNKOD GA760 dapat dirilis jika hasil analisa terhadap semua parameter memenuhi syarat dan tidak ada issue kualitas lainnya.
",http://b7-drive.bintang7.com/?launchApp=SYNO.SDS.Drive.Application#file_id=798214322397425816
2024,DEV/QPR/PLG/PR/0124/005,CLOSED,,Unplanned,Product,Bobot TMS,LNKOA,GA762,Bobot sachet TMS,"1. Bobot sachet LNKOA batch GA762 ditemukan TMS under 8.41 gram di line 3 (syarat bobot 9.21 – 9.93 gram), output mesin ilapak 10. Berdasarkan konversi perhitungan bobot dibandingkan kadar, rekomendasi bobot minimum yang masih memenuhi syarat (MS) yaitu 8.747 – 9.93 gram. Produksi laukan runut sortir bobot sesuai dengan prosedur. Hitung hidden cost pada kegiatan ini 
2. QA lakukan verifikasi runut sortir dengan rekomendasi bobot yaitu 8.747 – 9.93 gram. Hitung hidden cost pada kegiatan ini 
3. Ketika ditemukan bobot TMS, dilakukan pembongkaran pada line 3 dan ditemukan kondisi gasket piston dan piston line yang TMS. Potensi bobot TMS dapat disebabkan kondisi gasket piston yang NOK. Perlu dilakukan investigasi lebih lanjut untuk mengetahui penyebab pasti penyimpangan bobot TMS ini. Koordinasikan dengan tim Teknik. 
4. Produk LNKOA batch GA762 dapat dirilis jika hasil analisa terhadap semua parameter memenuhi syarat dan jika tidak terdapat issue kualitas lain nya 
",http://b7-drive.bintang7.com/?launchApp=SYNO.SDS.Drive.Application#file_id=798219976604431509
2024,DEV/QPR/PLG/PR/0124/006,CLOSED,,Unplanned,Procedure/documentation/data integrity,Kepatuhan Dokumentasi,LKNTA ,FM703,Inspektor QA salah menulis tahun pada PPI pengemasan primer,"1. Pada saat dilakukan pemeriksaan BR oleh admin KBR Produksi (Lia), ditemukan inspector QA (Diaz) salah menulis tahun pada kolom pemeriksaan bulk (PPI Pengemasan Primer hal 3/20). Hal tersebut disebabkan karena Inspektor QA tidak minfuldlness. Lakukan perbaikan pada dokumen PPI dan beri note alasan coret paraf sesuai kaidah GDP. Lampirkan dokumen yang telah diperbaiki 
2. Perlu dilakukan briefing ulang kepada tim inspector QA untuk memastikan aktivitas dokumentasi dilakukan secara aktual dan tepat sesuai kaidah GDP. Lampirkan materi briefing dan daftar hadir sosialisasi 
3. Produk LKNTA batch FM703 dapat dirilis jika hasil analisa terhadap semua parameter memenuhi syarat (MS) dan jika tidak ada issue kualitas lain nya",http://b7-drive.bintang7.com/?launchApp=SYNO.SDS.Drive.Application#file_id=798351618239150256
2024,DEV/QPR/PLG/PD/0124/007,CLOSED,,Planned,Procedure/documentation/data integrity,Prosedur/Spec/MA tidak sesuai,LPRGP,GA014 - GA016,"Perubahan pada PPI kemas :
- Perubahan setting suhu mesin sesuai jenis mesin (tiap mesin punya range tersendiri sesuai performa) 
[sebelumnya satu range suhu untuk semua jenis mesin].
- Perubahan kecepatan mesin filling menjadi 55-65 Rpm
[sebelumnya 45-65 Rpm]
- Perubahan range bobot sachet menjadi 12.06 - 13.15 gram (95%-105%, titik tengah 12.60 gram) 
[sebelumnya 12.06-13.70 gram, 95%-110%, titik tengah 12.60].
- Perubahan range berat karton menjadi 6.31 - 6.78 Kg 
[sebelumnya 6.31-7.02 Kg, perubahan karena berubahnya range bobot sachet]","1. Proses kemas untuk produk Promag Suspensi Liquid 10 mL (LPRGP) terdapat perubahan sebagai berikut : - Perubahan setting suhu mesin sesuai jenis mesin; - Perubahan kecepatan mesin filling menjadi 55-65 Rpm (sebelumnya 45-65 Rpm); - Perubahan range bobot sachet menjadi 12.06 - 13.15 gram (95%-105%, titik tengah 12.60 gram) (sebelumnya 12.06-13.70 gram, 95%-110%, titik tengah 12.60 gram); - Perubahan range berat karton menjadi 6.31 - 6.78 Kg (sebelumnya 6.31-7.02 Kg); Rencana tersebut untuk alokasi di batch GA014-GA016. Jika terdapat perubahan batch koordinasikan dengan departemen terkait        
2. Terkait perubahan pada PPI Kemas LPRGP, akan dibuatkan Lampiran Perubahan Proses sebagai acuan proses. Lakukan pendampingan selama proses, pastikan proses tim pelaksana memahami prosed perubahan tersebut
4. Jika hasil evaluasi perubahan proses Memenuhi Syarat (MS) dan Proses sudah tervalidasi, RnD akan melakukan revisi dan update pada PPI. Pastikan setelah batch GA016, PPI sudah dilakukan perbaikan. Lampirkan hasil evaluasi dan revisi PPI 
5. Produk LPRGP batch GA014-GA016 akan dirilis jika hasil analisa terhadap semua parameter memenuhi syarat (MS) dan tidak ada issue kualitas lain nya
",http://b7-drive.bintang7.com/?launchApp=SYNO.SDS.Drive.Application#file_id=798355762886786569
2024,DEV/QPR/PLG/PR/0124/008,CLOSED,,Unplanned,Product,Kebocoran,LBMAN ,GA648,Ditemukan sachet line 2 bocor.,"1.         Sachet produk LBMAN GA648 ditemukan bocor di line 2 area sealing horizontal, produk merupakan output mesin ilapak 8. Terhadap sachet yang bocor, produksi lakukan runut sortir untuk FG dijam kejadian 14.05 sesuai dengan prosedur. Hitung hidden cost pada kegiatan ini
2. QA lakukan verifikasi runut sortir kebocoran untuk line 2 sesuai dengan prosedur. Hitung hidden cost pada aktivitas ini
3. Perlu dilakukan investigasi lebih lanjut terhadap pemastian selama proses IPC dilapangan ditemukan sachet bocor dan kondisi mesin yang NOK atau tidak. Dari pengamatan hasil sachet bocor, diamati area sealing horizontal bagian tengah tidak terseal sempurna (bulk terjebak). Lakukan investigasi lebih lanjut terhadap potensi penyebab adanya bulk terjebak (pemeriksaan pada area sealing horizontal, kondisi gasket dan suhu sealing) serta tindakan perbaikan yang dilakukan. Jika ditemukan kondisi NOK pada mesin, segera koordinasikan dengan tim teknik untuk dilakukan perbaikan (jika perlu lampirkan WR).
4. Teknik lakukan evaluasi lebih lanjut terhadap penyebab bocor pada mesin, pastikan PM mesin dilakukan sesuai penjadwalan. Perlu dilakukan perbaikan untuk mencegah kejadian berikut berulang
5.         Produk LBMAN batch GA648 dapat dirilis jika hasil analisa terhadap semua parameter memenuhi syarat (MS) dan jika tidak ada issue kualitas lain nya
",http://b7-drive.bintang7.com/?launchApp=SYNO.SDS.Drive.Application#file_id=798355918963130070
2024,DEV/QPR/PLG/PR/0124/009,CLOSED,,Unplanned,Process,Kontaminan,POSNA,FM458,Ditemukan pengotor di bulk filling POSNA FM458,"1.        Pada saat inspector QA (Rhonald) melakukan proses IPC bobot tertuang saat mengikuti kualifikasi mesin SIG 5 yang sedang jalan proses POSNA FM458, ditemukan pengotor berupa serpihan hitam pada bulk. Temuan ini diinformasikan ke Supervisor Produksi dan proses dihold. Selanjutnya dilakukan investigasi oleh tim Produksi dan tim QA untuk mencari sumber pengotor. Dilakukan kuras bulk pada chamber dan cek part mesin oleh produksi didampingi oleh inspector QA, dan tidak ditemukan pengotor lainnya pada bulk hasil kurasan. Pengotor dicurigai sebagai potongan sachet pada saat pengguntingan sachet. Selanjutnya bulk direkomendasikan untuk dilanjutkan proses filling. Tuliskan terkait issue ini pada catatan perubahan proses di PPI.
2.        Terhadap pengotor yang ditemukan, jumlahnya terlalu sedikit dan ukurannya terlalu kecil, sehingga tidak memungkinkan untuk dilakukan identifikasi lanjutan. Perlu dilakukan investigasi menyeluruh terhadap seluruh mesin yang kontak produk untuk memastikan sumber kontaminasi. Jika diperlukan, lakukan investigasi sampai proses sebelumnya seperti compounding dan penimbangan, sampai ke potensi pengotor dari material. Lampirkan hasil investigasi untuk mencari potensi sumber pengotor ini agar kejadian serupa tidak terulang. Koordinasikan dengan departemen terkait.
3.        Apabila tidak ada issue kualitas lainnya dan apabila hasil analisa terhadap semua parameter memenuhi persyaratan (MS), maka produk PONSA FM458 direkomendasikan untuk dirilis.
",http://b7-drive.bintang7.com/?launchApp=SYNO.SDS.Drive.Application#file_id=798356629841035166
2024,DEV/QPR/PLG/PR/0124/010,CLOSED,,Unplanned,Procedure/documentation/data integrity,Kepatuhan,PWSNH,GA105,"PWSNH GA105. Karton yang belum ditimbang tidak diberikan identitas nama produk dan no batchnya, dan untuk identitas no pallet yang ditulis di karton tidak sesuai dengan aktual yang terakhir ditimbang (yang ditulis Pallet 4 karton no 1, seharusnya pallet 3 karton 1)","1.	Adanya temuan oleh inspector QA (Emi) pada saat melakukan inspeksi di mesin SIG 6 (jalan produk PWSNH GA105) dan didapatkan adanya karton yang belum dilengkapi tanpa identitas kode produk dan nomor batch, serta adanya identitas yang tidak sesuai dengan kondisi actual (seharusnya ditulis palet 3 karton 1, namun ditulis palet 4 karton 1). Hal ini dikarenakan operator tim powder (Elsa dan Khairul Imaduddin) tidak mindfulness dan terlewat dalam penulisan label identitas dan salah menulis identitas. Perlu dilakukan briefing ulang kepada all tim produksi terkiat pentingnya label identitas sebagai bagian dari implementasi data integrity dan good documentation practice. Lampirkan materi briefing dan daftar hadir sosialisasi
2.	Produk PWSNH GA105 dapat dirilis jika hasil analisa terhadap semua parameter memenuhi  syarat (MS) dan jika tidak ada issue kualitas lain nya",http://b7-drive.bintang7.com/?launchApp=SYNO.SDS.Drive.Application#file_id=798357224423469088
2024,DEV/QPR/PLG/PR/0124/011,CLOSED,,Unplanned,Procedure/documentation/data integrity,Kepatuhan,LNKOD,GA766,LNKOD GA766. Label JO yang ditempel di PPI tidak sesuai dengan label JO pada label non dispense,"1.         Pada saat sedang dilakukan inspeksi oleh inspektor QA (Emi) Label JO foil pada produk LNKOD batch GA766 ditemukan tidak sesuai antara label JO yang ditempel di PPI dengan JO foil pada label non dispoense, dimaana ada label JO yang tertempel dengan nomor 4MB02 (no QC : 2P/2312/0024), sedangkan pada label non dispense label JOnya adalah 4MB03 (2P/2312/0025). Ketidaksesuaian label JO antara PPI dan label non dispense berpotensi proses telusur terkendala. Lakukan penggantian label JO sesuai dengan label JO yang digunakan pada produk dan label non dispense. Lampirkan dokumentasi label JO Foil LNKOD batch GA766 yang telah diperbaiki sesuai dengan label non dispense.
2. Terhadap ketidaksesuaian label non dispense yang ditempel di PPI, pastikan proses line clearance dilakukan dengan baik dan dilakukan proses double check pada dokumen dengan fisik aktual nya. Lakukan briefing ulang kepada all tim produksi filling. Lampirkan materi briefing dan daftar hadir sosialisasi
3. Produk LNKOD batch GA766 dapat dirilis jika hasil analisa terhadap semua parameter memenuhi syarat (MS) dan tidak ada issue kualitas lain nya
",http://b7-drive.bintang7.com/?launchApp=SYNO.SDS.Drive.Application#file_id=798357536674721904
2024,DEV/QPR/PLG/PR/0124/012,CLOSED,,Unplanned,Process,Kontaminan,PWSN1,GA109,Ditemukan sendok pada material Tartazine produk PWSN1 GA109 ,"1.        Pada saat produksi melakukan proses compounding PWSNH GA106, saat menuangkan material RM Tartrazine plastic ke-3 ditemukan adanya sendok stainless di dalam plastic. Terhadap temuan ini, selanjutnya dilakukan verifikasi dan rekonsiliasi terhadap bobot yang tertera pada label timbang dan disimpulkan bahwa bobot tersebut termasuk dengan bobot sendok, sehingga perlu dilakukan adjustment terhadap berat RM Tartrazine yang kurang. Produksi buatkan FKM untuk menggantikan bobot sendok yang tertimbang (21 gram).
2.        QA melakukan verifikasi terhadap material RM Tartrazine yang ditimbang untuk memastikan kebenaran bobot material yang ditimbang sebelum dilanjutkan untuk proses.
3.        Produksi melanjutkan proses compounding PWSNH GA106 sesuai dengan PPI menggunakan material Tartazine yang sudah didapat melalui FKM.
4.        Sendok yang ditemukan merupakan alat bantu timbang material yang digunakan tim penimbangan. Perlu dilakukan investigasi lebih lanjut terhadap kasus ini, kenapa sendok tersebut bisa masuk ke dalam material. Penimbangan buatkan CAPA terhadap temuan ini agar kejadian serupa tidak terulang dikemudian hari.
5.        Produk PWSNH GA106 dapat dirilis jika hasil analisa terhadap semua parameter memenuhi syarat (MS) dan tidak ada issue kualitas lain nya
",http://b7-drive.bintang7.com/?launchApp=SYNO.SDS.Drive.Application#file_id=798358159988142335
2024,DEV/QPR/PLG/PR/0124/013,CLOSED,,Unplanned,Procedure/documentation/data integrity,Kepatuhan Dokumentasi,LKXLA,GA036,Salah no batch pada label proses,"1.	Pada saat inspector sedang melakukan inspeksi di kemas liquid lantai 2, ditemukan label proses ruangan dan mesin salah penulisan nomor batch, dimana seharusnya batch yang tertulis adalah LKXLA GA035 namun batch actual berjalan adalah LKXLA GA036. Terhadap kesalahan penulisan nomor batch ini, lakukan perbaikan nomor batch sesuai kaidah GDP. Lampirkan dokumentasi perbaikan.
2.	Kesalahan penulisan nomor batch ini karena operator kurang mindfulness saat menuliskan nomor batch. Kesalahan ini dapat berpotensi terjadinya miss informasi dan menyebabkan mixed up produk. Supervisor produksi lakukan sosialisasi ulang kepada seluruh tim produksi terkait tata cara pengisian PPI dan dokumen lainnya agar tidak terjadi penyimpangan serupa. Lampirkan materi sosialisasi dan daftar hadir.
3.	Produk LKXLA batch GA036 akan dirilis jika hasil analisa terhadap semua parameter memenuhi syarat (MS) dan tidak ada issue kualitas lain nya",http://b7-drive.bintang7.com/?launchApp=SYNO.SDS.Drive.Application#file_id=798358389412376920
2024,DEV/QPR/PLG/PR/0124/014,CLOSED,,Unplanned,Process,Prosedur/Spec/MA tidak sesuai,POSN1,GA491 - 492,optimasi parameter drying starch-tapioca + proses paralel pada compounding POSN1 (trial ke-3),"1.  Trial setting FBD menggunakan suhu
110 DC selama 15 menit dengan kondisi
container kosong hasilnya diperoleh
angka yang cenderung stabil (suhu
terendah: 106 DC dan suhu tertinggi:
113 DC) (trial lanjutan based on
DEV/QPR/PLG/PR/1223/020) sehingga
Produksi mengusulkan untuk melakukan
trial lanjutan menggunakan bulk POSN1,
berdasarkan CoA material filter bag suhu
maksimal yang digunakan yaitu 120 DC.
Rencana trial tersebut ACC dilakukan
dengan catatan: 1. ketahanan kondisi
Filter Bag tidak bermasalah dengan suhu
110 DC; 2. tidak terjadi peningkatan
konsumsi energi yang digunakan; 3.
Tidak terjadi bottle neck antara proses
compounding dan filling

2. Terkait proses pengeringan starch
menggunakan suhu 110 DC selama 15
menit perlu dibuatkan Lampiran
Perubahan Proses sebagai acuan tim
pelaksana. Pada Lampiran Perubahan
Proses perlu dijelaskan step jika
ditemukan hasil LOD yang Tidak
Memenuhi Syarat (TMS) termasuk
skenario sampling ulang dari bak
kontainer FBD, jika masih ditemukan
TMS maka akan dilakukan drying ulang
dengan suhu 110 DC selama 15 menit
dengan hasil LOD MS. Lampirkan
Lampiran Perubahan Proses.
3. Proses pengeringan starch
menggunakan suhu 110 DC selama 15
menit akan dilakukan sebanyak 2 batch
pada estimasi produk POSN1 batch
GA491 dan GA492. Koordinasikan
alokasi batch yang terdampak.
Sosialisasikan kepada tim pelaksana
termasuk pencatatan suhu aktual, suhu
terendah dan suhu tertinggi di Catatan
Perubahan Proses. Jika terjadi
perubahan alokasi batch lampirkan di
devol
4. Produksi akan melakukan sampling dan
pemeriksaan tambahan 9 titik di
container FBD (sesuai titik valpro)
sebagai pendataan. Sedangkan untuk
rilis analisa LOD dilakukan sesuai
dengan eksisting (composite 1 titik), jika
hasil pemeriksaan MS maka proses
dapat dilanjutkan
5. Produksi akan melakukan evaluasi dari
hasil pendataan pemeriksaan LOD dan
pemeriksaan fisik yang dilakukan
sebanyak 2BN, pastikan tidak terjadi
perubahan warna maupun pemerian lain,
koordinasikan dengan tim TS terkait hasil
trial. Lakukan evaluasi terhadap hasil trial
termasuk lead time proses dan saving
energi dibandingkan dengan hasil trial
suhu 105 DC. Pastikan tidak terdapat
bottle neck antara proses filling dan
compounding. Jika hasil trial OK maka
direkomendasikan di follow up melalui
FUP untuk dilakukan revisi pada PPI. 
6. Plan deviation ini menjadi acuan perilisan
produks dan batch yang terdampak.
Produk dapat dirilis jika hasil analisa
terhadap semua parameter memenuhi
syarat (MS) dan jika tidak ada issue
kualitas lain nya",http://b7-drive.bintang7.com/?launchApp=SYNO.SDS.Drive.Application#file_id=800027209969483354
2024,DEV/QPR/PLG/PR/0124/015,CLOSED,,Unplanned,Process,Kepatuhan,POSNA ,FM485,Masa simpan bulk lebih dari 7 hari,"1.Proses final mixing bulk POSNA Batch FM485 selesai lebih dari masa simpannya (maksimal 7 hari), yaitu pada tanggal 11 Januari 2024 dikarenakan proses filling di mesin SIG 5 tidak berjalan dengan lancar (seharusnya selesai filling maksimal di tanggal 10 Januari 2024). Hal ini dikarenakan terjadi gangguan teknis di mesin SIG 5, dimana part control otomatisasi rusak sehingga program PLC tidak dapat berjalan lancar. Bulk yang melewati ED berpotensi menyebabkan bulk menjadi gumpal dan keras sehingga proses filling harus segera dilakukan. Produksi lakukan pencatatan di BR pada lembar catatan perubahan proses terkait penyebab umur bulk melewati ED, agar ter-record penyebab ED bulk tidak sesuai dengan PPI.
2. Bulk yang melewati ED memiliki potensi gumpal dan keras sehingga menyebabkan pengisian bobot menjadi tidak stabil. Pastikan selama proses IPC bobot memenuhi syarat (MS).
3. QA melakukan pengambilan sampel untuk kebutuhan monitoring stabilita.
4. Terkait adanya GT pada mesin SIG 5, perlu dilakukan perbaikan menyeluruh agar proses operasional tidak terhambat. Koordinasikan perbaikan dengan tim teknik (Jika perlu lampiran WR).
5. Terhadap perbaikan mesin filling SIG 5, pastikan setelah perbaikan mesin dapat berjalan dengan normal dan output MS. Pastikan kerusakan dapat dicegah dengan Preventive Maintenance ke depannya agar tidak mengganggu jadwal operasional Produksi. Lampirkan WO dan detail pelaksanaan PM Mesin
6. Plan deviation ini menjadi acuan perilisan POSNA Batch FM485. Produk dapat dirilis jika hasil analisa terhadap semua parameter memenuhi syarat (MS) dan tidak ada issue kualitas lain nya. Produk direkomendasikan dilalokasi kan untuk distribusi ke area fast moving",http://b7-drive.bintang7.com/?launchApp=SYNO.SDS.Drive.Application#file_id=798358717161583015
2024,DEV/QPR/PLG/PR/0124/016,CLOSED,,Unplanned,Procedure/documentation/data integrity,Kepatuhan Dokumentasi,LNKOA ,GA776,"LNKOA GA776. Label sedang proses mesin ilapak 10 yang tertempel di mesin belum diparaf pelaksana, namun sudah diparaf oleh pemeriksa","1. Pada saat sedang dilakukan inspeksi oleh inspektor QA (Gunawan) ditemukan label sedang proses yang tertempel di mesin Ilapak 10 belum diparaf oleh pelaksana, namun sudah diparaf oleh pemeriksa. Hal ini dikarenakan adanya GT mesin yang mengakibatkan operator focus pada perbaikan dan terlewat untuk melakukan paraf di label sedang proses. Berikan paraf pada label sedang proses mesin Ilapak 10 sesuai aturan GDP. Lampirkan dokumentasi label sedang proses yang sudah dilengkapi.
2. Terhadap temuan tidak adanya paraf pelaksana ini, Supervisor Produksi Lakukan briefing ulang kepada all tim produksi filling untuk memastikan kelengkapan pengisian dokumen dan label sebelum memulai aktivitas. Lampirkan materi briefing dan daftar hadir sosialisasi 
3. Produk LNKOA batch GA776 dapat dirilis jika hasil analisa terhadap semua parameter memenuhi syarat (MS) dan tidak ada issue kualitas lain nya",http://b7-drive.bintang7.com/?launchApp=SYNO.SDS.Drive.Application#file_id=798359484540957437
2024,DEV/QPR/PLG/PR/0124/017,CLOSED,,Unplanned,Procedure/documentation/data integrity,Kepatuhan Dokumentasi,LKNTA,GA717,Operator tidak melakukan paraf pada point setting berat sachet,"1. Pada saat sedang dilakukan inspeksi oleh inspektor QA (Leon) di mesin Ilapak 6, ditemukan bahwa operator belum melakukan paraf pada point setting berat sachet + isi sebelum dan selama proses filling. Operator lengkapi paraf pada PPI tersebut. Lampirkan dokumentasi label sedang proses yang sudah dilengkapi.
2. Terhadap temuan tidak adanya paraf pelaksana ini, Supervisor Produksi Lakukan briefing ulang kepada all tim produksi untuk memastikan dokumentasi dilakukan sesaat setelah aktivitas dilakukan (tidak ditunda). Lampirkan materi briefing dan daftar hadir sosialisasi 
3. Produk LKNTA batch GA717 dapat dirilis jika hasil analisa terhadap semua parameter memenuhi syarat (MS) dan tidak ada issue kualitas lain nya",http://b7-drive.bintang7.com/?launchApp=SYNO.SDS.Drive.Application#file_id=798359706207826821
2024,DEV/QPR/PLG/PR/0124/018,CLOSED,,Unplanned,Product,Bobot TMS,LPRGQ,GA130,Bobot sachet TMS line 2.,"pada saat dilakukan otorisasi (syarat bobot 18.72 – 21.35 gram). Terhadap temuan ini, produksi laukan runut sortir bobot sesuai dengan prosedur. Hitung hidden cost pada kegiatan ini 
2. QA lakukan verifikasi runut sortir terhadap output yang sudah disortir oleh tim Produksi. Hitung hidden cost pada kegiatan ini 
3. Perlu dilakukan investigasi lebih lanjut terhadap temuan bobot TMS ini. Perlu dipastikan kondisi mesin di line 2, terutama di bagian part pengisian. Pastikan aliran bulk sampai ujung nozzle lancar, tidak terdapat gelembung dan set point bobot sesuai dengan persyaratan. Periksa juga kinerja filling pump di line tersebut, pastikan dapat bergerak dengan lancar tanpa ada kebocoran. Koordinasikan dengan tim Teknik terkait ini, buatkan WR jika perlu.
4. Produk LPRGQ batch GA130 dapat dirilis jika hasil analisa terhadap semua parameter memenuhi syarat dan jika tidak terdapat issue kualitas lain nya ",http://b7-drive.bintang7.com/?launchApp=SYNO.SDS.Drive.Application#file_id=798360611040834724
2024,DEV/QPR/PLG/PR/0124/019,CLOSED,,Unplanned,Procedure/documentation/data integrity,Kepatuhan Dokumentasi,LBMAN ,GA646,Tidak dilakukan paraf pemeriksaan pada kolom disaksikan uji sensory saat agitator di storage tank,"1. Pada saat admin BR melakukan
pemeriksaan terhadap BR LBMAN
GA646, ditemukan tidak dilakukan paraf
pemeriksaan (diisikan NA) pada kolom
disaksikan di point uji sensory di PPI.
Aktivitas pemeriksaan sensory dilakukan
di lab QC oleh analis QC dan tidak
melibatkan operator produksi, sehingga
kolom disaksikan oleh di-NA. Pemastian
kesesuaian sensory produk menjadi
tanggung jawab QC dan dibuktikan
dalam bentuk label release yang
ditempel di storage tank, sehingga
dokumentasi di kolom PPI yang diNAkan sudah sesuai. Informasikan ke
tim BR mengenai ketentuan ini agar
kedepannya tidak ditemukan sebagai ketidaksesuaian.
2. Lakukan review terhadap PPI jika perlu
untuk memperjelas personil yang
bertanggung jawab dalam pengisian PPI.
3. Produk LBMAN GA646 dapat dirilis jika
hasil analisa terhadap semua parameter
memenuhi syarat dan jika tidak terdapat
issue kualitas lain nya

",http://b7-drive.bintang7.com/?launchApp=SYNO.SDS.Drive.Application#file_id=803781810847792153
2024,DEV/QPR/PLG/FG/0124/020,CLOSED,,Unplanned,Warehouse,Kepatuhan,LPRGP ,FM011,2 Karton FG rusak,"1.        Pada saat penerimaan dan pembongkaran produk Promag Suspensi 10ml (LPRGP) FM011 di gudang Kalbe Cikarang, didapati adanya karton pada bagian sisi kanan tumpukan yang roboh yang menyebabkan 2 karton FG yang rusak. Tumpukan karton yang roboh ini diakibatkan adanya celah kosong pada sisi kanan mobil, sehingga pada saat pengiriman karton menjadi roboh dan terkena tiang box. Lakukan sosialisasi kepada team gudang yang bertugas melakukan loading FG untuk memastikan penyusunan FG di mobil tidak memiliki celah agar kejadian serupa di kemudian hari dapat dihindarkan. Lampirkan materi sosialisasi dan daftar hadir.
2.        Dilakukan verifikasi oleh tim B7 terhadap karton yang rusak ini, dan didapati 1 sachet dalam kondisi TMS. Terhadap karton yang rusak, lakukan penggantian karton. Terhadap 1 sachet yang TMS, akan diproses retur oleh pihak Kalbe Farma.
3.        QA melakukan verifikasi terhadap penggantian karton yang sudah dilakukan oleh tim Produksi.
4.        Karton yang sudah diperbaiki dan diverifikasi dapat dikirimkan kembali ke Gudang FG Kalbe Farma.
5.        Terhadap ketidaksesuaian ini, tim Gudang OMC buatkan CAPA agar kejadian serupa tidak terjadi di kemudian hari. Koordinasikan dengan pihak terkait (misal pihak Warehouse Kalbe atau ekspedisi) jika perlu.",http://b7-drive.bintang7.com/?launchApp=SYNO.SDS.Drive.Application#file_id=798361460194456977
2024,DEV/QPR/PLG/WG/0124/021,Cancel,,Unplanned,Warehouse,Kepatuhan,"LKXO1
LBJA1","      GA284
      GA009",Ditemukan RM dalam satu ruangan ada dua produk yang berbeda,,
2024,DEV/QPR/PLG/PR/0124/022,CLOSED,,Unplanned,Procedure/documentation/data integrity,Kepatuhan Dokumentasi,"LKNTA
POSNA","GA713
GA487",Inspektor QA tidak memberi tanggal pada paraf dan salah menulis bulan pada paraf pada PPI filling mesin ilapak 4 dan SIG 5,"1. Pada saat admin BR melakukan pemeriksaan BR, ditemukan temuan ketidaksesuaian dimana inspector QA (Diaz) tidak memberikan tanggal pada paraf di IPC pemeriksaan organoleptic pada mesin SIG 5 di PPI POSNA GA487. Bubuhkan tanggal pada halaman PPI tersebut, lampirkan dokumentasinya.
2. DItemukan ketidaksesuaian lain yaitu kesalahan penulisan bulan oleh inspector QA (Leon), dimana inspector menulis bulan 11-08-204, seharusnya 11-01-2024 pada PPI LKNTA GA713. Lakukan perbaikan bulan pada PPI tersebut, lampirkan dokumentasi perbaikan.
3. Supervisor QA lakukan sosialisasi ulang kepada inspector QA untuk memastikan pencatatan pada PPI sesuai dengan prinsip GPD dan ALCOA. Lakukan pengecekan ulang terhadap dokumentasi yang dilakukan. Lampirkan materi sosialisasi dan daftar hadir sosialisasi.
4. Apabila tidak ada issue kualitas lainnya dan semua parameter pemeriksaan memenuhi persyaratan, maka produk POSNA GA487 dan LKNTA GA713 dapat dirilis.",http://b7-drive.bintang7.com/?launchApp=SYNO.SDS.Drive.Application#file_id=798362596070700860
2024,DEV/QPR/PLG/PR/0124/023,CLOSED,,Unplanned,Procedure/documentation/data integrity,Kepatuhan,LNKOA ,GA780,LNKOA GA780. Karton yang belum ditimbang tidak dilengkapi identitas,"1.        Adanya temuan oleh inspector QA (Gunawan) pada saat melakukan inspeksi di ruang Kemas Liquid lt 1 area mesin Jinsung 4 (jalan produk LNKOA GA780) dan didapatkan adanya karton yang belum ditimbang tanpa identitas produk. Hal ini dikarenakan operator (Bambang) tidak mindfulness dan terlewat dalam penulisan label identitas. Perlu dilakukan briefing ulang kepada all tim produksi terkiat pentingnya label identitas sebagai bagian dari implementasi data integrity dan good documentation practice. Lampirkan materi briefing dan daftar hadir sosialisasi
2.        Produk LNKOA GA780 dapat dirilis jika hasil analisa terhadap semua parameter memenuhi  syarat (MS) dan jika tidak ada issue kualitas lain nya
",http://b7-drive.bintang7.com/?launchApp=SYNO.SDS.Drive.Application#file_id=798364749204076790
2024,DEV/QPR/PLG/PR/0124/024,CLOSED,,Unplanned,Product,Kepatuhan,LKXLA,GA036,LKXLA GA036. Retianed sample terlewat diambil oleh produksi,"1.        Pada saat proses kemas LKXLA GA036, leader terlewat untuk mengambil retained sampel pada saat awal jalan proses dikarenakan kurangnya awareness leader yang melakukan closing batch secara bersamaan. Terhadap ketidaksesuaian ini, produksi lakukan permintaan melalui FPP/FKB ke gudang sesuai jumlah kebutuhan retained sampel. Lampirkan dokumentasinya.
2.        Retained sampel berguna sebagai standard penelusuran jika di kemudia hari ditemukan complain terhadap produk yang bersangkutan. Lakukan sosialisasi kepada tim untuk selalu mindful dan mengambil retained sampel sesuai dengan prosedur yang berlaku, serta pengambilan sampel harus dilakukan oleh personil yang kompeten dan disimpan sesuai kondisi suhu gudang yang dipersyaratkan. Lampirkan materi dan daftar hadir sosialisasi.
3.        Produk LKXLA GA036 dapat dirilis jika hasil analisa terhadap semua parameter memenuhi  syarat (MS) dan jika tidak ada issue kualitas lain nya
",http://b7-drive.bintang7.com/?launchApp=SYNO.SDS.Drive.Application#file_id=798364976461953329
2024,DEV/QPR/PLG/PR/0124/025,CLOSED,,Unplanned,Product,Kebocoran,LWPGA ,GA006,"LWPGA GA006. Sachet bocor line 2-5, dan sachet line 1 potongan tidak simetris","1.         Sachet produk LWPGA GA006 ditemukan bocor di line 2-5 area sealing horizontal dan potongan yang tidak simetris pada line 1, produk merupakan output mesin Yonan. Terhadap sachet yang bocor dan potongan yang tidak simetris, produksi lakukan runut sortir untuk FG dijam kejadian 07.50 sesuai dengan prosedur. Pastikan redaksi masih terbaca jelas untuk potongan sachet yang tidak simetris, serta area sealing sesuai dan tidak ada potensi bocor. Hitung hidden cost pada kegiatan ini.
2. QA lakukan verifikasi runut sortir kebocoran untuk line 2-5 dan potongan yang tidak simetris pada line 1 sesuai dengan prosedur.  Hitung hidden cost pada aktivitas ini
3. Dari pengamatan hasil sachet bocor, diamati area sealing horizontal bagian tengah tidak terseal sempurna (bulk terjebak). Lakukan investigasi lebih lanjut terhadap potensi penyebab adanya bulk terjebak (pemeriksaan pada area sealing horizontal, kondisi gasket dan suhu sealing) serta tindakan perbaikan yang dilakukan. Jika ditemukan kondisi NOK pada mesin, segera koordinasikan dengan tim teknik untuk dilakukan perbaikan (jika perlu lampirkan WR).
4. Terhadap potongan sachet yang tidak simetris, perlu dilakukan pemastian terhadap kondisi pisau cutting dalam kondisi baik. Jika ditemukan kondisi NOK pada mesin, segera koordinasikan dengan tim teknik untuk dilakukan perbaikan (jika perlu lampirkan WR). Evaluasi penyebab ketidaksimetrisan sachet ini.
4. Teknik lakukan evaluasi lebih lanjut terhadap penyebab bocor dan potongan sachet yang tidak simetris pada mesin, pastikan PM mesin dilakukan sesuai penjadwalan. Perlu dilakukan perbaikan untuk mencegah kejadian berikut berulang
5.         Produk LWPGA GA006 dapat dirilis jika hasil analisa terhadap semua parameter memenuhi syarat (MS) dan jika tidak ada issue kualitas lain nya
",http://b7-drive.bintang7.com/?launchApp=SYNO.SDS.Drive.Application#file_id=799842192429464866
2024,DEV/QPR/PLG/PR/0124/026,CLOSED,,Unplanned,Product,Bobot TMS,LKXOB ,GA290,Bobot TMS line 6,"1. Pada saat inspector QA (Leon) sedang melakukan inspeksi di Ruang Filling Liquid 6 mesin Unifil B, didapati adanya Bobot tube LKXOB batch GA290 ditemukan TMS under yaitu 19.35 gram di line 6 (syarat bobot 19.58 – 22.18 gram), output mesin Unifil B. Produksi laukan runut sortir bobot sesuai dengan prosedur. Hitung hidden cost pada kegiatan ini 
2. QA lakukan verifikasi runut sortir terhadap output yang sudah dirunut sortir oleh Produksi. Hitung hidden cost pada kegiatan ini 
3. Potensi bobot TMS dapat disebabkan karena adanya bubble (gelembung) di jalur transfer sehingga menyebabkan volume bulk yang diisikan ke dalam tube kurang. Perlu dilakukan investigasi lebih lanjut untuk mengetahui penyebab pasti penyimpangan bobot TMS ini. Koordinasikan dengan tim Teknik. 
4. Produk LKXOB batch GA290 dapat dirilis jika hasil analisa terhadap semua parameter (termasuk volume terpindahkan tube satuan maupun average) memenuhi syarat dan jika tidak terdapat issue kualitas lain nya ",http://b7-drive.bintang7.com/?launchApp=SYNO.SDS.Drive.Application#file_id=799998894151876358
2024,DEV/QPR/PLG/PR/0124/027,CLOSED,,Planned,Procedure/documentation/data integrity,Prosedur/Spec/MA tidak sesuai,LNKOA ,GB799,"produksi LNKOA GB799 diusulkan untuk menggunakan kemasan campuran box 310 gr( penghabisan ) dan box 270 gr ( kemasan baru ) 
adapun sisa kemasan box 310 gsm : 38.627 eab ( pemakaian 1 bn 8.912) sehingga setelah cwo 
proyeksi akan tersisa : 2.979 ea  ( teoritis) dengan value +- Rp 1,6 juta

note 
kode kemasan BOX 310 gsm: 2DK057050
kode kemasan BOX 270 gsm: 2DK020000","1. Adanya perubahan kemasan Pack pada produk LNKOA menyebabkan karton lama masih terdapat stcok di Gudang. Sehingga untuk meminimalkan write off, PPIC berencana untuk melakukan create WO pada produk LNKOA menggunakan kemasan campuran dengan skenario kemasan campuran akan menggunakan Pack kode lama (2DK057050) qty 2979 EA; Karton Kode baru (2DK020000) qty 5950 EA. Perbedaan pack kode lama dan kode baru terdapat pada bobot pack (kode lama 310 gsm, kode baru 270 gsm) sehingga terkait rencana tersebut, ACC dilakukan karena pemakaian kemasan campuran tidak berpengaruh langsung terhadap kualitas. PPIC alokasikan BN yang digunakan terkait campuran pack lama dan pack baru. Jika terdapat perubahan alokasi batch, segera koordinasikan dengan departemen terkait. Lampirkan di penyimpangan ini.
2. TS akan membuat lampiran perubahan proses dan form verifikasi formula seuai qty yang terdapat di penyimpangan sebagai acuan PPIC melakukan create WO dan proses di operasional dengan kemasan campuran. Pastikan spesifikasi bobot sesuai dengan perubahan. Lampirkan lampiran perubahan proses dan form verifikasi formula kemas campuran.
3. Pastikan pada saat proses pengemasan, hanya terdapat 1 jenis pack dalam 1 karton, sehingga bobot karton yang ditimbang sesuai range pada lampiran proses yang sudah dibuat oleh TS. Lakukan otorisasi terhadap karton apabila didapati bobot karton yang tidak sesuai range. Sosialisasikan lampiran proses yang sudah dibuat oleh TS ke operator.
4. Plan deviation ini menjadi acuan perilisan produk LNKOA yang menggunakan kemasan campuran sesuai dengan alokasi dari PPIC. Produk dapat dirilis jika hasil analisa terhadap semua parameter memenuhi syarat (MS) dan tidak ada issue kualitas lain nya
",http://b7-drive.bintang7.com/?launchApp=SYNO.SDS.Drive.Application#file_id=804333371651043431
2024,DEV/QPR/PLG/PR/0124/028,CLOSED,,Unplanned,Procedure/documentation/data integrity,Kepatuhan Dokumentasi,LKXJA ,GA071,"Salah penulisan tahun pada label proses di mesin chimei , penulisannya 2023 seharusnnya 2024","1. Pada saat dilakukan inspeksi oleh inspector QA (Gunawan) di area Kemas Liquid Lt.2, didapati adanya kesalahan penulisan tahun pada Label Proses di Mesin Chimei dan Citronix, dimana pada label terulis tahun 2023. Hal tersebut disebabkan karena packer tidak minfuldlness. Lakukan perbaikan pada label proses dan beri note alasan coret paraf sesuai kaidah GDP. Lampirkan dokumen yang telah diperbaiki 
2. Perlu dilakukan briefing ulang kepada tim packer untuk memastikan aktivitas dokumentasi dilakukan secara aktual dan tepat sesuai kaidah GDP. Lampirkan materi briefing dan daftar hadir sosialisasi 
3. Produk LKXJA batch GA071 dapat dirilis jika hasil analisa terhadap semua parameter memenuhi syarat (MS) dan jika tidak ada issue kualitas lain nya
",http://b7-drive.bintang7.com/?launchApp=SYNO.SDS.Drive.Application#file_id=799999544203984859
2024,DEV/QPR/PLG/PR/0124/029,CLOSED,,Unplanned,Product,Kebocoran,POSN1,GA501,ditemukan kebocoran pada sachet posna GA501 line 1,"1. Sachet produk POSNA batch GA501 ditemukan bocor di line 1 area sealing horizontal di jam 00.05, output mesin SIG 5 tanggal 26 Januari 2024. Terhadap sachet bocor, lakukan runut sortir sesuai dengan prosedur. Hitung hidden cost pada kegiatan ini 
2. QA akan melakukan verifikasi hasil runut sortir kebocoran line 1, sachet yang memenuhi syarat (MS) dapat dilanjutkan ke proses berikutnya. Hitung hidden cost pada kegiatan ini 
3. Perlu dilakukan investigasi lebih lanjut selama proses apakah ditemukan kondisi mesin yang NOK dan IPC dilakukan sesuai prosedur. Dalam berita acara, operator menyebutkan bahwa terdapat aktivitas sikat sealing, yang kemungkinan disebabkan karena sealing kotor, dimana rambat panas dan tekanan dapat berkurang jika permukaan sealing terdapat pengotor. Lakukan pemeriksaan pada suhu dan tekanan sealing. Jika ditemukan kondisi pada mesin, kooordinasikan dengan tim Teknik
4. Teknik lakukan follow up lebih lanjut terhadap temuan sachet bocor line 1 area sealing horizontal, output mesin SIG 5. Lakukan pemeriksaan pada suhu dan tekanan sealing. Lampirkan detail perbaikan 
5. Produk POSNA batch GA501 dapat dirilis jika hasil analisa terhadap semua parameter memenuhi syarat (MS) dan jika tidak ada issue kualitas lain nya  
",http://b7-drive.bintang7.com/?launchApp=SYNO.SDS.Drive.Application#file_id=804335845743047418
2024,DEV/QPR/PLG/PR/0124/030,CLOSED,,Unplanned,Procedure/documentation/data integrity,Kepatuhan,LKXJA,GA072,Ketidak sesuaian urutan timbang karton dan pada katron otorisasi tidak di tulis jam timbang,"1. Pada saat inspector QA (Diaz dan Leon) melakukan inspeksi ke area kemas, ditemukan adanya ketidaksesuaian urutan karton pada saat proses timbang karton otorisasi, serta tidak adanya informasi jam timbang pada karton (operator : Sutrisno). Perlu dilakukan investigasi alasan operator timbang tidak melakukan proses timbang sesuai urutannya, serta tidak memberikan identitas pada karton. 
2. Kesesuaian urutan karton timbang diperlukan untuk memudahkan proses penelusuran apabila didapati adanya complain atau penyimpangan. Perlu dilakukan briefing ulang kepada tim produksi untuk memastikan proses didokumentasikan dengan konsep DI aspek contemporaneous dan konsep GDP. Informasikan juga terkait perlunya menuliskan informasi jam timbang pada karton sesuai prosedur. Lampirkan materi briefing dan daftar hadir sosialisasi. 
3. Perlu direview kembali terkait mekanisme timbang karton otorisasi di lapangan, apakah ada kesulitan dalam pelaksanaannya. Buatkan system baru untuk memudahkan proses timbang, atau koordinasikan dengan departemen terkait jika perlu.
4. Produk LKXJA batch GA072 dapat dirilis jika hasil analisa terhadap semua parameter memenuhi syarat (MS) dan jika tidak ada issue kualiatas lain nya ",http://b7-drive.bintang7.com/?launchApp=SYNO.SDS.Drive.Application#file_id=800002339747443293
2024,DEV/QPR/PLG/PR/0124/031,CLOSED,,Unplanned,Process,Kontaminan,POSNA ,GA507,Ditemukan adanya potongan kecil dari kemasan raw material pada saat proses compounding POSNA GA507,"1. Ditemukan adanya potongan kecil dari kemasan RM tertahan pada mesh setelah proses vacuum bahan starch tapioca ketika proses compounding produk POSNA GA507 di Ruang Compounding Solid. Lakukan pemisahan terhadap potongan kemasan RM tersebut dan lakukan pemeriksaan untuk memastikan tidak ada pengotor lainnya yang terbawa saat proses. Proses dapat kembali dilanjutkan
2. Potensi penyebab ditemukannya potongan kecil kemasan RM pada POSNA GA507 diduga berasal dari bahan kemasan material yang ikut masuk ke dalam material saat proses penimbangan. Tim Penimbangan perlu memastikan terkait handling saat preparasi, pastikan tidak ada kontaminan yang masuk ke dalam RM. Lakukan investigasi menyeluruh terkait potensi penyebab ditemukannya potongan kemasan pada RM pastikan kejadian berikut tidak berulang. Jika potensi temuan berasal dari eksternal koordinasikan dengan departemen terkait. Lampirkan hasil investigasi, beserta tindakan perbaikan yang akan dilakukan.
3        Lakukan briefing ulang kepada all tim penimbangan, pastikan selama proses preparasi, tuang dan timbang tidak ada kontaminan yang masuk ke RM. Lampirkan materi briefing dan daftar hadir
4        Produk POSNA GA507 dapat dirilis jika hasil analisa terhadap semua parameter memenuhi syarat (MS) dan tidak ada issue kualitas lain
",http://b7-drive.bintang7.com/?launchApp=SYNO.SDS.Drive.Application#file_id=804339222940005700
2024,DEV/QPR/PLG/PR/0124/032,CLOSED,,Unplanned,Product,Performance hasil pengemasan,LKPTA ,GA389,Redaksi terpotong pada sachet,"1. Saat dilakukan audit proses oleh inspektor QA (Alfree) ditemukan kondisi redaksi sachet produk LKPTA GA389 output mesin Ilapak 3 terpotong pada semua line. Redaksi sachet yang terpotong dapat mempengaruhi penerimaan dari konsumen. Terhadap redaksi sachet yang terpotong, Produksi lakukan runut sortir sesuai dengan prosedur. Pastikan tidak ada sachet yang redaksinya terpotong. Hitung hidden cost pada kegiatan ini.
2. QA lakukan verifikasi runut sortir sesuai dengan prosedur. Sachet yang dilanjutkan ke proses berikutnya merupakan sachet tidak terpotong bagian redaksi nya dan memenuhi syarat (MS). Hitung hidden cost pada kegiatan ini.
3. Redaksi sachet yang terpotong di area horizontal dapat disebabkan karena pembacaan sensor potongan horizontal tidak akurat, menyebabkan potongan sachet yang tidak stabil dan tidak tepat pada eyemark. Lakukan evaluasi selama proses kejadian tersebut ditemukan di awal jalan atau selama proses (potensi pergeseran). Pastikan sensor eyemark dan program PLC dalam kondisi OK. Koordinasikan dengan tim terknik terkait tindakan perbaikan lanjutan 
4. Teknik lakukan follow up perbaikan pada mesin filling, pastikan PLC dalam kondisi OK dan sensor eyemark dapat berfungsi dengan baik untuk mencegah case berulang. Lampirkan detail perbaikan.
5. Produk LKPTA GA389 dapat dirilis jika hasil analisa terhadap semua parameter memenuhi syarat (MS) dan jika tidak terdapat issue kualitas lain nya",http://b7-drive.bintang7.com/?launchApp=SYNO.SDS.Drive.Application#file_id=804341786785920912
2024,DEV/QPR/PLG/PR/0124/033,CLOSED,,Unplanned,Product,Performance hasil pengemasan,POSNA ,GA498,coding pada box tidak terbaca,"1. Coding pada produk POSNA batch GA498 ditemukan tidak terbaca dengan jelas pada karton nomor 21 dan 27 masing-masing sebanyak 1 box. Coding berfungsi sebagai identitas produk untuk menerangkan informasi produk, serta untuk mempermudah penelusuran. Terhadap temuan ini, Produksi lakukan runut sortir pada output produk, dan pastikan hasil coding dapat terbaca. Jika hasil coding dapat terbaca, maka output direkomendasikan dapat direluctant release. Terhadap coding yang tidak terbaca, lakukan pergantian pack dan coding ulang. Hitung hidden cost pada kegiatan ini.
2. QA lakukan verifikasi runut sortir coding, coding yang dapat terbaca dapat dilanjutkan ke proses berikutnya. Hitung hidden cost pada kegiatan ini.
3. Hasil setting yang tidak jelas ini dapat terjadi jika ketika proses coding terdapat error pada pada system printing, mulai dari moving device, akurasi pembacaan sensor dan kinerja mesin priter sendiri, ataukah karena factor ink jet yang tidak dibersihkan sesuai dengan jadwal. Perlu dilakukan investigasi lebih lanjut terhadap potensi hasil coding tidak jelas ini. Lakukan setting untuk mencegah coding mengenai redaksi dan tidak terbaca. Jika ditemukan kondisi NOK pada mesin, koordinasikan dengan tim teknik.
4. Teknik lakukan follow up lebih lanjut terhadap issue coding yang tidak jelas ini. Lakukan perbaikan untuk mencegah kejadian berulang. Lampirkan detail perbaikan
5. Produk POSNA batch GA498 dapat dirilis jika hasil analisa terhadap semua parameter memenuhi syarat (MS) dan jika tidak ada issue kualitas lain nya.",http://b7-drive.bintang7.com/?launchApp=SYNO.SDS.Drive.Application#file_id=804345796892867176
2024,DEV/QPR/PLG/WG/0224/001,CLOSED,,Unplanned,Procedure/documentation/data integrity,Kepatuhan Dokumentasi,LBMA2,"GB673
GB674",Ketidaksesuaian no Batch ,"1.	Adanya temuan oleh inspector QA (Gunawan) pada saat melakukan inspeksi di area Penimbangan, dimana didapatkan adanya ketidaksesuaian nomor batch antara label sedang proses dengan label timbang (pada label proses tertulis batch GA 673 – 674, actual seharusnya GB 673 – 674). Hal ini dikarenakan operator timbang masih bingung dengan nomor batch saat peralihan bulan Januari ke Februari. Perlu dilakukan briefing ulang kepada all tim penimbang agar lebih mindfulness dalam pengisian dokumen. Lampirkan materi briefing dan daftar hadir sosialisasi. 
2.	Terkait penulisan label yang masih manual dan memungkinkan adanya kesalahan penulisan batch pada saat peralihan bulan, perlu dipikirkan cara agar kesalahan penulisan batch seperti ini tidak terulang kembali.
3.	Produk LBMAQ GB673-674 dapat dirilis jika hasil analisa terhadap semua parameter memenuhi  syarat (MS) dan jika tidak ada issue kualitas lain nya",http://b7-drive.bintang7.com/?launchApp=SYNO.SDS.Drive.Application#file_id=804346591661046494
2024,DEV/QPR/PLG/PR/0224/002,CLOSED,,Unplanned,Product,Kebocoran,LEHDA ,GA026,Ditemukan Sachet bocor line 4,"1.         Sachet produk LEHDA GA026 ditemukan bocor di line 4 area sealing horizontal, produk merupakan output mesin ilapak 11 menggunakan foil ex Panverta. Terhadap sachet yang bocor, produksi lakukan runut sortir untuk FG dijam kejadian 17.20 sesuai dengan prosedur. Hitung hidden cost pada kegiatan ini
2. QA lakukan verifikasi runut sortir kebocoran untuk line 4 sesuai dengan prosedur. Hitung hidden cost pada aktivitas ini
3. Perlu dilakukan investigasi lebih lanjut terhadap pemastian selama proses IPC dilapangan ditemukan sachet bocor dan kondisi mesin yang NOK atau tidak. Dari pengamatan hasil sachet bocor, diamati area sealing horizontal bagian tengah tidak terseal sempurna. Operator sudah melakukan pembuatan WR dengan perbaikan berupa pembersihan sealing horizontal dan pelumasan pada bagian per. Lakukan investigasi lebih lanjut terhadap potensi penyebab adanya kebocoran sachet ini untuk mengetahui root causenya. Pastikan penggantian gasket dilakukan sesuai dengan masa pakainya. Pastikan juga AM dan PM dilakukan sesuai dengan periode yang ditentukan. Cantumkan umur gasket, dan waktu pelaksanaan AM pada laporan penyimpangan ini. 
4. Teknik lakukan evaluasi lebih lanjut terhadap penyebab bocor pada mesin, pastikan PM mesin dilakukan sesuai penjadwalan. Perlu dilakukan perbaikan untuk mencegah kejadian berikut berulang.
5.         Produk LEHDA GA026 dapat dirilis jika hasil analisa terhadap semua parameter memenuhi syarat (MS) dan jika tidak ada issue kualitas lain nya
",http://b7-drive.bintang7.com/?launchApp=SYNO.SDS.Drive.Application#file_id=804348492473482158
2024,DEV/QPR/PLG/PR/0224/003,CLOSED,,Unplanned,Product,Kebocoran,LNKOA ,GA797,"Sachet bocor line 6, Ilapak 10 ","1.         Sachet produk LNKOA GA797 ditemukan bocor di line 6 area sealing vertikal, produk merupakan output mesin ilapak 10 menggunakan foil ex Panverta. Terhadap sachet yang bocor, produksi lakukan runut sortir untuk FG dijam kejadian 13.43 sesuai dengan prosedur. Hitung hidden cost pada kegiatan ini
2. QA lakukan verifikasi runut sortir kebocoran untuk line 4 sesuai dengan prosedur. Hitung hidden cost pada aktivitas ini
3. Perlu dilakukan investigasi lebih lanjut terhadap pemastian selama proses IPC dilapangan ditemukan sachet bocor dan kondisi mesin yang NOK atau tidak. Dari pengamatan hasil sachet bocor, diamati area sealing horizontal bagian tengah tidak terseal sempurna (ruster yang terbentuk masih halus). Lakukan investigasi lebih lanjut terhadap potensi penyebab adanya kebocoran sachet ini untuk mengetahui root causenya, apakah memang dikarenakan panas dan tekanan yang kurang optimal. Pastikan kondisi mesin sudah OK dan sudah diverifikasi sebelum mesin dijalankan kembali. Lampirkan berita acara terhadap temuan kebocoran ini.
4. Teknik lakukan evaluasi lebih lanjut terhadap penyebab bocor pada mesin, pastikan PM mesin dilakukan sesuai penjadwalan. Perlu dilakukan perbaikan untuk mencegah kejadian berikut berulang.
5.         Produk LNKOA GA797 dapat dirilis jika hasil analisa terhadap semua parameter memenuhi syarat (MS) dan jika tidak ada issue kualitas lain nya
",http://b7-drive.bintang7.com/?launchApp=SYNO.SDS.Drive.Application#file_id=804550338372744866
2024,DEV/QPR/PLG/PR/0224/004,CLOSED,,Unplanned,Product,Kebocoran,LKJTA ,GA148,Line 4 bocor pada sealing horizontal,"1.         Sachet produk LKJTA GA148 ditemukan bocor di line 4 area sealing horizontal, produk merupakan output mesin ilapak 2. Terhadap sachet yang bocor, produksi lakukan runut sortir untuk FG dijam kejadian 15.55 sesuai dengan prosedur perunutan. Hitung hidden cost pada kegiatan ini
2. QA lakukan verifikasi runut sortir kebocoran untuk line 4 sesuai dengan prosedur. Hitung hidden cost pada aktivitas ini
3. Dari pengamatan hasil sachet bocor, terlihat adanya lipatan di area sealing yang menyebabkan kebocoran. Perlu dilakukan pemastian bahwa setting mesin sudah optimal sehingga lipatan tidak terbentuk. Mohon dijelaskan terkait perubahan tekanan sealing yang dilakukan, perubahan point suhu sealing pada HMI, kondisi dan umur gasket pada mesin, serta kesesuaian setting pump cycle. Lakukan investigasi lebih lanjut terhadap potensi penyebab adanya kebocoran sachet ini untuk mengetahui root causenya. Pastikan juga AM dan PM dilakukan sesuai dengan periode yang ditentukan. Mohon dapat dijelaskan pada laporan penyimpangan ini.
4. Teknik lakukan evaluasi lebih lanjut terhadap penyebab bocor pada mesin, pastikan PM mesin dilakukan sesuai penjadwalan. Perlu dilakukan perbaikan untuk mencegah kejadian berikut berulang.
5.         Produk LKJTA GA148 dapat dirilis jika hasil analisa terhadap semua parameter memenuhi syarat (MS) dan jika tidak ada issue kualitas lain nya
",http://b7-drive.bintang7.com/?launchApp=SYNO.SDS.Drive.Application#file_id=804550338372744866
2024,DEV/QPR/PLG/PR/0224/005,CLOSED,,Unplanned,Product,Kebocoran,LETS1,GA073,terdapat sachet bocor halus di line 5 dan coding pada sachet terkena nomor line pada sachet,"1.         Sachet produk LETSB ditemukan bocor di line 5 area sealing horizontal menggunakan foil ex Panverta, produk merupakan output mesin ilapak 11. Terhadap sachet yang bocor, produksi lakukan runut sortir untuk FG dijam kejadian 16.25 sesuai dengan prosedur perunutan. Hitung hidden cost pada kegiatan ini.
2. Pada saat dilakukan runut sortir, juga didapati adanya coding yang tidak jelas pada sachet, dimana posisi coding menabrak redaksi. Produksi lakukan runut sortir juga terhadap kondisi coding yang menabrak redaksi ini. Hitung hidden cost pada kegiatan ini.
3. QA lakukan verifikasi runut sortir kebocoran dan coding yang menabrak redaksi ini sesuai dengan prosedur. Hitung hidden cost pada aktivitas ini
4. Ketika didapati adanya kebocoran, produksi melakukan penggantian terhadap gasket di line 5 dan mesin dilanjutkan proses setelah hasil verifikasi QA OK. Produksi lakukan investigasi lebih lanjut terhadap potensi penyebab adanya kebocoran sachet ini untuk mengetahui root causenya, apakah disebabkan karena bulk yang terjebak gasket atau karena factor lainnya. Pastikan setting pump cycle sudah sesuai dan seledoid pengisian sudah OK. Pastikan juga AM dan PM dilakukan sesuai dengan periode yang ditentukan. Mohon dapat dijelaskan pada laporan penyimpangan ini.
5. Lakukan juga investigasi terkait coding yang menabrak redaksi. Perlu dipastikan setting inkjet yang digunakan sebelum jalan proses kemas sudah oke. Lakukan setting ulang inkjet jika memang hasil coding yang didapatkan belum stabil.
4. Teknik lakukan evaluasi lebih lanjut terhadap penyebab bocor pada mesin, pastikan PM mesin dilakukan sesuai penjadwalan. Perlu dilakukan perbaikan untuk mencegah kejadian berikut berulang.
5.         Produk LKJTA GA073 dapat dirilis jika hasil analisa terhadap semua parameter memenuhi syarat (MS) dan jika tidak ada issue kualitas lain nya
",http://b7-drive.bintang7.com/?launchApp=SYNO.SDS.Drive.Application#file_id=804549982238586462
2024,DEV/QPR/PLG/PR/0224/006,CLOSED,,Planned,Procedure/documentation/data integrity,Prosedur/Spec/MA tidak sesuai,LKXOD,GB297,"LKXOD bets GB297 diusulkan untuk diproduksi menggunakan kemasan box cartoning dikemas manual dikarenakan jumlah kemasan box manual minim buffer 
Qty kemasan manual : 65.764 ea
pemakaian per bets : 21.582 ea 
proyeksi sisa kemasan setelah cwo bets ke 3 : 1.018 ea 
trend rendemen output : 101% 
dikhawatirkan pack manual kurang sehingga diusulkan untuk dicampur dengan pack cartoning yang dikemas manual menggunakan selotip ","1. Terkait dengan adanya usulan produksi LKXOD batch GB297 menggunakan kemasan box campuran dikarenakan adanya kebutuhan untuk menghabiskan kemasan manual stock lama, jumlah karton box manual yang tersisa untuk batch ke 3 yaitu sebanyak 21.736 pcs, sehingga masih dapat digunakan untuk proses 1 batch dengan menggunakan kemasan campuran (kemasan manual + kemasan cartoning yang dikemas manual).  PPIC infokan alokasi BN yang menggunakan kemasan campuran ini, apakah masih sesuai LKXOD batch GB297. Jika terdapat perubahan alokasi batch, segera koordinasikan dengan departemen terkait. Lampirkan di penyimpangan ini.
2. TS akan membuat lampiran perubahan proses dan form verifikasi formula sebagai acuan PPIC melakukan create WO dan proses di operasional dengan kemasan campuran. Pastikan spesifikasi bobot sesuai dengan perubahan, serta lampiran proses mengatur penggunaan karton dengan kode box 1 baru beralih ke kode box lainnya. Lampirkan lampiran perubahan proses dan form verifikasi formula kemas campuran.
3. Pastikan pada saat proses pengemasan, proses kemas harus menggunakan kode box 1 dulu sebelum dilanjutkan dengan karton kode box lainnya untuk meminimalkan terjadinya mixed up, serta pastikan bobot karton yang ditimbang sesuai range pada lampiran proses yang sudah dibuat oleh TS. Lakukan otorisasi terhadap karton apabila didapati bobot karton yang tidak sesuai range. Sosialisasikan lampiran proses yang sudah dibuat oleh TS ke packer.
4. Plan deviation ini menjadi acuan perilisan produk LKXOD yang menggunakan kemasan campuran sesuai dengan alokasi dari PPIC. Produk dapat dirilis jika hasil analisa terhadap semua parameter memenuhi syarat (MS) dan tidak ada issue kualitas lain nya
",http://b7-drive.bintang7.com/?launchApp=SYNO.SDS.Drive.Application#file_id=804692332550075886
2024,DEV/QPR/PLG/PR/0224/007,CLOSED,,Unplanned,Process,Kepatuhan,POSNA ,GA509 - GA510,"- Bin untuk staging POSNA GA509 ED tanggal 04 feb 2024, aktual proses filling ditanggal 06 feb 2024
- ED bulk POSNA GA509 ED ditanggal 06 feb 2024
- ED bulk POSNA GA510 ED ditanggal 08 feb 2024","1.Proses filling bulk POSNA Batch GA509 dan GA510 selesai lebih dari masa simpannya (maksimal 7 hari), yaitu POSNA GA509 selesai filling estimasi pada 7 Feb 2024 padahal bulk ED 6 Feb 2024 dan POSNA GA510 selesai filling estimasi pada 9 Feb 2024 padahal bulk ED 8 Feb 2024. Hal dikarenakan proses filling di mesin SIG 5 tidak berjalan dengan lancar. Bulk yang melewati ED berpotensi menyebabkan bulk menjadi gumpal dan keras sehingga proses filling harus segera dilakukan. Produksi lakukan pencatatan di BR pada lembar catatan perubahan proses terkait penyebab umur bulk melewati ED, agar ter-record penyebab ED bulk tidak sesuai dengan PPI.
2. Bulk yang melewati ED memiliki potensi gumpal dan keras sehingga menyebabkan pengisian bobot menjadi tidak stabil. Pastikan selama proses IPC bobot memenuhi syarat (MS).
4. QA melakukan pengambilan sampel untuk kebutuhan monitoring stabilita.
5. Terkait adanya GT pada mesin SIG 5, perlu dilakukan perbaikan menyeluruh agar proses operasional tidak terhambat. Koordinasikan perbaikan dengan tim teknik (Jika perlu lampiran WR).
6. Jika perlu, produksi dapat mengajukan usulan penambahan masa simpan bulk POSNA pada bin lebih dari 7 hari (kondisi eksisting) ke tim QA.
7. Plan deviation ini menjadi acuan perilisan POSNA Batch GA509 dan GA510. Produk dapat dirilis jika hasil analisa terhadap semua parameter memenuhi syarat (MS) dan tidak ada issue kualitas lain nya. ",http://b7-drive.bintang7.com/?launchApp=SYNO.SDS.Drive.Application#file_id=804693073339659890
2024,DEV/QPR/PLG/PR/0224/008,CLOSED,,Unplanned,Procedure/documentation/data integrity,Kepatuhan Dokumentasi,LEJSA ,GB091,Pengisian otorisasi tidak lengkap,"1.        Adanya temuan oleh inspector QA (Gunawan) pada saat melakukan inspeksi di ruang Kemas Liquid lt 2 area mesin Unifil A (jalan produk LEJSA GB091) dan didapatkan adanya form otorisasi timbangan yang sudah approved complete sampai Supervisor padahal pengisian bobot karton dan kesimpulannya belum diisi (kondisi produk yang diotorisasi sudah selesai filling). Hal ini dikarenakan staff produksi (Lelly) tidak mindfulness dan terlewat dalam pengisian form otorisasi. Perlu dilakukan briefing ulang kepada all tim produksi termasuk ke Supervisor terkait pentingnya pengisian dokumen sesuai konsep data integrity dan good documentation practice. Lampirkan materi briefing dan daftar hadir sosialisasi.
2.        Produk LEJSA GB091 dapat dirilis jika hasil analisa terhadap semua parameter memenuhi  syarat (MS) dan jika tidak ada issue kualitas lain nya
",http://b7-drive.bintang7.com/?launchApp=SYNO.SDS.Drive.Application#file_id=804694318563506175
2024,DEV/QPR/PLG/PR/0224/009,Cancel,,Unplanned,Process,Kontaminan,PEBJ3,GB001,Ditemukan kontaminan pada hasil pengayakan fase premix 2,,
2024,DEV/QPR/PLG/PR/0224/010,CLOSED,,Unplanned,Equipment/machine/instrument,Prosedur/Spec/MA tidak sesuai,PWSN1,GA112,proses mixing terhenti di menit ke 10,"1.        Pada saat proses mixing Waisan batch GA112 di mesin Cosmec, tiba-tiba mesin Cosmec berhenti setelah running proses mixing selama 10 menit (proses mixing sesuai PPI 15 menit). Mesin tidak dapat berputar karena adanya kerusakan pada modul PLC, dimana selanjutnya dilakukan penggantian terhadap PLC yang mengalami kerusakan tersebut. Pastikan PLC yang digunakan sudah sesuai dengan spesifikasi mesin, dan mesin Cosmec dapat beroperasi dengan normal kembali setelah dilakukan pergantian PLC.
2.        Terhadap part mesin yang kritikal (missal PLC ini), perlu dilakukan penyediaan stock jika memungkinkan, sehingga apabila kejadian serupa terulang di kemudian hari dapat segera dilakukan perbaikan dengan penggantian part.
3.        Setelah mesin Cosmec dapat beroperasi kembali, lakukan verifikasi putaran mesin sesuai dengan persyaratan sebelum mesin digunakan kembali untuk proses mixing.
4.        Lakukan tambahan mixing selama 5 menit sehingga proses mixing total menjadi 15 menit sesuai PPI. Lakukan sampling 3 titik ATB terhadap bulk. Bulk dapat dilanjutkan filling apabila hasil analisa kadar oleh QC sudah MS (bulk direlease).
5.         Produk PWSNH batch GA112 dapat dirilis jika hasil analisa terhadap semua parameter memenuhi syarat (MS) dan jika tidak ada issue kualitas lain nya.
",http://b7-drive.bintang7.com/?launchApp=SYNO.SDS.Drive.Application#file_id=804695844786845928
2024,DEV/QPR/PLG/PR/0224/011,CLOSED,,Planned,Process,Lain-lain,PEBJF ,GB015,"Bulk PEBJ3 yang disimpan dalam bin, melebihi masa bersih bin","1. Lakukan verifikasi thd kondisi fisik bin after penggunaan bulk
dan pastikan ada/ tdk residu penggumpalan bulk.
Masa pakai antar kondisi site yg berbeda tdk dpt lgs di
implement. Perlu aware potensi penggumpalan bulk shg di
ckr sdh mulai diketatkan penggunaan bin dr 7mjd 5hri. Utk
Site Pg, lalukan verifikasi kondisi bin lbh dulu ke dlm study
terpisah.
Lakukan cross check analisa LOD pd sachet dr batch terkait,
pd analisa atb. Check apakah ada kenaikan trend. Pelulusan
produk dilakukan after trend LOD dipastikan OK.
2. Bulk PEBJ3 yang disimpan dalam bin, melebihi masa bersih
bin, pastikan suhu rh selama penyimpanan ms dan lampirkan
dalam penyimpangan, pastikan lod bulk MS, diusulkan untuk
dilakukan pendataan untuk stuid perpanjangan masa bersih
bin, terhadap bulk segera dilakukan proses filling, dan periksa
lod bulk dari bulk setelah proses filling.
3. terkait penyimpanan bulk dalam bin yang melebih masa
bersih bin, pastikan segera dilakukan proses filling sehingga
masa bersih tidak terlewat terlalu jauh.Kejadian ini dapat
dijadikan juga sebagai pendataan untuk studi perpanjangan
masa bersih bin, mengingat jumlah bin yang terbatas di PG.
Namun pendataan ini juga harus didukung dengan data
paparan suhu dan RH ruangan, jika hasil pemantauan suhu
dan RH ruangan stabil dan selalu MS maka diusulkan untuk
masa bersih bin diperpanjang. Paralel produksi akan
menyiapkan alokasi jadwal proses Extra Joss di PG, sebagai
persiapan juga jika nanti Extra Joss akan jalan dengan 2 line
filling 
4. Pastikan bulk yg menggunakan bin dengan masa bersih bin
terlewati tetap memenuhi syarat sebelum digunakan, lakukan
pemeriksaan LOD bulk ATB harus memenuhi spek dan catat
di PPI. Pastikan juga data suhu dan RH ruangan MS selama
masa pakai bin tsb sd proses filling berakhir.
Untuk Bin perlu dilakukan study masa bersih terkait
kebutuhan dan juga masa pakainya sehingga bisa
mengakomodir kebutuhan bin di produksi dengan kualitas
produk tetap MS",http://b7-drive.bintang7.com/?launchApp=SYNO.SDS.Drive.Application#file_id=804698844959914988
2024,DEV/QPR/PLG/PR/0224/012,CLOSED,,Planned,Product,Prosedur/Spec/MA tidak sesuai,LEJO1,GB003 - GB011,Staging bulk LEJO1 GB003-GB005 di dalam storage tank Ruang Compounding Liquid 3,"1.	Adanya rencana staging bulk LEJOA GB004-GB005 lebih dari 3 hari dikarenakan adanya hari off pada tanggal 13 Februari 2024, dimana usulan ini tidak sesuai dengan PPI dimana pada PPI No. LEJO1 01v0-01 v0 proses filling harus selesai dalam waktu 3 hari setelah proses compounding. Terkait dengan usulan ini, akan dibuatkan lampiran proses dengan proses filling maksimal 7 hari (mengacu pada hasil studi TS untuk bulk LEJS1 yang direkomendasikan selama maksimal 7 hari, dimana secara formula LEJS1 sama dengan LEJO1 hanya berbeda item flavor dan qty pengental dan vitamin, serta hasil studi skala pilot LEJO1). TS siapkan lampiran proses.
2.	Selama proses staging bulk, perlu dipastikan storage tank dalam kondisi tertutup rapat, dan kondisi udara ruangan tetap terjaga (AHU on). Pada saat bulk akan dilanjutkan ke proses selanjutnya, pastikan pelaksanaan sesuai dengan PPI.
3.	Produksi buatkan FUP untuk mengajukan usulan perubahan masa simpan bulk LEJO1 menjadi 7 hari sesuai dengan studi yang sudah dilakukan oleh TS.
4.	Produk LEJOA batch GB003, GB004 & GB005 dapat dirilis jika hasil analisa terhadap semua parameter memenuhi syarat (MS) dan jika tidak ada issue kualitas lain nya (termasuk hasil pemeriksaan 9 titik valpro).",http://b7-drive.bintang7.com/?launchApp=SYNO.SDS.Drive.Application#file_id=804696733121558897
2024,DEV/QPR/PLG/FG/0224/013,CLOSED,,Unplanned,Product,Kebocoran,LKNTA ,GB750,Produk FG Komix Jeruk Nipis  basah (diduga bocor),"1.        Pada saat dilakukan pengecekkan produk sebelum pengiriman produk LKNTA GB750, ditemukan adanya produk dengan kemasan basah pada palet 8. Selanjutnya dilakukan pembongkaran dan karton dan didapati adanya box yang bocor, didapatkan 1 sachet bocor line 1 mesin Ilapak 6. Produksi lakukan runut sortir terhadap temuan sachet bocor ini. Hitung hidden cost pada aktivitas ini
2.        Inspektor QA lakukan verifikasi terhadap produk yang sudah dirunutsortir, produk dengan kondisi tidak bocor ACC untuk dilanjut kemas. Hitung hidden cost dari aktivitas ini.
3.        Kebocoran didapati pada bagian body sachet dan bukan pada area sealing. Perlu dilakukan investigasi terkait penyebab kebocoran ini, apakah dari tampungan, terkena benda tajam, tersangkut, atau dari aktivitas setting mesin. Dari hasil pemeriksaan BR, tidak didapati adanya perbaikan mesin selama proses filling. Perlu dilakukan pemastian lebih dalam agar root cause dapat diketahui dan kejadian serupa dapat terhindar di kemudian hari.
4.        Terhadap output produk LKNTA GB750yang sudah diverifikasi oleh QA dan sudah dipastikan tidak adanya kebocoran, dapat dilakukan pengiriman.",http://b7-drive.bintang7.com/?launchApp=SYNO.SDS.Drive.Application#file_id=804700483416538994
2024,DEV/QPR/PLG/PR/0224/014,CLOSED,,Unplanned,Product,Kebocoran,LKNTA,GB753,Sachet line 1 dan 6 bocor,"Pada saat dilakukan inspeksi oleh inspector QA (Diaz) di area Ilapak 6, ditemukan sachet line 1 dan 6 bocor di area sealing vertical. Selanjutnya dilakukan stop mesin dan pending 3 karton. Selanjutnya pada saat verifikasi ditemukan juga adanya kebocoran output mesin Ilapak 7 sachet line 4. Foil yang digunakan adalah foil ex Panverta nomor JO B4MA0100050. Terhadap sachet yang bocor, lakukan runut sortir sesuai dengan prosedur. Hitung hidden cost pada kegiatan ini 
2. QA akan melakukan verifikasi hasil runut sortir kebocoran terhadap output mesin Ilapak 6 dan 7, sachet yang memenuhi syarat (MS) dapat dilanjutkan ke proses berikutnya. Hitung hidden cost pada kegiatan ini 
3. Perlu dilakukan investigasi lebih lanjut selama proses apakah ditemukan kondisi mesin yang NOK dan IPC dilakukan sesuai prosedur. Sesuai BA yang dibuat oleh operator, dilakukan peyesuaian tekanan sealing, perlu dipastikan apakah pada saat setting awal tekanan sealing apakah memang sudah optimal atau belum. Apakah didapati adanya kebocoran pada sealing yang dapat menjadi potensi kebocoran sachet. Jika diamati dari kebocoran sealing yang didapati pada line 1 & 6, potensi penyebab kebocoran juga dapat berasal dari vacuum transfer untuk menampung potongan sliting sachet bagian luar. Perlu dilakukan pemastian aktivitas AM yang dilakukan di lapangan. Lakukan penelusuran terhadap potensi-potensi kebocoran lainnya, dan lampirkan detailnya pada laporan penyimpangan ini.
4. Teknik lakukan follow up lebih lanjut terhadap temuan sachet bocor pada output mesin Ilapak 6 dan Ilapak 7 ini. Lakukan pemeriksaan pada suhu dan tekanan sealing, serta pastikan PM mesin sudah dilakukan sesuai jadwal. Lampirkan detail perbaikan 
5. Produk LKNTA GB753 dapat dirilis jika hasil analisa terhadap semua parameter memenuhi syarat (MS) dan jika tidak ada issue kualitas lain nya  ",http://b7-drive.bintang7.com/?launchApp=SYNO.SDS.Drive.Application#file_id=804701869535441293
2024,DEV/QPR/PLG/PR/0224/015,CLOSED,,Unplanned,Procedure/documentation/data integrity,Kepatuhan Dokumentasi,LBMAQ,GB675,"LBMAQ GB675. Operator melakukan paraf sensory di PPI, padahal sensory dilakukan oleh team QC dan sudah ada paraf QC di kolom pemeriksa","1. Pada saat dilakukan inspeksi di mesin Ilapak 5, inspector QA (Leon) menemukan pada PPI di bagian kolom sensory pengemasan primer terdapat paraf operator produksi, padahal untuk kolom pemeriksaan sensory dilakukan oleh tim QC dan tim QC sudah melakukan pengisian pada kolom tersebut. Terhadap ketidaksesuaian ini, lakukan perbaikan berupa coret paraf sesuai konsep GDP. Lampirkan dokumen yang telah diperbaiki 
2. Perlu dilakukan briefing ulang kepada tim operator untuk memastikan aktivitas dokumentasi dilakukan secara aktual dan tepat sesuai kaidah GDP. Lampirkan materi briefing dan daftar hadir sosialisasi 
3. Produk LBMAQ GB576 dapat dirilis jika hasil analisa terhadap semua parameter memenuhi syarat (MS) dan jika tidak ada issue kualitas lain nya",http://b7-drive.bintang7.com/?launchApp=SYNO.SDS.Drive.Application#file_id=804704722708641245
2024,DEV/QPR/PLG/PR/0224/016,CLOSED,,Unplanned,Product,Bobot TMS,LEJOA,GB003,Ditemukan bobot tube di semua line ( 1 s/d 6) bobot TMS ( paling rendah 60.09 gram),"1. Bobot tube LEJOA batch GB003 ditemukan TMS under dengan bobot paling rendah di 60.09 gram pada semua line (syarat bobot 63.09 - 72.01 gram) pada saat proses otorisasi kedua. Berdasarkan konversi perhitungan bobot dibandingkan kadar, bobot terendah 60.09 gram masih memenuhi persyaratan kadar. Produksi laukan runut sortir bobot sesuai dengan prosedur, dengan bobor minimal yang dapat diterima adalah 58 gram. Hitung hidden cost pada kegiatan ini 
2. QA lakukan verifikasi runut sortir dengan rekomendasi bobot yaitu 58 – 72.01 gram. Tube yang sudah diverifikasi dapat dilanjutkan ke proses kemasHitung hidden cost pada kegiatan ini 
3. Perlu dilakukan pemastian terhadap IPC bobot yang dilakukan, apakah tidak ditemukan adanya ketidaksesuaian bobot pada saat proses IPC. Pastikan kondisi seluruh bagian mesin dalam kondisi baik. Lakukan penelusuran untuk mengetahui akar masalah dari penyebab bobot TMS ini. Lampirkan BAP dalam laporan penyimpangan ini agar tindakan perbaikan yang dilakukan dapat diketahui.
4. Teknik lakukan follow up lebih lanjut terhadap temuan bobot tube TMS pada mesin Unifil A ini. Lakukan pemastian terhadap kondisi mesin bagian filling up serta bagian lainnya, juga pastikan PM mesin sudah dilakukan sesuai jadwal. Lampirkan detail perbaikan
4. Produk LEJOA batch GB003 dapat dirilis jika hasil analisa terhadap semua parameter memenuhi syarat dan jika tidak terdapat issue kualitas lain nya 
",http://b7-drive.bintang7.com/?launchApp=SYNO.SDS.Drive.Application#file_id=804705415364392797
2024,DEV/QPR/PLG/PR/0224/017,CLOSED,,Planned,Procedure/documentation/data integrity,Lain-lain,"LKJTA
LNKOA ",-,"Produksi LKJTA dan LNKOA diusulkan untuk menggunakan kemasan pack 310GSM (menghabiskan stock kemasan di vendor setara 3.6juta EA) dan ada transisi penggunaan kemasan campuran box 310 gr( penghabisan ) dan box 270 gr ( kemasan baru).
Kode kemasan 270 GSM = LKJTA (2DK018000); LNKOA (2DK020000)
kode kemasan 310 GSM = LKJTA (2DK055060); LNKOA (2DK057050)","1.	Terkait dengan adanya stock kemasan 310GSM pada vendor Gunung Kelud untuk kemasan Komix Varian Farma, maka diusulkan untuk penggunaan material 310 GSM tersebut untuk produk LNKOA dan LKJTA. Perubahan pack ini tidak berpengaruh secara langsung terhadap kualitas produk, sehingga pack ACC untuk digunakan. CPro lakukan pemesanan material pack 310GSM ini.
2.	PPIC informasikan kode produk LNKOA dan LKJTA yang akan menggunakan pack 310GSM ini. Koordinasikan dengan departemen terkait.
3.	Pastikan recipe produk LKJTA dan LNKOA yang menggunakan pack 310GSM dalam kondisi aktif sehingga proses produksi dapat berjalan dengan menggunakan pack 310GSM ini. Koordinasikan dengan tim IT apabila recipe lama sudah obsolete.
4.	Packdev lakukan perubahan setting range berat karton FG di master item saat akan implementasi penggunaan pack 310GSM ini berdasarkan koordinasi dari tim PPIC. 
5.	Produksi pastikan proses berjalan sesuai dengan PPI. Pastikan range bobot karton disesuaikan sesuai dengan PPI produk berjalan. Pastikan tidak ada mix up proses di lapangan.
6.	PPIC koordinasikan dengan departemen terkait saat proses produksi menggunakan pack 310 GSM sudah habis, agar bobot karton dapat dikembalikan ke bobot semula.
",https://b7-drive.bintang7.com/?launchApp=SYNO.SDS.Drive.Application#file_id=880837668682912743
2024,DEV/QPR/PLG/PR/0224/018,CLOSED,,Unplanned,Procedure/documentation/data integrity,Kepatuhan Dokumentasi,POSN1,GB513,tidak terdapat paraf pada pemeriksaan warna bulk,"1. Pada saat dilakukan inspeksi di mesin SIG 5, inspector QA (Leon) menemukan pada PPI di bagian pemeriksaan warna bulk tidak ada paraf pemeriksaan operator yang melakukan. Hal ini dikarenakan operatir sedang melakukan penggantian foil, sehingga tidak melakukan paraf pada kolom saksi. Terhadap ketidaksesuaian ini, lakukan pengisian pada PPI sesuai dengan konsep GDP. Lampirkan dokumen yang telah diperbaiki 
2. Perlu dilakukan briefing ulang kepada tim operator untuk memastikan aktivitas dokumentasi dilakukan secara aktual dan tepat sesuai kaidah GDP. Lampirkan materi briefing dan daftar hadir sosialisasi 
3. Produk POSNA GB513 dapat dirilis jika hasil analisa terhadap semua parameter memenuhi syarat (MS) dan jika tidak ada issue kualitas lain nya
",http://b7-drive.bintang7.com/?launchApp=SYNO.SDS.Drive.Application#file_id=804711597634272327
2024,DEV/QPR/PLG/PR/0224/019,CLOSED,,Unplanned,Testing and analytical method,Lain-lain,PWSNH,GB115,range color tidak memenuhi syarat,"1.	Pada saat inspector QA melakukan verifikasi sortir pada produk PWSNH batch GB115 palet 7 karton 4, 5, dan 6, ditemukan adanya pack dengan kondisi warna yang TMS dengan total defect 17.63% (127 pack TMS dari 720 pack). Untuk pack dengan kondisi warna TMS ini, secara kualitas masih dapat diterima sehingga output yang telah dikemas direkomendasikan direluctant release. 
2.	Pack PWSNH batch GB115 menggunakan nomor QC 2K/2401/0058 dengan quantity 57763; 2K/2312/0038 dengan Quantity 500 pack; dan 2K/2401/0057 dengan quantity 70 pack. Material dengan no QC 2K/2401/0057 dan 2K/2401/0058 ditemukan minor defect serupa tetapi dalam jumlah kurang dari spesifikasi sehingga material tetap di release. Terhadap material yang ditemukan dalam kondisi defect ini, QC buatkan CAPA agar temuan ini dapat follow up ke vendor.
3.	Cpro koordinasikan dengan vendor terkait temuan Pack Waisan dengan No QC 2K/2401/0058 dan 2K/2401/0057 ex vendor PT Indah Kiat  dan follow up tindakan perbaikan nya untuk mencegah case berulang.
4.	Produk PWSNH batch GB115 dapat dirilis jika hasil analisa terhadap semua parameter memenuhi syarat (MS) dan jika tidak ada issue kualitas lain nya. ",http://b7-drive.bintang7.com/?launchApp=SYNO.SDS.Drive.Application#file_id=805053140259879798
2024,DEV/QPR/PLG/PR/0224/020,CLOSED,,Planned,Procedure/documentation/data integrity,Lain-lain,LBMAN,GB700 - GB717,"LBMAN GB700 - GB717. Untuk proses pengecekan sensory oleh QC ketika mesin off (libur sabtu minggu) dihilangkan, mengacu ke PPI LBMAQ yang sudah direvisi (karena secara formula ruah sama yaitu LBMA1)","1.	Terkait dengan rencana penyesuaian PPI primer LBMAN dengan menghilangkan pemeriksaan sensory oleh QC ketika mesin off, mengacu kepada PPI LBMAQ yang memiliki ruah yang sama yaitu LBMA1 dan sudah direvisi, maka usulan ini ACC untuk dijalankan. TS buatkan lampiran proses terhadap usulan penghilangan pemeriksaan sensory oleh QC ketika mesin off ini di PPI Primer LBMAN. Lakukan sosialisasi lembar perubahan proses ini ke personil produksi. 
2.	TS selanjutnya akan melakukan perubahan terhadap PPI Primer LBMAN ini sesuai dengan usulan perubahan yang tercantum dalam laporan penyimpangan ini (usulan perubahan mengacu pada FUP produk LBMAQ yang sudah dibuat sebelumnya)
3.	Produk LBMAN GB700 - GB717 dapat dirilis jika hasil analisa terhadap semua parameter memenuhi syarat (MS) dan jika tidak ada issue kualitas lain nya.",https://b7-drive.bintang7.com/?launchApp=SYNO.SDS.Drive.Application#file_id=819931363185573429
2024,DEV/QPR/PLG/PC/0224/021,CLOSED,,Planned,Product,Lain-lain,LEJOA,GB003 - GB005,LEJOA GB003-005 merupakan bets validasi proses yang untuk perilisan nya memerlukan approval completed dari laporan validasi proses namun dikarenakan kebutuhan cito marketing maka LEJOA GB003-005 diusulkan untuk dirlis setelah hasil laporan analisa lengkap paralel dengan approval completed dari laporan validasi proses,"1. Hasil analisa sudah diselesaikan untuk semua item
spesifikasi, tetapi report analisa alkohol akan diberikan
menyusul, menunggu coa resmi dari PML.
Pe release an dapat dilakukan apabila semua parameter
sudah memenuhi syarat
Laporan validasi perlu diselesaikan segera
2. LEJOA GB003-005 merupakan bets validasi proses yang
untuk perilisan nya memerlukan approval completed dari
laporan validasi proses namun dikarenakan kebutuhan cito
marketing maka LEJOA GB003-005 diusulkan untuk dirlis
setelah hasil laporan analisa lengkap paralel dengan approval
completed dari laporan validasi proses, pastikan untuk ketiga
batch tersebut semua parameter pemeriksaan MS,
selanjutnya untuk ketentuan bets validasi proses yang untuk
perilisan nya memerlukan approval completed dari laporan
validasi bisa masuk ke MRM jika produk baru tersebut
dibuatkan MRM nya.
3. Ketersediaan produk sudah ditunggu oleh outlet, sehingga
dibutuhkan pengiriman di tanggal 22-23 Feb 2024. Usulan
untuk hal tersebut dapat dipenuhi dengan memastikan lebih
dahulu secara kualitas, dan hanya paralel untuk pelaporan
(administrasi).",https://b7-drive.bintang7.com/?launchApp=SYNO.SDS.Drive.Application#file_id=819930375418592646
2024,DEV/QPR/PLG/PR/0224/022,CLOSED,,Unplanned,Procedure/documentation/data integrity,Kepatuhan Dokumentasi,PWSNH ,GB116,Dalam PPI kemas tidak ada keterangan bulan dan tahun pada paraf leader saat IPC awal sift,"1. Pada saat dilakukan inspeksi di area Kemas Powder, inspector QA (Emi) menemukan pada PPI leader memberikan paraf tanpa keterangan tanggal, bulan dan tahun pada awal shift. Terhadap ketidaksesuaian ini, lakukan pengisian pada PPI sesuai dengan konsep GDP. Lampirkan dokumen yang telah diperbaiki 
2. Perlu dilakukan briefing ulang kepada tim operator dan leader untuk memastikan aktivitas dokumentasi dilakukan secara aktual dan tepat sesuai kaidah GDP. Lampirkan materi briefing dan daftar hadir sosialisasi 
3. Produk PWSNH batch GB116 dapat dirilis jika hasil analisa terhadap semua parameter memenuhi syarat (MS) dan jika tidak ada issue kualitas lain nya",http://b7-drive.bintang7.com/?launchApp=SYNO.SDS.Drive.Application#file_id=804713178425507737
2024,DEV/QPR/PLG/PR/0224/023,CLOSED,,Unplanned,Product,Performance hasil pengemasan,LPRGP,GA014 - GA016,"LPRGP GA014 - GA016. Verifikasi QA kalbe ditemukan karton FG sobek, pack yang sobek dan wrapping tidak sempurna","1. Pada saat verifikasi oleh Kalbe pada produk LPRGP batch GA014 - GA016, ditemukan hasil Tidak Memenuhi Syarat (TMS) dengan list temuan berikut:
- Bagian bawah pack rusak dan sobek pada batch GA015 MB no 0027
- Kondisi wrapping yang tidak sempurna pada batch GA015 MB no 0036
- Karton yang berlubang pada batch GA014 MB no 0006, 0037; LPRGP GA015 MB no 0027
Terhadap kemasan pack, wrapping dan karton yang rusak ini lakukan perbaikan dan penggantian pada kemasan. Hitung hidden cost pada kegiatan ini 
2. QA lakukan verifikasi hasil perbaikan kemasan pada produk LPRGP batch GA014 - GA016. Kemasan yang MS dapat dilanjutkan ke proses berikutnya. 
3. Terhadap hasil pengemasan pack yang rusak perlu dilakukan investigasi lebih lanjut, jika ditemukan kondisi pack TMS disebabkan karena faktor eksternal (bukan karena proses) koordinasikan dengan tim QC untuk follow up kepada vendor. Untuk kondisi wrapping yang tidak sempurna dapat diakibatkan proses di mesin yang tidak sempurna atau lengket dengan rangkaian produk di sebelahnya, lakukan investigasi lebih lanjut. Follow up lebih lanjut melalui CAPA untuk mencegah kejadian berulang.
4. Terhadap MB yang sobek, lakukan investigasi untuk mengetahui potensi sumber kerusakan, apakah dari pihak internal B7 pada saat handling, atau dari pihak eksternal ekspedisi. Koordinasikan dengan pihak terkait dan lampirkan hasil investigasnya.
5. Produksi lakukan sosialisasi kepada tim di lapangan untuk dapat memastikan kondisi defect dapat segera diinformasikan dan tidak dilanjutkan menjadi output pada saat ditemukan di proses kemas. Lampirkan daftar hadir sosialisasi dan materi sosialisasinya.
",http://b7-drive.bintang7.com/?launchApp=SYNO.SDS.Drive.Application#file_id=813954286059827256
2024,DEV/QPR/PLG/FG/0224/024,CLOSED,,Unplanned,Product,Kebocoran,LEJSA,GB091,Produk Bocor saat Handling dari rak penyimpanan,"1.	Pada saat operator forklift sedang mengambil produk karton LEJSA GB091 di rak level 3 di gudang OMC, posisi karton produk melebar pada sisi sampingnya sehingga menyebabkan 1 buah karton jatuh dan produk menjadi bocor. Terhadap produk yang mengalami kebocoran ini, lakukan pemusnahan melalui FPP.  Pada saat dilakukan pemeriksaan terhadap karton lainnya dari batch produk ini juga didapatkan adanya kondisi karton yang kondisinya penyok, dan setelah diverifikasi ke dalam karton juga didapati adanya pack yang kondisinya NOK. Terhadap kondisi ini, lakukan pergantian terhadap karton dan pack yang rusak ini. 
2.	QA lakukan verifikasi terhadap karton dan pack dari produk LEJSA GB091 yang sudah diperbaiki ini.
3.	Lakukan evaluasi terhadap penyebab karton dapat jatuh dari rak, apakah karena kondisi penyimpanan yang tidak sesuai, atau susunan yang kurang tepat. Lakukan sosialisasi juga ke operator forklift untuk selalu memastikan kondisi karton dalam susunan yang baik sebelum palet ditarik. Lampirkan daftar hadir dan materi sosialisasinya.
4.	Kedepannya untuk produk EJ Sport Gel yang memiiki potensi produknya menjadi mekar di tumpukkan palet diusulkan untuk tidak di simpan di rak karena memiliki potensi untuk jatuh pada saat palet ditarik.
5.	Produk LEJSA GB091 dapat dirilis jika hasil analisa terhadap semua parameter memenuhi syarat (MS) dan jika tidak ada issue kualitas lain nya",http://b7-drive.bintang7.com/?launchApp=SYNO.SDS.Drive.Application#file_id=805071908841240685
2024,DEV/QPR/PLG/PR/0224/025,CLOSED,,Unplanned,Product,Justified,PWSNH ,GB115,Kebocoran pada sachet dan no batch double pada pack,"1. Pada saat dilakukan inspeksi oleh inspector QA (Leon) di area Filling Solid 1 mesin SIG 6, ditemukan sachet line 1 bocor dikarenakan foil yang overlap di area sealing vertical. Selanjutnya dilakukan stop mesin dan melakukan setting pada foil, dan outputnya MS sehingga produk ACC dilanjutkan. Selanjutnya pada saat verifikasi ditemukan juga adanya pack dengan kondisi coding yang double. Terhadap sachet yang bocor, lakukan runut sortir sesuai dengan prosedur. Terhadap pack dengan coding yang double, lakukan pergantian pada pack dan coding ulang. Hitung hidden cost pada kegiatan ini 
2. QA akan melakukan verifikasi hasil runut sortir kebocoran dan coding yang double terhadap output produk PWSNH GB115 ini, output yang memenuhi syarat (MS) dapat dilanjutkan ke proses berikutnya. Hitung hidden cost pada kegiatan ini 
3. Perlu dilakukan investigasi lebih lanjut penyebab kebocoran selama proses apakah ditemukan kondisi mesin yang NOK dan IPC dilakukan sesuai prosedur. Perlu dipastikan setting foil dan tekanan sealing sudah sesuai. Lakukan investigasi juga penyebab coding double, apakah dikarenakan trouble pada mesin atau karena human error. Perlu dilakukan pemastian aktivitas AM yang dilakukan di lapangan. Lakukan penelusuran terhadap potensi-potensi kebocoran dan coding double lainnya, dan lampirkan detailnya pada laporan penyimpangan ini.
4. Lakukan sosialisasi kepada tim packer untuk selalu memastikan hasil coding sudah sesuai dengan yang dipersyaratkan, dimana coding harus ada dan terbaca jelas serta tidak double. Pastikan ada pemisahan terhadap pack yang sudah dicoding dan belum. Lampirkan daftar hadir dan materi sosialisasi.
5. Teknik lakukan follow up lebih lanjut terhadap temuan sachet bocor dan coding double pada output mesin SIG 6 ini. Lakukan pemeriksaan pada suhu dan tekanan sealing, serta pastikan PM mesin sudah dilakukan sesuai jadwal. Lampirkan detail perbaikan 
5. Produk PWSNH GB115 dapat dirilis jika hasil analisa terhadap semua parameter memenuhi syarat (MS) dan jika tidak ada issue kualitas lain nya  
",http://b7-drive.bintang7.com/?launchApp=SYNO.SDS.Drive.Application#file_id=805076597737569305
2024,DEV/QPR/PLG/PR/0224/026,Cancel,,Planned,Product,,PWSNH ,GB120,Released FG tidak mengacu released mikro,"CANCEL
Penyimpangan batal karena FG dirilis tidak paralel mikro",
2024,DEV/QPR/PLG/PR/0224/027,CLOSED,,Unplanned,Product,Kebocoran,LNKOA ,GB817,Ditemukan sachet bocor pada saat kemas di jinsung 4 ( ilapak 9 ),"1. Pada saat proses pengemasan produk LNKOA GB817 ditemukan adanya sachet yang bocor pada line 6 output mesin Ilapak 9. Selanjutnya dilakukan stop mesin dan pending 3 karton. Terhadap sachet yang bocor, lakukan runut sortir sesuai dengan prosedur. Hitung hidden cost pada kegiatan ini.
2. QA akan melakukan verifikasi hasil runut sortir kebocoran terhadap output mesin Ilapak 9 ini, sachet yang memenuhi syarat (MS) dapat dilanjutkan ke proses berikutnya. Hitung hidden cost pada kegiatan ini 
3. Sesuai BA yang dibuat oleh operator, mesin Ilapak 6 mengalami GT mesin bantalan pisau yang macet, yang mengakibatkan sampah tidak terpotong dan sachet menjadi sobek pada line 6. Operator melakukan perbaikan seadanya, namun trouble masih terjadi. Perlu dilakukan pemastian apakah memang kondisi bocor ini diakibatkan GT pada mesin, atau dikarenakan factor lainnya seperti terjepit conveyor. Perlu dilakukan pemastian aktivitas AM yang dilakukan di lapangan. Lakukan penelusuran terhadap potensi-potensi kebocoran lainnya, koordinasikan dengan tim Teknik.
4. Operator melakukan perbaikan terhadap mesin pada saat ditemukan adanya GT yang menyebabkan kebocoran, namun berdasarkan BA kondisi mesin setelah perbaikan masih belum cukup optimal. Perlu dipastikan kompetensi karyawan yang melakukan perbaikan tersebut, apakah operator memang memiliki kompetensi atau tidak. Berikan feedback kepada yang bersangkutan apabila ternyata tidak memenuhi kompetensi untuk melakukan perbaikan.
4. Teknik lakukan follow up lebih lanjut terhadap temuan sachet bocor pada output mesin Ilapak 9 ini. Lakukan pemeriksaan terhadap kondisi bantalan pisau semua line, serta pastikan PM mesin sudah dilakukan sesuai jadwal. Lampirkan detail perbaikan 
5. Produk LNKOA GB817 dapat dirilis jika hasil analisa terhadap semua parameter memenuhi syarat (MS) dan jika tidak ada issue kualitas lain nya  
",http://b7-drive.bintang7.com/?launchApp=SYNO.SDS.Drive.Application#file_id=805095837435739940
2024,DEV/QPR/PLG/IM/0224/028,CLOSED,,Unplanned,Procedure/documentation/data integrity,Kepatuhan Dokumentasi,LBMAQ ,GB693,"di Form Hasil Potong PPI tidak ada paraf Spv WH, saat barang diserahkan ke Produksi.","1.	Pada saat pemeriksaan BR produk LBMAQ batch GB9693 oleh staff QA, ditemukan adanya form HPPI yang belum ditandatangani oleh Supervisor Warehouse. Terhadap ketidaksesuaian ini, lakukan pengisian pada PPI sesuai dengan konsep GDP. Lampirkan dokumen yang telah diperbaiki.
2.	Perlu dilakukan briefing ulang kepada tim gudang, termasuk Supervisor untuk memastikan aktivitas dokumentasi dilakukan secara aktual dan tepat sesuai kaidah GDP sebelum dilanjutkan ke proses selanjutnya. Lampirkan materi briefing dan daftar hadir sosialisasi 
3. Produk LBMAQ batch GB9693 dapat dirilis jika hasil analisa terhadap semua parameter memenuhi syarat (MS) dan jika tidak ada issue kualitas lain nya",https://b7-drive.bintang7.com/?launchApp=SYNO.SDS.Drive.Application#file_id=880839709002094217
2024,DEV/QPR/PLG/PR/0224/029,CLOSED,,Unplanned,Product,Kebocoran,LNKKB ,GB090,output line 1 bocor,"1.Pada saat dilakukan inspeksi oleh inspector QA (Diaz) di area Ilapak 1, ditemukan sachet line 1 bocor di area sealing horizontal. Selanjutnya dilakukan stop mesin dan pending 3 karton. Terhadap sachet yang bocor, lakukan runut sortir sesuai dengan prosedur. Hitung hidden cost pada kegiatan ini 
2. QA akan melakukan verifikasi hasil runut sortir kebocoran terhadap output mesin Ilapak 1 line 1, sachet yang memenuhi syarat (MS) dapat dilanjutkan ke proses berikutnya. Hitung hidden cost pada kegiatan ini 
3.Dari pengamatan CCTV, dilihat bahwa awal mula ditemukannya kebocoran mesin terjadi pada pukul 14.57 ketika proses filling berjalan, namun operator tidak melakukan proses perunutan dan tidak menghentikan mesin. Perlu dilakukan sosialisasi kepada operator untuk selalu memastikan output yang dikeluarkan ke area kemas dalam kondisi baik, dan agar mesin dapat dihentikan ketika ditemukan adanya proses yang tidak sesuai. Lampirkan daftar hadir sosialisasi dan materi briefing.
4.Dari sampel sachet, dapat dilihat bahwa bocor disebabkan karena ruster yang tidak terbentuk, sehingga sealingnya dapat terbuka. Lakukan evaluasi penyebab seal yang tidak terbentuk ini bisa lolos. Perlu dipastikan setting suhu dan tekanan sudah optimal sebelum mesin dijalankan, dan pastikan pengecekkan fisik sachet dilakukan dengan benar sehingga defect bisa segera terdeteksi. PAstikan juga mesin dalam kondisi baik, sehingga kejadian serupa dapat dihindari di kemudian hari.
5. Teknik lakukan follow up lebih lanjut terhadap temuan sachet bocor pada output mesin Ilapak 1 ini. Lakukan pemeriksaan pada suhu dan tekanan sealing, serta pastikan PM mesin sudah dilakukan sesuai jadwal. Lampirkan detail perbaikan 
6. Produk LNKKB GB090 dapat dirilis jika hasil analisa terhadap semua parameter memenuhi syarat (MS) dan jika tidak ada issue kualitas lain nya  
",http://b7-drive.bintang7.com/?launchApp=SYNO.SDS.Drive.Application#file_id=805051930855389885
2024,DEV/QPR/PLG/PR/0224/030,CLOSED,,Unplanned,Product,Kebocoran,LNKKB ,GB089,"LNKKB GB089 :
sachet bocor line 6
sachet tidak tercoding line 1-5
coding nabrak line 1-6
pack tidak ada coding 
pack coding turun tidak terbaca","1.Pada saat dilakukan inspeksi oleh inspector QA (Leon) di area Ilapak 1, ditemukan sachet produk LNKKB GB089 line 1 bocor di area sealing horizontal. Selanjutnya dilakukan stop mesin dan pending 3 karton. Pada saat dilakukan verifikasi, didapati juga adanya sachet tanpa coding pada line 1-5, sachet dengan coding yang nabrak pada line 1-6, pack tanpa coding dan pack dengan coding yang tidak terbaca. Terhadap output dengan kondisi deect ini, lakukan runut sortir sesuai dengan prosedur. Hitung hidden cost pada kegiatan ini 
2. QA akan melakukan verifikasi hasil runut sortir kebocoran dan coding ini, sachet yang memenuhi syarat (MS) dapat dilanjutkan ke proses berikutnya. Hitung hidden cost pada kegiatan ini 
3. Dari BA yang dibuat operator, ketika ditemukan adanya kebocoran mesin dihentikan dan kemudian dibuatkan WR, serta dilakukan perbaikan di area sealing horizontal dikarenakan banyaknya gantejaln ring di per sealing horizontal. Perlu dilakukan investigasi terkait penyebab kebocoran ini, apakah dikarenakan adanya ganjelan pada sealing, atau dikarenakan factor lain. Lakukan pengecekkan terhadap kondisi sealing horizontal, lakukan pergantian sparepart apabila kondisinya sudah NOK. Lakukan pengecekkan juga terhadap keseluruhan kondisi mesin. 
4. Lakukan investigasi penyebab coding pada sachet bergeser ke area tengah sachet, serta ditemukan adanya sachet tanpa coding. Pastikan sensor coding disetting pada posisi yang sesuai sehingga coding yang terbentuk tetap memenuhi persyaratan coding. 
5. Lakukan investigasi penyebab adanya output dengan kondisi pack tanpa coding dan posisi pack yang turun sehingga tidak terbaca. Perlu dipastikan apakah kondisi ini disebabkan karena trouble pada mesin atau dikarenakan human error. Pastikan sensor coding disetting pada posisi yang sesuai sehingga coding yang terbentuk tetap memenuhi persyaratan coding.
6. Teknik lakukan follow up lebih lanjut terhadap temuan sachet bocor pada output mesin Ilapak 1 ini. Lakukan pemeriksaan pada bagian sealing horizontal dan lakukan pergantian apabila kondisi sparepart mesin sudah NOK (berdasarkan BA operator banyak ganjelan ring pada per sealing horizontal). Pastikan PM mesin sudah dilakukan sesuai jadwal. Lampirkan detail perbaikan 
7. Produk LNKKB GB090 dapat dirilis jika hasil analisa terhadap semua parameter memenuhi syarat (MS) dan jika tidak ada issue kualitas lain nya  
",http://b7-drive.bintang7.com/?launchApp=SYNO.SDS.Drive.Application#file_id=805099127592497833
2024,DEV/QPR/PLG/PR/0224/031,CLOSED,,Unplanned,Product,Kebocoran,POSNA ,GB523,ditemukan sachet bocor line 3,"1. Pada saat inspector QA melakukan verifikasi after perbaikan sealing vertical halus di SIG 6,  ditemukan adanya sachet yang bocor pada line 3 output mesin SIG 6. Selain itu juga didapati adanya bobot sachet yang TMS pada line 1,2, 4, 5, 6, 7, 8, yang setelah dilakukan otorisasi didapati bobot yang TMS. Terhadap sachet yang bocor dan TMS bobotnya ini, lakukan runut sortir sesuai dengan prosedur. Bobot minimal yang dapat diterima adalah 1 gram ,bobot kurang dari itu tidk dapat dilanjutkan ke kemas. Hitung hidden cost pada kegiatan ini.
2. QA akan melakukan verifikasi hasil runut sortir kebocoran dan bobot yang TMS terhadap output mesin SIGB 6 ini, sachet yang memenuhi syarat (MS) dapat dilanjutkan ke proses berikutnya. Hitung hidden cost pada kegiatan ini 
3. Perlu dilakukan investigasi untuk mengetahui penyebab kebocoran sachet dan bobot yang TMS ini. Pastikan kondisi sealing dalam kondisi bersih dan memiliki tekanan yang merata untuk memastikan hasil seling terbentuk semula. Terhaap sachet dengan bobot TMS, lakukan juga investigasi penyebabnya. Lakukan penelusuran terhadap potensi-potensi penyebab defect  lainnya, koordinasikan dengan tim 
4. Teknik lakukan follow up lebih lanjut terhadap temuan sachet bocor dan sachet dengan bobot TMS pada output mesin SIG 6 ini. Lakukan pemeriksaan terhadap kondisi bantalan pisau semua line, serta pastikan PM mesin sudah dilakukan sesuai jadwal. Lampirkan detail perbaikan 
5. Produk POSNA GB523 dapat dirilis jika hasil analisa terhadap semua parameter memenuhi syarat (MS) dan jika tidak ada issue kualitas lain nya  
",http://b7-drive.bintang7.com/?launchApp=SYNO.SDS.Drive.Application#file_id=805100443555378044
2024,DEV/QPR/PLG/PR/0224/032,CLOSED,,Unplanned,Procedure/documentation/data integrity,Kepatuhan Dokumentasi,POSNA ,GB525,Tidak ada paraf saksi pada pengisian PPI POSNA GB525,"1. Pada saat dilakukan inspeksi di area Filling Solid 2 oleh inspector QA (Gunawan), ditemukan PPI POSNA GB525 pada tahapan 12 halaman 10;/17 belum diisi dengan paraf saksi. Hal tersebut disebabkan karena operator yang kurang minfuldlness. Lakukan perbaikan pada dokumen PPI sesuai kaidah GDP. Lampirkan dokumen yang telah diperbaiki
2. Perlu dilakukan briefing ulang kepada tim operator produksi untuk memastikan aktivitas dokumentasi dilakukan secara aktual dan tepat sesuai kaidah GDP. Lampirkan materi briefing dan daftar hadir sosialisasi
3. Produk POSNA GB525 dapat dirilis jika hasil analisa terhadap semua parameter memenuhi syarat (MS) dan jika tidak ada issue kualitas lain nya",https://b7-drive.bintang7.com/?launchApp=SYNO.SDS.Drive.Application#file_id=880841524334614759
2024,DEV/QPR/PLG/PR/0324/001,APPROVED,https://portal.bintang7.com/B7_Deviation/DataDeviasi/Deviasi?Nomor=24022908,Unplanned,Process,Kontaminan,LBMA2 ,GB716,LBMA2 GB716 ditemukan serpihan kayu dalam fructose,"1. Pada saat proses compounding LBMA2
GB716, ditemukan adanya serpihan kayu
di dalam bak kuning pertama hasil
penuangan preparasi fructose dari
herigen ke bak, dimana nomor QC yang
digunakan adalah 2R/2402/0026.
Lakukan pemisahan terhadap pengotor
yang ditemukan, dan pastikan tidak ada
pengotor lainnya. Bulk ACC untuk
dilanjutkan ke proses selanjutnya setelah
dilakukan pemastian tidak ada pengotor
lainnya.
2. Terhadap temuan serpihan kayu ini,
lakukan investigasi sumber pengotor
kayunya, apakah berasal dari material
atau fasilitas produksi. Lampirkan hasil
investigasi dalam lampiran
penyimpangan ini.
3. Apabila sumber pengotor dipastikan
berasal dari material, QC buatkan CAPA
ke vendor untuk dapat ditindaklanjuti
terkait temuan ini dan temuan serupa
dapat dicegah di kemudian hari.
4. Lakukan sosialisasi kepada operator di
area untuk lebih aware terhadap adanya
kontaminan di area ataupun di bulk, agar
pada saat ditemukan adanya kontaminan
dapat segera dilaporkan. Lampirkan
materi sosialisasi dan daftar hadirnya.
5. Terhadap FG LBMAQ GB716, lakukan
pemeriksaan mikrobiologi pada titik ATB
tanpa reduce analisa. Pastikan seluruh
hasil pemeriksaan MS sebagai
pertimbangan perilisan produk.
6. Apabila seluruh parameter lainnya MS
dan tidak ada issue kualitas lainnya,
produk LBMAQ GB716 acc untuk
diluluskan.",
2024,DEV/QPR/PLG/PR/0324/002,Cancel,,Unplanned,Product,Bobot TMS,LPRGH,GB013,LPRGH GB013. Bobot sachet line 2 TMS over ,,
2024,DEV/QPR/PLG/PR/0324/003,CLOSED,,Unplanned,Product,Kebocoran,LPRGH,GB013,Temuan sachet bocor disealing vertikal line 5 dan bobot TMS over line 2,"1.  Pada saat inspektor melakukan 
pengecekan tgl 29 Feb proses filling 
Yonan LPRGH GB013 ditemukan output 
line 5 bocor diarea sealing vertikal mesin 
yonan. Produksi lakukan runut sortir, 
hitung hidden cost pada kegiatan ini 
2. QA lakukan verifikasi runut sortir sachet 
bocor output mesin yonan. Sachet yang 
memenuhi syarat (MS) dapat dilanjutkan 
ke proses berikutnya. Hitung hidden cost 
pada kegiatan ini
3. Bobot sachet produk LPRGH batch 
GB013 ditemukan oleh inspektor QA 
pada saat melakukan inspeksi kembali 
tanggal 1 Maret tidak memenuhi syarat 
(TMS over ) di line 2 dengan bobot 9.58 
gram (syarat 8,76 - 9,51 gram). 
Berdasarkan rekomendasi perhitungan 
bobot dibandingan kadar yang masih MS 
berada di rentang 8.76 - 10.2 gram. 
Produksi lakukan runut sortir bobot TMS 
over sesuai dengan prosedur, pastikan 
tidak ada bobot di diatas 10.2 gram. 
Hitung hidden cost pada kegiatan ini
4. QA lakukan verifikasi runut sortir bobot 
sesuai dengan prosedur. Bobot yang 
masih MS 8.76 - 10.2 gram. Hitung 
hidden cost pada kegiatan in
i
5. Lakukan investigasi dan evaluasi lebih 
lanjut terhadap trend bobot selama IPC, 
jika ditemukan indikasi bobot cenderung 
mendekati batas atas lakukan setting 
adjustment. Pastikan sachet yang 
dihasilkan MS
6. Berdasarkan sampel sachet bocor 
ditemukan hasil sealing vertikal tidak 
terbentuk sempurna. Lakukan 
pemerikaan pada tekanan, suhu dan 
timing sealing, pastikan kondisi sealing 
bersih dan sachet hasil setting awal jalan 
tidak terbawa ke kemas
7. Teknik lakukan investigasi lebih lanjut 
terhadap kondisi area sealing vertikal. 
Lakukan evaluasi terhadap distribusi 
tekanan dan suhu sealing, pastikan MS 
untuk mencegah sachet bocor. 
Lampirkan detail perbaikan 
8. Produk LPRGH batch GB013 dapat 
dirilis jika hasil analisa terhadap semua 
parameter memenuhi syarat (MS) dan 
jika tidak ada issue kualitas lain nya",http://b7-drive.bintang7.com/?launchApp=SYNO.SDS.Drive.Application#file_id=808134377729997739
2024,DEV/QPR/PLG/PR/0324/004,CLOSED,,Planned,Procedure/documentation/data integrity,Prosedur/Spec/MA tidak sesuai,LGRG1,GC007,Untuk proses filling LGRGA GC007 (batch ke-3) tidak dilakukan cleaning mesin ilapak terlebih dahulu,"1. Produksi LGRGA akan dilakukan 3 batch
 karena adanya permintaan produksi dari
tim KI di bulan Maret. Untuk
meningkatkan efisiensi produksi, maka
akan dilakukan campaign 3 batch
(sedangkan berdasarkan PPI masa pakai
mesin filling ilapak dilakukan per 2
batch). Terhadap rencana tersebut, ACC
dilakukan. Lakukan pencatatan proses
filling dilakukan secara campaign di
Catatan Perubahan Proses 
2. Untuk proses filling LGRGA GC007 (batch ke-3) tidak
dilakukan cleaning mesin ilapak terlebih dahulu, spek mikro
ginhawa lebih ketat dibanding produk bejo herbal, pastikan
secara produk pemeriksaan mikro MS dan lanjutkan batch ini
sebagai pengamatan studi perpanjangan masa pakai mesin
filling ilapak, dan evaluasi juga trend pemeriksaan mikro
apakah cukup aman untuk dilakukan perpanjangan masa
pakai mesin.
3. penyimpangan terkait masa cleaning yang tidak sesuai
prosedur, perlu dipastikan bahwa seluruh parameter krtiikal
produk memenuhi syarat agar produk dapat direluctant
released. Perlu follow up dengan uji stabtest produk sebagai
pendataan kualitas produk ketika masa cleaning produk
diperpanjang. Jika memang sudah ada data studi
sebelumnya maka perlu difollow up dengan analisa tren
sehingga dapat diusulkan untuk FUP dan implementasi pada
proses produksi
4. LGRGA secara spek mikro lebih ketat, syarat TPC dan KK
maks 100, sehingga dengan campaign batch yg nambah 1
BN ini ada potensi ke pertumbuhan mikro, secara trend
campaign 2 BN masih Ok dinbawah 100. Perlu dipastikan
dampak ke kualitas produknya dengan pengambilan data
mikro produknya lebih ketat dari sampling normal.
Sampling minilal Awal, tengah, akhir filling, dan masing2
harus terwakili masing2 line nya minimal 3 sachet.
Monitoring stabilitas produk, terutama mikronya juga sampai
ED harus MS spek.
Selain itu dampak terhadap proses cleaning, karena heating
dan cooling process campaign menjadi 3 BN bisa
terdampak, apakah prosedur cleaning existing bisa
menghasilkan hasil cleaning yg optimal. Perlu diverifikasi oleh
QA dari fisik, mikro (bilasan dan swab) dll .
Jika hasil Ok maka bisa diusulkan dilanjutkan utk siklus
campaign BN selanjutnya",http://b7-drive.bintang7.com/?launchApp=SYNO.SDS.Drive.Application#file_id=810717859436084498
2024,DEV/QPR/PLG/PR/0324/005,CLOSED,,Planned,Product,Lain-lain,LBMA2,GC730 -GC732,Proses comp LBMA2 dilakukan di MT T3 dengan masa kualifikasi mesin sudah lewat (ED masa kualifikasi mesin : 05 Maret 2024),"1. Adanya keterbatasan stock bulk Bejo
Herbal (LBMA2) karena MTT2 akan
digunakan untuk trial LPRGP sebanyak
3BN sehingga proses compounding akan
dilakukan di Mixing Tank Tetra 3 (MTT3)
tetapi kualifikasi mesin MTT3 sudah ED
di tanggal 05/03/24. Kualifikasi MTT3
akan dilakukan tanggal 12/03/24 dengan
proses panas dingin menggunakan
marker worst case produk. Karena
produk LBMA2 tidak menggunakan
proses panas dingin, sehingga rencana
compounding di MTT3 di ACC. Lakukan
pencatatan di Catatan Perubaahan
Proses terkait proses compounding
dilakukan di mesin yang sudah ED
kualifikasi pada 3BN yang terdampak
GC730-GC732. Lampirkan bukti
dokumentasi
2. Produksi pastikan selama proses
compounding LBMA2 di MTT3 dilakukan
sesuai dengan PPI, jika ditemukan
ketidaksesuaian selama proses
koordinasikan denga departemen terkait
3. Terhadap 3BN (LBMA2 batch GC730-
GC732) yang terdampak, pastikan hasil
analisa ruah dari QC memenuhi syarat
(MS) sebelum proses dilanjutkan filling
4. Metode cleaning after compounding
LBMA2 akan menggunakan metode
Non-Guava Mikro. Lakukan sesuai
dengan prosedur cleaning
5. QA akan melakukan verifikasi after
cleaning LBMA2 di MTT3. Proses dapat
kembali digunakan jika hasil verifikasi
cleaning MS. Lampirkan hasil verifikasi
after QA akan melakukan kualifikasi terhadap
MTT3 menggunakan metode panas
dingin. Pastikan hasil kualifikasi MS
 cleaning
6. QA akan melakukan kualifikasi terhadap
MTT3 menggunakan metode panas
dingin. Pastikan hasil kualifikasi MS
7. Lakukan review dan evaluasi bersama
terkait jadwal produksi dan jadwal
kualifikasi untuk mencegah mesin lewat
ED kualifikasi
8. Produk LBMAQ batch GC730-GC732
dapat dirilis jika hasil analisa terhadap
semua parameter memenuhi syarat (MS)
dan jika tidak terdapat issue kualitas lain
nya
",https://b7-drive.bintang7.com/?launchApp=SYNO.SDS.Drive.Application#file_id=880842844286278223
2024,DEV/QPR/PLG/PC/0324/006,CLOSED,,Planned,Product,Lain-lain,LKMCA LKJTA LKNTA LKPTA,-,"RM dengan kode 2AS017000 kedatangan oktober 2023 tidak habis terpakai sebelum ED di 9 maret 2024  
Qty tersisa estimasi di 200kg ( value = 11.600.000 IDR/ setara dengan 32 bn LKJTA ) 
setelah compounding tgl 8 maret 2023 
hal ini dikarenakan turunnya rofo komix adult di Q4 2023 ","1.	Terkait dengan usulan perpanjangan ED material Strach modified (2AS017000) kedatangan Oktober 2023 nomor QC 2R/2310/0085 yang ED di 9 Maret 2024, hal ini dilakukan untuk meminimalkan write off material (value = 11.600.000 IDR). Terhadap usulan perpanjangan ED ini, CPro koordinasikan ke vendor untuk permohonan rekomendasi perpanjangan ED. Analisa membutuhkan biaya sebesar IDR 1,000,0000 dan waktu kurang lebih 1 bulan. Koordinasikan dengan vendor, dan informasikan apabila hasil analisa dan rekomendasi perpanjangan ED sudah keluar.
2.	TS lakukan trial penggunaan material Starch Modified yang sudah ED ini pada produk LKJTA, kemudian lakukan evaluasi terhadap hasil pemeriksaan seluruh parameter produk. Lampirkan hasil analisa dalam laporan penyimpangan ini.
3.	Apabila rekomendasi perpanjangan ED dari supplier sudah keluar dan hasil evaluasi material di dalam produk OK, maka material ACC untuk dilakukan perpanjangan ED. QC lakukan perpanjangan ED sesuai dengan rekomendasi dari supplier.
4.	Untuk kedepannya, PPIC mohon dapat informasikan material yang akan diperpanjang EDnya minimal H-1 bulan ED material sehingga tidak mengurangi durasi ED tambahan yang direkomendasikan oleh supplier.
5.	PPIC informasikan nomor batch produk yang akan menggunakan material Starch Modified yang diperpanjang EDnya ini. Koordinasikan dengan departemen terkait, dan lampirkan informasinya pada laporan penyimpangan in.
6.	QA akan melakukan pengambilan sampel stabtest untuk monitoring stabilitas produk yang menggunakan material Starch Modified dengan ED yang diperpanjang ini.",https://b7-drive.bintang7.com/?launchApp=SYNO.SDS.Drive.Application#file_id=880844423477386252
2024,DEV/QPR/PLG/WG/0324/007,CLOSED,,Unplanned,Procedure/documentation/data integrity,Kepatuhan Dokumentasi,LEJS1,GB094 - GB095,Identitas No Batch pada label sedang proses tidak sesuai,"1. Identitas nomor batch untuk produk 
LEJS1 pada Label Sedang Proses 
Timbang Sodium Bicarbonate 
dibandingkan dengan Label Timbang 
ditemukan tidak sesuai. Pada label 
sedang proses tertulis batch GC094-095 
sedangkan pada Label Timbang tertulis 
GB094 dan GB095. Hal tersebut 
disebabkan karena operator timbang 
(Doni) tidak mindfullness. Lakukan 
perbaikan sesuai kaidah GDP pada 
Label Sedang Proses Timbang. Pastikan 
nomor batch sesuai dengan RMFR. 
Lampirkan bukti dokumentasi2. 
2. Perlu dilakukan sosialisasi ulang kepada 
all tim penimbangan untuk memastikan 
proses dilakukan crosscheck dan secara 
mindfullness. Lampirkan daftar hadir dan 
MoM briefing
3. Produk LEJSA batch GB094-GB095 
dapat dirilis jika hasil analisa terhadap 
semua parameter memenuhi syarat (MS) 
dan jika tidak ada issue kualitas lain nya",http://b7-drive.bintang7.com/?launchApp=SYNO.SDS.Drive.Application#file_id=808348920689243073
2024,DEV/QPR/PLG/PR/0324/008,CLOSED,,Unplanned,Procedure/documentation/data integrity,Kepatuhan Dokumentasi,POSKD ,GC038,Penggunaan JO foil tidak sesuai dengan yang tetera pada label non dispense,"1. Penggunaan label JO Foil tidak sesuai dengan label non dispense. JO foil yang seharusnya digunakan adalah SPK4240200218 namun ada nomor JO lain yang digunakan dengan nomor JO SPK4230500308. Ketidaksesuaian label JO dan label non dispense berpotensi proses telusur terkendala. Lakukan penggantian bahan kemas (foil) sesuai dengan yang tertera di PPI. Lampirkan dokumentasi foil POSKD GC038 yang telah diperbaiki sesuai dengan No JO yang digunakan
3. Ketidaksesuaian penggunaan label JO foil disebabkan karena operator tidak melakukan pemeriksaan dengan baik. Penyimpangan ketidaksesuaian label JO foil pernah terjadi beberapa kali sebelumnya. Lakukan investigasi penyebab ketidaksesuaian tersebut, pastikan kejadian ini tidak berulang
4. Perlu dilakukann briefing ulang kepada all tim produksi terkait kesesuaian dokumen dengan fisik aktual nya. Pastikan selalu dilakukan pengecekan ulang antara dokumentasi dengan aktual. Lampirkan materi briefing dan daftar hadir sosialisasi 
5. Produk POSKD GC038 dapat dirilis jika hasil analisa terhadap semua parameter memenuhi syarat (MS) dan tidak ada issue kualitas lain nya
",http://b7-drive.bintang7.com/?launchApp=SYNO.SDS.Drive.Application#file_id=809448436416953674
2024,DEV/QPR/PLG/PR/0324/009,Drafting Disposition,,Planned,Qualification and validation,Lain-lain,PWNSH ,GC133 GC135,"Proses produksi Waisan PWSNH dengan PAT kualitatif (identifikasi RM) di proses penimbangan, (blending uniformity) pada tahap mixing dan PAT kuantitatif (kadar, content uniformity) pada tahap filling akan divalidasi proses. Estimasi akan dijalankan pada 3 batch GC133-GD134-GD135. ",,
2024,DEV/QPR/PLG/PR/0324/010,CLOSED,,Unplanned,Procedure/documentation/data integrity,Kepatuhan Dokumentasi,PWSNH,GC123,PWSNH GC123. Form AM untuk mesin chimei belum dilakukan pemeriksaan pada tanggal 09 Maret 2024,"1. Pada saat dilakukan inspeksi di area Kemas Powder oleh inspector QA (Alfree), ditemukan form AM mesin Chimei tanggal 9 Maret 2024 belum dilakukan pemeriksaan. Hal tersebut disebabkan karena operator yang kurang mindfulness dan dokumentasi terlewat dilakukan. Lakukan perbaikan pada form AM sesuai aktual. Lampirkan dokumen yang telah diperbaiki 
2. Perlu dilakukan briefing ulang kepada tim operator produksi untuk memastikan aktivitas dokumentasi dilakukan secara aktual dan tepat sesuai kaidah GDP. Lampirkan materi briefing dan daftar hadir sosialisasi 
3. Produk PWSNH GC123 dapat dirilis jika hasil analisa terhadap semua parameter memenuhi syarat (MS) dan jika tidak ada issue kualitas lain nya",http://b7-drive.bintang7.com/?launchApp=SYNO.SDS.Drive.Application#file_id=809449252320231098
2024,DEV/QPR/PLG/AD/0324/011,CLOSED,,Unplanned,Procedure/documentation/data integrity,Kepatuhan Dokumentasi,LBMA2,GC727,Salah penulisan nomor batch pada label sedang proses ,"1. Pada saat dilakukan inspeksi di area Ilapak 5 oleh inspector QA (Leon), ditemukan ketidaksesuaian antara nomor batch di label sedang proses mesin inkjet link dengan actual proses yang berlangsung (tertulis GC007 seharusnya GC727). Hal tersebut disebabkan karena operator yang kurang minfuldlness. Lakukan perbaikan pada label sesuai kaidah GDP. Lampirkan dokumen yang telah diperbaiki 
2. Perlu dilakukan briefing ulang kepada tim operator produksi untuk memastikan aktivitas dokumentasi dilakukan secara aktual dan tepat sesuai kaidah GDP. Lampirkan materi briefing dan daftar hadir sosialisasi 
3. Produk LBMAQ GC727 dapat dirilis jika hasil analisa terhadap semua parameter memenuhi syarat (MS) dan jika tidak ada issue kualitas lain nya
",http://b7-drive.bintang7.com/?launchApp=SYNO.SDS.Drive.Application#file_id=808350532356847323
2024,DEV/QPR/PLG/PR/0324/012,CLOSED,,Unplanned,Product,Performance hasil pengemasan,LGRGA ,GC005,LGRGA GC005. Sachet line 1-6 tidak ada identitas coding,"1.Pada saat dilakukan inspeksi oleh inspector QA (Emi) di area Jinsung 5, ditemukan sachet produk LGRGA GC005 tanpa coding untuk semua line. Terhadap output dengan kondisi defect ini, lakukan runut sortir sesuai dengan prosedur. Hitung hidden cost pada kegiatan ini. Terhadap sachet yang MS, proses dapat dilanjutkan kembali. Terhadap sachet tyang ditemukan tanpa coding, lakukan coding ulang sebelum sachet dilanjutkan ke proses kemas.
2. QA akan melakukan verifikasi hasil runut sortir sachet tanpa coding ini, sachet yang memenuhi syarat (MS) dapat dilanjutkan ke proses berikutnya. Hitung hidden cost pada kegiatan ini 
3. Dari BA yang dibuat operator, potensi adanya sachet yang tidak tercoding ini diakibatkan pada saat mesin JS5 yang sering mengalami trouble sehingga mesin Ilapak mengalami proses homming dan outputnya tercetak tanpa coding. Lakukan pemastian terhadap konektivitas antara mesin filling Ilapak dengan inkjet, apakah proses bekerja dengan normal. Follow up ke vendor inkjet jika perlu. 
6. Teknik lakukan follow up lebih lanjut terhadap temuan sachet tanpa coding ini, serta follow up terhadap mesin Jinsung yang diinfokan sering mengalami trouble sesuai BA operator. Pastikan PM mesin sudah dilakukan sesuai jadwal. Lampirkan detail perbaikan 
7. Produk LGRGA GC005 dapat dirilis jika hasil analisa terhadap semua parameter memenuhi syarat (MS) dan jika tidak ada issue kualitas lain nya  
",http://b7-drive.bintang7.com/?launchApp=SYNO.SDS.Drive.Application#file_id=808353355748391496
2024,DEV/QPR/PLG/PR/0324/013,CLOSED,,Unplanned,Product,Bobot TMS,PWSNH ,GC124,Bobot TMS line 1,"1. Bobot sachet PWSNH batch GC124 ditemukan TMS under 0.95 gram di line 1 (syarat bobot 1.00 – 1.20 gram), output mesin SIG 6. Berdasarkan konversi perhitungan bobot dibandingkan kadar, bobot 0.95 gram menunjukkan hasil yang TMS, sehingga direkomendasikan untuk dilakukan runut sortir sesuai bobot spesifikasi sachet ( 1.00 – 1.20 gram). Produksi laukan runut sortir bobot sesuai dengan prosedur. Hitung hidden cost pada kegiatan ini 
2. QA lakukan verifikasi runut sortir dengan rekomendasi bobot yaitu 1.00 – 1.20 gram. Hitung hidden cost pada kegiatan ini 
3. Produksi lakukan evaluasi penyebab bobot sachet TMS di salah satu line. Perlu dilakukan pemastian terhadap setting mesin supaya OK terlebih dahulu sebelum sachet dikeluarkan sebagai output filling. Lakukan investigasi terhadap kondisi mesin, apakah kondisi bobot TMS diakibatkan factor mesin atau karena factor lainnya. Lampirkan hasil investigasi.
4. Teknik lakukan follow up lebih lanjut terhadap temuan sachet dengan bobot TMS ini. Pastikan PM mesin sudah dilakukan sesuai jadwal. Lampirkan detail perbaikan
4. Produk PWSNH batch GC124 dapat dirilis jika hasil analisa terhadap semua parameter memenuhi syarat dan jika tidak terdapat issue kualitas lain nya 
",http://b7-drive.bintang7.com/?launchApp=SYNO.SDS.Drive.Application#file_id=810677689093503749
2024,DEV/QPR/PLG/TS/0324/014,CLOSED,,Planned,Product,Lain-lain,POSNA,all batch ,Range bobot karton POSNA (dengan recipe POSNA 06v0-02 v1) tidak sesuai dengan PPI,"1.        Terkait dengan rencana perubahan range bobot karton POSNA recipe POSNA 06v0-02 v1 untuk mengurangi potensi kekurangan 1 pack dalam 1 karton ketika menggunakan foil Artpaper, maka usulan ini ACC untuk dilakukan. TS akan siapkan lampiran proses dengan perubahan range berat karton ini dan hanya berlaku untuk PPI recipe no POSNA 06v0-02 v1 sampai stok kemasan foil Art Paper habis. Lakukan sosialisasi lampiran proses ini ke personil di area.
2.        TS akan buatkan PDO untuk perubahan sementara bobot karton POSNA dengan recipe POSNA 06v0-02 v1 sesuai dengan lampiran proses yang dibuat
3.        PD lakukan perubahan pada master item sesuai dengan PDO yang dibuat oleh tim TS
4.        Pada saat proses produksi dengan lampiran proses, pastikan bobot pada 3WS sesuai dengan lampiran proses yang sudah dibuat. Apabila pada saat proses ditemukan bobot karton yang tidak masuk range, tindaklanjuti dengan prosedur otorisasi untuk memastikan bobot per sachet MS.
5.        Sebagai informasi, untuk recipe baru dengan foil Lythopaper, range berat karton pada PPI sudah disesuaikan sehingga lampiran proses ini hanya akan digunakan untuk POSNA recipe POSNA 06v0-02 v1 yang menggunakan foil Artpaper saja. Pastikan bobot yang disetting pada 3WS selalu sesuai dengan PPI proses yang sedang berjalan.
",http://b7-drive.bintang7.com/?launchApp=SYNO.SDS.Drive.Application#file_id=813955253582999768
2024,DEV/QPR/PLG/PR/0324/015,CLOSED,,Unplanned,Procedure/documentation/data integrity,Kepatuhan,LBMAQ ,GC732,LBMAQ GC732. Settingan berat di checkweigher tidak sama dengan settingan berat di PPI,"1.        Pada saat inspector QA (Gunawan) melakukan inspeksi di area Jinsung 5, ditemukan adanya settingan berat di checkweigher produk LBMAQ GC732 tidak sama dengan settingan berat di PPI (settingan checkweigher : 252 - 270 g, settingan PPI : 253 - 272 g). Settingan bobot di checkweigher lebih ketat dibandingkan dengan PPI lebih ketat dan selisih bobot bawah kurang daripada bobot satu sachet, sehingga proses diusulkan untuk dapat dilanjutkan ke tahapan selanjutnya tanpa perlu dirunut sortir.
2.        Produksi lakukan investigasi penyebab terhadinya ketidaksesuaian setting bobot pada checkweigher ini agar kejadian serupa tidak terulang kembali di kemudian hari.
3.        Lakukan sosialisasi terhadap personil produksi untuk memastikan seluruh proses dikerjakan sesuai dengan PPI, dan line clearance dulakukan setiap ganti produk atau ganti kemasan. Lampirkan materi sosialisasi dan daftar hadir pada laporan penyimpangan ini.
4.        Produk LBMAQ GC732 dapat dirilis jika hasil analisa terhadap semua parameter memenuhi syarat dan jika tidak terdapat issue kualitas lain nya
",http://b7-drive.bintang7.com/?launchApp=SYNO.SDS.Drive.Application#file_id=808356430076752075
2024,DEV/QPR/PLG/FG/0324/016,CLOSED,,Unplanned,Product,Kebocoran,LNKOA,GB838,Ditemukan Pack bocor pada saat loading,"1.        Pada saat dilakukan loading produk LNKOA GB838, ditemukan adanya 1 pack produk yang bocor karton retail. Selanjutnya dilakukan pemisahan terhadap pack yang ditemukan bocor ini.
2.        Inspektor QA lakukan verifikasi terhadap produk yang sudah dipisahkan pacj yang bocornya, produk dengan kondisi tidak bocor ACC untuk dilanjut. Hitung hidden cost dari aktivitas ini.
3.        Kebocoran didapati pada bagian body sachet dan bukan pada area sealing. Perlu dilakukan investigasi terkait penyebab kebocoran ini, apakah dari tampungan, terkena benda tajam, tersangkut, atau dari aktivitas setting mesin. Perlu dilakukan pemastian lebih dalam agar root cause dapat diketahui dan kejadian serupa dapat terhindar di kemudian hari. Produksi buatkan CAPA terhadap penyimpangan berulang ini.
4.        Perlu dilakukan sosialisasi juga kepada tim gudang untuk selalu melakukan verifikasi jumlah dan fisik produk saat serah terima dari produksi ke gudang sehingga kejadian serupa dapat diketahui lebih awal.
5.        Terhadap output produk LNKOA GB838 yang sudah diverifikasi oleh QA dan sudah dipastikan tidak adanya kebocoran, dapat dilakukan pengiriman.
",http://b7-drive.bintang7.com/?launchApp=SYNO.SDS.Drive.Application#file_id=810669054602818559
2024,DEV/QPR/PLG/PR/0324/017,CLOSED,,Unplanned,Product,Kepatuhan,LEJSA,GC097,Masa simpan bulk lebih dari 3 hari,"1.        Terkait dengan estimasi proses compounding sampai filling selesai produk LEJSA GC097 yang lebih dari 3 hari, maka diusulkan untuk jalan proses dengan menggunakan lampiran proses dengan masa simpan bulk staging 7 hari. Hal ini sesuai dengan studi yang sudah dilakukan TS dengan hasil yang memenuhi persyaratan untuk parameter fisik, kimia, maupun mikrobiologi. TS siapkan lampiran proses untuk perubahan masa simpan bulk staging menjadi 7 hari.
2.        Selama proses staging bulk, perlu dipastikan storage tank dalam kondisi tertutup rapat, dan kondisi udara ruangan tetap terjaga. Pada saat bulk akan dilanjutkan ke proses selanjutnya, pastikan pelaksanaan sesuai dengan PPI.
3.        QA lakukan pengambilan sampel ATB untuk analisa mikrobiologi untuk memastikan kondisi mikro produk masih MS dengan masa simpan bulk staging lebih dari 3 hari.
4.        QA juga akan melakukan pengambilan sampel untuk monitoring stabtest produk selama masa edarnya.
5.        Untuk dapat menindaklanjuti FUP terkait permintaan perpanjangan masa pakai bulk, perlu dilakukan studi lanjutan untuk masa pakai storage tank dan mesin filling. Lakukan pengamatan lanjutan terhadap storage tank untuk campaign batch GC098. 
6.        Produk LEJSA GC097 dapat dirilis jika hasil analisa terhadap semua parameter memenuhi syarat (MS) dan jika tidak ada issue kualitas lain nya.
",http://b7-drive.bintang7.com/?launchApp=SYNO.SDS.Drive.Application#file_id=809587985631719629
2024,DEV/QPR/PLG/PR/0324/018,CLOSED,,Unplanned,Product,Kebocoran,LKMCA,GC238,sachet bocor di line 6,"1.         Sachet produk LKMCA GC238 ditemukan bocor di line 6 area sealing vertikal, produk merupakan output mesin ilapak 4. Terhadap sachet yang bocor, produksi lakukan runut sortir untuk FG dijam kejadian 19.30 sesuai dengan prosedur. Hitung hidden cost pada kegiatan ini
2. QA lakukan verifikasi runut sortir kebocoran untuk line 6 sesuai dengan prosedur. Hitung hidden cost pada aktivitas ini
3. Penyebab kebocoran adalah dikarenakan sealing vertical yang tidak terseal sempurna dikarenakan bearing vertical yang rusak. Perlu dilakukan pemastian apakah penggantian bearing sealing vertical masuk ke dalam penjadwalan perawatan mesin, atau termasuk kedalam AM. Lakukan pemastian AM dilakukan sesuai dengan prosedur dan formnya.  Terhadap bearing yang rusak ini, lakukan penggantian bearing dan lakukan tes putaran sampai dipastikan putaran sudah sentris serta hasil sealing tidak bocor. Apabila di kemudian hari pada saat menjalankan mesin terdapat abnormalitas suara harapannya dapat diketahui terlebih dahulu.
4. Teknik lakukan evaluasi lebih lanjut terhadap penyebab kerusakan bearing vertical ini, pastikan PM mesin dilakukan sesuai penjadwalan. Lakukan pegecekkan juga terhadap line dan mesin lainnya untuk menghindari kejadian serupa terulang kembali. Perlu dilakukan perbaikan untuk mencegah kejadian berikut berulang
5.         Produk LKMCA GC238 dapat dirilis jika hasil analisa terhadap semua parameter memenuhi syarat (MS) dan jika tidak ada issue kualitas lain nya
",http://b7-drive.bintang7.com/?launchApp=SYNO.SDS.Drive.Application#file_id=809451366727598039
2024,DEV/QPR/PLG/PC/0324/019,CLOSED,,Planned,Product,Prosedur/Spec/MA tidak sesuai,LKXOD ,GC312 - GC315,cwo sebelum material rilis dan produksi menggunakan kemasan pack cartoning untuk dikemas manual ( selotip),"1.	Terkait dengan rencana CWO LKXOD sebelum RM Thymi rilis dibatalkan karena ditemukan adanya masalah pada material Thymi. Penyimpangan terkait masalah RM Thymi ini dibahas pada DEV/QMT/PLG/QC/0324/007.
2.	Terkait dengan rencana pengemasan produk LKXOD secara manual menggunakan kemasan cartoning (di mesin Ilapak 11) dikarenakan stok kemasan manual sudah habis, TS buatkan form verifikasi formula dan lampiran prosesnya. Lampirkan lampiran perubahan proses dan form verifikasi formula pada laporan penyimpangan ini. 
3.	PPIC informasikan nomor produk yang menggunakan kemasan cartooning dikemas secara manual ini (berdasarkan informasi terakhir akan digunakan untuk LKXOD batch GC312-315).
4.	Pastikan pelaksanaan pengemasan produk LKXOD menggunakan kemasan cartoning secara manual ini dilaksanakan sesuai dengan lampiran proses yang sudah disiapkan. Supervisor Produksi melakukan pendampingan jika diperlukan.
5.	Plan deviation ini menjadi acuan perilisan produk LKXOD batch GC312-315 yang menggunakan kemasan cartoning yang dikemas secara manual ini, atau sesuai dengan alokasi dari PPIC. Produk dapat dirilis jika hasil analisa terhadap semua parameter memenuhi syarat (MS) dan tidak ada issue kualitas lain nya
",http://b7-drive.bintang7.com/?launchApp=SYNO.SDS.Drive.Application#file_id=813956747178848639
2024,DEV/QPR/PLG/PR/0324/020,CLOSED,,Unplanned,Product,Performance hasil pengemasan,LKMCA  ,GC238,Coding nomer batch menabrak redaksi,"1. Pada saat verifikasi kebocoran produk LKMCA GC238, ditemukan adanya sachet dengan kondisi coding nomor batch yang menabrak redaksi. Coding berfungsi sebagai identitas produk untuk menerangkan informasi produk, serta untuk mempermudah penelusuran. Terhadap temuan ini, Produksi lakukan runut sortir pada output produk, dan pastikan hasil coding dapat terbaca. Jika hasil coding dapat terbaca, maka output dapat dilanjutkan ke proses selanjutnya. Terhadap coding yang tidak terbaca, lakukan coding ulang. Hitung hidden cost pada kegiatan ini.
2. QA lakukan verifikasi runut sortir coding, coding yang dapat terbaca dapat dilanjutkan ke proses berikutnya. Hitung hidden cost pada kegiatan ini.
3. Berdasarkan berita acara dari operator, hasil coding yang menabrak redaksi ini merupakan output mesin pasca GT hasil coding yang belum stabil. Lakukan sosialisasi ke operator filling untuk selalu memastikan kondisi fisik sachet MS, termasuk kondisi coding sebelum sachet dijadikan output. Lampirkan daftar hadir dan materi sosialisasi.
4. Produk LKMCA GC238 dapat dirilis jika hasil analisa terhadap semua parameter memenuhi syarat (MS) dan jika tidak ada issue kualitas lain nya.
",http://b7-drive.bintang7.com/?launchApp=SYNO.SDS.Drive.Application#file_id=809590987568493261
2024,DEV/QPR/PLG/PR/0324/021,CLOSED,,Unplanned,Procedure/documentation/data integrity,Prosedur/Spec/MA tidak sesuai,LPRGQ ,"GB147 
GC149",Foil yang digunakan untuk proses filling no QC dan JO nya tidak sesuai dengan HPPI,"1. Pada saat jalan proses filling LPRGQ GB147, didapati adanya foil yang bermasalah (no QC 2P/2401/0009) dan foil untuk produk LPRGQ GB147 sudah habis sehingga operator menggunakan foil batch selanjutnya dengan no QC berbeda (2P/2402/0059). Penggunaan foil ini sudah dicatat oleh operator pada PPI, namun belum melampirkan FKM foil pengganti tersebut. Pastikan PPI sudah dilengkapi dengan FKM perubahan foil tersebut.
2. Terhadap penggunaan foil yang tidak sesuai nomor batch ini tanpa melampirkan FKM pada PPI, mohon untuk dapat disosialisasikan ke operator dan admin untuk memastikan dokumen kelengkapan PPI dapat dilengkapi, serta rekonsiliasi pemakaian sudah sesuai dengan kondisi actual. Lampirkan materi sosialisasi dan daftar hadirnya.
3. Produk LPRGQ GB147 dapat dirilis jika hasil analisa terhadap semua parameter memenuhi syarat (MS) dan tidak ada issue kualitas lain nya
",http://b7-drive.bintang7.com/?launchApp=SYNO.SDS.Drive.Application#file_id=809591119802315540
2024,DEV/QPR/PLG/PR/0324/022,CLOSED,,Unplanned,Procedure/documentation/data integrity,Kepatuhan Dokumentasi,LNKOA ,GC867,"Karton FG tidak ada label timbang tidak diberi identitas No Batch, Pallet dan no karton
Tidak ada no batchnya punya mesin J","1.        Adanya temuan oleh inspector QA (Emi) pada saat melakukan inspeksi di area kemas Jinsung 4 (sedang jalan LNKOA GC867) dan didapatkan adanya karton yang belum dilengkapi tanpa identitas kode produk dan nomor batch. Perlu dilakukan briefing ulang kepada all tim produksi terkiat pentingnya label identitas sebagai bagian dari implementasi data integrity dan good documentation practice. Lampirkan materi briefing dan daftar hadir sosialisasi.
2.        Selain itu, juga ditemukan adanya sachet output mesin J tanpa coding. Produksi lakukan runut sortir terhadap temuan sachet tanpa coding ini. Terhadap temuan sachet tanpa coding, lakukan coding ulang. Hitung hidden cost dari aktivitas ini.
3.        QA lakukan verifikasi runut sortir, pastikan sachet memiliki coding yang jelas dan dapat terbaca. Hitung hidden cost pada kegiatan ini.
4.        Produksi lakukan sosialisasi terhadap packer untuk selalu memastikan kondisi fisik sachet dalam kondisi lengkap dengan coding dan kondisi fisik baik. Lampirkan daftar hadir sosialisasinya.
5.        Produk LNKOA GC867 dapat dirilis jika hasil analisa terhadap semua parameter memenuhi  syarat (MS) dan jika tidak ada issue kualitas lain nya
",http://b7-drive.bintang7.com/?launchApp=SYNO.SDS.Drive.Application#file_id=810670960402281895
2024,DEV/QPR/PLG/QA/0324/023,CLOSED,,Planned,Product,Lain-lain,"LKMCA
LHRBA ","GC242 - GC255
GC749 - GC764",Produk di kirim atau stuffing setelah Report of Analysis Product (RAP) belum lengkap dan belum diterima oleh tim QA.  Produk di rilis mengacu pada trend hasil analisa produk dan perilisan paralel dengan analisa produk,"1.        Terhadap rencana pengiriman (stuffing) produk LKMCA dan LHRBA tanpa menunggu hasil mikrobiologi lengkap dikarenakan adanya kebutuhan pemenuhan produk KI di bulan Maret 2024. Secara trend data hasil pemeriksaan mikrobiologi untuk produk LKMCA dan LHRBA selalu MS. Terhadap rencana pelulusan produk LKMCA dan LHRBA tanpa menunggu hasil analisa lengkap ini, PPIC buatkan kajian risiko untuk dapat mengetahui potensi risiko serta dapat melakukan mitigasi terhadap potensi risiko yang ada. Lampirkan kajian risiko pada laporan penyimpangan ini. 
2.        PPIC informasikan nomor batch yang direncanakan akan diluluskan tanpa menunggu hasil analisa mikrobiologi lengkap ini. Koordinasikan dengan departemen terkait.
3.        Untuk perilisan analisa mikrobiologi di oracle akan diubah menjadi non mandatory sehingga produk dapat dirilis secara paralel. Setelah pengamatan mikrobiologi selesai dan jika ditemukan pertumbuhan mikrobiologi maka QC akan membuat sampel ulang di oracle dan menginput hasil analisa sesuai dengan hasil pengamatan. Jika ditemukan hasil yang TMS pada parameter pemeriksaan mikrobiologi, maka produk akan di hold & recall untuk batch terkait. Koordinasikan dengan departemen terkait.
4.        QA akan melakukan perilisan FG mengacu ke laporan pertama yang diberikan oleh QC. Plan deviation ini menjadi acuan perilisan untuk Batch yang terdampak. Jika hasil analisa terhadap semua parameter memenuhi syarat (MS) dan tidak ada issue kualitas lain nya maka BN tersebut dapat dirilis.
5.        PPIC akan melakukan koordinasi terkait monitoring distribusi untuk alokasi pengiriman produk ke market. Produk akan dikirim ke market setelah semua parameter hasil analia mikrobiologi memenuhi syarat (MS)
",http://b7-drive.bintang7.com/?launchApp=SYNO.SDS.Drive.Application#file_id=813956934427259297
2024,DEV/QPR/PLG/PR/0324/024,CLOSED,,Unplanned,Procedure/documentation/data integrity,Kepatuhan Dokumentasi,LKJTA ,GC220,Pemakaian foil tidak sesuai HPPI,"1.	Pada saat sedang dilakukan inspeksi oleh inspektor QA (Gunawan) di Ilapak 7, ditemukan ketidaksesuaian pemakaian foil dengan yang tertera pada HPPI. Pada HPPI, tertera pemakaian foil 0.5 roll dengan no QC 2P/2402/0064, namun aktualnya tidak terdapat label non dispense dan no JO dengan no QC tersebut. hal ini dikarenakan saat PIC foil menerima foil dari gudang tidak melakukan pengecekkan kembali karna kurangnya label non dispense yang diberikan dari gudang. Terhadap ketidaksesuaian ini, Produksi mintakan label non dispense yang kurang ke gudang dan dilampirkan pada PPI. Lampirkan dokumentasi pada laporan penyimpangan ini.
2.	Perlu dilakukan sosialisasi kepada personil yg terkait pentingnya kesesuain material antara actual dengan perencanaan dan dokumentasikan pada catatan batch. Lampirkan materi briefing dan daftar hadir sosialisasi
3.	Diusulkan jika ada ketidaksesuaian misal karena konsumsi pada batch sebelumnya melebihi standar karena settingan dan harus ada tambahan foil, lakukan FKM. Namun jika tidak memungkinkan misal karena gudang off, dapat menggunakan foil batch selanjutnya lakukan pencatatan no QC dan no JO foil yg digunakan dan dan lakukan rekonsiliasi yang sebenarnya. Dalam kondisi foil dengan ex yg sama tidak ada buatkan usulan penyimpangan terencana dan dokumentasikan ketidak sesuaian dalam penyimpangan.
4.	Produk LKJTA batch GC220 dapat dirilis jika hasil analisa terhadap semua parameter memenuhi syarat (MS) dan tidak ada issue kualitas lain nya
",http://b7-drive.bintang7.com/?launchApp=SYNO.SDS.Drive.Application#file_id=810680314067205388
2024,DEV/QPR/PLG/PR/0324/025,CLOSED,,Unplanned,Product,Kebocoran,POSKD ,GC044,Sachet line 1 bocor,"1.         Sachet produk POSKD GC044 ditemukan bocor di line 1 area sealing horizontal, produk merupakan output mesin SIG 5. Terhadap sachet yang bocor, produksi lakukan runut sortir untuk FG dijam kejadian 02.05 sesuai dengan prosedur. Hitung hidden cost pada kegiatan ini
2. QA lakukan verifikasi runut sortir kebocoran untuk line 1 sesuai dengan prosedur. Hitung hidden cost pada aktivitas ini
3. Pada saat ditemukan kejadian sachet bocor, Produksi selanjutnya membuat WR untuk perbaikan, dan dilakukan setting filler side oleh teknisi untuk mencegah terjadinya pinhole, serta dilakukan pemeriksaan di bagian thermocouple untuk memastikan pembacaan suhu sesuai dan akurat. Dilihat dari kondisi sampel sachet bocor, terlihat di area sealing horizontal adanya bagian yang kondisi rusternya cenderung lebih halus daripada titik lain, sehingga perlu dilakukan pemastian tekanan dan suhu sealing pada saat proses filling juga sudah sesuai dan merata. Perlu diinformasikan kepada operator untuk memastikan kondisi mesin dalam kondisi baik dan setting sudah optimal sebelum mesin dijalankan.
4. Teknik lakukan evaluasi lebih lanjut terhadap penyebab bocor pada mesin, pastikan PM mesin dilakukan sesuai penjadwalan. . Lakukan pemeriksaan pada suhu dan tekanan sealing. Perlu dilakukan perbaikan untuk mencegah kejadian berikut berulang
5. Produk POSKD GC044 dapat dirilis jika hasil analisa terhadap semua parameter memenuhi syarat (MS) dan jika tidak ada issue kualitas lain nya
",http://b7-drive.bintang7.com/?launchApp=SYNO.SDS.Drive.Application#file_id=810672005576701562
2024,DEV/QPR/PLG/PR/0324/026,CLOSED,,Unplanned,Product,Kepatuhan Dokumentasi,POSKD ,GC045,Ditemukan ketidaksesuaian paraf pelaksana dengan saksi pada label proses.,"1. Pada saat dilakukan inspeksi oleh inspektoer QA (Rahmad), ditemukan adanya ketidaksesuaian paraf pelaksana dan saksi pada label proses POSKD GC045 di ruang Hopper Soliid 2. Lengkapi paraf pada label sesuai kaidah GDP. Lampirkan dokumen yang telah diperbaiki.
2. Perlu dilakukan briefing ulang kepada tim operator untuk memastikan aktivitas dokumentasi dilakukan secara aktual dan tepat sesuai kaidah GDP. Lampirkan materi briefing dan daftar hadir sosialisasi 
3. Produk POSKD batch GC045 dapat dirilis jika hasil analisa terhadap semua parameter memenuhi syarat (MS) dan jika tidak ada issue kualitas lain nya
",http://b7-drive.bintang7.com/?launchApp=SYNO.SDS.Drive.Application#file_id=810680722479168896
2024,DEV/QPR/PLG/PR/0324/027,Drafting Disposition,,Planned,Procedure/documentation/data integrity,Lain-lain,POSNA ,GC539,"Endpoint blending sesuai dengan kriteria PAT
release ruah by PAT tanpa dilakukan analisa Lab oleh QC",,
2024,DEV/QPR/PLG/PR/0324/028,CLOSED,,Unplanned,Procedure/documentation/data integrity,Kepatuhan Dokumentasi,PWSNH,GC130,no JO pack tidak sesuai dengan yg tertera pada label non dispense,"1. Penggunaan label JO Pack tidak sesuai dengan label non dispense. Pada label nondispense tertera no JO 24022983, sedangkan pada karton yang ditemukan no JO 24030183. Ketidaksesuaian label JO dan label non dispense berpotensi proses telusur terkendala. Lakukan penyesuaian label JO yang digunakan sesuai dengan yang tertera di label non dispense. Lampirkan dokumentasi pack PWSNH GC130 yang telah diperbaiki sesuai dengan No JO yang digunakan
2. Ketidaksesuaian penggunaan label JO pack disebabkan karena operator tidak melakukan pemeriksaan dengan baik, serta dilakukannya persiapan pack batch selanjutnya. Penyimpangan ketidaksesuaian label JO foil pernah terjadi beberapa kali sebelumnya. Lakukan investigasi penyebab ketidaksesuaian tersebut, pastikan kejadian ini tidak berulang
4. Perlu dilakukann briefing ulang kepada all tim produksi terkait kesesuaian dokumen dengan fisik aktual nya. Pastikan selalu dilakukan pengecekan ulang antara dokumentasi dengan actual, serta pastikan line clearance dilakukan. Lampirkan materi briefing dan daftar hadir sosialisasi 
5. Produk PWSNH GC130 dapat dirilis jika hasil analisa terhadap semua parameter memenuhi syarat (MS) dan tidak ada issue kualitas lain nya
",http://b7-drive.bintang7.com/?launchApp=SYNO.SDS.Drive.Application#file_id=811072785869747422
2024,DEV/QPR/PLG/PR/0324/029,CLOSED,,Unplanned,Procedure/documentation/data integrity,Kepatuhan Dokumentasi,LPRGQ ,GC159,LPRGQ GC159. Tidak ada checklist pada settingan suhu sealing mesin filling yang digunakan di PPI,"1. Pada saat dilakukan inspeksi oleh inspector QA (Leon), adanya PPI halaman 3 di point settingan suhu sealing tidak terchecklist, sedangkan suhu sealing yang digunakan sudah tertulis. Hal tersebut disebabkan karena operator tidak minfuldlness dan terlewat memberikan ceklis. Lakukan perbaikan pada dokumen PPI. Lampirkan dokumen yang telah diperbaiki 
2. Perlu dilakukan briefing ulang kepada tim operator untuk memastikan aktivitas dokumentasi dilakukan secara aktual dan tepat sesuai kaidah GDP. Lampirkan materi briefing dan daftar hadir sosialisasi 
3. Produk LPRGQ batch GC159 dapat dirilis jika hasil analisa terhadap semua parameter memenuhi syarat (MS) dan jika tidak ada issue kualitas lain nya
",http://b7-drive.bintang7.com/?launchApp=SYNO.SDS.Drive.Application#file_id=811072111773790959
2024,DEV/QPR/PLG/FG/0424/001,CLOSED,,Unplanned,Procedure/documentation/data integrity,Lain-lain,LEJOA ,GB004,Label Timbang ditemukan mengelupas,"1.        Terkait dengan adanya temuan inspector QA (Alfree dan Wulan) terkait label timbang yang mengelupas di karton FG produk LEJOA GB004, perlu dilakukan investigasi penyebab karton yang tidak rekat ini apakah dikarenakan material label yang memang kurang rekat, atau dikarenakan proses penempelan label yang tidak sesuai dengan prosedur. Pada saat serah terima FG dari produksi ke gudang, personil gudang perlu memastikan FG dalam kondisi baik dan sesuai jumlahnya, serta personil gudang berhak untuk menolak FG dalam kondisi tidak baik. Lakukan sosialisasi kepada personil gudang untuk memastikan jumlah dan kondisi FG pada saat proses serah terima.
2.        Perlu dipastikan juga aktivitas penempelan label yang dilakukan oleh operator produksi sudah sesuai dengan prosedur (adanya aktivitas penggosokan setelah penempelan label dan tidak hanya ditempel saja). Lakukan sosialisasi kepada penimbang produksi untuk memastikan aktivitas penempelan label yang dilakukan sudah sesuai.
3.        Perlu dilakukan pemastian juga terhadap kondisi label yang digunakan, apakah label yang digunakan adalah label ex Fasson yang menggunakan kertas Pinondeli sesuai dengan rekomendasi TS. Tim gudang informasikan mengenai stok label yang ada di gudang, serta label yang digunakan pada produk LEJOA GB004 apakah label ex Fasson.
4.        Apabila pada saat penyimpanan di gudang FG ditemukan adanya kondisi FG yang tidak sesuai termasuk kondisi labelnya, personil WH harus segera menginformasikan ke SPV Produksi untuk bisa dilakukan pergantian label dan dilakukan investigasi lebih lanjut.
5.        TS melakukan pengamatan untuk mengetahui apakah factor cara penempelan label berpengaruh terhadap daya rekat label atau dikarenakan kualitas label yang menurun. Informasikan hasil pengamatan ini ke departemen terkait.
6.        Produk LEJOA batch GB004 dapat dirilis jika hasil analisa terhadap semua parameter memenuhi syarat (MS) dan tidak ada issue kualitas lain nya. Pastikan seluruh label tertempel pada karton dengan baik dan identitas label dapat terbaca jelas.
",http://b7-drive.bintang7.com/?launchApp=SYNO.SDS.Drive.Application#file_id=814858652553884245
2024,DEV/QPR/PLG/WG/0424/002,CLOSED,,Unplanned,Procedure/documentation/data integrity,Kepatuhan Dokumentasi,"LKNTA
LKJTA ","        GC789 - GC790
GC242 - GC245","ketidaksesuaian antara label proses ruangan dengan aktual produk yang ditimbang (RM Polyoxyl untuk LKNT1 GC789-790 masih ada di ruang timbang saat sedang menimbang RM Polyoxyl untuk LKJT1 GC242-245)
Penggunaan wypall sebagai alas untuk menyimpan spatula sementara","1.        Pada saat sedang dilakukan inspeksi oleh inspektor QA (Leon) di area penimbangan, ditemukan adanya ketidaksesuaian antara label proses ruangan dengan actual produk yang ditimbang (RM Polyoxyl untuk LKNT1 GC789-790 masih ada di ruang timbang saat sedang menimbang RM Polyoxyl untuk LKJT1 GC242-245). Terhadap temuan tidak ketidaksesuaian label ini, Supervisor Penimbangan Lakukan briefing ulang kepada all tim penimbgang untuk memastikan kesesuaian antara label proses dengan actual material yang ditimbang. Lampirkan materi briefing dan daftar hadir sosialisasi 
2.        DItemukan juga adanya wypall yang digunakan sebagai alas untuk menyimpan spatula sementara, dimana wypall tidak diperbolehkan untuk digunakan untuk alat yang kontak langsung dengan produk. Supervisor penimbangan lakukan sosialisasi ulang kepada penimbang untuk memastikan penggunaan wypall di lapangan hanya untuk alat yang tidak kontak produk, dan selalu menggunakan quiltec untuk alat kontak produk. Lampirkan materi sosialisasi dan daftar hadirnya.
3.        Pada prosedur  WI-WH-WG-1011.05 point 2 disebutkan bahwa wypall adalah lap bebas serat. Lakukan penyesuaian terhadap prosedur.
4.        Produk LKNTA batch GA789-790 dan LKJTA GC242-245 dapat dirilis jika hasil analisa terhadap semua parameter memenuhi syarat (MS) dan tidak ada issue kualitas lain nya
",http://b7-drive.bintang7.com/?launchApp=SYNO.SDS.Drive.Application#file_id=813759510112942949
2024,DEV/QPR/PLG/PR/0424/003,CLOSED,,Unplanned,Product,Kebocoran,LKNTA ,GC791,Line 1 bocor,"1. Pada saat inspeksi kebocoran di mesin 
ilapak 7 ditemukan sachet LKNTA GC791 
bocor pada line 1 sealing vertical dengan 
kondisi suhu sealing vertical 213 C dan 
suhu sealing hirizontal 200 C. Produksi 
lakukan runut sortir, hitung hidden cost 
pada kegiatan ini 
2. QA lakukan verifikasi runut sortir 
kebocoran untuk line 1 sesuai dengan 
prosedur. Hitung hidden cost pada 
aktivitas in
3.  Perlu dilakukan investigasi lebih lanjut 
terhadap pemastian selama proses IPC 
dilapangan ditemukan sachet bocor dan 
kondisi mesin yang NOK atau tidak. 
Berdasarkan sampel sachet bocor 
ditemukan hasil sealing vertikal tidak 
terbentuk sempurna. Lakukan 
pemerikaan pada tekanan, suhu dan 
timing sealing, pastikan kondisi sealing 
bersih dan sachet hasil setting awal jalan 
tidak terbawa ke kemas. Jika ditemukan 
kondisi NOK pada mesin, segera 
koordinasikan dengan tim teknik untuk 
dilakukan perbaikan (jika perlu lampirkan 
WR).
4.  Teknik lakukan investigasi lebih lanjut 
terhadap kondisi area sealing vertikal. 
Lakukan evaluasi terhadap distribusi 
tekanan dan suhu sealing, pastikan MS 
untuk mencegah sachet bocor. 
Lampirkan detail perbaikan
5. Produk LKNTA batch GC791 dapat dirilis 
jika hasil analisa terhadap semua 
parameter memenuhi syarat (MS) dan 
jika tidak ada issue kualitas lain nya",http://b7-drive.bintang7.com/?launchApp=SYNO.SDS.Drive.Application#file_id=814859090680394402
2024,DEV/QPR/PLG/PR/0424/004,CLOSED,,Planned,Procedure/documentation/data integrity,Kepatuhan Dokumentasi,LBMAQ, GC791,Penggunaaan karton dengan Mfg lot yang tidak sesuai antara fisik dengan label rilis maupun label non dispense,"1.        Pada saat dilakukan pengecekkan kesesuaian identitas karton LBMAQ GC791, ditemukan bahwa terdapat ketidaksesuaian antara fisik karton dengan label non dispense (mfg lot pada fisik KR-24048DD dan KR-24048ZF, mfg lot pada non dispense KR-24048DD). Berdasarkan info dari vendor, kode DD dan ZF adalah nama personil yang mengoperasikan mesin, sehingga mfg lot karton sebenrnya sama dan yang membedakan hanya operator pembuatnya saja. Material dibutuhkan untuk proses produksi dan tidak ada produksi lagi, sehingga material ACC untuk tetap digunakan (jumlah karton KR-24048DD : 337 lembar; KR-24048ZF : 392 lembar). 
2.        QC mohon dapat mengirimkan ASN ke CPro untuk dapat dilanjutkan keluhannya ke pihak vendor, dan buatkan CAPA material untuk follow up investigasi lebih lanjut penyebab mix up karton tersebut. Lampirkan nomor CAPA.
3.        Lakukan sosialisasi terhadap personil gudang untuk selalu memastikan identitas yang tertera pada saat penerimaan karton sesuai dengan dokumen kedatangan.
4.        CPro koordinasikan dengan vendor terkait CAPA yang dibuat oleh tim QC. Lakukan follow up terkait hasil investigasi dan tindakan perbaikan yang dilakukan untuk mencegah case ini berulang.
",https://b7-drive.bintang7.com/?launchApp=SYNO.SDS.Drive.Application#file_id=880984064887151154
2024,DEV/QPR/PLG/PR/0424/005,CLOSED,,Unplanned,Product,Performance hasil pengemasan,LKXOB ,GD324,LKXOB GD324. Emboss MFG pada pack tidak tercetak dengan jelas sehingga tidak bisa terbaca,"1. Pack cartoning produk LKXOB GD324 output kemas Unifil B ditemukan oleh Leon (Inspektor QA) pada bagian emboss nomor batch tidak tercetak jelas sehingga tidak dapat terbaca. Produk lakukan runut sortir terhadap pack yang belum ter-emboss, lakukan coding ulang pada pack yang belum tercetak nomor batch. Hitung hidden cost pada kegiatan ini
2. QA lakukan verifikasi hasil coding ulang nomor batch pada pack LKXOB GD324. Pastikan pack yang telah dilakukan coding ulang terdapat nomor batch. Hitung hidden cost pada kegiatan ini 
3.Perlu dilakukan investigasi lebih lanjut penyebab kondisi emboss yang tidak tercetak dengan jelas ini, apakah dikarenakan kondisi tile number yang tidak menekan permukaan pack dengan sempurna atau karena factor lainnya. Jika ditemukan kerusakan pada part mesin koordinasikan dengan tim teknik terkait tindakan perbaikan nya
4. Perlu dilakukan sosialisasi ke tim packer untuk memastikan identitas pada kemasan produk yang dihasilkan dapat terbaca dengan baik. Pastikan juga kondisi part mesin yang membutuhkan pengencangan manual sudah terpasang dengan benar sebelum digunakan untuk proses produksi. Lampirkan materi sosialisasi dan daftar hadirnya.
6. Produk LKXOB GD324 dapat dirilis jika hasil analisa terhadap semua parameter memenuhi syarat (MS) dan jika tidak ada issue kualitas lain nya
",http://b7-drive.bintang7.com/?launchApp=SYNO.SDS.Drive.Application#file_id=815210126286829842
2024,DEV/QPR/PLG/PR/0424/006,CLOSED,,Unplanned,Procedure/documentation/data integrity,Kepatuhan Dokumentasi,LBMA2,GC786,Kesalahan penulisan nomor mesin  storage tank pada label proses,"1. Pada saat dilakukan inspeksi oleh inspektor QA (Gunawan) di area ST7, ditemukan adanya ketidaksesuaian nomor storage tank antara actual dengan label (pada storage tank tertera 2BTNK02025 sedangkan pada label sedang proses ditulis 2BTNK2025). Lakukan perbaikan nomor storage tank pada label. Lampirkan dokumen yang telah diperbaiki.
2. Perlu dilakukan briefing ulang kepada tim operator untuk memastikan aktivitas dokumentasi dilakukan secara aktual dan tepat sesuai kaidah GDP. Lampirkan materi briefing dan daftar hadir sosialisasi 
3. Produk LBMAQ batch GC786 dapat dirilis jika hasil analisa terhadap semua parameter memenuhi syarat (MS) dan jika tidak ada issue kualitas lain nya",https://b7-drive.bintang7.com/?launchApp=SYNO.SDS.Drive.Application#file_id=813766657840296202
2024,DEV/QPR/PLG/PR/0424/007,CLOSED,,Planned,Procedure/documentation/data integrity,Lain-lain,LKJTA,GD252,Proses kemas sekunder tidak sesuai dengan create WO,"1.        PPI LKJTA GD252 dengan No WO 242001751 seharusnya dilakukan pengemasan secara manual, tetapi karena proses compounding dilakukan di mesin Silverson maka proses kemas akan dialihkan ke kemas cartoning di lantai 1. Terkait rencana tersebut ACC dilakukan. Lakukan retur material untuk Box Manual LKJTA (2DK021000) dan FKM kemasan box cartooning 310 GSM (2DK055060). Lampirkan dokumen retur dan FKM.
2.        Terkait perubahan ini, TS akan buatkan lampiran proses sebagai acuan proses kemas menggunakan kemas cartoning. Lampirkan lampiran proses yang sudah disetujui.
3.        Perlu dilakukan sosialisasi kepada tim produksi terkait adanya perubahan proses kemas manual menjadi kartoning sesuai dengan lampiran proses yang sudah dibuat oleh TS. Pastikan range berat checkweigher dan berat karton FG disesuaikan dengan lampiran proses. Lampirkan materi briefing dan daftar hadir sosialisasi .
4.        Lakukan sosialisasi kepada operator compounding untuk selalu memastikan proses compounding dilakukan sesuai dengan rencana jalan produk agar kedepannya kejadian salah proses alokasi mixing ini tidak terjadi kembali. Lampirkan materi sosialisasi dan daftar hadirnya.
5.        Perlu dilakukan penelusuran untuk mengetahui langkah apa yang kurang efektif atau perbaikan apa yang perlu dilakukan untuk menghindari kesalahan alokasi proses compounding ini terulang kembali. Koordinasikan dengan PPIC apabila perlu perbaikan terkait planning CWO yang dilakukan.
6.        Produk LKJTA batch GD252 dapat dirilis jika hasil analisa terhadap semua parameter memenuhi syarat (MS) dan jika tidak ada issue kualitas lain nya ",https://b7-drive.bintang7.com/?launchApp=SYNO.SDS.Drive.Application#file_id=815211707621227074
2024,DEV/QPR/PLG/PR/0424/008,CLOSED,,Planned,Procedure/documentation/data integrity,Prosedur/Spec/MA tidak sesuai,LKXLA,-,"Produksi LKXLA akan menggunakan karton kode baru (3MK007000), namun akan di-create WO menggunakan recipe lama (LKXLA 10v0-03 v0) yang masih menggunakan karton kode lama (3MK002010). Hal tsb akan menyebabkan kode item karton pada recipe dan PPI berbeda dengan yang aktual digunakan.","1.        Terkait dengan rencana produksi LKXLA dengan recipe LKXLA 10v0-03 v0 namun menggunakan karton kode baru (3MK007000 - terkait penurunan tinggi karton) sehingga tidak sesuai dengan recipe (recipe ini menggunakan karton kode lama 3MK002010), TS buatkan lampiran perubahan proses dan form verifikasi formula untuk penggunaan karton 3MK007000 ini.
2.        Lakukan sosialisasi kepada packer dan operator terkait dengan lampiran perubahan proses yang sudah dibuat agar pelaksanaan di lapangan tidak membingungkan.
3.        PPIC informasikan nomor batch produk yang akan menyimpang ini.
4.        Penyimpangan ini menjadi dasar perilisan produk yang terdampak apabila semua parameter pemeriksaan MS dan tidak ada issue kualitas lainnya.
",https://b7-drive.bintang7.com/?launchApp=SYNO.SDS.Drive.Application#file_id=819926436077943233
2024,DEV/QPR/PLG/PR/0424/009,CLOSED,,Unplanned,Procedure/documentation/data integrity,Kepatuhan Dokumentasi,POSNA,GD556,tidak ada paraf operator pada label sedang proses,"1. Pada saat sedang dilakukan inspeksi oleh inspektor QA (Fikri) di ruang Hopper Solid 1, ditemukan bahwa Label Sedang Proses Bin Tumbler tidak diberikan paraf oleh operator shift 2, namun terdapat paraf pemeriksa. Operator lengkapi paraf pada label tersebut. Lampirkan dokumentasi form yang sudah dilengkapi dengan paraf.
2. Terhadap temuan tidak adanya paraf label ini, Supervisor Produksi Lakukan briefing ulang kepada all tim produksi untuk memastikan dokumentasi dilakukan sesaat setelah aktivitas dilakukan (tidak ditunda), dan selalu melakukan crosscheck terhadap dokumen. Lampirkan materi briefing dan daftar hadir sosialisasi 
",https://b7-drive.bintang7.com/?launchApp=SYNO.SDS.Drive.Application#file_id=815214362028457169
2024,DEV/QPR/PLG/WG/0424/010,CLOSED,,Unplanned,Procedure/documentation/data integrity,Kepatuhan Dokumentasi,LKMC1,GD262 - GD263,Tidak ada label proses pada ruang timbang ketika ada proses timbang,"1. Pada saat sedang dilakukan inspeksi oleh inspektor QA (Leon) di area penimbangan, ditemukan bahwa penimbang Eko sedang melakukan penimbangan material CTM untuk produk LKMC1 batch GD262-263 di ruang timbang 2, namun tidak ada identitas label sedang proses pada ruangan. Berdasarkan informasi yang didapat dari tim Gudang, label sedang proses sudah dibuatkan namun tidak ditempelkan pada ruangan. Lampirkan dokumentasi label sedang proses yang sudah dibuatkan.
2. Terhadap temuan tidak adanya paraf label ini, Supervisor Penimbangan Lakukan briefing ulang kepada all tim gudang untuk memastikan label sedang proses selalu dibuat untuk dapat mengetahui aktivitas yang sedang dilakukan, dan ditempelkan pada ruangan saat proses timbang. Lampirkan materi briefing dan daftar hadir sosialisasi 
",http://b7-drive.bintang7.com/?launchApp=SYNO.SDS.Drive.Application#file_id=813766657840296202
2024,DEV/QPR/PLG/AD/0424/011,CLOSED,,Unplanned,Product,Performance hasil pengemasan,POSNA ,GD558,foil sachet dalam kondisi terkelupas,"1.        Sachet produk POSNA GD558 ditemukan oleh inspector QA kondisinya terkelupas pada saat proses filling, produk merupakan output mesin SIG 6. Jika dilihat dari kondisi fisik sachet, kondisi terkelupas berada pada titik tertentu, yang mana kondisi ini kemungkinan disebabkan oleh suhu yang over atau tekanan sealing yang over. Perlu dilakukan pemastian dari pengecekkan sealing pressure dan distribusi panas di semua area sealing. Pastikan sealing pressure mampu memberikan tekanan merata pada semua line. Segera lakukan perbaikan pada distribusi suhu dan tekanan apabila ditemukan adanya kondisi yang tidak sesuai. Lampirkan hasil pemeriksaan suhu sealing.
2.        Untuk memastikan stabilitas produk selama masa edarnya, QA akan melakukan pengambilan sampel untuk monitoring stabtest.
3.        Produk POSNA batch GD558 juga memiliki temuan kebocoran (no dev : DEV/QPR/PLG/PR/0424/012), sehingga perlu dipastikan bahwa kondisi output yang dihasilkan dalam kondisi baik. Produk POSNA batch GD558 dapat dirilis jika hasil analisa terhadap semua parameter memenuhi syarat (MS) dan jika tidak ada issue kualitas lain nya",http://b7-drive.bintang7.com/?launchApp=SYNO.SDS.Drive.Application#file_id=815211707621227074
2024,DEV/QPR/PLG/PR/0424/012,CLOSED,,Unplanned,Product,Kebocoran,POSNA ,GD558,saat cek kebocoran sachet line 4 tidak gembung 1 sachet,"1.        Terkait dengan adanya temuan sachet POSNA batch GD558 line 4 yang tidak gembung sebanyak 1 sachet pada saat IPC kebocoran, proses filling dihentikan dan dibuatkan WR ke Teknik untuk proses perbaikan. Selanjutnya dilakukan perbaikan, dan setelah diverifikasi oleh inspector QA, masih didapati adanya sachet yang tidak gembung pada saat dilakukan pemeriksaan dengan vacuum kering pada line lainnya. Produksi koordinasikan dengan teknik terkait temuan ini, sampai didapatkan setting mesin yang dapat menghasilkan output yang MS. Dalam rangka mendapatkan settingan yg ok selama setting setelah ditemuakan sachet bocor di line tertentu, line yg lain selama tidak ada isue kualitas lain dapat di kemas, dan line yg ditemukan bocor di tampung lengkapi dengan identitas jam proses filling , dan selama proses filling line yg ditemukan bocro tadi tetap dilakukan proses pc sesuai ppi, Lakukan runut sortir terhadap sachet yang tidak gembung ini. Hitung hidden cost pada aktivitas ini, termasuk biaya NC produk.
2.        QA lakukan verifikasi runut sortir terhadap sachet yang sudah dirunut sortir ini. Hitung hidden cost pada aktivitas ini.
3.        Perlu dilakukan investigasi lebih lanjut terhadap kondisi sachet yang masih didapatkan bocor pada line yang berbeda-beda selama proses filling ini. Koordinasikan dengan bagian terkait.
4.        Terhadap prosedur perunutan dan verifikasi dari output yg dihasilkan dalam bentuk karton, jumlah sampelnya sesuai dengan tabel AQL dimana untuk produk POSNA sejumlah 50 sachet per karton, untuk tampungan dapat diperhitungkan tergantung banyak nya tampungan mengikuti kaidah AQL tsb.
5.        Dilakukan evaluasi terhadap prosedur pengujian kebocoran yang dilakukan terhadap sachet POSNA ini, terhadap sachet yg tidak kembung sempurna, sebagai alternatif pengujian lanjutan untuk sachet tidak gembung sempurna dilakukan pengujian test vacum basah, test dengan pewarnaan, kemudian jika hasil studi TS dinyatakan efektif dan akurat dapat diusulkan perubahan prosedur pengecekan kebocoran di PPI.
6.        Teknik lakukan evaluasi lebih lanjut terhadap penyebab kebocoran ini pada mesin, pastikan PM mesin dilakukan sesuai penjadwalan. Perlu dilakukan perbaikan untuk mencegah kejadian berikut berulang
7.        Produk POSNA batch GD558 dapat dirilis jika hasil analisa terhadap semua parameter memenuhi syarat (MS) dan jika tidak ada issue kualitas lain nya.",https://b7-drive.bintang7.com/?launchApp=SYNO.SDS.Drive.Application#file_id=880989668326301492
2024,DEV/QPR/PLG/PR/0424/013,CLOSED,,Unplanned,Product,Kepatuhan,PWSNH ,GD136,Nomor JO pada label non dispense berbeda dengan aktual yang dipakai,"1.         Pada saat sedang dilakukan inspeksi oleh inspektor QA (Gunawan) di area Kemas Powder, Label JO pack pada produk PWSNH GD136 ditemukan tidak sesuai antara label JO yang digunakan (24030281) dengan label JO pada label non dispense (24030381). Ketidaksesuaian label JO antara actual dan label non dispense berpotensi proses telusur terkendala. Lakukan penggantian label JO sesuai dengan label JO yang digunakan pada produk dan label non dispense. Lampirkan dokumentasi label JO Foil PWSNH batch GD136 yang telah diperbaiki sesuai dengan label non dispense.
2. Terhadap ketidaksesuaian label non dispense yang ditempel di PPI, pastikan proses line clearance dilakukan dengan baik dan dilakukan proses double check pada dokumen dengan fisik aktual nya. Perlu dilakukan pegecekkan, apakah ketidaksesuaian ini dari awal proses serah terima material antara gudang dengan produksi atau pada saat penggunaan material di produksi. Lakukan briefing ulang kepada all tim produksi untuk selalu memstikan kesesuaian antara actual penggunaan dengan dokumen. Lampirkan materi briefing dan daftar hadir sosialisasi
3. Produk PWSNH GD136 dapat dirilis jika hasil analisa terhadap semua parameter memenuhi syarat (MS) dan tidak ada issue kualitas lain nya
",https://b7-drive.bintang7.com/?launchApp=SYNO.SDS.Drive.Application#file_id=815936167426964190
2024,DEV/QPR/PLG/PR/0424/014,CLOSED,,Unplanned,Product,Kepatuhan Dokumentasi,LKXOB ,GD331,"Pada lembar Hasil potong PPI, tidak terdapat paraf supervisor WH sebagai penanggungjawab.","1.        Pada saat inspeksi rutin oleh inspector QA di mesin Unifil B, ditemukan adanya form HPPI yang belum ditandatangani oleh Supervisor Warehouse. Terhadap ketidaksesuaian ini, lakukan pengisian pada PPI sesuai dengan konsep GDP. Lampirkan dokumen yang telah diperbaiki.
2.        Perlu dilakukan briefing ulang kepada tim gudang, termasuk Supervisor untuk memastikan aktivitas dokumentasi dilakukan secara aktual dan tepat sesuai kaidah GDP sebelum dilanjutkan ke proses selanjutnya. Lampirkan materi briefing dan daftar hadir sosialisasi 
3.        Produk LKXOB batch GD331 dapat dirilis jika hasil analisa terhadap semua parameter memenuhi syarat (MS) dan jika tidak ada issue kualitas lain nya
",https://b7-drive.bintang7.com/?launchApp=SYNO.SDS.Drive.Application#file_id=880984064887151154
2024,DEV/QPR/PLG/QA/0424/015,Cancel,,Planned,Product,Lain-lain,LKMCA,GD264 - GD265,Produk di kirim atau stuffing saat Report of Analysis Product (RAP) belum lengkap (kurang hasil analisa mikro).  Produk di rilis mengacu pada trend hasil analisa mikro produk.,,
2024,DEV/QPR/PLG/PR/0424/016,CLOSED,,Unplanned,Procedure/documentation/data integrity,Kepatuhan Dokumentasi,PWSNH ,GD137,Pengisian aktual mesin di PPI belum ditulis,"1. Pada saat dilakukan inspeksi di area Filling Solid 1 oleh inspector QA (Gunawan), ditemukan PPI PWSNH GD137 pada tahapan 6 halaman 2/18 belum diisi actual mesin yang digunakan. Hal tersebut disebabkan karena operator yang kurang minfuldlness. Lakukan perbaikan pada dokumen PPI sesuai kaidah GDP. Lampirkan dokumen yang telah diperbaiki 
2. Perlu dilakukan briefing ulang kepada tim operator produksi untuk memastikan aktivitas dokumentasi dilakukan secara aktual dan tepat sesuai kaidah GDP. Lampirkan materi briefing dan daftar hadir sosialisasi 
3. Produk PWSNH GD137 dapat dirilis jika hasil analisa terhadap semua parameter memenuhi syarat (MS) dan jika tidak ada issue kualitas lain nya
",https://b7-drive.bintang7.com/?launchApp=SYNO.SDS.Drive.Application#file_id=816474678626398398
2024,DEV/QPR/PLG/PR/0424/017,CLOSED,,Unplanned,Product,Kebocoran,LKNTA ,GD805,Sachet bocor pada line 5,"1.         Sachet produk LKNTA batch GD805 ditemukan bocor di line 5 area sealing horizontal, produk merupakan output mesin Ilapak 2. Terhadap sachet yang bocor, produksi lakukan runut sortir untuk FG dijam kejadian 08.35 sesuai dengan prosedur. Hitung hidden cost pada kegiatan ini
2. QA lakukan verifikasi runut sortir kebocoran untuk line 5 sesuai dengan prosedur. Hitung hidden cost pada aktivitas ini
3. Dari pengamatan hasil sachet bocor, diamati area sealing horizontal bagian tengah tidak terseal sempurna (seperti ada bulk terjebak). Lakukan investigasi lebih lanjut terhadap potensi penyebab adanya bulk terjebak (pemeriksaan pada area sealing horizontal, kondisi gasket, kebersihan permukaan sealing dan suhu sealing) serta tindakan perbaikan yang dilakukan. Jika ditemukan kondisi NOK pada mesin, segera koordinasikan dengan tim teknik untuk dilakukan perbaikan (jika perlu lampirkan WR). Lampirkan juga WO pergantian gasket terakhir untuk memastikan pergantian gasket dilakukan sesuai dengan studi yang sudah dilakukan yaitu 2 bulan sekali.
4. Teknik lakukan evaluasi lebih lanjut terhadap penyebab bocor pada mesin apakah dikarenakan kondisi gasket atau karena pentebab lain, pastikan PM mesin dilakukan sesuai penjadwalan. Perlu dilakukan perbaikan untuk mencegah kejadian berikut berulang
5.         Produk LKNTA batch GD805 dapat dirilis jika hasil analisa terhadap semua parameter memenuhi syarat (MS) dan jika tidak ada issue kualitas lain nya
",https://b7-drive.bintang7.com/?launchApp=SYNO.SDS.Drive.Application#file_id=816476560579146294
2024,DEV/QPR/PLG/PR/0424/018,CLOSED,,Unplanned,Product,Kepatuhan,POSNA ,GD559,POSNA GD559. Masa pakai bin sudah ED,"1.        Pada saat inspector QA melakukan inspeksi di area filling powder, ditemukan bin POSNA GD559 sudah melewati masa pakainya (ED bin sampai 27 April, sedangkan sampai tanggal 28 April masih proses filling dan estimasi selesai 29 April). Terhadap bulk yang disimpan di bin yang melewati masa pakainya ini, perlu dipastikan tidak ada kontaminan. Pastikan kondisi fisik bin sesuai dengan spesifikasi dan LOD bulk MS. Lanjutkan proses filling sesuai dengan prosedur.
2.        Produksi lakukan sampling terhadap sampel sachet untuk analisa mikrobiologi FG sebanyak 3 sachet (ATB @1 sachet)
3.        QC akan melakukan analisa mikrobiologi sesuai spesifikasi FG terhadap sampel POSNA GD559 ini (batch ini masuk ke dalam sampling plan). Lampirkan hasil analisanya
4.        QA akan melakukan pengambilan sampel stabilitas untuk monitoring stabilitas produk selama masa edarnya.
5.        QA lakukan verifikasi terhadap bin yang sudah melewati ED ini untuk memastikan hasil cleaning tetap MS dengan kondisi yang sudah ED tersebut.
6.        Mundur nya proses filling disebabkan karena adanya GT pada mesin SIG 5. Teknik lakukan follow up GT perbaikan untuk mesin SIG 5 ini. Lampirkan detail perbaikan, pastikan kejadian ini tidak berulang
7.        Apabila tidak ada issue kualitas lainnya dan seluruh parameter FG (termasuk hasil analisa mikrobiologi) memenuhi persyaratan, POSNA GD559 acc untuk dirilis.
",https://b7-drive.bintang7.com/?launchApp=SYNO.SDS.Drive.Application#file_id=883187771888424330
2024,DEV/QPR/PLG/PR/0424/019,CLOSED,,Planned,Process,Lain-lain,POSNA ,GD559,Proses filling dari mesin sig 5 di pindah ke mesin sig 6,"1.        Dikarenakan adanya trouble pada mesin SIG 5 sehingga mesin direncanakan untuk dilakukan overhaul selama 3 hari (29 April – 2 Mei 2024), bulk POSNA GD559 yang masih belum selesai difilling di mesin SIG 5 akan dipindahkan jalan di mesin SIG 6 untuk menjaga umur masa bulk. Lakukan pengurasan terhadap bulk yang masih tertinggal di mesin SIG 5 bersama dengan inspector QA. 
2.        Pastikan tidak ada kontaminan pada bulk, tidak ada gumpalan dan kondisi fisik bulk MS. Lakukan pemeriksaan LOD terhadap hasil kurasan bulk.
3.        Sebelum jalan di mesin SIG 6, pastikan dilakukan line clearance dengan baik. Lakukan pencatatan pada PPI baru (permintaan PPI contingency tambahan ke tim QA). Pastikan proses filling berjalan lancar, dan IPC dilakukan sesuai dengan prosedur serta didapatkan hasil MS. Apabila ditemukan kendala pada saat proses, catat pada PPI dan koordinasikan dengan departemen terkait.
4.        Terkait dengan mesin SIG 5 yang sedang dioverhaul, pastikan proses overhaul berjalan maksimal dan setelahnya dapat menghasilkan output dengan kualitas yang baik, sehingga issue kebocoran dapat diminimalkan.
5.        Apabila tidak ada issue kualitas lainnya dan seluruh parameter FG (termasuk hasil analisa mikrobiologi) memenuhi persyaratan, POSNA GD559 acc untuk dirilis.
",https://b7-drive.bintang7.com/?launchApp=SYNO.SDS.Drive.Application#file_id=816476955944727259
2024,DEV/QPR/PLG/PR/0424/020,CLOSED,,Planned,Product,Lain-lain,"LKJTA 
LKMCA ",GD272,Proses filling menggunakan IPC digital LKMCA GD272 dan LKJTA GD272,"1.        Proses filling LKMCA GD272 (di Ilapak 3-4) dan LKJTA GD272 (di Ilapak 6-7) menggunakan system IPC digital untuk menggantikan IPC pada PPI eksisting. Proses filling dengan IPC digital ini mengacu kepada lampiran proses yang pernah dibuat oleh TS sebelumnya. Pastikan proses IPC dengan system IPC digital ini berjalan dengan lancar sesuai dengan prosedur dan frekuensi yang diatur, dan pastikan operator sudah memahami cara menggunakan system IPC digital ini. Apabila selama proses didapati adanya kesulitan penggunaan system, catat pada catatan perubahan proses dan informasikan di laporan penyimpangan ini.
2.        Evaluasi hasil penggunaan system IPC digital ini, apabila masih didapati kendala segera koordinasikan dengan vendor untuk perbaikan. Segera lakukan CSV (sampai tahapan PQ) terhadap system IPC digital ini agar system dapat diimplementasikan pada line mesin lainnya. Pastikan IPC digital ini mencakup keseluruhan proses IPC manual, dan data dari system IPC digital ini dapat tersimpan dan ditarik sewaktu-waktu ketika dibutuhkan. Untuk selanjutnya, system IPC digital ini perlu dinyatakan valid terlebih dahulu sebelum dapat diimplementasikan ke mesin dan produk lainnya (yang disetujui untuk jalan dengan system ini yaitu untuk produk LKJTA di mesin Ilapak 12 mengacu kepada penyimpangan DEV/QPR/PLG/PR/0223/038M)
3.        Terhadap produk LKMCA GD272 dan LKJTA GD272 yang jalan proses menggunakan IPC digital ini, pastikan bahwa IPC dilakukan sesuai dengan prosedur IPC eksisting dan seluruh hasil pemeriksaan IPC MS. Apabila hasil pemeriksaan seluruh parameter MS dan tidak ada issue kualitas lainnya maka produk ACC untuk dirilis.
",https://b7-drive.bintang7.com/?launchApp=SYNO.SDS.Drive.Application#file_id=818290212271603496
2024,DEV/QPR/PLG/PR/0424/021,Cancel,,Planned,Product,Lain-lain,"LKJTA 
LKMCA
LKPTA
LNKOA 
LKCGA 
LKCLA 
LKCPA 
LCLZC  ",Batch Menyusul ,"Implementasi IPC digital di filling liquid LT 1 (mesin ilapak 9-10, 2-12, 3-4, 6-7) paralel dengan proses CSV",,
2024,DEV/QPR/PLG/AD/0424/022,CLOSED,,Unplanned,Product,Performance hasil pengemasan,POSNA,GD559,sachet gembung,"1.        Terkait dengan adanya temuan karton POSNA GD559 yang tidak bisa tertutup rapat, hal ini dikarenakan ketebalan sachet POSNA yang lebih tebal dan menyebabkan posisi pack menjadi tidak rapat dan karton jadi tidak bisa menutup sempurna. Sachet POSNA GD559 yang dibuat lebih tebal ini dilakukan untuk mencegah issue kebocoran sachet. Terhadap sachet POSNA dengan kondisi gembung ini sudah dilakukan pengujian kebocoran dengan vacuum dan tidak ditemukan adanya bocor. Kondisi karton yang apabila dipaksakan untuk menutup dapat menyebabkan pack dalam karton menjadi penyok. Terhadap output dengan kondisi karton tidak bisa tertutup rapat ini akan dilakukan reluctant release apabila tidak ada issue kualitas lainnya. 
2.        Ketebalan sachet ini dibuat lebih tebal untuk meminimakan risiko kebocoran pada sachet. Hal ini dikarenakan adanya issue kebocoran pada batch sebelumnya yang jalan pada mesin SIG 5. Perlu dilakukan setting untuk memastikan mesin dapat menghasilkan output dengan sachet yang ketebalannya pas tanpa menyebabkan kebocoran pada sachet dan masih dapat menutup karton dengan sempurna. 
3.        Saat ini, tidak terdapat standar ketebalan sachet yang menjadi acuan operator pada saat proeses filling (hanya berdasarkan pemeriksaan kualitatif). Dapat dijajaki apakah memungkinkan untuk penentuan standar ketebalan sachet yang masih dapat menghasilkan output dengan kualitas MS tanpa menyebabkan pack menjadi sobek dan karton tidak dapat tertutup rapat. 
4.        Mesin SIG 5 direncanakan untuk overhaul, pastikan mesin dapat menghasilkan output dengan kualitas yang baik setelah overhaul ini, sehingga issue kebocoran dapat diminimalkan, serta setting mesin dapat berjalan lancar dan didapatkan output dengan kondisi yang MS.
5.        Produk POSNA GD559 dapat dirilis jika hasil analisa terhadap semua parameter memenuhi syarat (MS) dan tidak ada issue kualitas lain nya. Produk direkomendasikan dilalokasikan untuk distribusi ke area fast moving
",https://b7-drive.bintang7.com/?launchApp=SYNO.SDS.Drive.Application#file_id=818289869844430543
2024,DEV/QPR/PLG/WG/0524/001,CLOSED,,Unplanned,Process,Kontaminan,"LKJTA 
LNKKB ","GD277 - GD278
        GD097",Terdapat pengotor (bintik bintik hitam) pada POLYOXYL 40 HYDROGENATED CASTOR OIL no QC 2R/2403/0007 ,"1. Pada saat dilakukan penimbangan
material POLYOXYL 40
HYDROGENATED CASTOR OIL dengan
no QC 2R/2403/0007 ditemukan adanya
pengotor berupa bintik hitam pada dasar
vat. Vat tersebut merupakan vat sisa
timbang, sehingga untuk memastikan
dilakukan pengecekkan pada vat lainnya
dengan nomor QC yang sama dan
kondisi vat original bukan sisa timbang,
dan didapati adanya pengotor serupa.
Pengotor ini juga ditemukan pada nomor
QC lain (2R/2403/0099) dengan lot
manufacture yang sama. Terhadap
material POLYOXYL 40
HYDROGENATED CASTOR OIL dengan
no QC 2R/2403/0007 dan 2R/2403/0099,
lakukan FPP untuk mengubah status
material menjadi karantina untuk
diinvestigasi.
2. Terhadap temuan bintik hitam ini, perlu
dilakukan pemastian terhadap temuan
tersebut. Larutkan bintik hitam dengan
air untuk memastikan apakah bintik
hitam termasuk kontaminan larut air.
Lakukan pengecekkan juga dengan
menggunakan magnet untuk memastikan
jenis pengotor tersebut. 
3. Apabila hasil verifikasi menunjukkan
pengotor tertarik dengan magnet, perlu
dilakukan pemeriksaan lanjutan cemaran
logam di FG terhadap produk-produk
yang sudah diproduksi menggunakan
material POLYOXYL 40
HYDROGENATED CASTOR OIL dengan
nomor QC 2R/2403/0007 dan
2R/2403/0099.
4. QA lakukan pengambilan sampel
stabilitas produk untuk memastikan
stabilitas produk di pasaran selama
masa edarnya.
5. QC buatkan CAPA terhadap temuan
pengotor berupa bintik hitam pada
material POLYOXYL 40
HYDROGENATED CASTOR OIL ini.
Mohon dapat mengirimkan sampel
pengotor ke CPro untuk dapat
memudahkan follow up ke vendor.
6. CPro lakukan follow up terhadap CAPA
yang sudah dibuat oleh QC ini sehingga
penyimpangan serupa tidak terulang
kembali di kemudian hari. 
7. Pada saat penimbangan material
POLYOXYL 40 HYDROGENATED
CASTOR OIL dengan nomor QC/lot
manufacture lainnya, perlu dipastikan
tidak ditemukan adanya pengotor.
Apabila pada saat proses timbang
ditemukan pengotor serupa, retur
material ke gudang, tukar dengan no
QC/lot manufacturer lainnya dan
pastikan material dengan pengotor tidak
tertimbang dan digunakan ke dalam
produk.",
2024,DEV/QPR/PLG/PR/0524/002,CLOSED,,Planned,Product,Prosedur/Spec/MA tidak sesuai,POSN1,GD568 - GD570,trial pengurangan drying time starch tapioka,"1.        Terkait dengan usulan perubahan yang diajukan oleh tim Produksi untuk optimasi drying starch tapioca (durasi drying menjadi 15 menit dan suhu 110 DC (exisiting durasi drying 30 menit dan suhu 100 DC), sudah pernah dilakukan trial sebelumnya dengan mengambil data 5 batch. Setelah dilakukan review terhadap FUP, diusulkan untuk dilakukan pengambilan data tambahan sebanyak 5 batch untuk dianalisa sebelum FUP didisposisi. Rencana ini ACC untuk dijalankan untuk produk POSNA batch GD567-571 sesuai yang diinformasikan pada laporan penyimpangan ini. Informasikan apabila ada perubahan nomor batch.
2.        Proses drying starch dengan durasi drying menjadi 15 menit dan suhu 110 DC ini dilakukan pengacu ke lampiran proses yang sudah pernah dibuat sebelumnya. Pastikan operator sudah tersosialisasi terkait dengan rencana trial menggunakan lampiran proses ini.
3.        Pastikan selama proses drying starch dengan durasi drying menjadi 15 menit dan suhu 110 DC tidak ditemukan adanya kendala dan parameter kritis tetap MS. Pastikan suhu inlet pada FBD tetap dijaga sehingga memberikan panas yang dibutuhkan dengan stabil.
4.        Perlu dilakukan pengamatan terutama terhadap bagian kritis dari mesin yang rentan terhadap panas, seperti seal dan filter. Perlu dilihat apakah terjadi deformasi di bagian seal dan filter pasca penerapan suhu kerja FBD yang naik 10DC tersebut. Jika terjadi perubahan bentuk harus dilakukan penggantian part yang rusak.
5.        Produk POSNA GD567-571  dapat dirilis jika hasil analisa terhadap semua parameter memenuhi syarat (MS) dan tidak ada issue kualitas lain nya. Produk direkomendasikan dilalokasikan untuk distribusi ke area fast moving
6.        Tim sparepart diusulkan untuk dapat melakukan penjajakan pengadaan part (seal dan filter) yang lebih tahan terhadap suhu tinggi sebagai stok apabila ditemukan adanya part yang rentan terhadap suhu yang tinggi.
7.        Setelah pengambilan data tambahan ini, lakukan review terhadap hasil trial yang sudah dilakukan. Berikan disposisi terhadap usulan perubahan yang diajukan oleh Produksi untuk optimasi drying starch ini.
8.        TS lakukan revisi PPI apabila disposisi FUP menyetujui untuk perubahan suhu dan durasi drying  starch trapioca ini.
",https://b7-drive.bintang7.com/?launchApp=SYNO.SDS.Drive.Application#file_id=883190119553619962
2024,DEV/QPR/PLG/PR/0524/003,CLOSED,,Unplanned,Procedure/documentation/data integrity,Kepatuhan Dokumentasi,LPRGQ ,GD165,"LPRGQ GD165. Pengisian PPI tidak terisi lengkap, pada pemeriksaan coding di jam 04.15 terdapat kolom kosong pada kolom coding. ","1.	Pada saat dilakukan inspeksi di mesin Ilapak 11, inspector QA (Fikri) menemukan pada PPI di bagian pemeriksaan coding di jam 04.15 tidak ada paraf pemeriksaan operator yang melakukan. Terhadap ketidaksesuaian ini, perlu dilakukan pemastian bahwa aktivitas pemeriksaan coding dilakukan pada waktu tersebut. Lakukan pengisian pada PPI sesuai dengan konsep GDP. Lampirkan dokumen yang telah diperbaiki 
2.	Perlu dilakukan briefing ulang kepada tim operator untuk memastikan aktivitas dokumentasi dilakukan secara aktual dan tepat sesuai kaidah GDP. Lampirkan materi briefing dan daftar hadir sosialisasi 
3.	Produk LPRGQ GD165 dapat dirilis jika hasil analisa terhadap semua parameter memenuhi syarat (MS) dan jika tidak ada issue kualitas lain nya
",https://b7-drive.bintang7.com/?launchApp=SYNO.SDS.Drive.Application#file_id=818287678654036861
2024,DEV/QPR/PLG/PR/0524/004,CLOSED,,Unplanned,Procedure/documentation/data integrity,Prosedur/Spec/MA tidak sesuai,LKNTA ,GD810,tidak dilakukan IPC keseragaman bobot,"1. IPC keseragaman bobot produk LKNTA batch GD810 pada interval pemeriksaan jam 20.15 tidak diisi pada PPI (di waktu yang sama dilakukan IPC pemeriksaan bobot). Terhadap periode IPC pemeriksaan bobot yang terlewat, Produksi lakukan pending 3 karton dan runut sortir sesuai dengan prosedur. Hitung hidden cost pada kegiatan ini 
2. QA lakukan verifikasi runut sortir pemeriksaan bobot sesuai dengan prosedur. Hitung hidden cost pada aktivitas ini 
3. Lakukan evaluasi terhadap penyebab terlewatnya dilakukan IPC ini oleh operator. Perlu dilakukan refreshment ulang pada all tim produksi untuk memastikan proses dilakukan sesuai dengan prosedur. Lampirkan materi briefing dan daftar hadir sosialisasi 
4. Produk LKNTA batch GD810 dapat dirilis jika hasil analisa terhadap semua parameter memenuhi syarat (MS) dan jika tidak ada issue kualitas lainnya",https://b7-drive.bintang7.com/?launchApp=SYNO.SDS.Drive.Application#file_id=820824642877962307
2024,DEV/QPR/PLG/PR/0524/005,CLOSED,,Unplanned,Procedure/documentation/data integrity,Kepatuhan Dokumentasi,LKNTA ,GD816,LKNTA GD816. Label sedang proses Storage tank belum diparaf oleh pemeriksa,"1.	Pada saat dilakukan inspeksi di area Compounding Liquid 1, inspector QA (Gunawan) menemukan pada label sedang proses storage tank LKNTA GD816 tidak ada paraf pemeriksaan operator shift 2 sedangkan proses sudah berjalan dari awal shift 2. Terhadap ketidaksesuaian ini, lakukan pengisian pada label sesuai dengan konsep GDP. Lampirkan dokumen yang telah diperbaiki 
2.	Perlu dilakukan briefing ulang kepada tim operator untuk memastikan aktivitas dokumentasi dilakukan secara aktual dan tepat sesuai kaidah GDP. Lampirkan materi briefing dan daftar hadir sosialisasi 
3.	Lakukan pembinaan terhadap operator yang bersangkutan ini agar potensi kasus ini tidak terulang kembali pada proses berikutnya.
4.	Produk LKNTA GD816 dapat dirilis jika hasil analisa terhadap semua parameter memenuhi syarat (MS) dan jika tidak ada issue kualitas lain nya
",https://b7-drive.bintang7.com/?launchApp=SYNO.SDS.Drive.Application#file_id=820825404014115185
2024,DEV/QPR/PLG/PR/0524/006,CLOSED,,Unplanned,Procedure/documentation/data integrity,Prosedur/Spec/MA tidak sesuai,LKMCA ,GE282,trial penambahan jumlah sample uji kebocoran,"1.        Terkait dengan usulan penambahan jumlah sachet untuk uji kebocoran dengan mempertimbangkan keliling sealing mesin Ilapak (usulan : IPC dilakukan setiap 30 menit dengan pengambilan sampel 3 sachet per line), usulan ini ACC untuk dilakukan. Usulan ini akan dijalankan pada produk LKMCA batch GE282. Pastikan operator tersosialisasi terkait dengan rencana studi ini.
2.        Pastikan proses IPC berjalan sesuai dengan protokol studi yang sudah dibuat sebelumnya. Lakukan hasil pencatatan IPC 15 menit (1 schet per line) sesuai dengan PPI ; dan IPC 30 menit (3 sachet per line) pada laporan studi.
3.        Lakukan evaluasi terhadap hasil studi yang dilakukan. Apabila hasil studi terhadap IPC 30 menit dengan 3 sachet ini menunjukkan hasil uji kebocoran yang MS, maka hasil studi ini diusulkan untuk diajukan untuk perubahan. TS ajukan FUP dan lakukan penyesuaian pada PPI.
4.        Produk LKMCA batch GE282 dapat dirilis jika hasil analisa terhadap semua parameter memenuhi syarat (MS) dan jika tidak ada issue kualitas lainnya
",http://b7-drive.bintang7.com/?launchApp=SYNO.SDS.Drive.Application#file_id=828981864806005126
2024,DEV/QPR/PLG/PR/0524/007,CLOSED,,Unplanned,Product,Performance hasil pengemasan,LKMCA ,GE280,coding sachet tidak terbaca jelas,"1.        Terkait dengan adanya sachet dengan kondisi coding yang tidak OK, produksi lakukan runut sortir terhadap output dengan kondisi coding yang TMS ini. Lakukan coding ulang untuk perbaikan terhadap kondisi coding yang tidak jelas. Pastikan coding terbaca dengan jelas dan hanya sachet dengan coding yang MS yang dijadikan output. Hitung hidden cost pada kegiatan ini.
2.        QA lakukan verifikasi terhadap output yang sudah dirunut-sortir oleh tim produksi dan dilakukan coding ulang. . Pastikan coding terbaca dengan jelas dan hanya sachet dengan coding yang MS yang dijadikan output. Hitung hidden cost pada kegiatan ini.
3.        Lakukan investigasi penyebab coding yang tidak jelas ini, Koordinasikan dengan vendor inkjet yang digunakan agar segera dapat dijadwalkan perbaikannya.
4.        Kondisi coding yang TMS ini terjadi pada saat operator meninggalkan mesin untuk izin sholat. Perlu dilakukan sosialisasi ke operator untuk dapat berkoordinasi dengan operator lainnya ketika meninggalkan mesin agar tidak ada IPC atau defect pengemasan yang tidak teridentifikasi.
5.        Perihal performa mesin coding yang mengalami gangguan teknis seperti ini perlu ditetapkan program perawatan yang lebih tepat agar kejadian serupa tidak berulang. Jika memang diperlukan, lakukan PM untuk mesin inkjet yang digunakan sampai dipastikan hasil coding jelas dan keluar dengan lancar.
6.        Produk LKMCA batch GE280 dapat dirilis jika hasil analisa terhadap semua parameter memenuhi syarat (MS) dan jika tidak ada issue kualitas lainnya
",https://b7-drive.bintang7.com/?launchApp=SYNO.SDS.Drive.Application#file_id=820826723705731828
2024,DEV/QPR/PLG/PR/0524/008,CLOSED,,Unplanned,Product,Bobot TMS,LKNTA ,GD810,Ditemukan bobot pada sachet TMS,"1. Pada saat inspector melakukan runut sortir IPC bobot terlewat, ditemukan Bobot sachet LNKTA batch GD810 TMS under 8.39 gram di line 6 (syarat bobot 8.46 – 9.11 gram), output mesin ilapak 2. Berdasarkan konversi perhitungan bobot dibandingkan kadar, rekomendasi bobot minimum yang masih memenuhi syarat (MS) yaitu minimal 8.2 gram. Produksi laukan runut sortir bobot sesuai dengan prosedur. Hitung hidden cost pada kegiatan ini 
2. QA lakukan verifikasi runut sortir dengan rekomendasi bobot minimum yaitu 8.2 gram. Hitung hidden cost pada kegiatan ini. Terhadap output yang MS dapat dilanjutkan ke proses kemas.
3. Perlu dilakukan investigasi lebih lanjut untuk mengetahui penyebab pasti penyimpangan bobot TMS  ini, Koordinasikan dengan tim Teknik. 
4. Teknik lakukan evaluasi lebih lanjut terhadap penyebab bobot TMS pada mesin, pastikan PM mesin dilakukan sesuai penjadwalan. Perlu dilakukan perbaikan untuk mencegah kejadian berikut berulang.
4. Produk LNKTA batch GD810 dapat dirilis jika hasil analisa terhadap semua parameter memenuhi syarat dan jika tidak terdapat issue kualitas lain nya 
",https://b7-drive.bintang7.com/?launchApp=SYNO.SDS.Drive.Application#file_id=820828246848355373
2024,DEV/QPR/PLG/PR/0524/009,CLOSED,,Planned,Process,Prosedur/Spec/MA tidak sesuai,PWSNH ,GE143 & GE144,Bulk final mixing PWSNH1  ada potensi mengalami segregasi (terpisah menjadi ukuran granul kasar dan fines) pada saat sebelum dilakukan proses filling di SIG. Hal ini dapat menyebabkan kadar zat aktif pada bulk PWSNH1  mengalmi fluktuasi karena zat aktif tidak terdistribusi secara homogen.,"1.        TS mengajukan usulan trial mengganti ukuran mesh granulator dari mesh no 12 menjadi no 14 untuk mengurangi segregasi pada bulk waisan pada akhir proses transfer granul untuk pengambilan sampel sebanyak 100 gram. Usulan ini tidak menyebabkan perubahan terhadap proses keseluruhan, dan hanya dilakukan pengambilan sampel pada saat akhir proses sehingga tidak mempengaruhi terhadap pelulusan batch produk, usulan ACC untuk dilakukan. TS buatkan lampiran proses terkait dengan rencana trial ini, pastikan operator tersosialisasi dengan proses trial ini. Informasikan batch number produk yang akan dilakukan trial, dan koordinasikan dengan tim produksi. Pada saat trial, lakukan pendampingan oleh tim TS.
2.        Supervisor produksi koordinasikan dengan operator di area terkait dengan rencana trial ini. Pastikan proses trial dilaksanakan sesuai dengan lampro yang sudah dibuat, PAstikan mesih tersedia dan dilakukan pergantian mesh granulator dari mesh 12 menjadi 14 di akhir proses
3.        TS serahterimakan sampel ke tim QC melalui permintaan pengujian produk untuk dilakukan analisa terhadap parameter pemeriksaan kimia lengkap. Analisa parameter fisik akan dilakukan oleh tim TS.
4.        QC lakukan pemeriksaan terhadap sampel rutin untuk pelulusan bulk sesuai parameter eksisting, serta sampel trial yang diberikan oleh tim TS. Pastikan hasil analisa kadar terhadap sampel rutin tetap MS sebelum melakukan perilisan terhadap bulk.
5.        TS lakukan evaluasi terhadap hasil trial ini. Informasikan lebih lanjut apabila diperlukan trial tambahan.
6.        Produk Waisan yang dilakukan trial perubahan mesh ini dapat diluluskan apabila hasil analisa terhadap semua parameter memenuhi syarat dan tidak ada issue kualitas lainnya.
",
2024,DEV/QPR/PLG/PR/0524/010,CLOSED,,Planned,Procedure/documentation/data integrity,Prosedur/Spec/MA tidak sesuai,LBMAV,GE102-GE120,"Pada PPI Primer LBMAV masih mencantumkan instruksi apabila agitator di storage tank off, maka perlu dilakukan pengujian sensory ulang oleh inspektor QC sebelum proses filling dilanjutkan, namun berdasarkan studi yang sudah dilakukan oleh TS dalam kondisi agitator mati selama 7 hari itu masih MS sehingga tidak perlu dilakukan pengujian sensory ulang oleh QC","1.        PPI Kemas Primer LBMAV masih mencantumkan instruksi apabila agitator di storage tank off, maka perlu dilakukan pengujian sensory ulang oleh inspektor QC sebelum proses filling dilanjutkan, Hal ini dikarenakan pembuatan PPI LBMAV mengacu pada PPI Bejo Extra terupdate dimana belum dihilangkan penghilangan uji sensory ke QC. Terkait dengan hal ini, pada PPI Kemasan Primer LBMAV sementara perbaikan dilakukan dengan coret paraf penghilangan pengecekkan fisik dan sensory oleh QC setelah proses agitasi karena mesin off oleh tim TS. Perbaikan dengan coret paraf ini akan dilakukan sampai PPI Primer direvisi oleh R&D dan PPI approved. Pastikan personil di area tersosialisasi mengenai perbaikan dengan coret paraf ini.
2.        TS mengirimkan laporan hasil studi terkait penghilangan sensory ini ke tim R&D untuk menjadi dasar revisi pada PPI.
3.        R&D segera lakukan revisi pada PPI Primer bersamaan dengan revisi PPI Sekunder terkait dengan pengurangan tumpukan karton.
4.        PPI yang tidak terupdate ini dikarenakan R&D tidak terinfo mengenai FUP perubahan pada proses kemas primer ini. Untuk kedepannya, pastikan untuk FUP terkait dengan perubahan proses kemas dapat dishare ke tim Packdev untuk menjadi trigger perubahan PPI.
5.        Produk LBMAV dengan PPI yang disesuaikan ini dapat dirilis jika hasil analisa terhadap semua parameter memenuhi syarat dan jika tidak terdapat issue kualitas lain nya
",
2024,DEV/QPR/PLG/PR/0524/011,CLOSED,,Unplanned,Qualification and validation,Lain-lain,LPRGQ ,GE173,LPRGQ GE173. Timbangan yang digunakan untuk menimbang sachet sudah ED masa kalibrasinya (ED : 10 Mei 2024),"1.        Pada saat dilakukan proses filling produk LPRGQ GE173 di mesin Ilapak 11, ditemukan adanya timbangan yang diguanakn untuk menimbang sachet IPC dalam keadaan ED kalibrasinya (ED kalibrasi tanggal 10 Mei, proses filling pada tanggal 13 Mei). Pemeriksaan status kalibrasi alat yang digunakan merupakan bagian dari line clearance, sehingga perlu dilakukan penelusuran apakah dilakukan line clearance yang sesuai oleh operator terkait. Berikan teguran dan peringatan lisan kepada operator terkait kelalaian yang dilakukan.
2.        Terhadap produk yang dilakukan penimbangan dengan timbangan yang statusnya ED tersebut, perlu dilakukan verifikasi untuk memastikan bobot yang dihasilkan MS. Lakukan runut sortir terhadap output sesuai dengan prosedur runut sortir.
3.        QA lakukan verifikasi terhadap output yang sudah dirunut sortir. Terhadap output dengan hasil verifikasi MS dapat dilanjutkan ke proses selanjutnya.
4.        Lakukan sosialisasi terhadap seluruh operator untuk selalu memastikan proses berjalan sesuai dengan prosedur, dan pengisian PPI dilakukan sesuai dengan kondisi actual pelaksanaan. Lampirkan materi briefing dan daftar hadir sosialisasinya.
5.        Produk LPRGQ GE173 dapat dirilis jika hasil analisa terhadap semua parameter memenuhi syarat dan jika tidak terdapat issue kualitas lain nya
",https://b7-drive.bintang7.com/?launchApp=SYNO.SDS.Drive.Application#file_id=820831089592417895
2024,DEV/QPR/PLG/PR/0524/012,CLOSED,,Planned,Procedure/documentation/data integrity,Prosedur/Spec/MA tidak sesuai,LKJTA ,-,Pack cartoning digunakan utuk kemas manual,"1.        Terkait dengan rencana produksi LKJTA dengan proses kemas manual menggunakan pack kartoning ex GK dikarenakan untuk stok pack manual tidak mencukupi, dan untuk develop ke supplier baru membutuhkan waktu 2 bulan sehingga diusulkan untuk dilakukan pengemasan dengan pack kartoning yang diselotip. Selain itu, hal ini juga diperlukan untuk penyerapan manpower packer yang tersedia di produksi. Terkait dengan usulan ini, TS siapkan Form Verifikasi Formula dan Lampiran Proses sebagai panduan proses produksi (mohon menggunakan recipe manual).
2.        Pastikan operator dan packer sudah tersosialisasi dengan lampiran proses ini sebelum jalan proses. 
3.        PPIC informasikan nomor batch produk LKJTA yang akan jalan dengan proses kemas manual menggunakan pack kartoning ini (mohon menggunakan recipe manual sehingga routing dapat Oracle juga dapat disesuaikan agar tidak muncul notifikasi too high manhours). Koordinasikan dengan departemen lain. Informasikan apabila ada kebutuhan alokasi ke cabang tertentu.
4.        CPro lakukan penjajakan untuk diversifikasi kemasan pack manual ke vendor lain selain CSG sehingga ada back up vendor ketika diperlukan. 
5.        Produk LKJTA yang akan jalan dengan proses kemas manual menggunakan pack kartoning ini (sesuai informasi no batch dari PPIC) dapat dirilis apabila tidak ada issue kualitas lainnya.
",
2024,DEV/QPR/PLG/PR/0524/013,CLOSED,,Unplanned,Product,Kebocoran,LKNTA ,"GD826
GD828",sachet lknta GD826 bocor diline 5,"1.        Pada saat dilakukan PIC FG melakukan pengecekkan BPP produk LKNTA GD826, ditemukan adanya produk dengan kondisi pack yang basah dalam karton ketengan. Selanjutnya dilakukan pembongkaran dan karton dan didapati adanya box yang bocor, didapatkan sachet bocor line 5. Produksi lakukan runut sortir terhadap temuan sachet bocor ini (perunutan dilakukan sampai batch LKNTA GD828 karena temuan sachet bocor pada karton ketengan). Hitung hidden cost pada aktivitas ini
2.        Inspektor QA lakukan verifikasi terhadap produk yang sudah dirunutsortir, produk dengan kondisi tidak bocor ACC untuk dilanjut kemas. Hitung hidden cost dari aktivitas ini.
3.        Kebocoran didapati pada bagian body sachet dan bukan pada area sealing (kondisi seperti lipatan pada sachet). Perlu dilakukan investigasi terkait penyebab kebocoran ini, apakah dari tampungan, terkena benda tajam, tersangkut, atau dari aktivitas setting mesin. Perlu dilakukan pemastian lebih dalam agar root cause dapat diketahui dan kejadian serupa dapat terhindar di kemudian hari. Kejadian serupa sudah pernah terjadi sebelumnya sebanyak 3 kali. Produksi tindaklanjuti temuan ini dengan CAPA untuk kejadian serupa tidak terulang kembali di kemudian hari.
4.        Terhadap output produk LKNTA GD826 dan 828 yang sudah diverifikasi oleh QA dan sudah dipastikan tidak adanya kebocoran, dapat dilakukan pengiriman.
",https://b7-drive.bintang7.com/?launchApp=SYNO.SDS.Drive.Application#file_id=820833883940499565
2024,DEV/QPR/PLG/PR/0524/014,CLOSED,,Unplanned,Procedure/documentation/data integrity,Kepatuhan Dokumentasi,LPRGQ ,GE167,Kesalahan penulisan tanggal dan paraf pada label sedang proses,"1. Pada saat dilakukan inspeksi oleh inspector QA (Gunawan) di area Ilapak 11, didapati adanya kesalahan penulisan tanggal pada Label Proses, dimana pada label terulis tanggal 05-07-2024 (seharusnya 07-05-2024). Hal tersebut disebabkan karena operator tidak minfuldlness. Lakukan perbaikan pada label proses dan beri note alasan coret paraf sesuai kaidah GDP. Lampirkan dokumen yang telah diperbaiki 
2. Perlu dilakukan briefing ulang kepada tim operator untuk memastikan aktivitas dokumentasi dilakukan secara aktual dan tepat sesuai kaidah GDP. Lampirkan materi briefing dan daftar hadir sosialisasi 
3. Produk LPRGQ GE167 dapat dirilis jika hasil analisa terhadap semua parameter memenuhi syarat (MS) dan jika tidak ada issue kualitas lain nya
",https://b7-drive.bintang7.com/?launchApp=SYNO.SDS.Drive.Application#file_id=821366505951245575
2024,DEV/QPR/PLG/PR/0524/015,CLOSED,,Unplanned,Procedure/documentation/data integrity,Kebocoran,LETSB ,GE084,Saat dilakukan inspeksi di jam 20.35 IPC menemukan sachet line 3 bocor pada sealing horizontal. sebelumnya di jam 20.30 operator melakukan pemeriksaan kebocoran dan tidak ditemukan sachet yang bocor. Untuk settingan suhu di HMI pun normal,"1.         Sachet produk LETSB batch GE084 ditemukan bocor di line 3 area sealing horizontal, produk merupakan output mesin Ilapak 11. Terhadap sachet yang bocor, produksi lakukan runut sortir untuk FG dijam kejadian 20.35 sesuai dengan prosedur. Hitung hidden cost pada kegiatan ini
2. QA lakukan verifikasi runut sortir kebocoran untuk line 3 sesuai dengan prosedur. Hitung hidden cost pada aktivitas ini
3. Dari pengamatan hasil sachet bocor, diamati area sealing horizontal bagian seal ruster terbentuk dengan baik, dan kebocoran baru terlihat ada rembesan saat diuji dengan sohnle. Lakukan investigasi lebih lanjut terhadap potensi penyebab kebocoran sachet ini (pemeriksaan pada area sealing horizontal, kondisi gasket dan silinder pneumatik), serta tindakan perbaikan yang dilakukan. Jika ditemukan kondisi NOK pada mesin, segera koordinasikan dengan tim teknik untuk dilakukan perbaikan. Lampirkan juga WO pergantian gasket terakhir untuk memastikan pergantian gasket dilakukan sesuai dengan studi yang sudah dilakukan yaitu 2 bulan sekali. Sebagai tindakan perbaikan, lakukan pemberian identitas tanggal penggantian pneumatic tsb untuk dijadikan studi masa pakai penggunaan pneumatic.
4. Lakukan penelusuran terhadap tindakan AM yang dilakukan, apakah AM dilakukan sesuai dengan periodenya dan apakah ada potensi yang ditemukan pada saat aktivitas AM. Lampirkan form AM mesin Ilapak 11 pada laporan penyimpangan ini.
4. Teknik lakukan evaluasi lebih lanjut terhadap penyebab bocor pada mesin apakah dikarenakan kondisi gasket dan silinder pneumatic (sesuai perbaikan yang dilakukan), atau karena penyebab yang lainnya. Pastikan PM mesin dilakukan sesuai penjadwalan. Perlu dilakukan perbaikan untuk mencegah kejadian berikut berulang.
5.         Produk LETSB batch GE084 dapat dirilis jika hasil analisa terhadap semua parameter memenuhi syarat (MS) dan jika tidak ada issue kualitas lain nya
",https://b7-drive.bintang7.com/?launchApp=SYNO.SDS.Drive.Application#file_id=821200394356045712
2024,DEV/QPR/CKR/AD/0524/021,CLOSED,,Planned,Procedure/documentation/data integrity,Prosedur/Spec/MA tidak sesuai,LBXT1,-,Perbedaan Metode Analisa (MA) Produk jadi Bejo Extra antara MA Produk Jadi untuk Registrasi dengan dengan MA Produk Jadi rutin yang digunakan untuk analisa sampel rutin,"1.        Terkait dengan adanya perbedaan MA Produk Jadi Bejo Extra yang diregistrasikan dengan MA yang digunakan untuk analisa sampel rutin dikarenakan pada saat pendaftaran registrasi proses pengembangan metode belum selesai dilakukan namun watu registrasi sudah due date. Perbedaan terdapat pada metode analisa identifikasi date palm dan tidak adanya analisa kadar pengawet pada MA rutin. Terhadap produk Bejo Extra yang diproduksi, analisa akan menggunakan MA rutin yang tercantum di Oracle dan ditransfer oleh Andev.
2.        Andev buatkan FUP untuk perubahan MA yang diregistrasikan (penyesuaian MA Palm date, penghilangan analisa kadar pengawet). Apabila ada perubahan terhadap MA rutin, lakukan transfer metode analisa ke QC dan pastikan MA di Oracle sudah yang terupdate.
3.        Laporan penyimpangan ini menjadi dasar perilisan produk Bejo Extra yang dianalisa menggunakan MA rutin dan tidak sesuai dengan MA yang diregistrasikan, sampai dilakukan update pada dokumen registrasi. Apabila hasil analisa produk Bejo Extra memenuhi syarat dan tidak ada issue kualitas lainnya, maka produk dapat dirilis.
",https://b7-drive.bintang7.com/?launchApp=SYNO.SDS.Drive.Application#file_id=821042280856075793
2024,DEV/QPR/PLG/PR/0524/016,CLOSED,,Unplanned,Procedure/documentation/data integrity,Prosedur/Spec/MA tidak sesuai,POSNA ,GE570,Bobot starch tapioca hasil drying sesuai syarat,"1.        Hasil drying starch tapioca produk POSN1 GE570 didapati beratnya kurang dari yang dipersyaratkan (bobot actual : 161.73 kg, bobot syarat : 166.88 kg). Untuk menutupi kekurangan ini, dilakukan MR starch sebanyak 6 kg pada produk POSK1 GE058, dan dilakukan drying terhadap starch MR dan starch produk POSK1 GE058. Hasil drying tersebut selanjutnya akan diambil sebanyak 4.15 kg untuk memenuhi kekurangan bobot starch pada produk POSNA GE570. Pastikan hasil pemeriksaan LOD MS dan lakukan pencatatan pada catatan perubahan proses PPI POSNA GE570.
2.        Untuk selanjutnya, apabila didapati kejadian serupa diusahakan agar pemenuhan kekurangan bobot starch dapat berasal dari produk yang sama untuk meminimalisir potensi mix up.
3.        Apabila tidak ada issue kualitas lainnya dan analisa terhadap seluruh parameter MS, maka produk POSNA GE570 dapat diluluskan.
",https://b7-drive.bintang7.com/?launchApp=SYNO.SDS.Drive.Application#file_id=820822639141500102
2024,DEV/QPR/PLG/PR/0524/017,CLOSED,,Unplanned,Product,Kebocoran,PWSNH ,GE145,Sachet bocor line 8,"1.         Sachet produk PWSNH batch GE145 ditemukan bocor di line 8 area sealing horizontal, produk merupakan output mesin SIG 6. Terhadap sachet yang bocor, produksi lakukan runut sortir untuk FG dijam kejadian 02.25 sesuai dengan prosedur. Hitung hidden cost pada kegiatan ini
2. QA lakukan verifikasi runut sortir kebocoran untuk line 8 sesuai dengan prosedur. Hitung hidden cost pada aktivitas ini
3. Dari pengamatan hasil sachet bocor, terlihat bahwa sealing sachet horizontal tidak terseal sempurna, dan ruster tidak terbentuk sempurna. Menurut operator, kebocoran disebabkan settingan Filler slide yang tidak optimal, dan dilakukan perbaikan dengan dilakukan setting. Pastikan sebelum mesin running output sudah OK, dan selama IPC juga dapat diidentifikasi potensi akan kemungkinan sachet bocor termasuk kondisi ruster yang tidak sempurna. Lakukan investigasi lebih lanjut terhadap potensi penyebab kebocoran sachet ini, serta tindakan perbaikan yang dilakukan. Jika ditemukan kondisi NOK pada mesin, segera koordinasikan dengan tim teknik untuk dilakukan perbaikan. 
4. Teknik lakukan evaluasi lebih lanjut terhadap penyebab bocor pada mesin apakah dikarenakan kondisi Filler slide sesuai yang diinfokan operator, atau karena penyebab yang lainnya. Pastikan PM mesin dilakukan sesuai penjadwalan. Perlu dilakukan perbaikan untuk mencegah kejadian berikut berulang.
5.         Produk PWSNH batch GE145 dapat dirilis jika hasil analisa terhadap semua parameter memenuhi syarat (MS) dan jika tidak ada issue kualitas lain nya
",https://b7-drive.bintang7.com/?launchApp=SYNO.SDS.Drive.Application#file_id=821550804755330707
2024,DEV/QPR/PLG/PR/0524/018,APPROVED,https://portal.bintang7.com/B7_Deviation/DataDeviasi/Deviasi?Nomor=24052106,Planned,Procedure/documentation/data integrity,Prosedur/Spec/MA tidak sesuai,LETSB ,GE087,LETSB GE087. Ada perbedaan waktu final mixing dan spesifikasi warna antara PPI contigency dan PPI Oracle,"1.        Terkait dengan adanya perbedaan antara PPI Contingency dengan PPI eksisting dengan no PPI LETS1 03v0-04 v0 (perbedaan pada waktu final mixing dan spesifikasi), perbedaan dikarenakan adanya kelalaian pada tim R&D, dimana ada update pada PPI dan sudah dilakukan pada Oracle namun tidak dilakukan penukaran pada PPI Contingency yang diserahkan ke QA. R&D lakukan penukaran terhadap PPI Contingency yang salah yang ada di QA saat ini dengan PPI Contingency yang sudah terupdate.
2.        QA lakukan penerimaan terhadap PPI Contingency yang terupdate yang dikirimkan oleh R&D. Pastikan isi PPI Contingency yg dikirimkan sudah sesuai. 
3.        Terhadap produk LETSB GE087 yang terlanjur diproduksi menggunakan PPI Contingency yang tidak sesuai (mixing time 30 menit, dimana seharusnya 10 menit), produk ACC untuk rilis dikarenakan waktu mixing lebih lama dibandingkan PPI eksisting sehingga secara proses lebih aman. Pastikan hasil pemeriksaan terhadap FG LETSB GE087 yang diproses dengan PPI Contingency ini memenuhi syarat.
4.        Temuan masuk ke dalam kategori kritikal dan berpotensi menyebabkan kegagalan proses, sehingga perlu ditindaklanjuti dengan CAPA untuk mencegah ketidaksesuaian serupa terulang kembali. R&D buatkan CAPA untuk penyimpangan ini.
",
2024,DEV/QPR/PLG/PR/0524/019,CLOSED,,Planned,Procedure/documentation/data integrity,Prosedur/Spec/MA tidak sesuai,LKPTA ,GE442,Proses filling dengan foil berbeda label dispens dengan hppi dan JO. Tidak dapat diretur karena no JO foil ybs tidak lengkap ,"1.        Terkait dengan rencana penggunaan foil LKPTA dari batch sebelumnya untuk jalan di proses LKPTA batch GE442 dilakukan karena foil tersebut tidak dapat diretur karena ketidaklengkapan label JO yang diperlukan saat retur. Usulan ini ACC untuk dilakukan untuk meminimalkan write off material. Pastikan penggunaan foil yang tidak sesuai ini dicatat pada PPI. 
2.        Pastikan sisa foil yang ada habis untuk digunakan di batch berjalan sehingga jika ada kelebihan foil, sisa foil dapat segera dikembalikan ke gudang. Pastikan operator tersosialisasi terkait langkah ini sehingga proses penyerapan sisa foil bisa dijalankan dengan efektif
3.        Apabila tidak ada issue kualitas lainnya dan analisa terhadap seluruh parameter MS, maka produk LKPTA batch GE442 dapat diluluskan.
",https://b7-drive.bintang7.com/?launchApp=SYNO.SDS.Drive.Application#file_id=821042939823177438
2024,DEV/QPR/PLG/PR/0524/020,Cancel,,Planned,Procedure/documentation/data integrity,Prosedur/Spec/MA tidak sesuai,LBMAV,-,"Shelf life produk LBMAV (Bejo Herbal formula Bejo Extra) 24 bulan, tidak sesuai dengan shelf life produk yg disubmit registrasi (tahun 2022, Bejo Extra) 18 bulan.",,
2024,DEV/QPR/PLG/PR/0524/021,CLOSED,,Planned,Procedure/documentation/data integrity,Prosedur/Spec/MA tidak sesuai,LBMAV,-,"Shelf life produk LBMAV (Bejo Herbal formula Bejo Extra) 24 bulan, tidak sesuai dengan shelf life produk yg disubmit registrasi (tahun 2022, Bejo Extra) 18 bulan.","1.        Produk LBMAV (Bejo Herbal formula Bejo Extra) diproduksi dengan shelf life 24 bulan, sedangkan shelf life yang disubmit registrasi pada tahun 2022 (Bejo Extra) adalah 18 bulan. Hal ini dikarenakan adanya kesalahan pada saat input di system Oracle yang tidak sesuai dengan registrasinya, sehingga PPI dibuat dengan shelf life 24 bulan mengacu pada master item di Oracle, dan proses produksi menjadi tidak sesuai juga. Total batch produk LBMAV yang sudah diproduksi dengan shelf life 24 bulan adalah sebanyak 20 batch (GE101-GE120). Terkait dengan ketidaksesuaian ini, perlu dibuatkan kajian risiko untuk menetapkan langkah-langkah mitigasi risikonya sehingga risiko dapat dikontrol dan dimitigasi.
2.        Terhadap 1 batch LBMAV (LBMAV GE121) yang sudah terlanjur Create WO dan dilakukan proses timbang 5 dari 20 materialnya, akan dilakukan terminate dan close WOnya sehingga jumlah produk yang diproduksi dengan shelf life yang tidak sesuai ini tidak bertambah.
3.        Gudang penimbangan lakukan pengembalian material ke IMC untuk material produk LBMAV GE121 yang sudah terlanjut ditimbang ini. Pastikan material yang sudah ditimbang ini disimpan dalam kemasan yang aman dan kedap sehingga meminimalkan potensi kontaminasi.
4.        Perlu dilakukan evaluasi sensory terhadap stabilitas produk yang sudah mendektai ED untuk memastikan hasil pemeriksaan sensory masih dapat diterima (pemeriksaan fisik, kimia dan mikrobiologi sampai bulan ke-18 MS). Lampirkan hasil pemeriksaan sensory dalam laporan penyimpangan ini.
5.        Untuk produk LBMAV GE101-GE120 yang sudah terlanjur diproduksi ini, jumlahnya mencapai 160 palet penyimpangannya di gudang, sehingga untuk produk LBMAV GE101-GE120 ini dapat dirilis dengan justifikasi hasil stabtest ACC 6 bulan masih MS, serta pemeriksaan sampai bulan ke-18 masih MS. Untuk produk LBMAV GE101-GE120 diusulkan untuk dapat didistribusikan terbatas dan di area fast moving.
6.        Untuk selanjutnya, segera lakukan perpanjangan shelf life menjadi 2 tahun setelah data lengkap dan hasil MS. Rencana produksi selanjutnya adalah di bulan Juli 2024 sehingga diharapkan penyesuaian shelf life dapat dilakukan sebelum proses produksi selanjutnya.
7.        Perlu dibuatkan CAPA terhadap penyimpangan ini agar kedepannya ketidaksesuaian serupa tidak terulang kembali.
",
2024,DEV/QPR/PLG/PR/0524/022,CLOSED,,Unplanned,Procedure/documentation/data integrity,Kepatuhan Dokumentasi,LBMAV,GE118,Belum dilakukan pengecekan HPPI oleh operator,"1.        Pada saat inspeksi rutin oleh inspector QA (Emi) di R. Kemas Lt 2, ditemukan adanya form HPPI yang belum dilakukan pengecekkan pada material hot melt dan OPP oleh operator (belum ada paraf). Terhadap ketidaksesuaian ini, lakukan pengisian pada PPI sesuai dengan konsep GDP. Lampirkan dokumen yang telah diperbaiki.
2.        Perlu dilakukan briefing ulang kepada operator untuk memastikan aktivitas dokumentasi dilakukan secara aktual dan tepat sesuai kaidah GDP sebelum dilanjutkan ke proses selanjutnya sehingg mmpu memberikan ketertelusuran jika diperlukan di kemudian hari. Lampirkan materi briefing dan daftar hadir sosialisasi 
3.        Produk LBMAV GE118 dapat dirilis jika hasil analisa terhadap semua parameter memenuhi syarat (MS) dan jika tidak ada issue kualitas lain nya
",https://b7-drive.bintang7.com/?launchApp=SYNO.SDS.Drive.Application#file_id=821192926882214363
2024,DEV/QPR/PLG/TS/0524/023,CLOSED,,Planned,Procedure/documentation/data integrity,Lain-lain,POSKD,GE061,"- Penggunaan material tidak mengikuti FEFO
- Terdapat potensi ketidakhomogenan saat mixing","1.        TS mengusulkan rencana penggunaan Caffeine ex AARTI hasil improvement trial sebelumnya dan Paracetamol ex Anqiu Luan, dimana kedua material dengan origin ini sudah comply karena sudah terdaftar di NAFDAC Nigeria. Secara proses, pada trial sebelumnya masih ada kendala pada homogenitas di material Caffeine, sehingga dilakukan feedback ke manufacturer dan update spesifikasi. Update material ini perlu dilakukan verifikasi sehingga akan dilakukan penggunaan material secara FEFO. TS informasikan ke gudang untuk melakukan reservasi material Caffeine ex AARTI hasil improvement trial sebelumnya dan Paracetamol ex Anqiu Luan ini ke produk POSKD. Informasikan nomor QC material dan nomor batch produk yang akan dijalankan trial pada laporan penyimpangan ini.
2.        Gudang melakukan alokasi penggunaan material Caffeine dan Paracetamol sesuai nomor QC yang diinformasikan oleh tim TS.
3.        Produksi melakukan proses compounding menggunakan material Caffeine dan Paracetamol ini, lakukan sampling 9 titik pada bulk hasil final mixing untuk analisa oleh QC.
4.        QC lakukan analisa terhadap 9 titik bulk yang sudh disampling. Informasikan kepada tim TS, apabila hasil analisa MS maka bulk ACC untuk dirilis.
5.        TS lakukan evaluasi terhadap hasil analisa bulk final mixing yang menggunakan material Caffeine ex AARTI hasil improvement trial sebelumnya. Berikan feedback kembali ke manufacturer apabila masih didapati hasil yang kurang OK. Apabila akan dilakukan verifikasi pada produk lainnya (POSNA), koordinasikan dengan departemen terkait. 
6.        QA akan lakukan pengambilan sampel untuk monitoring stabilitas produk (ACC & TK) selama masa edarnya.
7.        Produk yang diproduksi menggunakan Caffeine ex AARTI hasil improvement trial sebelumnya dan Paracetamol ex Anqiu Luan ini (berdasarkan informasi yaitu POSKD GE061) ACC untuk dirilis apabila tidak ada issue kualitas lainnya dan hasil analisa seluruh parameter MS.
",
2024,DEV/QPR/PLG/PR/0524/024,Cancel,,Unplanned,Procedure/documentation/data integrity,Kepatuhan Dokumentasi,LBMAV,GE118,tidak ada paraf pada HPPI produk LBMAV GE118,,
2024,DEV/QPR/PLG/PR/0524/025,CLOSED,,Unplanned,Product,Bobot TMS,LKJTA ,GE291,"Ditemukan bobot tidak memenuhi syarat di line 4 (9,07 Gram)","1. Bobot sachet LKJTA batch GE291 ditemukan TMS under dengan bobot 9.07 gram pada line 4 (syarat bobot 8.40 – 9.05 gram), output mesin Ilapak 10. Berdasarkan konversi perhitungan bobot dibandingkan kadar, bobot yang didapatkan 9.07 gram masih memenuhi persyaratan kadar. Produksi lakukan runut sortir bobot sesuai dengan prosedur, dengan bobor maksimal yang dapat diterima adalah 9.4 gram. Hitung hidden cost pada kegiatan ini 
2. QA lakukan verifikasi runut sortir dengan rekomendasi bobot yaitu 8.4 – 9.4 gram. Sachet yang sudah diverifikasi dapat dilanjutkan ke proses kemas. Hitung hidden cost pada kegiatan ini 
3. Perlu dilakukan pemastian terhadap IPC bobot yang dilakukan, apakah tidak ditemukan adanya ketidaksesuaian bobot pada saat proses IPC. Pastikan kondisi seluruh bagian mesin dalam kondisi baik. Lakukan penelusuran untuk mengetahui akar masalah dari penyebab bobot TMS ini. Perlu dipantau konsistensi kinerja selama berjalannya proses, apabila didapati hasil yang terus berubah laporkan ke tim teknik untuk ditindaklanjuti. 
4. Teknik lakukan follow up lebih lanjut terhadap temuan bobot tube TMS pada mesin Ilapak 10 ini. Lakukan pemastian terhadap kondisi mesin bagian filling serta bagian lainnya, juga pastikan PM mesin sudah dilakukan sesuai jadwal. Lampirkan detail perbaikan
4. Produk LKJTA batch GE291 dapat dirilis jika hasil analisa terhadap semua parameter memenuhi syarat dan jika tidak terdapat issue kualitas lain nya 
",https://b7-drive.bintang7.com/?launchApp=SYNO.SDS.Drive.Application#file_id=821365357292860169
2024,DEV/QPR/PLG/PR/0624/001,CLOSED,,Unplanned,Procedure/documentation/data integrity,Kepatuhan Dokumentasi,LKNTA ,GE846,tidak ada cheklist pada karton masterbox,"1.	Pada saat inspector QA melakukan inspeksi di area Kemas Jinsung 3, ditemukan adanya masterbox produk LKNTA GE846 yang tidak diceklist jenis produknya sebanyak 3 masterbox. Ceklis pada MB berfungsi sebagai identifikasi produk sesuai varian rasa yang berbeda, sehingga jika tidak diberikan ceklis maka perlu dilakukan pembongkaran karton untuk mengetahui isi dalam kemasan dan akan merusak kemasan tersiar, serta berpotensi dianggap sebagai produk palsu. Lakukan sosialisasi kepada penimbang dan personil lainnya untuk selalu memastikan dilakukan pemberian ceklis pada MB.
2.	Kepada penimbang yang terlibat, berikan teguran atas kelalaiannya dalam melakukan pekerjaannya agar kedepannya selalu melakukan instruksi sesuai dengan PPI.
3.	Bubuhkan ceklis pada karton yang terlewat dilakukan ceklisnya. Pastikan ceklis yang dibubuhkan sesuai dengan isi dalam karton.
",http://b7-drive.bintang7.com/?launchApp=SYNO.SDS.Drive.Application#file_id=824824319344423284
2024,DEV/QPR/PLG/TK/0624/002,CLOSED,,Planned,"Utility (water system, HVAC, compressed air, pure steam, generator)",Lain-lain,-,-,2EG-TOC-002 adalah inline sensor pada TOC PW Gen 1 mengalami kerusakan sehingga pembacaan hasil dari PW Gen 1 tidak dapat otomatis reject karena unit akan digantikan sementara dengan 2QA-TOC-001 450 TOC,"1.        Pada saat dilakukan kalibrasi flow unit TOC PW Gen 1, ditemukan adanya kerusakan pada adalah inline sensor pada TOC PW Gen 1 (2EG-TOC-002), sehingga pembacaan hasil dari PW Gen 1 tidak dapat otomatis direject apabila didapati hasil TMS. Kondisi bagian TOC terlihat seperti bekas jatuh atau terbentur, sehingga tidak bisa reading hasil. Terhadap kondisi ini, lakukan koordinasi dengan tim Mettler untuk melakukan investigasi, karena TOC inline ini dalam kondisi baik-baik saja sebelum dikalibrasi, dan tidak pernah dilakukan pembongkaran oleh tim B7. Lampirkan hasil investigasi dalam laporan penyimpangan ini. 
2.        Selama kondisi ini, perlu dilakukan contingency plan agar parameter TOC dapat terus dipastikan dalam kondisi MS sebelum air digunakan untuk proses compounding maupun cleaning. Pemeriksaan TOC akan dilakukan dengan menggunakan TOC Portable milik QA (2QA-TOC-001) sebelum proses compounding atau sebelum proses cleaning dari outlet yang ada di area produksi. Lakukan pencatatan pada bagian catatan perubahan proses di PPI. Selain itu, lakukan juga pemeriksaan pasca cleaning sesuai dengan prosedur cleaning yang selama ini berjalan.
3.        Kondisi TOC sebelum masuk tank 4000L juga akan dimonitoring oleh tim Utility menggunakan TOC Portable milik QA (2QA-TOC-001), dan dicatat pada form pengecekkan yang biasa dilakukan setiap shift oleh tim Utility.
4.        QA Koordinasikan dengan vendor agar perbaikan terhadap TOC monitoring inline dapat segera dilakukan. Laporan penyimpangan ini berlaku sampai dilakukan perbaikan TOC monitoring inline oleh vendor.
",http://b7-drive.bintang7.com/?launchApp=SYNO.SDS.Drive.Application#file_id=826430019103407890
2024,DEV/QPR/PLG/QA/0624/003,CLOSED,,Unplanned,Procedure/documentation/data integrity,Kepatuhan Dokumentasi,LNKOA,GE919,Tidak ada paraf Spv WH pada HPPI RM,"
1.	Pada saat pemeriksaan BR produk LNKOA batch GE919 oleh staff QA, ditemukan adanya form HPPI yang belum ditandatangani oleh Supervisor Warehouse. Terhadap ketidaksesuaian ini, lakukan pengisian pada PPI sesuai dengan konsep GDP. Lampirkan dokumen yang telah diperbaiki.
2.	Perlu dilakukan briefing ulang kepada tim gudang, termasuk Supervisor untuk memastikan aktivitas dokumentasi dilakukan secara aktual dan tepat sesuai kaidah GDP sebelum dilanjutkan ke proses selanjutnya. Lampirkan materi briefing dan daftar hadir sosialisasi 
Produk LNKOA batch GE919 dapat dirilis jika hasil analisa terhadap semua parameter memenuhi syarat
",http://b7-drive.bintang7.com/?launchApp=SYNO.SDS.Drive.Application#file_id=824825654330569447
2024,DEV/QPR/PLG/PC/0624/004,CLOSED,,Planned,Procedure/documentation/data integrity,Prosedur/Spec/MA tidak sesuai,LKXNA,-,Penggunaan campuran pack manual dengan pack kartoning dalam 1 batch,"1. Adanya stok pack manual LKXNA (2DK072010) sebanyak 19.044 ea (setara 0.9 bets; value Rp 7.8 juta) direncanakan untuk digunakan bersamaan dengan pack kartoning LKXNA (2DK025000) sebanyak 2.110 ea. Hal ini dilakukan untuk meminimalkan write off material, dan mengisi kapasitas line Ilapak 11 di bulan Juni 2024. Rencana penggunaan kemasan campuran ini ACC dilakukan karena pemakaian kemasan campuran tidak berpengaruh langsung terhadap kualitas. PPIC alokasikan BN yang digunakan terkait campuran pack lama dan pack baru. Pastikan routing yang digunakan sudah sesuai dengan kondisi di lapangan. Jika terdapat perubahan alokasi batch, segera koordinasikan dengan departemen terkait. Lampirkan di penyimpangan ini.
2. TS akan membuat lampiran perubahan proses dan form verifikasi formula seuai qty yang terdapat di penyimpangan sebagai acuan PPIC melakukan create WO dan proses di operasional dengan kemasan campuran. Perbedaan pack manual dan pack kartoning berbeda ukuran, termasuk ukuran kartonnya. Maka akan ada 2 prosedur yaitu prosedur pengemasan ke dalam pack, dan ke dalam karton. Lampirkan lampiran perubahan proses dan form verifikasi formula kemas campuran.
3. Pastikan pada saat proses pengemasan, pastikan hanya terdapat 1 jenis pack dalam 1 karton (tidak boleh ada pack campuran dalam 1 karton), karena ukuran masing-masing pack berbeda. Diusulkan apabila jumlah pack yang tersisa tidak genap 1 karton, sebaiknya diganti kedalam kemasan pack lainnya saja sehingga tidak ada 2 variasi ketengan karton FG. Sosialisasikan lampiran proses yang sudah dibuat oleh TS ke operator.
4. Plan deviation ini menjadi acuan perilisan produk LKXNA yang menggunakan kemasan campuran sesuai dengan alokasi dari PPIC. Produk dapat dirilis jika hasil analisa terhadap semua parameter memenuhi syarat (MS) dan tidak ada issue kualitas lain nya
",
2024,DEV/QPR/PLG/PC/0624/005,CLOSED,,Planned,Procedure/documentation/data integrity,Prosedur/Spec/MA tidak sesuai,LKXOB,-,Dalam 1 bets terdapat 2 kode item tube LKXOB,"1. Adanya stok tube LKXOB kode lama (1WK008020) sebanyak 137.9 kg (setara 0.3 bets; value Rp 9.7 juta) direncanakan untuk digunakan bersamaan dengan tube kode baru (1WK008030) 314.24 kg. Rencana penggunaan kemasan campuran ini ACC dilakukan. PPIC alokasikan BN yang akan menggunakan foil tube campuran ini. Jika terdapat perubahan alokasi batch, segera koordinasikan dengan departemen terkait. Lampirkan di penyimpangan ini.
2. TS akan membuat lampiran perubahan proses dan form verifikasi formula seuai qty yang terdapat di penyimpangan sebagai acuan PPIC melakukan create WO dan proses di operasional dengan kemasan campuran. Lampirkan lampiran perubahan proses dan form verifikasi formula kemas campuran.
3. Pastikan pada saat proses pengemasan, penggunaan foil tube campuran ini akan mempengaruhi proses filling secara keseluruhan. Pastikan pada saat setting foil, settingan yang dilakukan sudah sesuai dan mampu menghasilkan output yang memenuhi persyaratan. Sosialisasikan lampiran proses yang sudah dibuat oleh TS ke operator. Lakukan pendampingan oleh supervisor produksi jika perlu.
4. Plan deviation ini menjadi acuan perilisan produk LKXOB yang menggunakan kemasan campuran sesuai dengan alokasi dari PPIC. Produk dapat dirilis jika hasil analisa terhadap semua parameter memenuhi syarat (MS) dan tidak ada issue kualitas lain nya
",
2024,DEV/QPR/PLG/PC/0624/006,CLOSED,,Planned,Procedure/documentation/data integrity,Prosedur/Spec/MA tidak sesuai,LNKOA,GF963,"Stok pack OBH dengan kode 2DK057050 ( box 310 gsm ) supply terakhir sejumlah 8124 / value 4.3 juta IDR
kebutuhan pack untuk produksi 1 bn sejumlah 8912 
kekurangan pack sejumlah 788 akan di genapkan dengan kemasan pack 2DK020000 ( box 270 gsm) ","1. Adanya perubahan kemasan Pack pada produk LNKOA menyebabkan karton lama masih terdapat stcok di Gudang. Sehingga untuk meminimalkan write off, PPIC berencana untuk melakukan create WO pada produk LNKOA menggunakan kemasan campuran dengan skenario kemasan campuran akan menggunakan Pack kode lama (2DK057050) qty 8124 EA; dengan pack kode baru (2DK020000). Perbedaan pack kode lama dan kode baru terdapat pada bobot pack (kode lama 310 gsm, kode baru 270 gsm). Terkait rencana tersebut, ACC dilakukan karena pemakaian kemasan campuran tidak berpengaruh langsung terhadap kualitas. PPIC alokasikan BN yang digunakan terkait campuran pack lama dan pack baru. Jika terdapat perubahan alokasi batch, segera koordinasikan dengan departemen terkait. Lampirkan di penyimpangan ini.
2. TS akan membuat lampiran perubahan proses dan form verifikasi formula seuai qty yang terdapat di penyimpangan sebagai acuan PPIC melakukan create WO dan proses di operasional dengan kemasan campuran. Pastikan spesifikasi bobot sesuai dengan perubahan. Lampirkan lampiran perubahan proses dan form verifikasi formula kemas campuran.
3. Pastikan pada saat proses pengemasan, hanya terdapat 1 jenis pack dalam 1 karton, sehingga bobot karton yang ditimbang sesuai range pada lampiran proses yang sudah dibuat oleh TS. Lakukan otorisasi terhadap karton apabila didapati bobot karton yang tidak sesuai range. Sosialisasikan lampiran proses yang sudah dibuat oleh TS ke operator.
4. Plan deviation ini menjadi acuan perilisan produk LNKOA yang menggunakan kemasan campuran sesuai dengan alokasi dari PPIC. Produk dapat dirilis jika hasil analisa terhadap semua parameter memenuhi syarat (MS) dan tidak ada issue kualitas lain nya
",
2024,DEV/QPR/PLG/PR/0624/007,CLOSED,,Unplanned,Product,Prosedur/Spec/MA tidak sesuai,LKXKA,GF012,LKXKA GF012. Penggunaan tube yang sudah ED (22 Mei 2024),"1.	Pada saat pemeriksaan BR LKXKA GF102, ditemukan tube yang digunakan sudah ED (tanggal 22 Mei 2024), dimana proses filling dilakukan pada bulan Juni dan pada label non dispense tanggal ED tertulis 5 Juli 2024. Ketidaksesuaian antara label pada fisik foil tube dengan pada label non dispense dikarenakan settingan pada system Oracle untuk PM yang secara default ED dan MFG date berdasarkan tanggal kedatangannya (MFG date adalah tanggal kedatangan, ED material adalah +2 tahun dari tanggal kedatangan). Terkait dengan hal ini, untuk produk LKXKA GF102 yang sudah diproduksi menggunakan tube ED akan reluctant release mengacu kepada hasil studi yang pernah dilakukan oleh TS pada tahun 2021 (no report : R/01/PD/LKXLA/PG/2021). TS lampirkan hasil trial pada laporan penyimpangan ini.
2.	QA akan melakukan pengambilan sampel stabtest terhadap LKXKA GF102 untuk uji stabilitas, pada kondisi TK dan ACC.
3.	Terhadap stok kemasan yang ada di B7 saat ini dan kondisinya ED, TS lakukan pengujian stress test terhadap produk untuk memastikan produk yang menggunakan foil ED masih dalam kondisi OK. Lampirkan hasil pengujian pada laporan penyimpangan ini.
4.	Terhadap foil dg no manufacturer yang sama dapat di usulkan dilakukan perpanjangan ED apabila hasil stress test yang dilakukan oleh TS menunjukkan hasil yang MS. Apabila hasil uji oleh TS menunjukkan hasil yang TMS, berikan status reject kepada foil.
5.	Kejadian serupa pernah terjadi sebelumnya, dan dibuatkan penyimpangan dengan nomor DEV/QPR/PLG/PR/0921/003. Berdasarkan disposisi, CPro akan melakukan input ASN foil tube ex Hangzhou mengikuti CoA yang dikirimkan oleh vendor, sehingga ED pada Oracle akan mengikuti ED CoA material. Pastikan disposisi ini diimplementasikan agar kejadian serupa tidak terulang kembali.
6.	TS buatkan kajian risiko terkait penggunaan foil tube LKXKA yang sudah ED ini
7.	LKXKA GF102 yang diproduksi menggunakan foil tube dengan kondisi ED ini reluctant release.
8.	Karena distribusi alokasi terbatas tidak memungkinkan untuk memenuhi kebutuhan sales nasional, PPIC lakukan koordinasi berkala dengan DP terkait status stock produk di seluruh cabang.",
2024,DEV/QPR/PLG/PR/0624/008,CLOSED,,Unplanned,Procedure/documentation/data integrity,Kepatuhan Dokumentasi,POSNA ,GF590,Tidak ada paraf saksi pada pengisian PPI,"1. Pada saat sedang dilakukan inspeksi oleh inspektor QA (Gunawan) di mesin sig 6, ditemukan bahwa operator belum melakukan paraf pada point 1b dan 1c di halaman 1/17 bagian paraf saksi. Operator lengkapi paraf pada PPI tersebut. Lampirkan dokumentasi label sedang proses yang sudah dilengkapi.
2. Terhadap temuan tidak adanya paraf pelaksana ini, Supervisor Produksi Lakukan briefing ulang kepada all tim produksi untuk memastikan dokumentasi dilakukan sesaat setelah aktivitas dilakukan (tidak ditunda). Lampirkan materi briefing dan daftar hadir sosialisasi 
3. Produk POSNA GF590 dapat dirilis jika hasil analisa terhadap semua parameter memenuhi syarat (MS) dan tidak ada issue kualitas lain nya
",http://b7-drive.bintang7.com/?launchApp=SYNO.SDS.Drive.Application#file_id=826433320085664196
2024,DEV/QPR/PLG/PR/0624/009,CLOSED,,Unplanned,Procedure/documentation/data integrity,Prosedur/Spec/MA tidak sesuai,POSKD,GF076 - GF077,susunan karton di pallet tidak sesuai PPI,"1.        Terkait dengan rencana perubahan susunan karton POSKD pada palet dikarenakan untuk mengakomodir kebutuhan tim WH dalam penyusunan FG di gudang agar susunan karton di palet saling mengunci, perubahan ini akan menyebabkan ketidaksesuaian dengan PPI yang berlaku. Terkait dengan hal ini, Tim TS sudah melakukan perubahan terhadap PPI, namun terhadap POSKD batch GF076 dan GF077 sudah terlanjur dilakukan CWO dengan menggunakan PPI sebelumnya, sehingga tim TS akan buatkan lampiran proses terkait dengan perubahan susunan karton pada palet untuk produk POSKD ini. Lampirkan lampiran proses yang sudah disetujui pada laporan penyimpangan ini. 
2.        Pastikan penimbang dan personil lain yang terlibat sudah tersosialisasi mengenai lampiran proses ini. Apabila ada perubahan terhadap nomor batch yang menggunakan lampiran proses ini, informasikan dalam laporan penyimpangan ini. Pastikan posisi penyusunan pada palet sudah sesuai dengan lampiran proses yang dibuat.
3.        Pada saat penerimaan oleh tim gudang, pastikan FG produk POSKD GF076-077 sudah disusun dalam posisi yang mengunci sesuai dengan lampiran proses yang sudah dibuat. Pastikan susunan dalam kondisi saling mengunci dan tidak mudah rubuh, serta tidak overhang.
4.        Untuk CWO produk POSKD selanjutnya akan dilakukan sesuai dengan PPI yang sudah direvisi dengan susunan karton pada palet yang saling mengunci.
5.        Apabila tidak ada issue kualitas lainnya dan hasil pemeriksaan semua parameter memenuhi persyaratan, produk POSKD GF076-077 ini dapat dirilis. 
",http://b7-drive.bintang7.com/?launchApp=SYNO.SDS.Drive.Application#file_id=828986412100533463
2024,DEV/QPR/PLG/WG/0624/010,CLOSED,,Unplanned,Procedure/documentation/data integrity,Kepatuhan Dokumentasi,LKMC1,GF310,Ruang Timbang 1 tidak ada label proses (saat proses timbang),"1. Pada saat sedang dilakukan inspeksi oleh inspektor QA (Fikri) di area penimbangan, ditemukan bahwa penimbang Septiar sedang melakukan penimbangan material Peppermint Oil untuk produk LKMC1 batch GF310 di ruang timbang 1, namun tidak ada identitas label sedang proses pada ruangan dan hanya tertempel label bersih. Berdasarkan BA yang dibuat, penimbang kurang focus sehingga terlambat menempel label sedang proses. Lampirkan dokumentasi label sedang proses yang sudah dibuatkan.
2. Terhadap temuan tidak adanya paraf label ini, Supervisor Penimbangan Lakukan briefing ulang kepada all tim gudang untuk memastikan label sedang proses selalu dibuat untuk dapat mengetahui aktivitas yang sedang dilakukan, dan ditempelkan pada ruangan saat proses timbang. Lampirkan materi briefing dan daftar hadir sosialisasi 
",http://b7-drive.bintang7.com/?launchApp=SYNO.SDS.Drive.Application#file_id=826435234676388539
2024,DEV/QPR/PLG/PC/0624/011,CLOSED,,Planned,Procedure/documentation/data integrity,Prosedur/Spec/MA tidak sesuai,LKXLA ,,LKXLA dalam 1 bets ada 2 kode item pack,"1. Adanya perubahan kemasan Pack pada produk LKXLA menyebabkan pack lama masih terdapat stock di Gudang. Sehingga untuk meminimalkan write off, PPIC berencana untuk melakukan create WO pada produk LKXLA menggunakan kemasan campuran dengan skenario kemasan campuran akan menggunakan Pack kode lama (2DK002010) qty 13.623 EA; pack Kode baru (2DK002020) qty 18.006 EA. Perbedaan pack kode lama dan kode baru terdapat pada perubahan logo halal yang baru dan penghilangan perforasi pada pack baru, sehingga terkait rencana tersebut, ACC dilakukan karena pemakaian kemasan campuran tidak berpengaruh langsung terhadap kualitas. PPIC alokasikan BN yang digunakan terkait campuran pack lama dan pack baru. Jika terdapat perubahan alokasi batch, segera koordinasikan dengan departemen terkait. Lampirkan di penyimpangan ini.
2. TS akan membuat lampiran perubahan proses dan form verifikasi formula seuai qty yang terdapat di penyimpangan sebagai acuan PPIC melakukan create WO dan proses di operasional dengan kemasan campuran. Lampirkan lampiran perubahan proses dan form verifikasi formula kemas campuran.
3. Lakukan sosialisasi kepada operator dan packer yang terlibat untuk memastikan personil mengetahui terkait rencana penggunaan pack campuran dalam 1 batch ini.
3. Pastikan pada saat proses pengemasan, hanya terdapat 1 jenis pack dalam 1 karton. Apabila kemasan pack lama tidak genap 1 karton, sebaiknya dilakukan write off saja (untuk menghindari adanya 2 macam kemasan ketengan).
4. Plan deviation ini menjadi acuan perilisan produk LKXLA yang menggunakan kemasan campuran sesuai dengan alokasi dari PPIC. Produk dapat dirilis jika hasil analisa terhadap semua parameter memenuhi syarat (MS) dan tidak ada issue kualitas lain nya",
2024,DEV/QPR/PLG/PR/0624/012,CLOSED,,Unplanned,Process,Prosedur/Spec/MA tidak sesuai,LKJTA ,GF324 GF339,tutup hopper after modifikasi belum di swab sebelum digunakan,"1.        Terdapat modifikasi penambahan agitator pada tutup hopper Ilapak 1 terkait dengan project pemindahan Promag suspensi ex Yonan. Setelah dilakukan modifikasi oleh vendor, mesin langsung digunakana tanpa verifikasi oleh tim QA (sebelumnya sudah dicleaning dan sanitasi oleh tim teknik dan operator produksi).  Setelah dilakukan swab, didapati hasil swab fisik TMS. Produksi lakukan pembersihan ulang, dan dilakukan swab, selanjutnya didapati hasil yang MS. Perlu dilakukan pemastian terhadap FG yang diproduksi menggunakan mesin dengan kondisi hasil swabnya TMS. Lakukan investigasi penyebab penggunaan mesin modifikasi tanpa menunggu hasil verifikasi oleh tim QA. Buatkan kronologi kejadiannya. Lakukan interview terhadap operator dan teknisi yang terlibat.
2.        Berdasarkan info operator, sudah dilakukan pembersihan sebelum digunakan, namun aktualnya hasil swab yang didapatkan masih TMS. Lakukan pemastian prosedur cleaning yang dilakukan, apakah sudah sesuai atau belum. Lakukan interview kepada operator yang terlibat. 
3.        QA akan melakukan pengambilan sampel stabtest (salah satu batch) pemeriksaan mikrobiologi untuk memastikan kondisi FG selalu MS selama masa edarnya.
4.        Lakukan sosialisasi kepada operator dan teknisi untuk selalu melaporkan pekerjaan ke atasan masing-masing, untuk memastikan mesin dalam kondisi baik dan siap untuk digunakan sebelum digunakan untuk proses. 
5.        Produk LKJTA GF324 dan GF339 dapat dirilis jika hasil analisa terhadap semua parameter memenuhi syarat (MS) dan tidak ada issue kualitas lain nya
",http://b7-drive.bintang7.com/?launchApp=SYNO.SDS.Drive.Application#file_id=828430804983002469
2024,DEV/QPR/PLG/PR/0624/013,CLOSED,,Planned,Procedure/documentation/data integrity,Prosedur/Spec/MA tidak sesuai,LEJSA,GF114 - GF118,Susunan karton baru LEJSA,"1.	Terkait dengan rencana perubahan susunan karton LEJSA pada palet dilakukan untuk membantu  penyusunan FG di gudang agar susunan karton di palet saling mengunci dan mengurangi potensi jatuh saat transportasi atau pengangkuran di gudang maupun armada. Perubahan ini akan menyebabkan ketidaksesuaian dengan PPI yang berlaku (pada PPI, 1 layer terdri dari 1 karton; usulannya adalah 1 layer terdiri dari 10 karton), yang mana susunan karton ini sudah pernah distudi sebelumnya dan hasilnya OK. Terkait dengan hal ini, tim TS akan buatkan lampiran proses terkait dengan perubahan susunan karton pada palet untuk produk LEJSA ini. Lampirkan lampiran proses yang sudah disetujui pada laporan penyimpangan ini. 
2.	Pastikan penimbang dan personil lain yang terlibat sudah tersosialisasi mengenai lampiran proses ini. Apabila ada perubahan terhadap nomor batch yang menggunakan lampiran proses ini, informasikan dalam laporan penyimpangan ini. Pastikan posisi penyusunan pada palet sudah sesuai dengan lampiran proses yang dibuat.
3.	Pada saat penerimaan oleh tim gudang, pastikan FG produk LEJSA GF114-118 sudah disusun dalam posisi yang mengunci sesuai dengan lampiran proses yang sudah dibuat. Pastikan susunan dalam kondisi saling mengunci dan tidak mudah rubuh, serta tidak overhang.
4.	Berdasarkan hasil diskusi dengan tim IT, TS perlu melakukan penyesuaian DFF pada system Oracle, dari yang sebelumnya 99 karton/menjadi 90 karton/palet sesuai dengan susunan yang baru.
5.	Apabila PPI produk LEJSA sudah direvisi dan disosialisasikan, untuk CWO produk LEJSA selanjutnya akan dilakukan sesuai dengan PPI yang sudah direvisi dengan susunan karton pada palet yang saling mengunci.
6.	Apabila tidak ada issue kualitas lainnya dan hasil pemeriksaan semua parameter memenuhi persyaratan, produk LEJSA GF114-118 ini dapat dirilis. ",
2024,DEV/QPR/PLG/PR/0624/014,CLOSED,,Unplanned,Procedure/documentation/data integrity,Kepatuhan Dokumentasi,LKXLA ,GF040,Tidak ada paraf inspektor pada IPC keseragaman berat produk,"1. Pada saat proses tutup batch oleh operator Bima, ditemukan adanya IPC keseragaman bobot pada pukul 10.05 yang terlewat diparaf oleh inspector QA (Dayat). Hal tersebut disebabkan karena Inspektor QA tidak minfuldlness. Berikan paraf pada PPI. Lampirkan dokumen yang telah diperbaiki 
2. Perlu dilakukan briefing ulang kepada tim inspector QA untuk memastikan aktivitas dokumentasi dilakukan secara aktual dan tepat sesuai kaidah GDP. Lampirkan materi briefing dan daftar hadir sosialisasi 
3. Produk LKXLA GF040 dapat dirilis jika hasil analisa terhadap semua parameter memenuhi syarat (MS) dan jika tidak ada issue kualitas lain nya
",http://b7-drive.bintang7.com/?launchApp=SYNO.SDS.Drive.Application#file_id=828431430555056064
2024,DEV/QPR/PLG/PR/0624/015,CLOSED,,Unplanned,Process,Prosedur/Spec/MA tidak sesuai,LEJS1,GF114,terdapat sekop SS dalam material maltodextrin hasil penimbangan ,"1.        Pada saat produksi melakukan proses compounding LEJS1 GF114, saat menuangkan material RM Maltodextrine ditemukan adanya sekop SS milik penimbangan. Terhadap temuan ini, selanjutnya dilakukan adjustment terhadap berat RM Maltodextrine yang kurang. Produksi buatkan FKM untuk menggantikan bobot sekop SS yang tertimbang (0.535 kg).
2.        Produksi melanjutkan proses compounding LEJS1 GF114 sesuai dengan PPI menggunakan material Tartazine yang sudah didapat melalui FKM.
3.        Sekop yang ditemukan merupakan alat bantu timbang material yang digunakan tim penimbangan. Perlu dilakukan investigasi lebih lanjut terhadap kasus ini, kenapa sendok tersebut bisa masuk ke dalam material. Kejadian ini merupakan kejadian kedua, yang mana sebelumnya sudah pernah ditemukan sendok pada material tartrazine (DEV/QPR/PLG/PR/0124/012), dan sudah dilanjutkan ke CAPA berupa pemastian dokumentasi alat timbang setiap selesai shift. Penyimpangan ini menunjukkan bahwa CAPA tidak dilakukan dengan efektif, perlu dibuatkan CAPA baru untuk memastikan kejadian serupa tidak terulang kembali.
4. Lakukan sosialisasi kepada seluruh personil penimbang untuk selalu memastikan alat timbang yang digunakan tidak diletakkan ke dalam plastic material, dan selalu memastikan pelaksanaan pemeriksaan alat timbang yang sudah diusulkan pada CAPA sebelumnya dilakukan.
5.        Produk LEJSA GF114 dapat dirilis jika hasil analisa terhadap semua parameter memenuhi syarat (MS) dan tidak ada issue kualitas lain nya
",http://b7-drive.bintang7.com/?launchApp=SYNO.SDS.Drive.Application#file_id=833506851707466871
2024,DEV/QPR/PLG/PR/0624/016,CLOSED,,Unplanned,Procedure/documentation/data integrity,Kepatuhan Dokumentasi,LKPTA,GF444,Tidak ada paraf petugas pada label sedang proses.,"1. Pada saat dilakukan inspeksi di area Compounding Liquid 1 oleh inspector QA (Gunawan), ditemukan tidak ada paraf petugas pada label sedang proses ST 14 di awal shift 3 dan tidak ada paraf petugas dan pemeriksa pada pergantian hari di 22 Juni 2024. Hal tersebut disebabkan karena operator yang kurang minfuldlness. Lakukan perbaikan pada label sesuai kaidah GDP. Lampirkan dokumen yang telah diperbaiki 
2. Perlu dilakukan briefing ulang kepada tim operator produksi untuk memastikan aktivitas dokumentasi dilakukan secara aktual dan tepat sesuai kaidah GDP. Lampirkan materi briefing dan daftar hadir sosialisasi. Review terhadap penempatan operator apabila temuan yang ditemukan adalah temuan berulang.
3. Produk LKPTA GF444 dapat dirilis jika hasil analisa terhadap semua parameter memenuhi syarat (MS) dan jika tidak ada issue kualitas lain nya
",http://b7-drive.bintang7.com/?launchApp=SYNO.SDS.Drive.Application#file_id=828432994768305241
2024,DEV/QPR/PLG/PR/0624/017,CLOSED,,Unplanned,Product,Kebocoran,PWSNH,GF146,Sachet line 1 bocor pada sealing horizontal.,"Pada saat verifikasi mesin SIG 6 after GT sealing halus, ditemukan sachet line 1 bocor pada area sealing horizontal (produk PWSNH GF146).  Selanjutnya dilakukan stop mesin dan pending 3 karton. Dilakukan perbaikan oleh tim teknik dengan setting pressure sealing horizontal line 1 dan didapatkan hasil OK setelah verifikasi QA. Terhadap sachet yang bocor, lakukan runut sortir sesuai dengan prosedur. Hitung hidden cost pada kegiatan ini 
2. QA akan melakukan verifikasi hasil runut sortir kebocoran terhadap output mesin SIG 6, sachet yang memenuhi syarat (MS) dapat dilanjutkan ke proses berikutnya. Hitung hidden cost pada kegiatan ini 
3. Sesuai BA yang dibuat oleh operator, memang pada awalnya ada GT sealing halus dan sudah dilakukan perbaikan oleh tim teknik. Selanjutnya diverifikasi oleh QA dan dinyatakan OK, namun masih didapati sachet yang bocor. Selanjutnya dilakukan perbaikan lagi oleh tim teknik dengan menurunkan temperature cross heater left dan right, dan didapati hasil verifikasi OK. Namun, pada saat IPC kebocoran selanjutnya, masih didapati adanya sachet yang bocor, sehingga dilakukan perbaikan kembali oleh tim teknik dengan setting pressure sealing horizontal. Perlu dilakukan pemastian apakah pada saat setting awal tekanan sealing apakah memang sudah optimal atau belum. Apakah didapati adanya kebocoran pada sealing yang dapat menjadi potensi kebocoran sachet. Perlu dilakukan pemastian aktivitas AM yang dilakukan di lapangan, apakah sudah dilakukan sesuai jadwal dan prosedur. Lakukan penelusuran terhadap potensi-potensi kebocoran lainnya, dan lampirkan detailnya pada laporan penyimpangan ini.
4. Teknik lakukan follow up lebih lanjut terhadap temuan sachet bocor pada output mesin SIG 6 dan ini. Lakukan pemeriksaan pada suhu dan tekanan sealing, serta pastikan PM mesin sudah dilakukan sesuai jadwal. Lampirkan detail perbaikan.
5. Sampel sachet yang bocor masih ditemukan setelah verifikasi oleh QA, sehingga potensi ini bisa berasal dari proses sampling verifikasi yang belum representative. Perlu dilakukan review kembali terhadap prosedur verifikasi after GT mesin.
6. Produk PWSNH GF146 dapat dirilis jika hasil analisa terhadap semua parameter memenuhi syarat (MS) dan jika tidak ada issue kualitas lain nya  
",http://b7-drive.bintang7.com/?launchApp=SYNO.SDS.Drive.Application#file_id=828984979632470993
2024,DEV/QPR/PLG/PR/0624/018,CLOSED,,Planned,Procedure/documentation/data integrity,Prosedur/Spec/MA tidak sesuai,LEJS1,GF118,Proses compounding LEJS1 BN GF118 tidak sesuai dengan PPI : Eliminasi proses heating - cooling,"1.        TS berencana melakukan trial proses compounding produk LEJS1 tanpa menggunakan proses heating cooling, dengan durasi final mixing menjadi 30 menit (pada PPI, durasi final mixing adalah 15 menit menggunakan metode heating cooling). Trial ini dilakukan berdasarkan hasil evaluasi skala pilot yang dilakukan oleh TS pada bulan maret dengan hasil pemeriksaan sensori MS dan hasil stabtest 3 bulan ACC dan TK yang MS. TS lampirkan kajian risiko yang sudah disetujui terkait dengan usulan trial penghilangan proses heating cooling pada batch komersil ini.
2.        Usulan ini ACC untuk djalankan. TS buatkan lampiran proses terhadap perubahan PPI. Lampirkan lampiran proses pada laporan penyimpangan ini.
3.        Trial rencananya kan dilakukan pada produk LEJS1 BN GF118. Informasikan apabila ada perubahan nomor batch.
4.        Pastikan operator di lapangan tersosialisasi mengenai rencana trial penghilangan metode heating cooling ini.
5.        Sebelum proses compounding, lakukan pembersihan pada mixing tank dan storage tank yang akan digunakan. QA lakukan verifikasi terhadap mesin ini, dan pastikan hasilnya MS sebelum digunakan untuk proses. Lampirkan hasil verifikasi pada laporan penyimpangan ini.
6.        TS lakukan pendampingan selama proses compounding untuk memastikan trial berjalan dengan lancar. Segera koordinasikan dengan departemen terkait apabila ditemui kendala pada saat proses compounding. Ambil sampling 9 titik bulk sebagai dasar perilisan bulk di QC.
7.        QC lakukan analisa pemeriskaan terhadap 9 titik bulk. Apabila hasil analisa bulk MS, maka bulk ACC untuk dirilis (sesuai dengan konfirmasi dari TS) dan dilanjutkan ke proses selanjutnya.
8.        Produksi siapkan sampel untuk pemeriksaan mikrobiologi masing-masing 1 tube titik ATB.
9.        QC lakukan analisa mikrobiologi terhadap sampel FG. Lampirkan hasil analisa pada laporan penyimpangan ini.
10.        Produk LEJSA GF118 dapat dirilis jika hasil analisa terhadap semua parameter memenuhi syarat (MS) dan tidak ada issue kualitas lain nya. Produk diusulkan untuk dialokasikan ke area fast moving. Buatkan memo alokasi terbatas ini. 
11.        TS lakukan pengambilan stabtest untuk monitoring kondisi produk selama masa edarnya.
12.        TS lakukan evaluasi terhadap hasil trial yang dilakukan. Apabila hasil trial menunjukkan hasil yang MS, maka perubahan ini dapat diusulkan untuk diajukan melalui FUP.
",
2024,DEV/QPR/PLG/PR/0624/019,CLOSED,,Unplanned,Procedure/documentation/data integrity,Kepatuhan Dokumentasi,PWSN1,GF147 - GF150,Print out hasil LOD tidak jelas,"1.	Pada saat staff QA melakukan pemeriksaan terhadap BR PWSNH, ditemukan adanya print out LOD yang hasilnya tidak jelas dan penulisannya ditebalkan oleh operator. Hal ini tidak sesuai dengan kaidah GDP, dimana hasil asli yang didapatkan menjadi tidak dapat dibaca. Terhadap ketidaksesuaian ini, supervisor produksi lakukan sosialisasi kepada operator terkait pentingnya dokumentasi selama proses dijalankan. Kedepannya, apabila didapati hasil LOD yang kurang jelas, jangan lakukan penibanan pada hasil print out. Hasil dapat diverifikasi oleh Supervisor Produksi jika perlu. Lampirkan materi sosialisasi dan daftar hadirnya.
2.	Segera lakukan perbaikan terhadap printer LOD untuk memastikan hasil yang dicetak dapat terbaca dengan jelas. Pastikan alat bekerja sesuai fungsinya sebelum digunakan. Lakukan peminjaman printer dari area lain jika perlu.
3.	Produk PWSNH GF146-150 dapat dirilis jika hasil analisa terhadap semua parameter memenuhi syarat (MS) dan tidak ada issue kualitas lain nya
",http://b7-drive.bintang7.com/?launchApp=SYNO.SDS.Drive.Application#file_id=828433591900880370
2024,DEV/QPR/PLG/QA/0624/020,CLOSED,,Unplanned,Procedure/documentation/data integrity,Kepatuhan Dokumentasi,LHRBA ,GF794,Tidak adanya paraf produksi pada saat serah terima HPPI RM .,"1.	Pada saat pemeriksaan BR produk LHRBA batch GF794 oleh staff QA, ditemukan adanya form HPPI RM Honey Liquid yang belum ditandatangani oleh personil produksi. Terhadap ketidaksesuaian ini, lakukan pengisian pada PPI sesuai dengan konsep GDP. Lampirkan dokumen yang telah diperbaiki.
2.	Perlu dilakukan briefing ulang kepada tim produksi, termasuk Supervisor untuk memastikan aktivitas dokumentasi dilakukan secara aktual dan tepat sesuai kaidah GDP sebelum dilanjutkan ke proses selanjutnya. Lampirkan materi briefing dan daftar hadir sosialisasi .
3. Informasikan nama personil yang terlibat dalam penyimpangan ini sebagai bahan evaluasi dan penetpan tindakan perbaikan untuk menghindari kejadian berulang.
4.	Produk LHRBA batch GF794 dapat dirilis jika hasil analisa terhadap semua parameter memenuhi syarat (MS) dan jika tidak ada issue kualitas lain nya
",http://b7-drive.bintang7.com/?launchApp=SYNO.SDS.Drive.Application#file_id=828434124485214157
2024,DEV/QPR/PLG/PR/0724/001,CLOSED,,Unplanned,Product,Kebocoran,POSNA ,GF595,line 2 tidak gembung saat di vaccum,"1. Sachet produk POSNA batch GF595 ditemukan bocor di line 2 area sealing horizontal di jam 00.05, output mesin SIG 5 tanggal 26 Juni 2024. Terhadap sachet bocor, lakukan runut sortir sesuai dengan prosedur. Hitung hidden cost pada kegiatan ini 
2. QA akan melakukan verifikasi hasil runut sortir kebocoran line 2, sachet yang memenuhi syarat (MS) dapat dilanjutkan ke proses berikutnya. Hitung hidden cost pada kegiatan ini 
3. Perlu dilakukan investigasi lebih lanjut selama proses apakah ditemukan kondisi mesin yang NOK dan IPC dilakukan sesuai prosedur. Lakukan pemeriksaan pada suhu dan tekanan sealing apakah sudah sesuai dengan yang dipersyaratkan. Jika ditemukan ketidaksesuaian kondisi pada mesin, kooordinasikan dengan tim Teknik. Informasikan pada laporan penyimpangan ini perbaikan apa saja yang dilakukan pada saat ditemukan kebocoran ini. Lakukan evaluasi terhadap pengguaan gearbox filler ex mesin Extra Joss, apakah belum mampu memberikan perbaikan.
4. Teknik lakukan follow up lebih lanjut terhadap temuan sachet bocor line 2 area sealing horizontal, output mesin SIG 5. Lakukan pemeriksaan pada kondisi sealing. Lampirkan detail perbaikan.
5. Produk POSNA batch GF595 dapat dirilis jika hasil analisa terhadap semua parameter memenuhi syarat (MS) dan jika tidak ada issue kualitas lain nya  
",http://b7-drive.bintang7.com/?launchApp=SYNO.SDS.Drive.Application#file_id=830104274957547374
2024,DEV/QPR/PLG/PR/0724/002,CLOSED,,Unplanned,Product,Bobot TMS,PWSNH ,GG155,Berat sachet line TMS,"1. Bobot sachet PWSNH batch GG155 ditemukan TMS over di 1.25 dan 1.27 gram di line 6 (syarat bobot 1.00 – 1.20 gram), output mesin SIG 6. Berdasarkan konversi perhitungan bobot dibandingkan kadar, rekomendasi bobot maksimum yang masih memenuhi syarat (MS) yaitu 1.28 gram. Produksi laukan runut sortir bobot sesuai dengan prosedur. Hitung hidden cost pada kegiatan ini.
2. QA lakukan verifikasi runut sortir dengan rekomendasi bobot yaitu 1.00 – 1.28 gram. Pastikan tidak ditemukan sachet dengan bobot lebih dari 1.28 gram. Hitung hidden cost pada kegiatan ini 
3. Lakukan investigasi untuk mengetahui penyebab sachet dengan bobot TMS ini, apakah ada part mesin yang kondisinya sudah tidak baik, atau perlu peremajaan. Periksa kondisi fisik bagian filling mesin (auger dan nozzle). Lakukan perbaikan terhadap kondisi yang tidak sesuai. Koordinasikan dengan tim Teknik. 
4. Teknik lakukan follow up lebih lanjut terhadap temuan sachet dengan bobot TMS di line 6 mesin SIG 6. Lakukan perbaikan apabila ditemukan ketidaksesuaian pada mesin.
4. Produk PWSNH batch GG155 dapat dirilis jika hasil analisa terhadap semua parameter memenuhi syarat dan jika tidak terdapat issue kualitas lain nya 
",http://b7-drive.bintang7.com/?launchApp=SYNO.SDS.Drive.Application#file_id=830105059831363645
2024,DEV/QPR/PLG/PR/0724/003,CLOSED,,Unplanned,Product,Prosedur/Spec/MA tidak sesuai,LNKK1,GF105,RM sodium saccharine untuk produk LNKKB GF105 ED masa simpan,"1.        Adanya material Sodium Saccharine produk LNKKB GF105 yang disimpan melewati masa simpannya (disimpan lebih dari 9 hari), hal ini dikarenakan adanya trouble pada mesin Ilapak 1 yang menyebabkan mesin tidak dapat digunakan untuk proses. Terhadap material dengan kondisi ED masa simpan ini, lakukan retur terhadap material. Lakukan permintaan material pengganti apabila material sudah akan digunakan untuk proses produksi kembali (untuk menghindari material kembali ED).
2.        WH IMC akan melakukan FPP terhadap material Sod. Saccharine (2AS013000) dengan no QC 2R/2403/0068 untuk dilakukan analisa ulang oleh QC. Lampirkan dokumen FPP.
3.        QC akan melakukan analisa ulang material Sod. Saccharine (2AS013000) dengan no QC 2R/2403/0068 ini sebagai verifikasi tidak ada penurunan kualitas material. Jika hasil pemeriksaan ulang terhadap semua parameter memenuhi syarat (MS) maka material ini dapat dimasukkan kembali sebagai stok dan digunakan kembali. Lampirkan hasil analisa dan bukti perpanjangan ED.
4.        Kejadian material dengan masa simpan ED ini dikarenakan adanya trouble pada mesin Ilapak 1 yang menyebabkan mesin tidak dapat digunakan untuk proses. Terhadap kondisi mesin Ilapak 1 yang masih belum dapat digunakan, Teknik segera lakukan perbaikan terhadap mesin agar tidak ada lagi material yang ED masa simpannya. Informasikan perbaikan apa yang dilakukan pada laporan penyimpangan ini.
5.        Produk LNKKB GF105 dapat dirilis jika hasil analisa terhadap semua parameter memenuhi syarat dan jika tidak terdapat issue kualitas lain nya
",
2024,DEV/QPR/PLG/PR/0724/004,CLOSED,,Unplanned,Product,Kebocoran,PWSNH ,GF149,output SIG 6 bocor line 8,"1.        Sachet produk PWSNH GF149 ditemukan bocor di line 8 area sealing horizontal di jam 19.30, output mesin SIG 6 tanggal 28 Juni 2024. Terhadap sachet bocor, lakukan runut sortir sesuai dengan prosedur. Hitung hidden cost pada kegiatan ini.
2.        Pada saat verifikasi oleh QA juga didapati adanya pack dengan kondisi coding yang kurang jelas. Lakukan runut sortir sesuai dengan prosedur untuk pack dengan kondisi coding yang tidak jelas. Hitung hidden cost pada kegiatan ini.
2. QA akan melakukan verifikasi hasil runut sortir kebocoran line 8, serta kondisi pack pada coding. Output sachet dan pack yang memenuhi syarat (MS) dapat dilanjutkan ke proses berikutnya. Hitung hidden cost pada kegiatan ini
3. Perlu dilakukan investigasi lebih lanjut selama proses apakah ditemukan kondisi mesin yang NOK dan IPC dilakukan sesuai prosedur. Lakukan pemeriksaan pada suhu dan tekanan sealing apakah sudah sesuai dengan yang dipersyaratkan. Jika ditemukan ketidaksesuaian kondisi pada mesin, kooordinasikan dengan tim Teknik. Informasikan pada laporan penyimpangan ini perbaikan apa saja yang dilakukan pada saat ditemukan kebocoran ini.
4. Teknik lakukan follow up lebih lanjut terhadap temuan sachet bocor line 8 area sealing horizontal, output mesin SIG 6. Lakukan pemeriksaan pada kondisi sealing. Lampirkan detail perbaikan.
5. Produk PWSNH GF149 dapat dirilis jika hasil analisa terhadap semua parameter memenuhi syarat (MS) dan jika tidak ada issue kualitas lain nya  
",http://b7-drive.bintang7.com/?launchApp=SYNO.SDS.Drive.Application#file_id=831547586486778936
2024,DEV/QPR/PLG/PR/0724/005,CLOSED,,Unplanned,Product,Kebocoran,POSNA ,GG600,Ditemukan sachet line 8 bocor,"1.        Sachet produk POSNA GG600 ditemukan bocor di line 8 di jam 20.45, output mesin SIG 5 tanggal 8 Juli 2024 setelah verifikasi runut sortir after GT sensor pengisian error. Terhadap sachet bocor, lakukan runut sortir sesuai dengan prosedur. Hitung hidden cost pada kegiatan ini.
2. QA akan melakukan verifikasi hasil runut sortir kebocoran line 8. Output sachet yang memenuhi syarat (MS) dapat dilanjutkan ke proses berikutnya. Hitung hidden cost pada kegiatan ini
3. Perlu dilakukan investigasi lebih lanjut selama proses apakah ditemukan kondisi mesin yang NOK dan IPC dilakukan sesuai prosedur. Lakukan pemeriksaan pada suhu dan tekanan sealing apakah sudah sesuai dengan yang dipersyaratkan. Jika ditemukan ketidaksesuaian kondisi pada mesin, kooordinasikan dengan tim Teknik. Informasikan pada laporan penyimpangan ini perbaikan apa saja yang dilakukan pada saat ditemukan kebocoran ini.
4. Teknik lakukan follow up lebih lanjut terhadap temuan sachet bocor line 8 area sealing horizontal, output mesin SIG 5. Lakukan pemeriksaan pada kondisi sealing. Lampirkan detail perbaikan.
5. Produk POSNA GG600 dapat dirilis jika hasil analisa terhadap semua parameter memenuhi syarat (MS) dan jika tidak ada issue kualitas lain nya  
",http://b7-drive.bintang7.com/?launchApp=SYNO.SDS.Drive.Application#file_id=831556353819456724
2024,DEV/QPR/PLG/PR/0724/006,CLOSED,,Unplanned,Product,Kebocoran,LKJTA ,GG379,hasil cek IPC line 4 bocor,"1.        Sachet produk LKJTA GG379 ditemukan bocor di line 1 di jam 09.50, output mesin Ilapak 4 tanggal 9 Juli 2024 pada saat inspeksi oleh inspector QA, bocor pada bagian sealing vertical di dekat i-cut. Terhadap sachet bocor, lakukan runut sortir sesuai dengan prosedur. Hitung hidden cost pada kegiatan ini.
2. QA akan melakukan verifikasi hasil runut sortir kebocoran line 1. Output sachet yang memenuhi syarat (MS) dapat dilanjutkan ke proses berikutnya. Hitung hidden cost pada kegiatan ini
3. Perlu dilakukan investigasi lebih lanjut selama proses apakah ditemukan kondisi mesin yang NOK dan IPC dilakukan sesuai prosedur. Berdasarkan sampel sachet, terlihat bahwa sachet tidak erseal sempurna. Lakukan pemeriksaan pada suhu dan tekanan sealing apakah sudah sesuai dengan yang dipersyaratkan. Lakukan pemeriksaan apakah ada penurunn kinerja dari part sealing vertical, heater vertical, atau terdapat kotoran pada area sealing yang menyebabkan proses menjadi tidak optimal. Jika ditemukan ketidaksesuaian kondisi pada mesin, kooordinasikan dengan tim Teknik. Informasikan pada laporan penyimpangan ini perbaikan apa saja yang dilakukan pada saat ditemukan kebocoran ini.
4. Teknik lakukan follow up lebih lanjut terhadap temuan sachet bocor line 1 area sealing vertikal, output mesin Ilapak 4. Lakukan pemeriksaan pada kondisi sealing. Lampirkan detail perbaikan.
5. Produk LKJTA GG379 dapat dirilis jika hasil analisa terhadap semua parameter memenuhi syarat (MS) dan jika tidak ada issue kualitas lain nya  
",http://b7-drive.bintang7.com/?launchApp=SYNO.SDS.Drive.Application#file_id=831707448145394182
2024,DEV/QPR/PLG/PR/0724/007,CLOSED,,Unplanned,Product,Kepatuhan,LNKKB,GF104 - GF105,bulk LNKKB di Ilapak 1 ED,"1.        Terkait dengan bulk produk LNKK1 batch GF104 yang sudah dilakukan compounding tanggal 2 Juli dan sudah ED pada saat proses filling. Bulk sudah dicompounding pada mesin Ilapak 1 namun proses terhenti dikarenakan adanya trouble pada mesin Ilapak 1 (adanya masalah pada bagian control filling pump). Terkait dengan issue ini, proses filling akan dilanjutkan pada mesin Ilapak 11 (mengacu pada data staging bulk yang dilakukan di ruang proses TS dalam rangka diversifikasi Penylephrine selama 14 hari yang masih MS). Namun, Ilapak 11 juga memiliki trouble pada bagian CPU sehingga agar proses filling tetap dapat berjalan, Ilapak 11 akan menggunakan CPU Ilapak 2 sementara waktu untuk meminimalisir bulk ED yang semakin lama. Teknik lakukan pergantian part pada Ilapak 11 agar proses produksi dapat tetap berjalan.
2.        Sebelum mesin digunakan untuk proses filling, Produksi lakukan cleaning mesin setelah pergantian part mesin Ilapak 11. 
3.        QA lakukan verifikasi after cleaning mesin setelah pergantian part. Pastikan hasil verifikasi OK sebelum mesin dapat digunakan. Lampirkan hasil verifikasi pada laporan penyimpangan ini.
4.        Terhadap mesin Ilapak 11 yang akan digunakan, akan dilakukan perubahan part 15 ml menjadi 7 ml. QA lakukan kualifikasi terhadap mesin sebagai pemastian mesin setelah pergantian part.
5.        Lakukan proses filling bulk produk LNKK1 batch GF104 pada mesin Ilapak 11 sesuai dengan prosedur. Berikan catatan pada PPI terkait dengan pemindahan proses filling ini. Apabila ada masalah selama proses filling, koordinasikan dengan departemen terkait dan pastikan informasi tercatat pada PPI.
6.        Lakukan pengambilan sampel mikrobiologi ATB (@2 sachet per titik) sebagai dasar perilisan produk.
7.        QC lakukan analisa terhadap sampel FG, termasuk analisa mikrobiologi ATB untuk memastikan produk masih memenuhi spesifikasi.
8.        Produk LNKKB batch GF104 dapat dirilis jika hasil analisa terhadap semua parameter memenuhi syarat (MS) dan jika tidak ada issue kualitas lain nya  
9.        Terhadap RM LNKKB GF105 yang sudah ditimbang, lakukan proses compounding dan filling pada mesin Ilapak 11. Pastikan proses compounding dan filling berjalan lancar. Koordinasikan dengan departemen terkait apabila terjadi masalah selama proses.
10.        QA akan melakukan pengambilan sampel untuk monitoring stabilitas produk selama masa edarnya. ",
2024,DEV/QPR/PLG/PR/0724/008,CLOSED,,Planned,Procedure/documentation/data integrity,Prosedur/Spec/MA tidak sesuai,POSNA,	GG603 - GG606,dilakukan penambahan jumlah sample untuk uji kebocoran awal jalan dan IPC kebocoran,"1.        Terkait dengan usulan trial penambahan jumlah sampel pengujian kebocoran saat proses filling POSNA di mesin SIG 5 dan 6 bertujuan agar proses IPC dapat lebih menggambarkan output sachet yg terbentuk dan mewakili performa mesin filling yang berjalan (perhitungan berdasarkan ukuran diameter sealing roll vertical dan panjang sachet). Penambahan jumlah sampel ini diharapkan dapat mewakili hasil dari satu kali putaran penuh sealing roll dan dapat mengakomodir deteksi dini apabila terjadi anomaly di mesin dan menyebabkan kualitas output sachet TMS bocor. Jumalh sampel yang akan untuk pengujian kebocoran yang diambil pada saat awal jalan mesin dilakukan terhadap 2 renceng sachet (pada PPI adalah 1 renceng/line); dan pada saat uji kebocoran menjadi 4 sachet per line yaitu pada sachet 1, 6, 7, 12 (pada PPI adalah 2 sachet per line). Terhadap usulan ini, lakukan sosialisasi kepada operator agar operator terinfo mengenai penambahan jumlah sampel ini. Lampirkan daftar hadir sosialisasi.
2.        Trial ini direncanakan jalan pada produk POSNA batch GG603-GG606. Lakukan pencatatan pada PPI masing-masing batch terkait dengan trial yang dilakukan ini. Informasikan apabila ada perubahan pada nomor batch.
3.        Produk POSNA batch GG603-GG606 dapat dirilis jika hasil analisa terhadap semua parameter memenuhi syarat (MS) dan jika tidak ada issue kualitas lain nya  
",
2024,DEV/QPR/PLG/PR/0724/009,CLOSED,,Unplanned,Product,Kepatuhan,LPRG3,GF200 - GF201,Masa simpan RM LPRG3 lebih dari 9 hari,"1.        Dikarenakan adanya breakdown pada mesin Ilapak 11 menyebabkan adanya material produk LPRG3 yang sudah ditimbang pada tanggal 2 Juli (GF200 &GF201), namun belum dapat dilanjutkan ke proses compounding, yang menyebabkan material disimpan lebih dari ketentuan di prosedur yaitu 9 hari). Terhadap seluruh material ini, produksi lakukan retur ke gudang agar material dapat dilakukan pemeriksaan terlebih dahulu sebelum digunakan.
2.        IMC lakukan FPP terhadap seluruh material untuk produk LPRG3 GF200 dan GF201 yang sudah ditimbang. Lampirkan dokumen FPP.
3.        QC akan melakukan analisa ulang material untuk produk LPRG3 GF200 dan GF201 ini. Material yang akan dilakukan pemeriksaan yaitu RM ekstrak (pemeriksaan terhadap seluruh sppesifikasi mikrobiologi), dan RM lainnya lakukan pemeriksaan terhadap kadar air/LOD. Jika hasil pemeriksaan ulang terhadap material ini memenuhi syarat (MS) dan tidak OOT, maka material ini dapat dimasukkan kembali sebagai stok dan digunakan kembali. Jika hasil pemeriksaan ulang material menunjukkan hasil yang TMS, berikan disposisi reject terhadap material. Lampirkan hasil analisa pada laporan penyimpangan ini.
4.        Apabila material didisposisi rilis dan diserap pada produk, terhadap bulk produk LPRG3 GF200 dan GF201 ini lakukan pengambilan sampel mikrobiologi ATB sebagai pemastian bulk.
5.        QC lakukan pemeriksaan mikrobiologi terhadap bulk LPRG3 GF200 dan GF201 ini. Lampirkan hasil analisa dalam laporan penyimpangan ini.
6.        Kejadian material dengan masa simpan ED ini dikarenakan adanya trouble pada mesin Ilapak 11 yang menyebabkan mesin tidak dapat digunakan untuk proses. Terhadap kondisi mesin Ilapak 11 yang masih belum dapat digunakan, Teknik segera lakukan perbaikan terhadap mesin agar tidak ada lagi material yang ED masa simpannya. Informasikan perbaikan apa yang dilakukan pada laporan penyimpangan ini.
7.        Produk LPRGQ GF200 dan GF201 dapat dirilis jika hasil analisa terhadap semua parameter memenuhi syarat dan jika tidak terdapat issue kualitas lain nya.
8.        QA akan melakukan pengambilan sampel stabilitas untuk memastikan kondisi produk selama masa edarnya masih memenuhi persyaratan.
",
2024,DEV/QPR/PLG/PC/0724/010,CLOSED,,Unplanned,Product,Kepatuhan,LPRGQ,GG202 - GG204,PPI kemas primer existing hanya dapat terprint 1 kali karena untuk ilapak 11 namun saat ini dibutuhkan 2 ppi kemas primer untuk LRPGQ di filling ilapak 5 dan ilapak 8. ,"1.	Produk LPRGQ direncanakan untuk diproduksi di mesin Ilapak 5 dan 8, dan selanjutnya akan dilakukan kemas manual di line Ilapak 1 (dikarenakan adanya trouble pada mesin Ilapak 11 dan Ilapak 1). Terhadap usulan ini, PPI kemas primer eksisting hanya dapat dicetak 1 kali untuk mesin Ilapak 11, sehingga diperlukan PPI kemas primer dibutuhkan 1 rangkap lagi agar bisa jalan pada mesin Ilapak 5 & 8. PPIC lakukan permintaan PPI kemas primer contingency ke QA agar LPRGQ dapat dijalankan di mesin Ilapak 5 & 8.
2.	LPRGQ yang direncanakan jalan di mesin Ilapak 11 adalah LPRGQ GG202-204, informasikan apabila ada perubahan terhadap nomor batch produk.
3.	Sebelum LPRGQ diproduksi pada mesin Ilapak 5 & 8, perlu dipastikan PPI yang digunakan sudah sesuai dan setting mesin sudah sesuai untuk proses produksi LPRGQ. Pastikan operator sudah tersosialoisasi terkait dengan usulan ini, termasuk dengan rencana kemas sekunder yang akan dilakukan secara manual pada Ilapak 11 (output filling Ilapak 5 & 8 ditampung di luar mesin filling).
4.	Produk LPRGQ GG202-204 dapat dirilis jika hasil analisa terhadap semua parameter memenuhi syarat (MS) dan jika tidak ada issue kualitas lain nya",
2024,DEV/QPR/PLG/MK/0724/001M,Cancel,,Planned,Product,Lain-lain,LEJSA,-,"Pemenuhan supply kebutuhan EJ Sport Gel sebanyak 30
karton menggunakan sticker pada bagian tube maupun pack
untuk negara tujuan Singapore sesuai dengan approval
desain kemasan dari buyer. Supply hanya terbatas pada PO
pertama saja dan produksi selanjutnya menggunakan
kemasan siap cetak.",,
2024,DEV/QPR/PLG/PR/0724/011,CLOSED,,Unplanned,Product,Kebocoran,LKMCA ,GG329,Sachet line 3 bocor pada sealing horizontal,"1.         Sachet produk LKMCA GG329 ditemukan bocor di line 3 area sealing horizontal, produk merupakan output mesin Ilapak 2. Terhadap sachet yang bocor, produksi lakukan runut sortir untuk FG dijam kejadian 05.35 sesuai dengan prosedur. Hitung hidden cost pada kegiatan ini
2. QA lakukan verifikasi runut sortir kebocoran untuk line 3 sesuai dengan prosedur. Hitung hidden cost pada aktivitas ini
3. Perlu dilakukan investigasi lebih lanjut terhadap pemastian selama proses IPC dilapangan ditemukan sachet bocor dan kondisi mesin yang NOK atau tidak. Dari pengamatan hasil sachet bocor, diamati bahwa ruster terbentuk, yang mana kemungkinan bocor disebabkan karena adanya bulk yang terjebak di area sealing. Lakukan investigasi lebih lanjut terhadap potensi penyebab adanya kebocoran sachet ini untuk mengetahui root causenya. Pastikan penggantian gasket dilakukan sesuai dengan masa pakainya. Periksa kondisi permukaan sealing jaw, pastikan dalam kondisi bersih sehingga dapat menekan sachet secara merata. Pastikan juga AM dan PM dilakukan sesuai dengan periode yang ditentukan. Cantumkan umur gasket, dan waktu pelaksanaan AM pada laporan penyimpangan ini. Informasikan juga tindakan perbaikan apa yang dilakukan pada saat ditemukan kebocoran.
4. Teknik lakukan evaluasi lebih lanjut terhadap penyebab bocor pada mesin, pastikan PM mesin dilakukan sesuai penjadwalan. Perlu dilakukan perbaikan untuk mencegah kejadian berikut berulang.
5.         Produk LKMCA GG329 dapat dirilis jika hasil analisa terhadap semua parameter memenuhi syarat (MS) dan jika tidak ada issue kualitas lain nya
",http://b7-drive.bintang7.com/?launchApp=SYNO.SDS.Drive.Application#file_id=832239512747816436
2024,DEV/QPR/PLG/PR/0724/012,CLOSED,,Unplanned,Product,Prosedur/Spec/MA tidak sesuai,POSNA,GG607,Sisa Produk dijalankan di SIG 6 karene di SIG 5 tidak bisa lanjut proses filling karena mesin bermasalah dan ED bulk 18 Juli 2024,"1.	Mesin SIG 5 bermasalah dan tidak bisa dilanjutkan untuk proses filling saat filling produk POSNA GG607, sehingga bulk diusulkan untuk dipindahkan proses fillingnya ke mesin SIG 6 (ED bulk 18 Juli 2024). Proses filling terhenti sampai palet 3 karton 22. Terkait dengan usulan ini, perlu dilakukan pemastian kondisi bulk sebelum proses filling dipindahkan. Lakukan kuras bulk didampingi oleh inspector QA
2.	QA lakukan pemeriskaan bulk secara fisik dan pemeriksaan LOD sebelum bulk dilanjutkan untuk proses filling di mesin SIG 6. Lampirkan hasil pemeriksaan dalam laporan penyimpangan ini.
3.	Pastikan juga kondisi line clearance pada mesin SIG 6 MS sebelum dijalankan. Lakukan pencatatan perpindahan mesin ini pada batch record, termasuk jam perpindahan msin. Pastikan coding sachet mencantumkan informasi mesin yang digunakan sesuai dengan nama mesin. Apabila selama proses ditemukan kendala, koordinasikan dengan tim Teknik.
4.	Tim teknik lakukan follow up terhadap kondisi mesin SIG 5 yang butuh perbaikan pada bagian sealing horizontal. Pastikan part-part pendukung sealing set pada mesin dalam kondisi baik dan mampu memberikan tekanan merata. Lakukan pemeriksaan dengan uji press dengan kertas karbon untuk mendapatkan hasil tekanan yang merata. Informasikan perbaikan yang dilakukan pada laporan penyimpangan ini.
5.	Produk POSNA GG607 dapat dirilis jika hasil analisa terhadap semua parameter memenuhi syarat (MS) dan jika tidak ada issue kualitas lain nya
",http://b7-drive.bintang7.com/?launchApp=SYNO.SDS.Drive.Application#file_id=832240138902877777
2024,DEV/QPR/PLG/PR/0724/013,CLOSED,,Planned,Process,Prosedur/Spec/MA tidak sesuai,LBXT1,GG121,Proses compounding LBMAV/ LBXT1 batch GG 121 tidak sesuai dengan PPI : Eliminasi proses heating – cooling,"1. TS berencana melakukan trial proses compounding produk LBXT1 batch GG121 tanpa menggunakan proses heating cooling, dengan durasi final mixing menjadi 20 menit (pada PPI, durasi final mixing adalah 15 menit menggunakan metode heating cooling). Trial ini dilakukan berdasarkan hasil evaluasi skala pilot yang dilakukan oleh TS pada bulan Februari dengan hasil pemeriksaan sensori MS dan hasil stabtest 5 bulan ACC dan TK yang MS. Usulan ini ACC untuk djalankan. TS buatkan lampiran proses terhadap perubahan PPI. Lampirkan lampiran proses pada laporan penyimpangan ini. 
2. Trial rencananya kan dilakukan pada produk LBXT1 batch GG121. Informasikan apabila ada perubahan nomor batch. 
3. Pastikan operator di lapangan tersosialisasi mengenai rencana trial penghilangan metode heating cooling ini. 
4. Sebelum proses compounding, lakukan pembersihan pada mixing tank, storage tank dan mesin filling yang akan digunakan. QA lakukan verifikasi terhadap mesin ini, dan pastikan hasilnya MS sebelum digunakan untuk proses. Lampirkan hasil verifikasi pada laporan penyimpangan ini. 
5. TS lakukan pendampingan selama proses compounding untuk memastikan trial berjalan dengan lancar. Segera koordinasikan dengan departemen terkait apabila ditemui kendala pada saat proses compounding. Ambil sampling 3 titik bulk untuk analisa fisika dan kimia sebagai dasar perilisan bulk di QC. 
6. QC lakukan analisa pemeriskaan terhadap 3 titik bulk. Apabila hasil analisa bulk MS, maka bulk ACC untuk dirilis (sesuai dengan konfirmasi dari TS) dan dilanjutkan ke proses selanjutnya. 
7. Setelah proses compounding dan filling, lakukan pembersihan pada mixing tank, storage tank dan mesin filling yang akan digunakan. QA lakukan verifikasi terhadap mesin ini, dan pastikan hasilnya MS sebelum digunakan untuk proses selanjutnya. Lampirkan hasil verifikasi pada laporan penyimpangan ini. 
8. Produksi lakukan pengambilan sampel untuk analisa mikrobiologi pada 3 titik sampling ATB (masing-masing 2 sachet)
9. QC lakukan pemeriksaan terhadap FG, termasuk sampel analisa mikrobiologi yang sudah disiapkan (ATB).
10. Produk LBXT1 batch GG121 dapat dirilis jika hasil analisa terhadap semua parameter, termsuk analisa mikrobiologi memenuhi syarat (MS) dan tidak ada issue kualitas lain nya. Produk diusulkan untuk dialokasikan ke area fast moving. 
11. TS lakukan pengambilan stabtest untuk monitoring kondisi produk selama masa edarnya. 
12. TS melakukan pengambilan sampel FG untuk pemeriksaan mikrobiologi sebagai pendataan masing-masing 3 sachet untuk masing-masing line ATB. 
13. TS lakukan evaluasi terhadap hasil trial yang dilakukan. Apabila hasil trial menunjukkan hasil yang MS, maka perubahan ini dapat diusulkan untuk diajukan melalui FUP.
14. Diusulkan untuk dapat dibuatkan studi cleaning untuk campaign batch terhadap produk LBXT1 ini berdasarkan hasil evaluasi verifikasi cleaning yang dilakukan.
",https://b7-drive.bintang7.com/?launchApp=SYNO.SDS.Drive.Application#file_id=837894458216332698
2024,DEV/QPR/PLG/PR/0724/014,CLOSED,,Unplanned,Product,Lain-lain,LKJTA,GG387,jumlah sachet dalam pack kurang,"
1.        Pada saat serah terima BR LKJTA GG387 ke tim QA, ditemukan adanya jumlah retained sampel dalam pack yang kurang (jumlah sachet hanya 27 sachet, seharusnya 30 sachet). Berdasarkan BA yang dibuat packer, hal ini dikarenakan pada saat pengambilan retained sampel, retained sampel tersebut tidak dilewati ke checkweigher, juga tidak dilakukan doucle cross check oleh admin/ leader. Terhadap temuan ini, QA lakukan permintaan kekurangan sampel ke tim produksi.
2.        Lakukan pemastian penyebab kekurangan retained sampel ini, apakah benar dikarenakan kelalaian personil, atau disebabkan adanya masalah pada sensor mesin yang tidak berfungsi sehingga menyebabkan output yang dihasilkan tidak sesuai. Koordinasikan dengan tim teknik apabila ditemukan ketidaksesuaian pada mesin.
3.        Lakukan sosialisasi kepada packer untuk selalu memastikan retained sampel yang disiapkan sesuai dengan actual yang dikemas dalam proses pengemasan di produksi. Pastikan output yang dijadikan retained sampel dilewati pada mesin checkweigher untuk memastikan kesesuaian jumlah sacget isi kemasan produk yang dihasilkan. Lampirkan materi sosialisasi dan daftar hadirnya.
4.        Berikan teguran kepada packer terkait agar lebih teliti lagi dalam menjalankan fungsi pekerjaannya.
5.        Produk LKJTA GG387 dapat dirilis jika hasil analisa terhadap semua parameter memenuhi syarat dan jika tidak terdapat issue kualitas lain nya
",http://b7-drive.bintang7.com/?launchApp=SYNO.SDS.Drive.Application#file_id=831710977471855963
2024,DEV/QPR/PLG/PR/0724/015,CLOSED,,Unplanned,Procedure/documentation/data integrity,Kepatuhan Dokumentasi,LNKOA ,GG999,nomor WO pada label karantina tidak sesuai,"1.        Terhadap ketidaksesuaian nomor WO pada label karantina manual yang dibuat oleh admin Compounding, perlu dilakukan pemastian oleh admin dan operator terkait sesuai produk actual. Lakukan briefing ulang kepada all tim produksi untuk selalu memastikan kesesuaian identitas produk, terutama pada saat pembuatan label-label manual. Lampirkan materi briefing dan daftar hadir sosialisasi.
2.        Lakukan evaluasi terhadap personil yang terlibat dalam pembuatan label karantina dengan identitas yang tidak sesuai ini, berikan teguran kepada personil.
3.        Produk LNKOA batch GG999 dapat dirilis jika hasil analisa terhadap semua parameter memenuhi syarat (MS) dan tidak ada issue kualitas lain nya
",http://b7-drive.bintang7.com/?launchApp=SYNO.SDS.Drive.Application#file_id=831712051601653364
2024,DEV/QPR/PLG/PR/0724/016,CLOSED,,Unplanned,Product,Kebocoran,POSNA ,GG607,sachet bocor,"1.        Sachet produk POSNA GG607 ditemukan bocor di line 1,6, 8, output mesin SIG 5 tanggal 17 Juli 2024 setelah verifikasi runut sortir after GT line 8 overlap. Terhadap sachet bocor, lakukan runut sortir sesuai dengan prosedur. Hitung hidden cost pada kegiatan ini.
2. QA akan melakukan verifikasi hasil runut sortir kebocoran line 1,6,8. Output sachet yang memenuhi syarat (MS) dapat dilanjutkan ke proses berikutnya. Hitung hidden cost pada kegiatan ini
3. Perlu dilakukan investigasi lebih lanjut selama proses apakah ditemukan kondisi mesin yang NOK dan IPC dilakukan sesuai prosedur. Lakukan pemeriksaan pada suhu dan tekanan sealing apakah sudah sesuai dengan yang dipersyaratkan. Pastikan permukaan sealing juga harus bersih dan bebas dari sisa proses yang menempel. Jika ditemukan ketidaksesuaian kondisi pada mesin, kooordinasikan dengan tim Teknik. Informasikan pada laporan penyimpangan ini perbaikan apa saja yang dilakukan pada saat ditemukan kebocoran ini.
4. Teknik lakukan follow up lebih lanjut terhadap temuan sachet bocor area sealing horizontal, output mesin SIG 5. Kondisi mesin SIG 5 saat ini memang kurang optimal, sehingga apabila mesin membutuhkan perbaikan, segera follow up perbaikan. Lakukan pemeriksaan pada kondisi sealing jaw, pastikan kondisinya utuh dan tidak cacat. Lampirkan detail perbaikan.
5. Apabila mesin memang dirasa tidak cukup mampu untuk jalan proses normal, dapat diusulkan untuk mesin jalan dengan speed yang dikurangi selama belum ada perbaikan. Hal ini agar mesin dapat tetap berjalan dan menghasilkan output yang dibutuhkan. Informasikan apabila ditemukan kasus lainnya pada saat mesin dicoba jalankan dengan speed lebih rendah.
6. Produk POSNA GG607 dapat dirilis jika hasil analisa terhadap semua parameter memenuhi syarat (MS) dan jika tidak ada issue kualitas lain nya  
",http://b7-drive.bintang7.com/?launchApp=SYNO.SDS.Drive.Application#file_id=832246359254940427
2024,DEV/QPR/PLG/PR/0724/017,CLOSED,,Planned,Product,Prosedur/Spec/MA tidak sesuai,LKXOD,GG362 -GG363,"Pada PPI yang di CWO masih menggunakan PPI lama, belum ada keterangan bahwa sachet ex sohnle bisa dijadikan output","1.        TS sudah mengajukan usulan perubahan PPI LKXOD yang menyatakan bahwa sachet ex sohnle dapat dijadikan output (sebelumnya tidak boleh dijadikan output), namun untuk LKXOD batch GG362-363 sudah dilakukan CWO sebelum implementasi PPI yang terupdate. Terhadap PPI LKXOD batch GG362-363, TS lakukan coret paraf redaksi untuk menyatakan sachet hasil sohnle dapat dijadikan output. Lampirkan dokumentasi PPI yang sudah dilakukan coret paraf.
2.        Pastikan operator di area terinfo mengenai perubahan pada PPI LKXOD GG362-363 ini. Pastikan tetap dilakukan control fisik sachet terhadap hasil pemeriksaan kebocoran yang MS. Koordinasikan dengan departemen terkait apabila ditemui kendala selama proses.
3.        Terhadap LKXOD bacth GG364 dan seterusnya, pastikan PPI sudah dicetak dengan menggunakan revisi terbaru yang memperbolehkan sachet ex sohnle dijadikan output.
4.        Produk GG362-363 dapat dirilis jika hasil analisa terhadap semua parameter memenuhi syarat (MS) dan tidak ada issue kualitas lain nya. Pastikan hasil pemeriksaan seluruh IPC MS.
",http://b7-drive.bintang7.com/?launchApp=SYNO.SDS.Drive.Application#file_id=832777242915419822
2024,DEV/QPR/PLG/PR/0724/018,CLOSED,,Unplanned,Product,Bobot TMS,LNKKB ,GF106,LNKKB GF106. Bobot sachet line 4 dan 5 TMS ,"1. Bobot sachet LNKKB GF106 ditemukan TMS under yaitu 5.53 gram di line 4 dan 6.49 gram di line 5 (syarat bobot 6.50 – 7.08 gram), output mesin ilapak 11. Berdasarkan konversi perhitungan bobot dibandingkan kadar, rekomendasi bobot yang masih memenuhi syarat (MS) yaitu 6.50 – 7.39 gram. Produksi laukan runut sortir bobot sesuai dengan prosedur. Hitung hidden cost pada kegiatan ini.
2. QA lakukan verifikasi runut sortir dengan rekomendasi bobot yaitu 6.50 – 7.39 gram. Hitung hidden cost pada kegiatan ini 
3. Lakukan sosialisasi kepada operator untuk selalu memastikan kondisi dari mesin pada saat proses, dan apabila ditemukan ketidaksesuaian bobot TMS, lakukan setting volume pada line yang bermasalah, kemudian test run dan pengujian bobot kembali. Jika perlu, lakukan monitoring bobot unruk menjamin kestabilan kinerja mesin selama proses filling. Jika terjadi perubahan bobot yang cukup signifikan, perlu ditindaklajuti dengan pemeriksaan kondisi fisik part mekanikal filling pump.
4. Perlu dilakukan investigasi lebih lanjut untuk mengetahui penyebab pasti penyimpangan bobot TMS ini, apakah ada kondisi mesin yang bermasalah ataukah ada potensi yang signifikan dapat menyebabkan bobot TMS dari proses filling. Perhatikan mekanisme pengisian pada mesin, apakah ada komponen yang tersumbat atau tidak tepat posisinya. Koordinasikan dengan tim Teknik jika ditemukan ketidaksesuaian pada mesin.
5. Teknik lakukan evaluasi lebih lanjut terhadap penyebab bobot sachet TMS ini pada mesin Ilapak 11, pastikan PM mesin dilakukan sesuai penjadwalan. Lakukan perbaikan apabila ditemukan ketidaksesuaian pada kondisi mesin. Informasikan perbaikan yang dilakukan pada laporan penyimpangan ini.
6. Produk LNKKB GF106 dapat dirilis jika hasil analisa terhadap semua parameter memenuhi syarat dan jika tidak terdapat issue kualitas lain nya 
",http://b7-drive.bintang7.com/?launchApp=SYNO.SDS.Drive.Application#file_id=832780442754136451
2024,DEV/QPR/PLG/PR/0724/019,CLOSED,,Unplanned,Procedure/documentation/data integrity,Kepatuhan Dokumentasi,LNKOD,GG005,Tidak ada penulisan tanggal dan paraf koreksi pada label produk dalam proses.,"1. Pada saat inspector QA melakukan inspeksi di area Kemas Lt 2 area mesin Ilapak 11, ditemukan temuan tidak ada penulisan tanggal dan paraf koreksi pada label produk dalam proses saat mesin jalan produk LNKOD GG005. Bubuhkan tanggal pada label sedang proses tersebut, juga paraf koreksi pada label. Lampirkan dokumentasinya.
2. Supervisor Produksi lakukan sosialisasi ulang kepada personil produksi untuk memastikan pencatatan pada PPI sesuai dengan prinsip GPD dan ALCOA. Lakukan pengecekan ulang terhadap dokumentasi yang dilakukan, dan pastikan data yang tertulis sudah sesuai. Lampirkan materi sosialisasi dan daftar hadir sosialisasi.
3. Evaluasi terhadap personil terkait, apakah pernah terjadi temuan ketidaksesuaian serupa sebelumnya. Berikan teguran kepada personil.
4. Apabila tidak ada issue kualitas lainnya dan semua parameter pemeriksaan memenuhi persyaratan, maka produk LNKOD GG005 dapat dirilis.
",http://b7-drive.bintang7.com/?launchApp=SYNO.SDS.Drive.Application#file_id=832249586669108491
2024,DEV/QPR/PLG/PR/0724/020,CLOSED,,Unplanned,Product,Kebocoran,POSNA ,GG604,Ditemukan line 1 dan 8 bocor,"1.        Sachet produk POSNA GG604 ditemukan bocor di line 1 dan 8, output mesin SIG 5 tanggal 11 Juli 2024 pada saat verifikasi runut sortir after GT potongan tidak stabil line 1 dan 8. Terhadap sachet bocor, lakukan runut sortir sesuai dengan prosedur. Hitung hidden cost pada kegiatan ini.
2. QA akan melakukan verifikasi hasil runut sortir kebocoran line 1 dan 8. Output sachet yang memenuhi syarat (MS) dapat dilanjutkan ke proses berikutnya. Hitung hidden cost pada kegiatan ini
3. Perlu dilakukan investigasi lebih lanjut selama proses apakah ditemukan kondisi mesin yang NOK dan IPC dilakukan sesuai prosedur. Lakukan pemeriksaan pada suhu dan tekanan sealing apakah sudah sesuai dengan yang dipersyaratkan. Pastikan permukaan sealing juga harus bersih dan bebas dari sisa proses yang menempel. Perlu optimasi tekanan untuk sealing yang ada sehingga memberikan hasil sealing yang rata untuk semua line yang dihasilkan. Jika ditemukan ketidaksesuaian kondisi pada mesin, kooordinasikan dengan tim Teknik. Informasikan pada laporan penyimpangan ini perbaikan apa saja yang dilakukan pada saat ditemukan kebocoran ini.
4. Teknik lakukan follow up lebih lanjut terhadap temuan sachet bocor area sealing horizontal, output mesin SIG 5. Kondisi mesin SIG 5 saat ini memang kurang optimal, sehingga apabila mesin membutuhkan perbaikan, segera follow up perbaikan. Lakukan pemeriksaan pada kondisi sealing jaw, pastikan kondisinya utuh dan tidak cacat. Lampirkan detail perbaikan.
5. Produk POSNA GG604 dapat dirilis jika hasil analisa terhadap semua parameter memenuhi syarat (MS) dan jika tidak ada issue kualitas lain nya  
",https://b7-drive.bintang7.com/?launchApp=SYNO.SDS.Drive.Application#file_id=837892301085785258
2024,DEV/QPR/PLG/PR/0724/021,CLOSED,,Unplanned,Procedure/documentation/data integrity,Kepatuhan Dokumentasi,LKPTA,GG469,"- no JO karton tidak sesuai dengan yang tertera di label non dispense
-  tidak ada pengisian jam pada validasi checkweigher","1.	Pada saat sedang dilakukan inspeksi oleh inspektor QA (Gunawan), ditemukan adanya ketidaksesuaian Label JO karton pada produk LKPTA GG469 antara label JO pada label non dispense dengan pada karton tertera, dimaana ada label JO yang tertempel dengan pada label non dispense tertera 1201-A 090724, sedangkan pada label pada karton tertera 1201-B 210624. Lakukan penelusuran penyebab ketidaksesuaian ini, apakah pada saat serah terima dari pihak gudang sudah tidak sesuai, atau tertukar dengan karton batch lainnya. Lampirkan hasil investigasi pada catatan penyimpangan ini. Catat ketidaksesuaian ini pada BR produk.
2.	Lakukan sosialisasi kepada tim produksi dan gudang untuk selalu memastikan kesesuaian identitas material pada saat proses serah terima material, dengan dokumentasinya. Lampirkan materi sosialisasi dan daftar hadirnya.
3.	Selain itu, juga ditemukan adanya verifikasi checkweigher yang tidak diisi pada PPI halaman 2/11 point 5. Perlu dilakukan pemastian apakah aktivitas verifikasi memang tidak dilakukan, atau hanya dokumentasinya saja yang terlewat. Informasikan hasil investigasi pada laporan penyimpangan ini. Lampirkan bukti perbaikan pada PPI.
4.	Lakukan sosialisasi pada seluruh personil produksi untuk selalu memastikan aktivitas dilakukan sesuai dengan prinsip GDP, sehingga proses dokumentasi tetap sesuai dengan prosedur yang ditetapkan. Berikan teguran pada personil yang betanggung jawab terhadap ketidaksesuaian ini.
5.	Produk LKPTA GG469 dapat dirilis jika hasil analisa terhadap semua parameter memenuhi syarat (MS) dan tidak ada issue kualitas lain nya
",http://b7-drive.bintang7.com/?launchApp=SYNO.SDS.Drive.Application#file_id=832250487377018390
2024,DEV/QPR/PLG/PR/0724/022,Cancel,,Unplanned,Product,Bobot TMS,LNKKB ,GF106,"Ditemukan sachet TMS line 4 dan 5 under, bobot 5,53g di line 4 dan 6,49g di line 5, syarat bobot 6,50 - 7,08g",,
2024,DEV/QPR/PLG/PR/0724/023,CLOSED,,Unplanned,Product,Bobot TMS,POSNA ,GG615,"POSNA GG615 Bobot sachet TMS di line 1 : 0,93 gram, 2 : 0,93 gram dan 6 : 0,96 gram ( syarat bobot 1,00 - 1,20 gram )","1. Bobot sachet POSNA GG615 ditemukan TMS under yaitu 0.93 gram di line 1; serta 0.93 dan 0.96 gram di line 2 (syarat bobot 1.00 – 1.20 gram), output mesin SIG 6. Berdasarkan konversi perhitungan bobot dibandingkan kadar, bobot dibawah 1 gram maka akan menyebabkan kadar menjadi TMS. Produksi laukan runut sortir bobot sesuai dengan prosedur, dengan bobot minimul 1 gram sesuai spesifikasi. Hitung hidden cost pada kegiatan ini.
2. QA lakukan verifikasi runut sortir dengan rekomendasi bobot yaitu bobot minimum 1 gram. Hitung hidden cost pada kegiatan ini 
3. Lakukan sosialisasi kepada operator untuk selalu memastikan kondisi dari mesin pada saat proses, dan apabila ditemukan ketidaksesuaian bobot TMS, lakukan setting volume pada line yang bermasalah, kemudian test run dan pengujian bobot kembali. Jika perlu, lakukan monitoring bobot unruk menjamin kestabilan kinerja mesin selama proses filling. Jika terjadi perubahan bobot yang cukup signifikan, perlu ditindaklajuti dengan pemeriksaan kondisi fisik part mekanikal filling pump.
4. Perlu dilakukan investigasi lebih lanjut untuk mengetahui penyebab pasti penyimpangan bobot TMS ini, apakah ada kondisi mesin yang bermasalah ataukah ada potensi yang signifikan dapat menyebabkan bobot TMS dari proses filling. Perhatikan mekanisme pengisian pada mesin, apakah ada komponen yang tersumbat atau tidak tepat posisinya. Koordinasikan dengan tim Teknik jika ditemukan ketidaksesuaian pada mesin.
5. Teknik lakukan evaluasi lebih lanjut terhadap penyebab bobot sachet TMS ini pada mesin SIG 6, pastikan PM mesin dilakukan sesuai penjadwalan. Lakukan perbaikan apabila ditemukan ketidaksesuaian pada kondisi mesin. Informasikan perbaikan yang dilakukan pada laporan penyimpangan ini.
6. Produk POSNA GG615 dapat dirilis jika hasil analisa terhadap semua parameter memenuhi syarat dan jika tidak terdapat issue kualitas lain nya 
",http://b7-drive.bintang7.com/?launchApp=SYNO.SDS.Drive.Application#file_id=832464873727242649
2024,DEV/QPR/PLG/PR/0724/024,CLOSED,,Planned,Process,Lain-lain,LGRGA ,GG010,selama staging LGRG1 tidak dilakukan agitasi,"
1.        Beradasrkan PPI, LGRG1 memerlukan agitasi selama masa stagingnya. Direncanakan untuk dilakukan studi penghilangan agitasi selama masa staging produk LGRG1 ini pada skala komersil, dan digantikan dengan agitator storage tank yang dinyalakan selama 20 menit selama proses filling. Usulan ini disetujui dengan mengacu pada produk LBXT1 dan LBMA2 yang sudah lebih dahulu implementasi penghilangan agitasi selama masa staging, serta berdasarkan kajian risiko yang dilakukan. Terhadap usulan ini, TS buatkan lampiran proses untuk pelaksanaan trial ini.
2.        Lakukan sosialisasi kepada operator untuk memastikan operator mengetahui perubahan pada proses staging bulk ini. Lampirkan daftar hadir sosialisasinya.
3.        TS dibantu tim produksi melakukan sampling pada titik atas, tengah dan bawah pada ST sebelum dilakukan agitasi dan sesudah agitasi selama 20 menit.
4.        QC lakukan pemeriksaan terhadap bulk yang sudah disampling, meliputi pemeriksaan parameter sensory, fisik (brix, pH, dan viskositas), dan kimia (identifikasi, pemeriksaan kadar gingerol, kadar pengawet) sebagai pendataan. Perilisan bulk akan mengacu pada spesifikasi eksisting bulk.
5.        Proses filling dapat dilakukan tanpa perlu menunggu hasil analisa bulk untuk pendataan TS.
6.        Berdasarkan informasi, rencana trial dilakukan pada produk LGRGA batch GG010. Informasikan apabila ada perubahan nomor batch.
7.        Produk LGRGA GG010 yang diproduksi dengan penghilangan agitasi selama staging bulk ini dapat dirilis jika hasil analisa terhadap semua parameter memenuhi syarat dan jika tidak terdapat issue kualitas lain nya
8.        Apabila hasil studi menunjukkan bahwa bulk yang tidak dilakukan agitasi selama masa stagingnya tidak beda signifikan, maka dapat dilanjutkan dengan pembuatan FUP utk penyesuaian PPI. 
",https://b7-drive.bintang7.com/?launchApp=SYNO.SDS.Drive.Application#file_id=837896668807479061
2024,DEV/QPR/PLG/PR/0724/025,CLOSED,,Unplanned,Process,Kontaminan,POSNA,GG620,POSNA GG620. Ditemukan kontaminasi berupa potongan sak RM saat proses compounding ,"1.        Pada saat dilakukan compounding POSNA GG620, pada saat transfer RM starch tapioca kedalam bin, ditemukan adanya potongan sak RM yang tertahan di mesh 10 setelah selesai transfer. Terhadap temuan potongan sak ini, lakukan pemisahan, dan pastikan pada material yang sudah ditrasnfer dan material lainnya yang akan ditransfer tidak memiliki kontaminasi lainnya. Proses dapat dilanjutkan apabila dipastikan tidak ada pengotor lainnya.
2.        Lakukan investigasi penyebab adanya potongan sak pada proses compounding ini, apakah berasal dari RM langsung, atau pada saat proses timbang yang kurang sesuai. Lakukan interview kepada operator timbang, evaluasi apakah ada penimbang yang baru yang belum terbiasa membuka kemasan RM dan belum paham teknis pembukaan kemasan material. Informasikan hasil investigasi pada laporan penyimpangan ini.
3.        Lakukan sosialisasi kepada operator penimbang terkait cara penimbangan, termasuk teknis pembukaan kemasan material. Pastikan semua operator penimbang sudah lulus assessment terkait tata cara penimbangan material. Lampirkan materi sosialisasi dalam laporan penyimpangan ini. 
4.        Produk POSNA GG620 dapat dirilis jika hasil analisa terhadap semua parameter memenuhi syarat (MS) dan jika tidak ada issue kualitas lain nya
",http://b7-drive.bintang7.com/?launchApp=SYNO.SDS.Drive.Application#file_id=832782681606503372
2024,DEV/QPR/PLG/PR/0724/026,CLOSED,,Unplanned,Product,Kepatuhan,POSNA ,GG617,Sisa produk dijalankan di sig 6 karena terkait ed masa pakai mesin dan ada jadwal valclean siklus 3 ,"1.	Mesin SIG 5 bermasalah dan tidak bisa dilanjutkan untuk proses filling saat filling produk POSNA GG617, sehingga bulk diusulkan untuk dipindahkan proses fillingnya ke mesin SIG 6 (ED bulk 25 Juli 2024). Terkait dengan usulan ini, perlu dilakukan pemastian kondisi bulk sebelum proses filling dipindahkan. Lakukan kuras bulk didampingi oleh inspector QA
2.	QA lakukan pemeriskaan bulk secara fisik dan pemeriksaan LOD sebelum bulk dilanjutkan untuk proses filling di mesin SIG 6. Lampirkan hasil pemeriksaan dalam laporan penyimpangan ini.
3.	Pastikan juga kondisi line clearance pada mesin SIG 6 MS sebelum dijalankan. Lakukan pencatatan perpindahan mesin ini pada batch record, termasuk jam perpindahan mesin. Pastikan coding sachet mencantumkan informasi mesin yang digunakan sesuai dengan nama mesin. Apabila selama proses ditemukan kendala, koordinasikan dengan tim Teknik.
4.	Tim teknik lakukan follow up terhadap kondisi mesin SIG 5 yang butuh perbaikan pada bagian sealing horizontal. Pastikan part-part pendukung sealing set pada mesin dalam kondisi baik dan mampu memberikan tekanan merata. Lakukan pemeriksaan dengan uji press dengan kertas karbon untuk mendapatkan hasil tekanan yang merata. Informasikan perbaikan yang dilakukan pada laporan penyimpangan ini.
5.	Produk POSNA GG617 dapat dirilis jika hasil analisa terhadap semua parameter memenuhi syarat (MS) dan jika tidak ada issue kualitas lain nya
",http://b7-drive.bintang7.com/?launchApp=SYNO.SDS.Drive.Application#file_id=832784481944387013
2024,DEV/QPR/PLG/QA/0724/027,CLOSED,,Planned,Product,Lain-lain,-,-,"Penggantian spare part pengisian dari 7 ml ke 15 ml pada mesin Ilapak 11 perlu dilakukan kualifikasi ulang dengan menggunakan produk sebanyak 3 batch, namun saat awal jalan dgn 15 ml hanya terdapat 2 BN LPRGP","1.        Dilakukan pergantian sparepart pada mesin Ilapak 11 dari 7 ml ke 15ml, yang mana pergantian ini memerlukan kualifikasi, namun produk yang akan jalan yaitu LPRGP hanya memiliki forecast 2 BN saja. Terkait dengan hal ini, LPRGP yang diproduksi setelah pergantian sparepart ini tidak akan menjadi kualifikasi mesin, namun tetap perlu dilakukan verifikasi terhadap output yang dihasilkan. Analis Kualifikasi melakukan pendampingan selama proses filling, lampirkan hasil verifikasi pada laporan penyimpangan ini. 
2.        Setelah selesai produksi 2 BN LPRGP, lakukan kualifikasi pada mesin Ilapak 11 dengan menggunakan 3 BN produk LETSB yang direncanakan jalan pada mesin Ilapak 11. Pastikan hasil kualifikasi mesin MS.
3.        Terhadap produk LPRGP GG023 & GG024 yang diproduksi menggunakan mesin Ilapak 11 dengan kondisi belum dikualifikasi setelah change part ini, dapat dilakukan pelulusan produk apabila hasil analisa seluruh parameter memenuhi persyaratan.
",
2024,DEV/QPR/PLG/PR/0724/028,CLOSED,,Unplanned,Product,Kepatuhan,LNKKB,GG109,bulk ED filling,"11.	Terkait dengan bulk produk LNKK1 batch GF109 yang sudah dilakukan compounding tanggal 19  Juli dan berpotensi ED pada saat proses filling karena mesin Ilapak 1 mengalami breakdown. Bulk sudah dicompounding pada mesin Ilapak 1 namun proses terhenti dikarenakan adanya trouble pada mesin Ilapak 1 (adanya masalah pada bagian control filling pump). Terkait dengan issue ini, proses filling akan dilanjutkan (mengacu pada data staging bulk yang dilakukan di ruang proses TS selama 14 hari yang masih MS). Berikan catatan pada PPI terkait dengan bulk yang ED ini. Pastikan kondisi fisik bulk MS sebelum proses filling dilanjutkan. Apabila ada masalah selama proses filling, koordinasikan dengan departemen terkait dan pastikan informasi tercatat pada PPI.
12.	Lakukan pengambilan sampel mikrobiologi ATB (@2 sachet per titik) sebagai dasar perilisan produk.
13.	QC lakukan analisa terhadap sampel FG, termasuk analisa mikrobiologi ATB (tidak composite) untuk memastikan produk masih memenuhi spesifikasi.
14.	Terhadap mesin Ilapak 1 yang mengalami gangguan pada bagian control filling pump, teknik lakukan follow up untuk segera perbaikan. Koordinasikan dengan vendor untuk pengadaan sparepart yang bermasalah. Informasikan perbaikan yang dilakukan.
15.	Produk LNKKB batch GF109 dapat dirilis jika hasil analisa terhadap semua parameter (termasuk parameter mikrobiologi) memenuhi syarat (MS) dan jika tidak ada issue kualitas lain nya  
16.	QA akan melakukan pengambilan sampel untuk monitoring stabilitas produk selama masa edarnya. 
",http://b7-drive.bintang7.com/?launchApp=SYNO.SDS.Drive.Application#file_id=836234742956342512
2024,DEV/QPR/PLG/PR/0724/029,CLOSED,,Unplanned,Product,Kebocoran,POSNA ,GG617,Sachet line 1 dan 6 bocor,"1. Sachet produk POSNA batch GG617 ditemukan bocor di line 1 dan 6 area sealing horizontal pada saat verifikasi output pukul 01.25. Terhadap sachet bocor, lakukan runut sortir sesuai dengan prosedur. Hitung hidden cost pada kegiatan ini 
2. QA akan melakukan verifikasi hasil runut sortir kebocoran line 1 dan 6, sachet yang memenuhi syarat (MS) dapat dilanjutkan ke proses berikutnya. Hitung hidden cost pada kegiatan ini 
3. Perlu dilakukan investigasi lebih lanjut selama proses apakah ditemukan kondisi mesin yang NOK dan IPC dilakukan sesuai prosedur. Lakukan pemeriksaan pada suhu dan tekanan sealing, serta kebersihan permukaan sealing jaw. Pastikan bagian filler mesin memiliki kinerja yang baik, termasuk putaran auger, buka tutup sendok, putaran motor servo dan gearbox filler. Kooordinasikan dengan tim Teknik terkai dengan tindakan perbaikan yang dilakukan.
4. Teknik lakukan follow up lebih lanjut terhadap temuan sachet bocor line 1 dan 6 area sealing horizontal, output mesin SIG 5. Lakukan pengecekkan pada kondisi sealing horizontal, dan tekanan kedua sisi sealing jawab merata. Lakukan pemeriksaan pada suhu dan tekanan sealing. Lampirkan detail perbaikan 
5. Produk POSNA batch GG617 dapat dirilis jika hasil analisa terhadap semua parameter memenuhi syarat (MS) dan jika tidak ada issue kualitas lain nya  ",http://b7-drive.bintang7.com/?launchApp=SYNO.SDS.Drive.Application#file_id=832786251615616127
2024,DEV/QPR/PLG/PR/0724/030,CLOSED,,Unplanned,Product,Kepatuhan,LETSB ,GG090,Masa pakai storage lebih dari 3 hari,"1.        Pada saat proses filling LETSB GG090, terdapat issue pada mesin Ilapak 11 tanggal 29 Juli 2024, sedangkan storage tank 8 yang digunakan untuk menyimpan bulk ED masa pakainya pada tanggal 29 Juli 2024. Terkait dengan hal ini, lanjutkan proses filling sampai selesai. Lakukan pencatatan pada BR. Informasikan waktu selesai proses filling pada laporan penyimpangan ini.
2.        Setelah proses filling selesai dilakukan, segera lakukan cleaning terhadap mesin sebelum mesin digunakan untuk staging bulk produk lainnya. Pastikan cleaning mesin dilakukan sesuai dengan prosedur dan hasil cleaning MS.
3.        Terhadap produk LETSB GG090 ini, pastikan hasil analisa seluruh parameter MS, termasuk parameter mikrobiologi tidak OOT. Apabila hasil pemeriksaan MS dan tidak ada issue kualitas lainnya, produk dapat dirilis.
",http://b7-drive.bintang7.com/?launchApp=SYNO.SDS.Drive.Application#file_id=836233744374348170
2024,DEV/QPR/PLG/PR/0724/031,CLOSED,,Planned,Product,Lain-lain,LGRGA,GG010,LGRGA GG010. Pack yang digunakan dengan kode yang sama (2DR002000) terdiri dari 2 jenis perforasi (di bagian samping dan dekat lidah pack),"1. Pada saat proses kemas LGRGA
GG010, ditemukan pack dengan 2
kondisi perforasi yang berbeda. Kondisi
yang tidak sesuai dengan CR (no QC
2K/2406/0026) digunakan sebanyak
6457 ea, dan kondisi yang sesuai
dengan CR (no QC 2K/2402/0057)
digunakan sebanyak 3896 ea. Terhadap
temuan ketidaksesuaian pack LGRGA,
QC buatkan CAPA ke vendor agar
ketidaksesuaian dapat diinvestigasi dan
di-follow up lebih lanjut. 2. CPro lakukan follow up ke vendor terkait
dengan CAPA yang sudah dibuat oleh
QC agar temuan serupa tidak terulang
kembali di kemudian hari. 3. Pada saat proses analisa di QC,
ketidaksesuaian ini juga tidak didapati
dan pack diluluskan. Supervisor QC
lakukan sosialisasi ke analis QC untuk
selalu melakukan proses analisa sesuai
dengan standar yang sudah ditetapkan
untuk semua spesifikasi, tidak hanya
focus pada spesifikasi tertentu yang
sering terjadi defect. 4. Terhadap sisa pack dengan kondisi
perforasi yang tidak sesuai ini, gudang
lakukan FPP agar stok tidak terpakai
untuk proses produksi. Sisa pack akan
dikembalikan ke vendor.
 5. CPro lakukan koordinasi dengan vendor
terkait dengan pengembalian dan
permintaan tukar guling dengan pack
yang kondisinya sesuai CR. 6. QC lakukan analisa terhadap pack
pengganti ini (estimasi kedatangan 12
Agustus). Pastikan kondisi pack sesuai
dengan CR, termasuk bagian
perforasinya. Apabila hasil pemeriksaan
terhadap pack memenuhi persyaratan
untuk seluruh parameter memenuhi
persyaratan, maka pack dapat dirilis. 7. Terkait dengan penggunaan pack yang
tidak sesuai dengan CR ini, dari pihak KI
tidak menyetujui, sehingga perlu
dilakukan proses kemas ulang
menggunakan pack dengan kondisi
perforasi yang sesuai dengan CR. 8. Produksi lakukan FKB untuk permintaan
material terkait pemenuhan proses
repacking yang akan dilakukan
menggunakan pack dengan kondisi
perforasi yang sesuai dengan CR. 9. TS buatkan lampiran proses sebagai
panduan dalam proses repacking
Ginhawa ini. Pastikan pada saat proses
repacking tidak terjadi mixed-up antar
palet. Lakukan pengemasan per palet,
dan pastikan kemasan yang digunakan
sudah sesuai dengan CR. Lakukan
sosialisasi lampiran proses ini ke personil
terkait.
10. Pastikan personil yang melakukan
repack tersosiasliasi mengenai prosedur
repack dan mampu melakukan repack
sesuai dengan lampiran proses yang
dibuat oleh TS. 11. Untuk biaya pack yang kondisinya tidak
sesuai CR ini akan dibebankan ke
vendor. CPro lakukan koordinasi dengan
vendor terkait dengan biaya ini.
 12.Produk LGRGA GG010 dapat dirilis jika
hasil analisa terhadap semua parameter
memenuhi syarat (MS) dan jika tidak ada
issue kualitas lain nya",http://b7-drive.bintang7.com/?launchApp=SYNO.SDS.Drive.Application#file_id=836591273474309674
2024,DEV/QPR/PLG/PC/0724/032,CLOSED,,Planned,Product,Lain-lain,LKJTA ,-,komix adult jahe ( LKJTA) kemasan box 310 gsm tersisa 8175 EA ( kurang untuk cwo 1 bn ),"1. Adanya perubahan kemasan Pack pada produk LKJTA dari 310 gsm menjadi 270 gsm menyebabkan karton lama masih terdapat stock di Gudang. Sehingga untuk meminimalkan write off, PPIC berencana untuk melakukan create WO pada produk LKJTA menggunakan kemasan campuran dengan skenario kemasan campuran akan menggunakan Pack 310 gsm qty 8175 EA; dan pack 270 gsm qty 1084 EA. Terkait rencana tersebut ACC untuk dilakukan karena pemakaian kemasan campuran tidak berpengaruh langsung terhadap kualitas. PPIC alokasikan BN yang digunakan terkait campuran pack lama dan pack baru. Jika terdapat perubahan alokasi batch, segera koordinasikan dengan departemen terkait. Lampirkan di penyimpangan ini.
2. TS akan membuat lampiran perubahan proses dan form verifikasi formula seuai qty yang terdapat di penyimpangan sebagai acuan PPIC melakukan create WO dan proses di operasional dengan kemasan campuran. Pastikan spesifikasi bobot sesuai dengan perubahan. Lampirkan lampiran perubahan proses dan form verifikasi formula kemas campuran.
3. Lakukan sosialisasi kepada operator untuk memastikan operator memahami mengenai rencana jalan produk LKJTA dengan kemasan campuran ini.
4. Pastikan pada saat proses pengemasan, hanya terdapat 1 jenis pack dalam 1 karton, sehingga bobot karton yang ditimbang sesuai range pada lampiran proses yang sudah dibuat oleh TS. Lakukan otorisasi terhadap karton apabila didapati bobot karton yang tidak sesuai range. Berikan catatan pada catatan perubahan proses apabila ditemukan kendala pada saat jalan proses.
5. Plan deviation ini menjadi acuan perilisan produk LKJTA yang menggunakan kemasan campuran sesuai dengan alokasi dari PPIC. Produk dapat dirilis jika hasil analisa terhadap semua parameter memenuhi syarat (MS) dan tidak ada issue kualitas lain nya
",
2024,DEV/QPR/PLG/PC/0724/033,CLOSED,,Planned,Product,Lain-lain,LKNTA ,-,sisa box gramasi 310 gsm LKNTA = 8041 EA ,"1. Adanya perubahan kemasan Pack pada produk LKNTA dari 310 gsm menjadi 270 gsm menyebabkan karton lama masih terdapat stock di Gudang. Sehingga untuk meminimalkan write off, PPIC berencana untuk melakukan create WO pada produk LKNTA menggunakan kemasan campuran dengan skenario kemasan campuran akan menggunakan Pack 310 gsm qty 8041 EA; dan pack 270 gsm qty 1218 EA. Terkait rencana tersebut ACC untuk dilakukan karena pemakaian kemasan campuran tidak berpengaruh langsung terhadap kualitas. PPIC alokasikan BN yang digunakan terkait campuran pack lama dan pack baru. Jika terdapat perubahan alokasi batch, segera koordinasikan dengan departemen terkait. Lampirkan di penyimpangan ini.
2. TS akan membuat lampiran perubahan proses dan form verifikasi formula seuai qty yang terdapat di penyimpangan sebagai acuan PPIC melakukan create WO dan proses di operasional dengan kemasan campuran. Pastikan spesifikasi bobot sesuai dengan perubahan. Lampirkan lampiran perubahan proses dan form verifikasi formula kemas campuran.
3. Lakukan sosialisasi kepada operator untuk memastikan operator memahami mengenai rencana jalan produk LKNTA dengan kemasan campuran ini.
3. Pastikan pada saat proses pengemasan, hanya terdapat 1 jenis pack dalam 1 karton, sehingga bobot karton yang ditimbang sesuai range pada lampiran proses yang sudah dibuat oleh TS. Lakukan otorisasi terhadap karton apabila didapati bobot karton yang tidak sesuai range. 
4. Plan deviation ini menjadi acuan perilisan produk LKNTA yang menggunakan kemasan campuran sesuai dengan alokasi dari PPIC. Produk dapat dirilis jika hasil analisa terhadap semua parameter memenuhi syarat (MS) dan tidak ada issue kualitas lain nya",
2024,DEV/QPR/PLG/PR/0724/034,CLOSED,,Unplanned,Product,Kebocoran,LETSB ,GG091,sachet bocor diline 2 dan 4,"1. Sachet produk LETSB GG091 ditemukan bocor di line 2 dan 4 area sealing horizontal oleh inspector QA pada saat kualifikasi mesin, produk merupakan output mesin Ilapak 11. Terhadap sachet yang bocor, produksi lakukan runut sortir untuk FG dengan prosedur. Hitung hidden cost pada kegiatan ini
2.         QA lakukan verifikasi runut sortir kebocoran untuk line 2 dan 4 sesuai dengan prosedur. Hitung hidden cost pada aktivitas ini
3. Perlu dilakukan investigasi lebih lanjut terhadap pemastian selama proses IPC dilapangan ditemukan sachet bocor dan kondisi mesin yang NOK atau tidak. Dari pengamatan hasil sachet bocor, kebocoran sangat halus dan baru akan terlihat setelah sachet di shonle. Lakukan investigasi lebih lanjut terhadap potensi penyebab adanya kebocoran sachet ini untuk mengetahui root causenya. Pastikan penggantian gasket dilakukan sesuai dengan masa pakainya. Periksa kondisi permukaan sealing jaw, pastikan dalam kondisi bersih sehingga dapat menekan sachet secara merata. Pastikan juga AM dan PM dilakukan sesuai dengan periode yang ditentukan. Cantumkan umur gasket, dan waktu pelaksanaan AM pada laporan penyimpangan ini. Informasikan juga tindakan perbaikan apa yang dilakukan pada saat ditemukan kebocoran.
4. Teknik lakukan evaluasi lebih lanjut terhadap penyebab bocor halus pada mesin, pastikan PM mesin dilakukan sesuai penjadwalan. Lakukan pemeriksaan pada bagian sealing horizontal, lakukan setting jika perlu. Perlu dilakukan perbaikan untuk mencegah kejadian berikut berulang.
5. Produk LETSB GG091 dapat dirilis jika hasil analisa terhadap semua parameter memenuhi syarat (MS) dan jika tidak ada issue kualitas lain nya",http://b7-drive.bintang7.com/?launchApp=SYNO.SDS.Drive.Application#file_id=836593632738852763
2024,DEV/QPR/PLG/PR/0824/001,CLOSED,,Unplanned,Product,Kepatuhan,LNKKB ,GG110,masa simpan RM di stagging RM lebih dari 9 hari,"1.        Adanya material produk LNKKB GF110 yang disimpan melewati masa simpannya (disimpan lebih dari 9 hari), hal ini dikarenakan adanya trouble pada mesin Ilapak 1 yang menyebabkan mesin tidak dapat digunakan untuk proses. Berdasarkan rekomendasi dari TS, material Succus termasuk ke dalam material yang rentan terhadap pertumbuhan mikro, sehingga diusulkan untuk dilakukan analisa terhadap RM Succus ini sebagai pendataan. QC lakukan sampling dan analisa terhadap RM Succus ini. Lampirkan hasil analisa dalam laporan peyimpangan ini.
2.        Proses compounding produk LNKKB GF110 dapat dilanjutkan kembali apabila telah dilakukan sampling RM Succus oleh tim QC. Lakukan compounding sesuai prosedur. Setelah proses compounding selesai, produksi lakukan pengambilan sampel pada bulk ATB untuk analisa mikrobiologi.
3.        QC lakukan pemeriksaan terhadap bulk LNKKB GF110 yang sudah disampling oleh produksi. Lampirkan hasil analisa dalam laporan penyimpangan ini. 
4.        Kejadian material dengan masa simpan ED ini dikarenakan adanya trouble pada mesin Ilapak 1 yang menyebabkan mesin tidak dapat digunakan untuk proses. Terhadap kondisi mesin Ilapak 1 yang masih belum dapat digunakan, Teknik segera lakukan perbaikan terhadap mesin agar tidak ada lagi material yang ED masa simpannya. Informasikan perbaikan apa yang dilakukan pada laporan penyimpangan ini.
5.        Produk LNKKB GF110 dapat dirilis jika hasil analisa terhadap semua parameter (termasuk hasil analisa parameter mikrobiologi terhadap bulk) memenuhi syarat dan jika tidak terdapat issue kualitas lain nya
6.        QA lakukan pengambilan sampel untuk monitoring stabilitas produk (parameter mikrobiologi) selama masa edarnya.
",http://b7-drive.bintang7.com/?launchApp=SYNO.SDS.Drive.Application#file_id=836600982545675486
2024,DEV/QPR/PLG/PR/0824/002,CLOSED,,Unplanned,Product,Kebocoran,POSNA ,GG624,ditemukan sachet line 8 bocor saat verifikasi output sebelum GT di mesin SIG 6,"1.Sachet produk POSNA GG624 ditemukan bocor di line 8 area sealing horizontal di jam 10.35 saat verifikasi output sebelum GT, output mesin SIG 6 tanggal 31 Juli 2024. Terhadap sachet bocor, lakukan runut sortir sesuai dengan prosedu       
2. 	QA akan melakukan verifikasi hasil runut sortir kebocoran line 8, sachet yang memenuhi syarat (MS) dapat dilanjutkan ke proses berikutnya. Hitung hidden cost pada kegiatan ini
3. Perlu dilakukan investigasi lebih lanjut selama proses apakah ditemukan kondisi mesin yang NOK dan IPC dilakukan sesuai prosedur. Lakukan pemeriksaan pada suhu dan tekanan sealing apakah sudah sesuai dengan yang dipersyaratkan. Dari BAP, disebutkan bahwa ada kondisi pengunci yang kendor. Perlu dipikirkan antisipasi untuk memastikan kondisi mesin tidak ada part yang kendor sehingga produk yang dihasilkan dapat memenuhi spesifikasi. Jika ditemukan ketidaksesuaian kondisi pada mesin, kooordinasikan dengan tim Teknik. Informasikan pada laporan penyimpangan ini perbaikan apa saja yang dilakukan pada saat ditemukan kebocoran ini.
4. Teknik lakukan follow up lebih lanjut terhadap temuan sachet bocor line 8 area sealing horizontal, output mesin SIG 6. Lakukan pemeriksaan pada kondisi sealing, apakah masih dalam kondisi baik atau perlu peremajaan sparepart seperti mesin SIG 5. Pastikan mesin dalam kondisi mesin sehingga dapat menghasilkan output sesuai dengan spesifikasinya. Lampirkan detail perbaikan.
5. 	Produk POSNA GG624 dapat dirilis jika hasil analisa terhadap semua parameter memenuhi syarat (MS) dan jika tidak ada issue kualitas lain nya",http://b7-drive.bintang7.com/?launchApp=SYNO.SDS.Drive.Application#file_id=836604446696848544
2024,DEV/QPR/PLG/PC/0824/003,CLOSED,,Planned,Product,Lain-lain,LNKOD,-,Target 3 BN LNKOD ( line manual ) diusulkan untuk dikerjakan di line cartoning karena mesin ilapak 1 GT ,"1.	Produk LNKOD direncanakan untuk diproduksi di mesin Ilapak 9-10, dan selanjutnya akan dilakukan kemas manual (terkait dengan mesin Ilapak 1 yang GT). Terhadap usulan ini, PPI kemas primer eksisting hanya dapat dicetak 1 kali untuk mesin Ilapak 1, sehingga diperlukan PPI kemas primer dibutuhkan 1 rangkap lagi agar bisa jalan pada mesin Ilapak 9&10. PPIC lakukan permintaan PPI kemas primer contingency ke QA agar LNKOD dapat dijalankan di mesin Ilapak 9 & 10.
2.	PPIC informasikan nomor batch produk LNKOD yang direncanakan untuk jalan pada mesin Ilapak 9&10 pada laporan penyimpangan ini.
3.	Sebelum LNKOD diproduksi pada mesin Ilapak 9&10, perlu dipastikan PPI yang digunakan sudah sesuai dan setting mesin sudah sesuai untuk proses produksi LNKOD. Pastikan operator sudah tersosialisasi terkait dengan usulan ini, termasuk dengan rencana kemas sekunder yang akan dilakukan secara manual (output filling Ilapak 9&10 ditampung di luar mesin filling).
4.	Lakukan pemastian terhadap kebersihan bak yang digunakan, serta jika ada proses tumpuk bak pastikan tidak menimpa produk yang dirumpuk dibawahnya. Berikan identitas pada masing-masing bak tampungan dan pastikan juga pengemasan produk sesuai dengan urutan tampungan dan teridentifikasi di dalam bak, sehingga memudahkan penelusuran.
5.	Lakukan assessment terhadap potensi issue HSE yang mungkin ada pada proses pengemasan manual, serta mobilisasi produk ke area pengemasan manual ini untuk meminimalisir potensi kecelakaan kerja yang mungkin terjadi. Sosialisasikan kepada personil untuk selalu memastikan pengerjaan sesuai dengan prinsip HSE.
6.	Produk LNKOD yang diproduksi pada mesin Ilapak 9&10 ini (no batch berdasarkan informasi dari PPIC) dapat dirilis jika hasil analisa terhadap semua parameter memenuhi syarat (MS) dan jika tidak ada issue kualitas lain nya
",
2024,DEV/QPR/PLG/PC/0824/004,CLOSED,,Planned,Product,Lain-lain,LPRGQ,-,19 bets LPRGQ dikerjakan di line ilapak 58 ( line cartoning ) ,"1.	Produk LPRGQ direncanakan untuk diproduksi di mesin Ilapak 5 dan 8, dan selanjutnya akan dilakukan kemas manual di line Ilapak 11 (dikarenakan adanya trouble pada mesin Ilapak 1). Terhadap usulan ini, PPI kemas primer eksisting hanya dapat dicetak 1 kali untuk mesin Ilapak 11, sehingga diperlukan PPI kemas primer dibutuhkan 1 rangkap lagi agar bisa jalan pada mesin Ilapak 5 & 8. PPIC lakukan permintaan PPI kemas primer contingency ke QA agar LPRGQ dapat dijalankan di mesin Ilapak 5 & 8.
2.	PPIC informasikan nomor batch produk LPRGQ yang direncanakan untuk jalan pada mesin Ilapak 5-8 pada laporan penyimpangan ini.
3.	Sebelum LPRGQ diproduksi pada mesin Ilapak 5 & 8, perlu dipastikan PPI yang digunakan sudah sesuai dan setting mesin sudah sesuai untuk proses produksi LPRGQ. Pastikan operator sudah tersosialisasi terkait dengan usulan ini, termasuk dengan rencana kemas sekunder yang akan dilakukan secara manual pada Ilapak 11 (output filling Ilapak 5 & 8 ditampung di luar mesin filling).
4.	Lakukan pemastian terhadap kebersihan bak yang digunakan, serta jika ada proses tumpuk bak pastikan tidak menimpa produk yang dirumpuk dibawahnya. Berikan identitas pada masing-masing bak tampungan dan pastikan juga pengemasan produk sesuai dengan urutan tampungan dan teridentifikasi di dalam bak, sehingga memudahkan penelusuran.
5.	Lakukan assessment terhadap potensi issue HSE yang mungkin ada pada proses pengemasan manual pada mesin Ilapak 5-8 ini untuk meminimalisir potensi kecelakaan kerja yang mungkin terjadi. Sosialisasikan kepada personil untuk selalu memastikan pengerjaan sesuai dengan prinsip HSE.
6.	Produk LPRGQ yang diproduksi pada mesin Ilapak 5-8 ini (no batch berdasarkan informasi dari PPIC) dapat dirilis jika hasil analisa terhadap semua parameter memenuhi syarat (MS) dan jika tidak ada issue kualitas lain nya
",
2024,DEV/QPR/PLG/PC/0824/005,CLOSED,,Planned,Product,Lain-lain,LKXLA ,GH043,LKXLA diproduksi menggunakan 2 kode pack 2DK002010 dan 2DK002020,"1. Terkait dengan adanya usulan produksi LKXLA menggunakan kemasan pack campuran dikarenakan adanya kebutuhan untuk menghabiskan kemasan pack stock lama; jumlah pack kode lama yang tersisa yaitu sebanyak 14.893 pcs, sehingga kekurangan pack untuk pemenuhan 1 batch akan menggunakan pack kode baru sejumlah 16.736 pcs. Perubahan terletak pada penghilangan perforasi dan perubahan logo halal baru sesuai dengan FUP yang disetujui, sehingga tidak berdampak secara langsung terhadap kualitas produk yang dihasilkan. PPIC infokan alokasi BN yang menggunakan kemasan campuran ini, Lampirkan di laporan penyimpangan ini.
2. TS akan membuat lampiran proses dan form verifikasi formula sebagai acuan PPIC melakukan create WO dan proses di operasional dengan kemasan campuran. Perubahan ini tidak berpengaruh terhadap gramasi yang berubah, sehingga tidak berpengaruh terhadap bobot pack dan karton secara keseluruhan. Lampirkan lampiran perubahan proses dan form verifikasi formula kemas campuran.
3. Lakukan lampiran proses yang sudah dibuat oleh TS ke packer, agar usulan penggunaan kemasan campuran ini diketahui oleh personil yang terkait.
4. Pastikan pada saat proses pengemasan, proses kemas harus menggunakan kode pack 1 dulu sebelum dilanjutkan dengan karton kode pack lainnya untuk meminimalkan terjadinya mixed up. Tidak boleh ada pack dengan 2 kemasan yang berbeda di dalam 1 karton. Berikan catatan pada catatan perubahan proses apabila ditemukan kendala pada saat jalan proses.
5. Plan deviation ini menjadi acuan perilisan produk LKXLA yang menggunakan kemasan campuran sesuai dengan alokasi dari PPIC. Produk dapat dirilis jika hasil analisa terhadap semua parameter memenuhi syarat (MS) dan tidak ada issue kualitas lain nya
",
2024,DEV/QPR/PLG/PC/0824/006,CLOSED,,Planned,Product,Lain-lain,LETSB ,GJ101,"LETSB diproduksi menggunakan 2 kode foil 1FE045050 dan 1FE045060
LETSB diproduksi menggunakan 2 kode pack 2DE046070 dan 2DE046080","1. Terkait dengan adanya usulan produksi LNKKB menggunakan foil dan kemasan pack campuran dikarenakan adanya kebutuhan untuk menghabiskan kemasan pack stock lama. Sisa foil kemasan lama : 2 roll, sehingga untuk pemenuhan 1 batch akan dicampur menggunakan foil baru sebanyak 1.5 roll. Jumlah pack kode lama yang tersisa yaitu sebanyak 11.560 pcs, sehingga kekurangan pack untuk pemenuhan 1 batch akan menggunakan pack kode baru sejumlah 20.760 pcs. Perubahan terletak pada penambahan informasi bahan tambahan dan perubahan logo halal baru sesuai dengan FUP yang disetujui, sehingga tidak berdampak secara langsung terhadap kualitas produk yang dihasilkan. PPIC infokan alokasi BN yang menggunakan kemasan campuran ini, Lampirkan di laporan penyimpangan ini.
2. TS akan membuat lampiran proses dan form verifikasi formula sebagai acuan PPIC melakukan create WO dan proses di operasional dengan kemasan campuran. Perubahan ini tidak berpengaruh terhadap gramasi yang berubah, sehingga tidak berpengaruh terhadap bobot pack dan karton secara keseluruhan. Lampirkan lampiran perubahan proses dan form verifikasi formula kemas campuran.
3. Lakukan lampiran proses yang sudah dibuat oleh TS ke operator dan packer, agar usulan penggunaan kemasan campuran ini diketahui oleh personil yang terkait.
4. Pastikan pada saat proses pengemasan, proses kemas harus menggunakan kode foil dan pack 1 terlebih dulu sebelum dilanjutkan dengan kode foil dan pack lainnya untuk meminimalkan terjadinya mixed up. Pastikan pada saat pengemasan : 2 pack dan foil yang berbeda tidak bercampur dalam 1 karton FG, serta pack dan sachet harus dengan desain yang sama dalam 1 pack. Berikan catatan pada catatan perubahan proses apabila ditemukan kendala pada saat jalan proses.
5. Plan deviation ini menjadi acuan perilisan produk LNKKB yang menggunakan kemasan campuran sesuai dengan alokasi dari PPIC. Produk dapat dirilis jika hasil analisa terhadap semua parameter memenuhi syarat (MS) dan tidak ada issue kualitas lain nya
",
2024,DEV/QPR/PLG/PC/0824/007,CLOSED,,Planned,Product,Lain-lain,LKPTA ,-,LKPTA diproduksi menggunakan 2 kode pack 2DK056050 dan 2DK019000,"1. Adanya perubahan kemasan Pack pada produk LKPTA menyebabkan karton lama masih terdapat stcok di Gudang. Sehingga untuk meminimalkan write off, PPIC berencana untuk melakukan create WO pada produk LKPTA menggunakan kemasan campuran dengan skenario kemasan campuran akan menggunakan Pack kode lama (2DK056050) qty 6553 EA; pack Kode baru (2DK019000) qty 2706 EA. Perbedaan pack kode lama dan kode baru terdapat pada bobot pack (kode lama 310 gsm, kode baru 270 gsm) sehingga terkait rencana tersebut, ACC dilakukan karena pemakaian kemasan campuran tidak berpengaruh langsung terhadap kualitas. PPIC alokasikan BN yang digunakan terkait campuran pack lama dan pack baru. Jika terdapat perubahan alokasi batch, segera koordinasikan dengan departemen terkait. Lampirkan di penyimpangan ini.
2. TS akan membuat lampiran perubahan proses dan form verifikasi formula seuai qty yang terdapat di penyimpangan sebagai acuan PPIC melakukan create WO dan proses di operasional dengan kemasan campuran. Pastikan spesifikasi bobot sesuai dengan perubahan. Lampirkan lampiran perubahan proses dan form verifikasi formula kemas campuran.
3. Pastikan pada saat proses pengemasan, hanya terdapat 1 jenis pack dalam 1 karton, sehingga bobot karton yang ditimbang sesuai range pada lampiran proses yang sudah dibuat oleh TS. Lakukan otorisasi terhadap karton apabila didapati bobot karton yang tidak sesuai range. Sosialisasikan lampiran proses yang sudah dibuat oleh TS ke operator.
4. Plan deviation ini menjadi acuan perilisan produk LKPTA yang menggunakan kemasan campuran sesuai dengan alokasi dari PPIC. Produk dapat dirilis jika hasil analisa terhadap semua parameter memenuhi syarat (MS) dan tidak ada issue kualitas lain nya
",
2024,DEV/QPR/PLG/PR/0824/008,CLOSED,,Unplanned,Procedure/documentation/data integrity,Kepatuhan Dokumentasi,POSNA,GG627,"Tidak ada ceklis pada PPI tahap 9 B, halaman 4/10","1. Pada saat inspector melakukan inspeksi ke area kemas Ponder, ditemukan tidak adanya ceklis pada PPI tahap 9B halaman 4/10 (namun sudah dilengkapi paraf). Hal ini dikarenakan operator tidak mindfulness dan terlewat memberikan ceklis. Lengkapi dokumentasi pada PPI, lampirkan pada laporan penyimpangan ini.
2. Perlu dilakukan sosialisasi ulang ke operator untuk memastikan pengisian dokumen dilakukan secara lengkap sesuai dengan konsep GDP untuk menghilangkan potensi kejadian berulang. Pastikan refreshment yang dilakukan efektif. Lampirkan materi sosialisasi dan daftar hadir.",http://b7-drive.bintang7.com/?launchApp=SYNO.SDS.Drive.Application#file_id=836620705188591800
2024,DEV/QPR/PLG/PR/0824/009,CLOSED,,Unplanned,Procedure/documentation/data integrity,Kepatuhan,"LNKKB
POSNA",-,terdapat sisa bahan kemas primer yang berbeda kode dengan bahan kemas yang exisiting berjalan,"1.	Terkait dengan adanya sisa Foil POSNA dan LNKKB kode lama yang masih ada di stok (masing-masing sebanyak 0.75 roll), hal ini dikarenakan terlewatnya penggunaan sisa foil kode lama ini pada batch produksi berjalan (actual foil sudah menggunakan kode baru per Januari 2024 untuk POSNA dan Mei 2024 untuk LNKKB. Terhadap kejadian ini, akan dibuatkan Form Verifikasi Formula sebagai adminisratif agar sisa foil tersebut dapat dibebankan ke dalam batch. TS buatkan form verifikasi formula sesuai dengan qty yang tertera (masing-masing 0.75 roll). Tidak ada perubahan qty material pada recipe, hanya ada penambahan kode PM lama.
2.	PPIC informasikan nomor batch produk yang akan menggunakan form verifikasi formula untuk menyerap sisa foil POSNA dan LNKKB kode lama ini. Koordinasikan dengan departemen terkait.
3.	Tidak akan ada perubahan pada proses produksi pada batch yang diproduksi menggunakan form verifikasi formula ini, namun perlu dipastikan pada kebutuhan real batch tetap terpenuhi, dan rekonsiliasi kemasan tetap sesuai dengan kondisi actual stok di gudang.  Sosialisasikan pada operator agar pengisian PPI dapat sesuai.
4.	Produk POSNA dan LNKKB yang menggunakan form verifikasi formula ini  dapat dirilis jika hasil analisa terhadap semua parameter memenuhi syarat (MS) dan tidak ada issue kualitas lain nya",
2024,DEV/QPR/PLG/WG/0824/010,CLOSED,,Unplanned,Procedure/documentation/data integrity,Kepatuhan Dokumentasi,"LKMCA
LKXOB
LNKOA","GG319
GG357
GG996",Tidak terdapatnya paraf supv WH pada HHPI Kemasan ,"1. Pada saat pemeriksaan BR, ditemukan adanya form HPPI yang belum ditandatangani oleh Supervisor Warehouse untuk BR LKMCA GG319, LKXOB GG357, LNKOA GG996. Terhadap ketidaksesuaian ini, lakukan pengisian pada PPI sesuai dengan konsep GDP. Lampirkan dokumen yang telah diperbaiki. 
2. Perlu dilakukan briefing ulang kepada tim gudang, termasuk Supervisor untuk memastikan aktivitas dokumentasi dilakukan secara aktual dan tepat sesuai kaidah GDP sebelum dilanjutkan ke proses selanjutnya. Lampirkan materi briefing dan daftar hadir sosialisasi 
3. Perlu dilakukan pemaastian mekanisme serah terima antara gudang dan produksi sehingga masalah yang sama tidak terulang kembali. Penyimpangan terkait paraf Supervisor WH yang terlewat ini sudah terjadi berulang kali, sehingga akan ditindaklanjuti ke CAPA.
4. Produk LKMCA GG319, LKXOB GG357, LNKOA GG996dapat dirilis jika hasil analisa terhadap semua parameter memenuhi syarat (MS) dan jika tidak ada issue kualitas lain nya
",http://b7-drive.bintang7.com/?launchApp=SYNO.SDS.Drive.Application#file_id=836631756588233423
2024,DEV/QPR/PLG/PR/0824/011,CLOSED,,Unplanned,Procedure/documentation/data integrity,Kepatuhan,LKNTA ,GG903,Checkweigher tidak diverifikasi,"1.	Pada saat sedang dilakukan inspeksi oleh inspektor QA di area Jinsung 1, ditemukan adanya verifikasi checkweigher yang tidak diisi pada halaman kedua. Perlu dilakukan pemastian apakah aktivitas verifikasi memang tidak dilakukan, atau hanya dokumentasinya saja yang terlewat. Informasikan hasil investigasi pada laporan penyimpangan ini. 
2.	Lakukan sosialisasi pada seluruh personil produksi untuk selalu memastikan aktivitas dilakukan sesuai dengan prinsip GDP, sehingga proses dokumentasi tetap sesuai dengan prosedur yang ditetapkan. Berikan teguran pada personil yang betanggung jawab terhadap ketidaksesuaian ini. Evaluasi apakah ketidaksesuaian serupa pernah terjadi sebelumnya.
3.	Produk LKNTA GG903  dapat dirilis jika hasil analisa terhadap semua parameter memenuhi syarat (MS) dan tidak ada issue kualitas lain nya
",http://b7-drive.bintang7.com/?launchApp=SYNO.SDS.Drive.Application#file_id=836776940883983772
2024,DEV/QPR/PLG/PR/0824/012,CLOSED,,Unplanned,Product,Prosedur/Spec/MA tidak sesuai,LETSB ,GG093 - GG095,masa simpan RM produk liquid herbal lebih dari 9 hari,"1.        Adanya material produk LETS1 GG093-GG095 yang disimpan melewati masa simpannya (disimpan lebih dari 9 hari), hal ini dikarenakan adanya trouble pada mesin Ilapak 1 yang menyebabkan mesin tidak dapat digunakan untuk proses. Berdasarkan rekomendasi dari TS, material Zingiber termasuk ke dalam material yang rentan terhadap pertumbuhan mikro, sehingga diusulkan untuk dilakukan analisa terhadap RM Succus ini sebagai pendataan. Pada saat proses compounding, QC lakukan sampling dan analisa terhadap RM Zingiber ini. Lampirkan hasil analisa dalam laporan peyimpangan ini.
2.        Proses compounding produk LETS1 GG093-GG095 dapat dilanjutkan kembali apabila telah dilakukan sampling RM Zingiber oleh tim QC. Lakukan compounding sesuai prosedur. 
3.        Kejadian material dengan masa simpan ED ini dikarenakan adanya trouble pada mesin Ilapak 1 yang menyebabkan mesin tidak dapat digunakan untuk proses. Terhadap kondisi mesin Ilapak 1 yang masih belum dapat digunakan, Teknik segera lakukan perbaikan terhadap mesin agar tidak ada lagi material yang ED masa simpannya. Informasikan perbaikan apa yang dilakukan pada laporan penyimpangan ini.
4.        Produk LETSB GG093-GG095 dapat dirilis jika hasil analisa terhadap semua parameter (termasuk hasil analisa parameter mikrobiologi) memenuhi syarat dan jika tidak terdapat issue kualitas lain nya
5.        QA lakukan pengambilan sampel salah satu batch untuk monitoring stabilitas produk (parameter mikrobiologi) selama masa edarnya.
",https://b7-drive.bintang7.com/?launchApp=SYNO.SDS.Drive.Application#file_id=837850628213488477
2024,DEV/QPR/PLG/PR/0824/013,CLOSED,,Planned,Product,Lain-lain,LBMAV,GH139 - GH141,Proses cleaning pada MTT tidak dilakukan seperti valclean yang ada (campaign 2 BN dengan metode CIP NON GUAVA MICRO / CIP asam basa). Proses cleaning MTT akan dilakukan dengan campaign 3BN dengan menggunakan metode CIP Normal + CIP PW,"1.        Terkait dengan rencana trial compounding LBXT1 tanpa proses panas dingin campaign 3 BN (sesuai dev no DEV/QPR/PLG/PR/0724/013), proses cleaning Mixing Tank Tetra akan dilakukan dengan menggunakan metode CIP Normal + CIP PW (metode cleaning yang sudah divalidasi sebelumnya yaitu campaign 2 BN dengan metode CIP Non Guava Micro). Hal ini dilakukan dengan pertimbangan penyesuaian kembali ke metode cleaning prosedur Bejo Herbal formula sebelumnya (tanpa metode heating cooling). Terkait dengan usulan ini, pastikan dilakukan verifikasi before dan after pada Mixing Tank Tetra yang akan digunakan untuk trial tersebut. Informasikan hasil verifikasi pada laporan penyimpangan ini.
2.        Lakukan sosialisasi kepada operator terkait dengan prosedur cleaning yang akan dijalankan. Pastikan operator memahami prosedur cleaning yang dilakukan.
3.        Pastikan selama cleaning dilakukan, tidak ada kendala yang terjadi. Lakukan pencatatan setiap tahapan cleaning dan juga output yang dihasilkan dari masing-masing tahapan proses CIP tersebut. Apabila ditemukan kendala, informasikan pada departemen terkait dan tulis pada tindakan remedial. Lakukan pembersihan ulang dengan metode yang sudah tervalidasi apabila ditemukan hasil verifikasi yang TMS.
4.        Apabila hasil verifikasi terhadap metode cleaning yang diusulkan terbukti MS, maka diusulkan untuk dapat melakukan trial cleaning campaign 5 BN dengan metode CIP Normal + CIP PW. Siapkan protokol untuk trial ini dan Koordinasikan dengan departemen terkait untuk usulan ini.
5.        Apabila hasil trial metode cleaning yang diusulkan MS, lakukan penyesuaian metode cleaning pada prosedur pembersihan terkait mengacu pada laporan validasi cleaning yang sudah disetujui.
",https://b7-drive.bintang7.com/?launchApp=SYNO.SDS.Drive.Application#file_id=837852563471645878
2024,DEV/QPR/PLG/PR/0824/014,CLOSED,,Unplanned,Process,Kontaminan,LKPTA ,GH495,earmuff jatuh ke dalam wadah RM saat preparasi,"1.        Pada saat dilakukan audit proses oleh inspector QA (Alfree) tanggal 8 Agustus 2024 di ruang Compounding Liquid 1 proses compounding LKPTA GH495, saat operator sedang melakukan preparasi material peppermint oil di dalam wadah, tiba2 earmuff yang digunakan operator terjatuh ke dalam wadah. Terhadap kejadian ini, lakukan investigasi penyebab terjadinya hal ini, lampirkan BA dalam laporan penyimpangan ini. 
2.        Terhadap bulk yang sedang diproses, pastikan tidak ada kontaminan dari earmuff yang tertinggal di material. Apabila sudah dipastikan bulk kondisinya OK secara fisik, proses dapat dilanjutkan kembali. Apabila ditemukan kendala pada saat proses, catat pada catatan perubahan proses di PPI.
3.        Lakukan sosialisasi kepada seluruh operator untuk selalu memastikan penggunaan APD sesuai dengan prosedur dan standarnya. Apabila ditemukan APD dengan kondisi yang tidak layak, segera lakukan pengadaan APD baru. Lampirkan daftar hadir dan bukti sosialisasi.
4.        Berikan teguran kepada personil apabila didapati penyebab earmuff jatuh ke dalam material ini dikarenakan penggunaan APD yang tidak sesuai dengan standarnya.
5.        Produksi lakukan pengambilan sampel FG LKPTA GH495 untuk dilakukan pemeriksaan terhadap parameter mikrobiologi.
6.        Terhadap sampel FG LKPTA GH495, lakukan pemeriksaan mikrobiologi. Lampirkan hasil pemeriksaan pada laporan penyimpangan ini.  
7.        Produk LKPTA GH495 dapat dirilis jika hasil analisa terhadap semua parameter (termasuk hasil analisa parameter mikrobiologi) memenuhi syarat dan jika tidak terdapat issue kualitas lain nya
",http://b7-drive.bintang7.com/?launchApp=SYNO.SDS.Drive.Application#file_id=836778601314565849
2024,DEV/QPR/PLG/PR/0824/015,CLOSED,,Unplanned,Product,Bobot TMS,POSNA ,GG628,"Bobot Sachet TMS di line 1, 3, 6, 7, 8 : 0,96 - 0,99 gram (standar 1,00 - 1,20 gram)","1. Bobot sachet POSNA GG628 ditemukan TMS under yaitu dalam range 0.96-0.99 gram di line 1, 3, 6, 7, 8 (syarat bobot 1.00 – 1.20 gram), output mesin SIG 6. Berdasarkan konversi perhitungan bobot dibandingkan kadar, bobot dibawah 1 gram maka akan menyebabkan kadar menjadi TMS. Produksi laukan runut sortir bobot sesuai dengan prosedur, dengan bobot minimul 1 gram sesuai spesifikasi. Hitung hidden cost pada kegiatan ini.
2. QA lakukan verifikasi runut sortir dengan rekomendasi bobot yaitu bobot minimum 1 gram. Hitung hidden cost pada kegiatan ini 
3. Lakukan sosialisasi kepada operator untuk selalu memastikan kondisi dari mesin pada saat proses, dan apabila ditemukan ketidaksesuaian bobot TMS, lakukan setting volume pada line yang bermasalah, kemudian test run dan pengujian bobot kembali. Jika perlu, lakukan monitoring bobot unruk menjamin kestabilan kinerja mesin selama proses filling. Jika terjadi perubahan bobot yang cukup signifikan, perlu ditindaklajuti dengan pemeriksaan kondisi fisik part mekanikal filling pump.
4. Perlu dilakukan investigasi lebih lanjut untuk mengetahui penyebab pasti penyimpangan bobot TMS ini, apakah ada kondisi mesin yang bermasalah ataukah ada potensi yang signifikan dapat menyebabkan bobot TMS dari proses filling. Perhatikan mekanisme pengisian pada mesin, apakah ada komponen yang tersumbat atau tidak tepat posisinya. Koordinasikan dengan tim Teknik jika ditemukan ketidaksesuaian pada mesin.
5. Teknik lakukan evaluasi lebih lanjut terhadap penyebab bobot sachet TMS ini pada mesin SIG 6, pastikan PM mesin dilakukan sesuai penjadwalan. Lakukan perbaikan apabila ditemukan ketidaksesuaian pada kondisi mesin. Informasikan perbaikan yang dilakukan pada laporan penyimpangan ini.
6. Produk POSNA GG628 dapat dirilis jika hasil analisa terhadap semua parameter memenuhi syarat dan jika tidak terdapat issue kualitas lain nya 
",http://b7-drive.bintang7.com/?launchApp=SYNO.SDS.Drive.Application#file_id=836781395970929141
2024,DEV/QPR/PLG/PR/0824/016,CLOSED,,Unplanned,Procedure/documentation/data integrity,Lain-lain,LBMAT,GH142 - GH145,"Berdasarkan FUP/PLG/PRS/2405/008M, sampel sachet produk Herbal ex Sohnle (Komix Herbal sachet all varian dan LBMAT; LBMAV sudah implementasi) yang tidak bocor dapat dijadikan output. Namun, perubahan ini belum dapat diimplementasikan segera jika menunggu revisi PPI dikarenakan masih menunggu perubahan-perubahan lainnya yaitu : perubahan desain dan grammatur dari 310 ke 270 gsm (kecuali pada LBMAT) yang saat ini masih proses approval desain di internal serta take out Manufacturing Date (MD) yang saat ini masih dalam op review FUP.","1.        TS sudah mengajukan usulan perubahan sampel sachet produk herbal ex Sohnle dapat dijadikan output (Komix Herbal sachet all varian dan LBMAT) yang mana sebelumnya tidak boleh dijadikan output. Saat ini belum dapat dilakukan revisi terhadap seluruh PPI karena masih menunggu peruabahan lainnya, sehingga sambil menunggu proses revisi PPI implementasi, akan dibuatkan lampiran proses untuk mengakomodir produksi yang berjalan. Produk yang ditetapkan untuk dibuatkan lampiran proses antara lain LBMAT, LKXPA, LKXJA dan LKXNA. TS buatkan lampiran proses untuk produk-produk ini agar sachet hasil tes dengan sohnle dapat dijadikan output.
2.        Pastikan operator di area tersosialisasi mengenai lampiran proses yang sudah dibuat ini. Pastikan tetap dilakukan control fisik sachet terhadap hasil pemeriksaan kebocoran yang MS, sachet tidak sobek dan kotor. Lakukan pemisahan apabila ditemukan sachet hasil sohnle yang bocor. Catat pada catatan perubahan proses apabila ditemukan kondisi yang tidak sesuai.
3.        Informasikan produk-produk yang jalan menggunakan lampiran proses dengan ketentuan sachet ex sohnle dapat dijadikan output ini.
4.        Informasikan timeline rencana perubahan PPI terhadap produk herbal yang disebutkan dalam laporan penyimpangan ini. Segera lakukan perubahan PPI agar penggunaan lampiran proses tidak berkelanjutan.
5.        Produk LBMAT, LKXPA, LKXJA dan LKXNA yang diproduksi menggunakan lampiran proses ini dapat dirilis jika hasil analisa terhadap semua parameter memenuhi syarat (MS) dan tidak ada issue kualitas lain nya. Pastikan hasil pemeriksaan seluruh IPC MS.
",
2024,DEV/QPR/PLG/PR/0824/017,CLOSED,,Unplanned,Procedure/documentation/data integrity,Kepatuhan Dokumentasi,POSNA ,GH636,Tidak ada paraf petugas/operator pada label sedang proses,"1. Pada saat inspector QA melakukan inspeksi di area R. Filling Solid 1, ditemukan temuan tidak ada paraf pada label sedang proses POSNA GH636. Bubuhkan paraf pada label sedang proses tersebut. Lampirkan dokumentasinya.
2. Supervisor Produksi lakukan sosialisasi ulang kepada personil produksi untuk memastikan pencatatan pada PPI sesuai dengan prinsip GPD dan ALCOA. Lakukan pengecekan ulang terhadap dokumentasi yang dilakukan, dan pastikan data yang tertulis sudah sesuai. Lampirkan materi sosialisasi dan daftar hadir sosialisasi.
3. Evaluasi terhadap personil terkait, apakah pernah terjadi temuan ketidaksesuaian serupa sebelumnya. Berikan teguran kepada personil.
4. Apabila tidak ada issue kualitas lainnya dan semua parameter pemeriksaan memenuhi persyaratan, maka produk POSNA GH636 dapat dirilis.
",http://b7-drive.bintang7.com/?launchApp=SYNO.SDS.Drive.Application#file_id=836784925832164689
2024,DEV/QPR/PLG/PR/0824/018,CLOSED,,Unplanned,Product,Kebocoran,LKNTA,GH929,Ditemukan sachet line 3 bocor,"1.         Sachet produk LKNTA GH929 ditemukan bocor di line 3 area sealing horizontal oleh inspector QA pada saat melakukan IPC kebocoran sachet, produk merupakan output mesin Ilapak 2. Selanjutnya dilakukan pembersihan terhadap sealing dan masih ditemukan bocor. DIlakukan perbaikan dengan penggantian pneumatic baru, dan didapatkan hasil verifikasi MS. Terhadap sachet yang bocor, produksi lakukan runut sortir untuk FG dengan prosedur. Hitung hidden cost pada kegiatan ini
2. QA lakukan verifikasi runut sortir kebocoran untuk line 3 sesuai dengan prosedur. Hitung hidden cost pada aktivitas ini
3. Perlu dilakukan investigasi lebih lanjut terhadap pemastian selama proses IPC dilapangan ditemukan sachet bocor dan kondisi mesin yang NOK atau tidak. Dari pengamatan hasil sachet bocor, kebocoran sangat halus dan baru akan terlihat setelah sachet di shonle. Lakukan investigasi lebih lanjut terhadap potensi penyebab adanya kebocoran sachet ini untuk mengetahui root causenya. Pastikan penggantian gasket dilakukan sesuai dengan masa pakainya. Pastikan juga AM dan PM dilakukan sesuai dengan periode yang ditentukan. Hasil seal berkurang kekuatannya potensi berasal dari tetesan bulk produk yang tertinggal saat akhir pengisian. Cantumkan umur gasket, dan waktu pelaksanaan AM pada laporan penyimpangan ini. 
4. Teknik lakukan evaluasi lebih lanjut terhadap penyebab bocor halus pada mesin, pastikan PM mesin dilakukan sesuai penjadwalan. Lakukan pemeriksaan pada bagian sealing horizontal, lakukan setting jika perlu. Perlu dilakukan perbaikan untuk mencegah kejadian berikut berulang.
5.         Produk LKNTA GH929 dapat dirilis jika hasil analisa terhadap semua parameter memenuhi syarat (MS) dan jika tidak ada issue kualitas lain nya
",https://b7-drive.bintang7.com/?launchApp=SYNO.SDS.Drive.Application#file_id=838625574357351883
2024,DEV/QPR/PLG/PC/0824/019,CLOSED,,Planned,Product,Prosedur/Spec/MA tidak sesuai,LKXOB,GH389,LKXOB diproduksi menggunakan 2 kode pack 2DK001010 dan 2DK001020,"1. Terkait dengan adanya usulan produksi LKXOB menggunakan kemasan pack campuran dikarenakan adanya kebutuhan untuk menghabiskan kemasan pack stock lama; jumlah pack kode lama yang tersisa yaitu sebanyak 27.733 pcs, sehingga kekurangan pack untuk pemenuhan 1 batch akan menggunakan pack kode baru sejumlah 4.368 pcs. Perubahan terletak pada penghilangan perforasi dan perubahan logo halal baru sesuai dengan FUP yang disetujui, sehingga tidak berdampak secara langsung terhadap kualitas produk yang dihasilkan. PPIC infokan alokasi BN yang menggunakan kemasan campuran ini, Lampirkan di laporan penyimpangan ini.
2. TS akan membuat lampiran proses dan form verifikasi formula sebagai acuan PPIC melakukan create WO dan proses di operasional dengan kemasan campuran. Perubahan ini tidak berpengaruh terhadap gramasi yang berubah, sehingga tidak berpengaruh terhadap bobot pack dan karton secara keseluruhan. Lampirkan lampiran perubahan proses dan form verifikasi formula kemas campuran.
3. Lakukan sosialisasi lampiran proses yang sudah dibuat oleh TS ke personil di area, agar usulan penggunaan kemasan campuran ini diketahui oleh personil yang terkait.
4. Pastikan pada saat proses pengemasan, proses kemas harus menggunakan kode pack 1 dulu sebelum dilanjutkan dengan karton kode pack lainnya untuk meminimalkan terjadinya mixed up. Tidak boleh ada pack dengan 2 kemasan yang berbeda di dalam 1 karton. Berikan catatan pada catatan perubahan proses apabila ditemukan kendala pada saat jalan proses.
5. Plan deviation ini menjadi acuan perilisan produk LKXOB yang menggunakan kemasan campuran sesuai dengan alokasi dari PPIC. Produk dapat dirilis jika hasil analisa terhadap semua parameter memenuhi syarat (MS) dan tidak ada issue kualitas lain nya
",
2024,DEV/QPR/PLG/TK/0824/020,CLOSED,,Unplanned,Product,Performance hasil pengemasan,POSNA,GH638,Sachet Output SIG 5 gendut dan overlap.,"1.        Mesin SIG 5 dijalankan untuk proses filling POSNA GH638 setelah dilakukan modifikasi penggerak sealing SIG 5. Setelah dilakukan setting dan adjustment, didapatkan output yang tidak bocor menggunakan foil Indogravure, namun didapati ketebalan sachet yang lebih tebal, sehingga menyebabkan pada saat sachet dimasukkan ke dalam pack, pack menjadi sobek. Selain itu, karton FG juga tidak bisa tertutup rapat karena ukuran pack yang over. Kondisi demikian tidak disetujui oleh marketing karena berpengaruh terhadap brand image. Terhadap temuan pack dengan kondisi yang sobek ini, lakukan pergantian terhadap pack. Pastikan output yang dikemas tidak dalam kondisi sobek. Pastikan juga karton FG tetap dapat tertutup dengan rapat, berikan tekanan pada saat memberikan isolasi jika perlu. Hitung hidden cost dari aktivitas tambahan ini. Lakukan FKM apabila dibutuhkan material kemas pengganti tambahan.
2.        Selain itu, juga didapati adanya kondisi foil yang overlap. Terhadap temuan kondisi sachet yang overlap ini, perlu dipastikan tidak adanya kebocoran pada sachet. Lakukan runut sortir terhadap sachet apabila ditemukan sachet dengan kondisi yang bocor.
3.        QA lakukan verifikasi terhadap output perbaikan yang sudah dilakukan oleh produksi. Pastikan FG yang dikemas dalam kondisi baik, packnya tidak sobek dan karton dapat menutup rapat.
4.        Teknik lakukan evaluasi lebih lanjut terhadap kondisi mesin ini, lakukan setting agar output yang dihasilkan dapat memenuhi spesifikasi yang sudah ditentukan. Informasikan perbaikan yang dilakukan.
5.        Produk POSNA GH638 dapat dirilis jika hasil analisa terhadap semua parameter memenuhi syarat (MS) dan jika tidak ada issue kualitas lain nya
",https://b7-drive.bintang7.com/?launchApp=SYNO.SDS.Drive.Application#file_id=838779339985174481
2024,DEV/QPR/PLG/PR/0824/021,CLOSED,,Unplanned,Product,Kepatuhan Dokumentasi,LNKOD,GH036,Ditemukan tidak ada identitas pada bak tampungan,"1.	Pada saat inspector QA melakukan inspeksi ke area kemas liquid lantai 1 dan proses produksi LNKOD GH036, ditemukan adanya 2 bak tampungan tanpa label identitas. Lakukan penelusuran penyebab tidak adanya label identitas pada bak tampungan tersebut. Informasikan pada laporan penyimpangan ini.
2.	Lakukan sosialisasi kepada personil di area produksi untuk selalu memastikan kelengkapan identitas pada produk di setiap proses, baik produk tampungan, produk untuk dimusnah, dan lainnya. Pastikan personil mengetahui funsgi dari identitas tersebut dan selalu memberikan identitas pada produk. Lampirkan daftar hadir dan materi sosialisasi pada laporan penyimpangan ini.
3.	Berikan teguran pada personil yang terlibat pada temuan penyimpangan ini.
",http://b7-drive.bintang7.com/?launchApp=SYNO.SDS.Drive.Application#file_id=837321788594631693
2024,DEV/QPR/PLG/PR/0824/022,CLOSED,,Planned,Product,Prosedur/Spec/MA tidak sesuai,LBXT1,GH146,Proses compounding LBMAV/ LBXT1 batch GH146 tidak sesuai dengan PPI : Terdapat proses eliminasi proses heating – cooling,"""1. TS berencana melakukan trial proses compounding produk LBXT1 tanpa menggunakan proses heating cooling campaign 5 batch sebanyak 3 siklus. Durasi Final Mixing pada trial campaign 5 batch skala komersil akan diubah menjadi 30 menit semula eksisting 15 menit (mengacu pada hasil evaluasi dan trial pada campaign 3 batch). Trial ini dilakukan berdasarkan hasil evaluasi trial campaign 3 batch yang sudah dilakukan sebelumnya dengan hasil analisa MS. TS buatkan lampiran proses terhadap perubahan PPI. Lampirkan lampiran proses pada laporan penyimpangan ini. 
2. Trial rencananya kan dilakukan pada produk LBXT1 mulai dari batch GH146 dan seterusnya. Informasikan apabila ada perubahan nomor batch. 
3. Pastikan operator di lapangan tersosialisasi mengenai rencana trial penghilangan metode heating cooling ini. 
4. Trial campaign 5 batch LBXT1 yang dilakukan oleh tim TS akan dilakukan bersamaan dengan validasi cleaning dari tim QA terhadap Mixing Tank, ST dan mesin filling Ilapak (hasil verifikasi 3 batch campaign pada trial sebelumnya MS). QA Validasi lampirkan protokol stabilitas produk LBXT1 ini. Lampirkan hasil verifikasi yang dilakukan terhadap mesin pada laporan penyimpangan ini. Apabila hasil verifikasi cleaning trial campaign 5 batch TMS, metode cleaning akan mengacu pada hasil trial sebelumnya (campaign 3 batch). 
5. TS lakukan pendampingan selama proses compounding untuk memastikan trial berjalan dengan lancar. Segera koordinasikan dengan departemen terkait apabila ditemui kendala pada saat proses compounding. Ambil sampling 3 titik bulk untuk analisa fisika dan kimia sebagai dasar perilisan bulk di QC. 
6. QC lakukan analisa pemeriskaan terhadap 3 titik bulk. Apabila hasil analisa bulk MS, maka bulk ACC untuk dirilis (sesuai dengan konfirmasi dari TS) dan dilanjutkan ke proses selanjutnya. 
7. Perilisan FG mikro akan dilakukan sesuai dengan sampling QC. TS lakukan pengambilan data mikro tambahan jika diperlukan. Koordinasikan dengan tim QC kebutuhan analisanya.
8. Produk LBXT1 yang jalan tanpa metode heating cooling campaign 5 batch ini dapat dirilis jika hasil analisa terhadap semua parameter, termsuk analisa mikrobiologi memenuhi syarat (MS) dan tidak ada issue kualitas lain nya. Produk diusulkan untuk dialokasikan ke area fast moving. 
9. TS lakukan pengambilan stabtest untuk monitoring kondisi produk selama masa edarnya sesuai dengan protokol yang disusuh TS.
10. TS lakukan evaluasi terhadap hasil trial yang dilakukan. Apabila hasil trial menunjukkan hasil yang MS, maka perubahan ini dapat diusulkan untuk diajukan melalui FUP.
""",
2024,DEV/QPR/PLG/PR/0824/023,CLOSED,,Unplanned,Procedure/documentation/data integrity,Kepatuhan Dokumentasi,POSNA ,GH641,Pemakaian foil tidak sesuai dengan yang tertera pada hasil potong PPI,"1.         Pada saat sedang dilakukan inspeksi oleh inspektor QA (Gunawan) di area SIG 6, ditemukan adanya ketidaksesuaian manufacturer foil yang digunakan dan ditempelkan pada sampel contoh sachet dengan yang tertera pada HPPI (pada HPPI ex Indogravure, pada sampel sachet ex Panverta). Ketidaksesuaian ini berpotensi proses telusur menjadi terkendala. Terhadap ketidaksesuaian ini, lakukan FKM Foil ex Panverta yang digunakan agar secara dokumentasi dapat tertelusur. Lampirkan dokumentasinya pada laporan penyimpangan ini.
2.         Lakukan sosialisasi kepada operator untuk selalu memastikan kesesuaian antara foil yang digunakan dengan dokumen yang terlampir. Lampirkan materi briefing dan daftar hadir sosialisasi
3. Berikan teguran kepada personil yang melakukan ketidaksesuaian ini. Informasikan nama personil.
4. Produk POSNA GH641 dapat dirilis jika hasil analisa terhadap semua parameter memenuhi syarat (MS) dan tidak ada issue kualitas lain nya
",https://b7-drive.bintang7.com/?launchApp=SYNO.SDS.Drive.Application#file_id=838622457727335316
2024,DEV/QPR/PLG/PR/0824/024,CLOSED,,Unplanned,Product,Kebocoran,LETSB ,GG093 ,output Ilapak 11 bocor line 4,"1.         Sachet produk LETSB GG093 ditemukan bocor di line 4 area sealing horizontal oleh inspector QA pada saat melakukan verifikasi after change part, produk merupakan output mesin Ilapak 11. Selanjutnya dilakukan pembersihan terhadap sealing dan masih ditemukan bocor. DIlakukan penambahan temperature sealing horizontal dan didapatkan hasil verifikasi MS. Terhadap sachet yang bocor, produksi lakukan runut sortir untuk FG dengan prosedur. Hitung hidden cost pada kegiatan ini
2. QA lakukan verifikasi runut sortir kebocoran untuk line 4 sesuai dengan prosedur. Hitung hidden cost pada aktivitas ini
3. Dari pengamatan hasil sachet bocor, kebocoran pada sachet sangat halus. Lakukan investigasi lebih lanjut terhadap potensi penyebab adanya kebocoran sachet ini untuk mengetahui root causenya. Pastikan penggantian gasket dilakukan sesuai dengan masa pakainya. Pastikan juga AM dan PM dilakukan sesuai dengan periode yang ditentukan. Cantumkan umur gasket, dan waktu pelaksanaan AM pada laporan penyimpangan ini. 
4. Temuan bocor ini ditemukan pada saat verifikasi after change part, perlu dipastikan pada saat awal running setelah pergantian part setting pada mesin sudah sesuai dan diadjust sesuai dengan yang dipersyaratkan. Pastikan output yang dihasilkan sudah MS dan stabil. Pastikan personil kompeten dalam melakukan setting terhadap mesin
4. Teknik lakukan evaluasi lebih lanjut terhadap penyebab bocor halus pada mesin, pastikan PM mesin dilakukan sesuai penjadwalan. Lakukan pemeriksaan pada bagian sealing horizontal, lakukan setting jika perlu. Perlu dilakukan perbaikan untuk mencegah kejadian berikut berulang.
5.         Produk LETSB GG093 dapat dirilis jika hasil analisa terhadap semua parameter memenuhi syarat (MS) dan jika tidak ada issue kualitas lain nya
",https://b7-drive.bintang7.com/?launchApp=SYNO.SDS.Drive.Application#file_id=837854468690198155
2024,DEV/QPR/PLG/PR/0824/025,CLOSED,,Unplanned,Product,Kebocoran,LPRGQ ,GH207,"Ditemukan sachet line 1 dan 6 di ilapak 5 bocor pada sealing vertikal
Ditemukan sachet line 4 di ilapak 8 bocor pada sealing vertikal dan horizontal
Ditemuakn pack dengan coding double ","1.         Sachet produk LPRGQ batch GH207 ditemukan bocor di line 1 dan 6 area sealing vertical output mesin Ilapak 5 oleh inspector QA pada saat inspeksi. Selanjutnya dilakukan verifikasi dan ditemukan juga sachet bocor di line 4 area sealing vertical dan horizontal output mesin Ilapak 8, serta adanya coding yang double pada pack di karton no 31 palet 2. Terhadap sachet yang bocor dan pack yang codingnya double ini, produksi lakukan runut sortir untuk FG dengan prosedur. Hitung hidden cost pada kegiatan ini
2. QA lakukan verifikasi runut sortir kebocoran untuk line 1 dan 6 untuk output mesin Ilapak 5 dan line 4 untuk output mesin Ilapak 8 sesuai dengan prosedur. Hitung hidden cost pada aktivitas ini
3. Lakukan investigasi lebih lanjut terhadap potensi penyebab adanya kebocoran sachet ini untuk mengetahui root causenya. Pastikan penggantian gasket dilakukan sesuai dengan masa pakainya. Pastikan juga AM dan PM dilakukan sesuai dengan periode yang ditentukan. Cantumkan umur gasket, dan waktu pelaksanaan AM pada laporan penyimpangan ini. Pastikan setting suhu dan tekanan sudah sesuai dengan persyaratan, dan sachet sudah memenuhi persyaratan sebelum dijadikan output. 
4. Berdasarkan BA dari operator, penyebab kebocoran sachet pada sealing vertical adalah baut adjuster sealing vertical yang kendor akibat getaran mesin. Lakukan pemeriksaan secara menyeluruh settingan mesin, termasuk kondisi baut sehigga pada sata jalan filling dipastikan aman.
5. Terhadap hasil coding yang double, lakukan pemeriksaan terhadap sensor dan driver pada mesin printing. Investigasi penyebab adanya coding yang double ini. Lakukan pengujian sampai didapatkan hasil yang memenuhi persyaratan dan stabil.
6. Teknik lakukan evaluasi lebih lanjut terhadap penyebab bocor pada mesin Ilapak 5 dan Ilapak 8, pastikan PM mesin dilakukan sesuai penjadwalan. Lakukan pemeriksaan terhadap kondisi part sealing mesin, dan periksa tekanan sealing pastikan merata agar output yang didapatkan dapat memenuhi spesifikasi. Lakukan untuk kedua bagian sealing horizontal dan vertikal kemudian uji hasil perbaikan untuk memastikan telah sesuai persyaratan. Informasikan perbaikan yang dilakukan pada laporan penyimpangan ini.
7. Produk LPRGQ batch GH207 dapat dirilis jika hasil analisa terhadap semua parameter memenuhi syarat (MS) dan jika tidak ada issue kualitas lain nya
",
2024,DEV/QPR/PLG/PR/0824/026,CLOSED,,Unplanned,Product,Kebocoran,LEHDA ,GH031,output sachet Ilapak 11 rembes line 5,"1.         Sachet produk LEHDA GH031 ditemukan bocor di line 5 area sealing horizontal oleh inspector QA pada saat melakukan IPC, produk merupakan output mesin Ilapak 11. Proses filling distop, dan dilakukan permintaan perbaikan terhadap tim teknik. Terhadap sachet yang bocor, produksi lakukan runut sortir untuk FG dengan prosedur. Hitung hidden cost pada kegiatan ini
2. QA lakukan verifikasi runut sortir kebocoran untuk line 5 sesuai dengan prosedur. Hitung hidden cost pada aktivitas ini
3. Lakukan investigasi lebih lanjut terhadap potensi penyebab adanya kebocoran sachet ini untuk mengetahui root causenya. Pastikan penggantian gasket dilakukan sesuai dengan masa pakainya. Pastikan juga AM dan PM dilakukan sesuai dengan periode yang ditentukan. Cantumkan umur gasket, dan waktu pelaksanaan AM pada laporan penyimpangan ini. Pastikan pada saat fase akhir proses filling tidak terdapat sisa tetesan bulk yang dapat menyebabkan kebocoran pada hasil seal sachet. Pastikan sachet sudah memenuhi persyaratan sebelum dijadikan output.
4. Pada saat awal proses filling, operator kesulitan mengatasi problem sachet bocor produk LEHDA pada mesin Ilapak 11. Perlu dilakukan evaluasi dan diskusi antara tim Teknik dan TS terkait dengan bulk LEHDA dengan setting parameter untuk proses filling LEHDA. Informasikan hasil diskusi pada laporan penyimpangan ini.
4. Teknik lakukan evaluasi lebih lanjut terhadap penyebab bocor halus pada mesin, pastikan PM mesin dilakukan sesuai penjadwalan. Lakukan pemeriksaan pada bagian sealing horizontal, lakukan setting dan perbaikan jika perlu. Informasikan perbaikan yang dilakukan pada laporan penyimpangan ini.
5.         Produk LEHDA GH031 dapat dirilis jika hasil analisa terhadap semua parameter memenuhi syarat (MS) dan jika tidak ada issue kualitas lain nya
",
2024,DEV/QPR/PLG/PR/0824/027,CLOSED,,Unplanned,Product,Prosedur/Spec/MA tidak sesuai,LKNTA ,GH942,ED bersih mesin Filling tidak sesuai ,"1.        Terkait dengan usulan proses filling LKNTA GH942 di mesin Ilapak 2-12 yang melebihi masa bersihnya (masa bersih ED 26 Agustus 2024, estimasi selesai filling 27 Agustus 2024), usulan ACC untuk dilakukan. Lakukan pengambilan sampel FG untuk analisa mikrobiologi sebanyak 3 sachet pada akhir proses filling/titik B (LKNTA GH942 tidak masuk ke dalam sampling plan mikrobiologi). Serahterimakan sampel ke QC untuk dilakukan analisa.
2.        QC lakukan analisa parameter mikrobiologi terhadap sampel FG LKNTA GH942. Lampirkan hasil analisa pada laporan penyimpangan ini.
3.        Setelah selesai proses filling LKNTA GH942, segera lakukan cleaning mesin sesuai dengan prosedur yang ditetapkan. Pastikan hasil cleaning memenuhi persyaratan, dan perhitungan masa bersih dihitung ulang sesuai dengan prosedur yang ada.
4.        Produk LKNTA GH942 dapat dirilis jika hasil analisa terhadap semua parameter memenuhi syarat (MS) dan jika tidak ada issue kualitas lainnya.
",
2024,DEV/QPR/PLG/PR/0824/028,CLOSED,,Unplanned,Product,Kebocoran,POSNA ,GH652,Line 4 bocor pada sealing horisontal,"1.	Sachet produk POSNA GH652 ditemukan bocor di line 4, output mesin SIG 5 tanggal 25 Agustus 2024 pada saat verifikasi before GT sealing halus. Terhadap sachet bocor, lakukan runut sortir sesuai dengan prosedur. Pastikan sachet yang menjadi output dalam keadaan baik dann tidak bocor. Hitung hidden cost pada kegiatan ini.
2. QA akan melakukan verifikasi hasil runut sortir kebocoran line 4. Output sachet yang memenuhi syarat (MS) dapat dilanjutkan ke proses berikutnya. Hitung hidden cost pada kegiatan ini
3. Perlu dilakukan investigasi lebih lanjut terkait temuan kebocoran ini, karena sachet yang digunakan untuk produksi adalah foil ex Panverta yang sebelumnya issue kebocorannya minim. Lakukan penelusuran penyebab kebocoran, apakah berasal dari mesin atau dari foil yang digunakan. Lakukan pemeriksaan pada suhu dan tekanan sealing apakah sudah sesuai dengan yang dipersyaratkan. Pastikan permukaan sealing juga harus bersih dan bebas dari sisa proses yang menempel. Informasikan pada laporan penyimpangan ini perbaikan apa saja yang dilakukan pada saat ditemukan kebocoran ini.
4. Teknik lakukan follow up lebih lanjut terhadap temuan sachet bocor area sealing horizontal, output mesin SIG 5 ini. Kondisi mesin SIG 5 saat ini menggunakan part sealing RVS P dan menggunakan foil ex Panverta, namun temuan kebocoran masih didapati. Lakukan pemeriksaan pada kondisi sealing, pastikan kondisinya utuh dan tidak cacat. Lampirkan detail perbaikan.
5. Produk POSNA GH652 dapat dirilis jika hasil analisa terhadap semua parameter memenuhi syarat (MS) dan jika tidak ada issue kualitas lain nya  
",
2024,DEV/QPR/PLG/PR/0824/029,CLOSED,,Unplanned,Product,Performance hasil pengemasan,LKNTA ,GH929,redaksi pada sachet terpotong,"1. Pada saat verifikasi bocor LKNTA GH929 output mesin Ilapak 12, ditemukan adanya redaksi terpotong pada sachet di line 1-6. Terhadap sachet dengan redaksi yang terpotong ini, produksi lakukan runut sortir untuk FG sesuai dengan prosedur. Tidak perlu input hidden cost (hidden cost sudah dimasukkan ke penyimpangan sachet bocor DEV/QPR/PLG/PR/0824/018)
2. QA lakukan verifikasi runut sortir kebocoran untuk temuan sachet dengan redaksi terpotong sesuai dengan prosedur. Tidak perlu input hidden cost (hidden cost sudah dimasukkan ke penyimpangan sachet bocor DEV/QPR/PLG/PR/0824/018)
3. Perlu dilakukan investigasi lebih lanjut terhadap temuan sachet dengan redaksi terpotong ini, apakah terdapat pergeseran setting foil pada mesin, foil yang licin, atau akibat adanya pembacaan sensor eyemark yang error. Koordinasikan dengan tim teknik apabila diperlukan. Informasikan hasil investigasi yang dilakukan pada laporan penyimpangan ini.
4. Teknik lakukan evaluasi lebih lanjut terhadap penyebab sachet dengan redaksi yang terpotong pada mesin, apakah kesalahan akibat kondisi mesin atau tidak. Lakukan perbaikan terhadap mesin jika diperlukan.
5.         Produk LKNTA GH929 dapat dirilis jika hasil analisa terhadap semua parameter memenuhi syarat (MS) dan jika tidak ada issue kualitas lain nya",https://b7-drive.bintang7.com/?launchApp=SYNO.SDS.Drive.Application#file_id=838770600695609032
2024,DEV/QPR/PLG/BN/0824/001M,Cancel,,Planned,Product,Lain-lain,RGPCB ,388014,Adanya potensi pemusnahan produk RGCPB di WH PG dengan BN 0000388014 yang akan ed per Nov 24,"1. TS berencana melakukan trial proses compounding produk LBXT1 tanpa menggunakan proses heating cooling campaign 5 batch sebanyak 3 siklus. Durasi Final Mixing pada trial campaign 5 batch skala komersil akan diubah menjadi 30 menit semula eksisting 15 menit (mengacu pada hasil evaluasi dan trial pada campaign 3 batch). Trial ini dilakukan berdasarkan hasil evaluasi trial campaign 3 batch yang sudah dilakukan sebelumnya dengan hasil analisa MS. TS buatkan lampiran proses terhadap perubahan PPI. Lampirkan lampiran proses pada laporan penyimpangan ini. 
2. Trial rencananya kan dilakukan pada produk LBXT1 mulai dari batch GH146 dan seterusnya. Informasikan apabila ada perubahan nomor batch. 
3. Pastikan operator di lapangan tersosialisasi mengenai rencana trial penghilangan metode heating cooling ini. 
4. Trial campaign 5 batch LBXT1 yang dilakukan oleh tim TS akan dilakukan bersamaan dengan validasi cleaning dari tim QA terhadap Mixing Tank, ST dan mesin filling Ilapak (hasil verifikasi 3 batch campaign pada trial sebelumnya MS). QA Validasi lampirkan protokol stabilitas produk LBXT1 ini. Lampirkan hasil verifikasi yang dilakukan terhadap mesin pada laporan penyimpangan ini. Apabila hasil verifikasi cleaning trial campaign 5 batch TMS, metode cleaning akan mengacu pada hasil trial sebelumnya (campaign 3 batch). 
5. TS lakukan pendampingan selama proses compounding untuk memastikan trial berjalan dengan lancar. Segera koordinasikan dengan departemen terkait apabila ditemui kendala pada saat proses compounding. Ambil sampling 3 titik bulk untuk analisa fisika dan kimia sebagai dasar perilisan bulk di QC. 
6. QC lakukan analisa pemeriskaan terhadap 3 titik bulk. Apabila hasil analisa bulk MS, maka bulk ACC untuk dirilis (sesuai dengan konfirmasi dari TS) dan dilanjutkan ke proses selanjutnya. 
7. Perilisan FG mikro akan dilakukan sesuai dengan sampling QC. TS lakukan pengambilan data mikro tambahan jika diperlukan. Koordinasikan dengan tim QC kebutuhan analisanya.
8. Produk LBXT1 yang jalan tanpa metode heating cooling campaign 5 batch ini dapat dirilis jika hasil analisa terhadap semua parameter, termsuk analisa mikrobiologi memenuhi syarat (MS) dan tidak ada issue kualitas lain nya. Produk diusulkan untuk dialokasikan ke area fast moving. 
9. TS lakukan pengambilan stabtest untuk monitoring kondisi produk selama masa edarnya sesuai dengan protokol yang disusuh TS.
10. TS lakukan evaluasi terhadap hasil trial yang dilakukan. Apabila hasil trial menunjukkan hasil yang MS, maka perubahan ini dapat diusulkan untuk diajukan melalui FUP.",
2024,DEV/QPR/PLG/FG/0824/030,CLOSED,,Unplanned,Product,Performance hasil pengemasan,LPRG2,GG015,"Ditemukan label karton FG yang luntur pada produk Promag Liquid  Suspensi Batch GG015, GG016 & GG017","1.        Adanya keluhan dari tim gudang Kalbe terkait adanya label FG yang luntur pada produk Promag Suspensi pada saat bongkar FG, dengan detail : Batch GG015 sebanyak 17 label, Batch GG016 sebanyak 4 label, Batch GG017 sebanyak 2 label. Terkait dengan temuan ini, tim B7 melakukan koordinasi dengan tim Gudang Kalbe terkait dengan penggantian label yang luntur. Lakukan print ulang label yang luntur sesuai informasi tim Gudang Kalbe, dan koordinasikan terkait dengan penempelan label reprint ini.
2.        Temuan label luntur ini sudah pernah terjadi sebelumnya, dan ditindaklanjuti dengan CAPA pergantian jenis ribbon (sebelumnya ribbon wax menjadi ribbon wax resin). Sudah dilakukan pengadaan ribbon yang baru per Juni 2024, namun aktualnya masih ditemukan adanya ribbon wax di area. Label yang luntur ini kemungkinan disebabkan penggunaan ribbon wax yang masih ada di area. Untuk selanjutnya, produksi lakukan pemisahan antara ribbon wax dan ribbon wax resin, dan pastikan untuk produk-produk Kalbe labelnya dicetak menggunakan label ribbon wax resin. Pastikan ada penandaan antara kedua ribbon tersebut dan penggunaanya di mesin dan produk yang sudah ditentukan, agar keluhan serupa tidak terjadi lagi di kemudian hari.
3.        SMI label dengan ribbon wax resin ini sudah published pada 27 Agustus 2024. WH follow up dengan pembuatan kode item baru, agar pengadaan ribbon selanjutnya sudah menggunakan kode item baru dan tidak menimbulkan kesalahan pemesanan maupun pengiriman oleh vendor.
4.        Tim WH lakukan investigasi juga terkait pengiriman ke DC2 di Surabaya apakah didapati kejadian serupa, koordinasikan dengan driver pada saat unloading di gudang Surabaya untuk memastikan apakah label yang luntur berpotensi disebabkan karena kondisi transportasi yang jauh.
",
2024,DEV/QPR/PLG/PR/0824/031,CLOSED,,Unplanned,Product,Kebocoran,POSNA ,GH657,Ditemukan sachet bocor pada line 3 dan 4,"1.        Sachet produk POSNA GH657 ditemukan bocor di line 3 dan 4, output mesin SIG 5 tanggal 28 Agustus 2024 pada saat verifikasi GT potongan tidak stabil. Terhadap sachet bocor, lakukan runut sortir sesuai dengan prosedur. Pastikan sachet yang menjadi output dalam keadaan baik dann tidak bocor. Hitung hidden cost pada kegiatan ini.
2. QA akan melakukan verifikasi hasil runut sortir kebocoran line 3 dan 4. Output sachet yang memenuhi syarat (MS) dapat dilanjutkan ke proses berikutnya. Hitung hidden cost pada kegiatan ini
3. Lakukan penelusuran penyebab kebocoran, apakaapakah ada pengaruh dari potongan yang tidak stabil atau karena performa sealing yang tidak maksimal dan menghasilkan sachet yang tidak tersealing sempurna. Setting ulang pisau potong apabila penyebab kebocoran adalah karena potongan yang tidak stabil Lakukan pemeriksaan pada suhu dan tekanan sealing apakah sudah sesuai dengan yang dipersyaratkan. Pastikan permukaan sealing juga harus bersih dan bebas dari sisa proses yang menempel. Informasikan pada laporan penyimpangan ini perbaikan apa saja yang dilakukan pada saat ditemukan kebocoran ini.
4. Teknik lakukan follow up lebih lanjut terhadap temuan sachet bocor, output mesin SIG 5 ini. Lakukan pemeriksaan pada kondisi sealing, pastikan kondisinya utuh dan tidak cacat. Lampirkan detail perbaikan.
5. Produk POSNA GH657 dapat dirilis jika hasil analisa terhadap semua parameter memenuhi syarat (MS) dan jika tidak ada issue kualitas lain nya  
",
2024,DEV/QPR/PLG/PR/0924/001,CLOSED,,Unplanned,Process,Kontaminan,LCLZC ,GH095,Adanya serpihan hitam pada bulk hasil sampling ATB di botol B,"1.        Ditemukan adanya pengotor berupa serpihan hitam pada bulk final mixing LCLZ1 GH095 pada titik sampling B. Sudah dilakukan investigasi pada seal dan seal valve inlet vacuum dan tidak didapati kondisi seal grepes. Pada saat pengecekkan strainer, ditemukan banyak pengotor tertahan pada strainer. Hasil pemeriksaan terhadap bulk ini MS secara fisik dan kadar. Terhadap bulk LCLZ1 GH095 ini, inspector didampingi tim produksi lakukan sampling ulang sebanyak 9 titik, dan lakukan filtrasi dengan kertas saring pada titik 1, 5, dan 9. 
2.        Apabila hasil sampling bulk pada 9 titik ini MS secara visual, dan tidak didapati adanya pengotor maka bulk dapat dirilis dan dilanjutkan untuk proses selanjutnya. Apabila didapati adanya pengotor lain, pisahkan dan lakukan pengujian dengan magnet terhadap pengotor tersebut. Apabila pengotor tidak tertarik oleh magnet (organic), maka proses dapat dilanjutkan untuk proses selanjutnya. Apabila pengotor tertarik oleh magnet, maka proses dihentikan dan dilakukan koordinasi lebih lanjut terkait bulk ini. 
3.        Lakukan investigasi sumber serpihan hitam yang ada pada bulk tersebut, apakah berasal dari bahan baku sesuai dugaan, atau adanya serpihan dari proses lainnya. Lampirkan hasil investigasi pada laporan penyimpangan ini.
4.        Inspektor lakukan pegamatan terhadap kondisi visual material yang digunakan untuk proses compounding produk LCLZ1 selanjutnya. Apabila ditemukan adanya pengotor pada material, segera koordinasikan dengan tim produksi untuk stop proses dan follow up dengan penyimpangan. Catat identitas dan ambil dokumentasi material dengan temuan pengotor tersebut untuk dapat ditindaklanjuti ke vendor. Lakukan FPP terhadap material dengan pengotor tersebut.
5.        Apabila terbukti sumber serpihan berasal dari material, QC follow up temuan serpihan ini ke vendor untuk dapat ditindaklanjuti. 
6.        Terhadap 3 batch berikutnya yang akan diproduksi  (LCLZ1 GH097, GH098, GH099), akan dilakukan investigasi terhadap kondisi strainer after transfer bulk dari MT ke ST, sehingga akan dilakukan cleaning mesin setiap setelah compounding 1 batch. Apabila didapati adanya pengotor pada strainer, pisahkan pengotor untuk diidentifikasi.
7.        Perlu dilakukan evaluasi kembali terhadap penggunaan strainer untuk memisahkan pengotor pada saat transfer bulk apakah efektif atau tidak. Lakukan trial apabila diperlukan untuk memastikan efektivitasnya, beserta frekuensi pembersihannya jika perlu.
8.        QC lakukan tambahan analisa parameter logam berat terhadap sampel FG LCLZC GH095 ini. 
9.        Produk LCLZC GH095 dapat dirilis jika hasil analisa terhadap semua parameter (termasuk parameter pemeriksaan logam berat) memenuhi syarat (MS) dan jika tidak ada issue kualitas lain nya. 
",https://b7-drive.bintang7.com/?launchApp=SYNO.SDS.Drive.Application#file_id=844240474712619394
2024,DEV/QPR/PLG/PR/0824/032,CLOSED,,Unplanned,Product,Kebocoran,LCLZC ,GH087,LCLZC GH087 Sachet bocor diline 1-6,"1.        Sachet produk LCZC GH087 ditemukan bocor di line 1-6 di jam 10.30, output mesin Ilapak 4 tanggal 29 Agustus 2024 pada saat kualifikasi mesin Jinsung 2, bocor ditemukan pada kemasan sekunder yang basah, dan didapati kebocoran akibat potongan sachet yang tidak stabil. Terhadap sachet bocor, lakukan runut sortir sesuai dengan prosedur. Lakukan pergantian juga pada pack yang kondisinya basah. Hitung hidden cost pada kegiatan ini.
2. QA akan melakukan verifikasi hasil runut sortir kebocoran line 1-6 ini. Output sachet yang memenuhi syarat (MS) dapat dilanjutkan ke proses berikutnya. Hitung hidden cost pada kegiatan ini
3. Perlu dilakukan investigasi lebih lanjut penyebab kondisi potongan sachet yang tidak stabil ini.. Lakukan setting ulang pisau potongan pada mesin dan pastikan tidak ada pergeseran eyemark lagi. Pastikan sensor eyemark berfungsi dengan baik, serta eyemark pada foil kondisinya stabil (MS). Jika ditemukan ketidaksesuaian kondisi pada mesin, kooordinasikan dengan tim Teknik. Informasikan pada laporan penyimpangan ini perbaikan apa saja yang dilakukan pada saat ditemukan kebocoran ini.
4. Teknik lakukan follow up lebih lanjut terhadap temuan sachet bocor line 1-6 ini akibat potongan yang tidak stabil, output mesin Ilapak 4. Lakukan pemeriksaan pada kondisi pitau potongan dan sensor eyemark. Lampirkan detail perbaikan.
5. Lampirkan informasi terkait temuan kebocoran sachet akibat potongan yang tidak stabil ini pada laporan kualifikasi, agar informasi ini terdokumentasi pada laporan kualifikasi. Pastikan output sachet sudah MS agar kualifikasi dapat dinyatakan MS.
6. Produk LCZC GH087 dapat dirilis jika hasil analisa terhadap semua parameter memenuhi syarat (MS) dan jika tidak ada issue kualitas lain nya  
",https://b7-drive.bintang7.com/?launchApp=SYNO.SDS.Drive.Application#file_id=840427678497554255
2024,DEV/QPR/PLG/PR/0924/002,CLOSED,,Unplanned,Product,Lain-lain,LPRGP ,GH029,LPRGP GH029. Foil yang digunakan berbayang pada tulisan PROMAG,"1. Pada saat proses filling LPRGP GH029, ditemukan adanya foil dengan redaksi berbayang pada tulisan Promag (no QC 2P/2407/0043 ex Supernova). Foil dibutuhkan untuk proses filling karena tidak ada stok foil dengan nomor QC lainnya. Defect hanya terdapat pada beberapa titik, namun secara keseluruhan masih dapat terbaca dengan baik dan tidak berpengaruh secara langsung terhadap kualitas produk, sehingga material direkomendasikan dapat dilanjutkan untuk digunakan pada proses produksi.
2. QC akan menindaklanjuti temuan Foil Promag Suspensi ini dengan CAPA material untuk follow up investigasi lebih lanjut penyebab Foil Promag Suspensi ini TMS. Lampirkan nomor CAPA. 
3. CPro koordinasikan dengan vendor terkait CAPA yang dibuat oleh tim QC. Lakukan follow up terkait hasil investigasi dan tindakan perbaikan yang.
4.Produk LPRGP GH029 dapat dirilis jika hasil analisa terhadap semua parameter memenuhi syarat (MS) dan jika tidak ada issue kualitas lain nya. 
",https://b7-drive.bintang7.com/?launchApp=SYNO.SDS.Drive.Application#file_id=843655019686310334
2024,DEV/QPR/PLG/PR/0924/003,CLOSED,,Planned,Product,Kepatuhan,POSNA,GH665 - GH666,"1 roll foil POSNA GH665 tidak menggunakan no QC yang ada di HPPI, tetapi menggunakan foil untuk GH666","1.	Terkait dengan rencana penggunaan foil yang tidak sesuai dengan HPPI pada POSNA GH665 dilakukan untuk trial setting suhu sealing Horizontal SIG 5 yang dinaikkan menjadi 220 DC (sebelumnya 200 DC). Foil yang digunakan adalah foil ex Panverta dengan no QC 2P/2408/0037 (yang tertulis pada HPPI adalah 2P/2408/0024). Terkait dengan usulan ini, pastikan output yang dihasilkan memiliki spesifikasi yang MS dan tidak bocor. Koordinasikan dengan tim teknik apabila ditemukan issue pada mesin. (GAA)
2.	Pastikan penggunaan foil yang tidak sesuai ini dapat tertelusur, dengan cara label JO dan label non dispense yang ditempelkan pada PPI sesuai dengan actual yang digunakan di masing-masing batch. Berikan keterangan pada catatan perubahan proses, termasuk informasi nomor karton yang jalan menggunakan foil no QC 2P/2408/0037 pada POSNA GH665 ini. (YSN)
3.	Lakukan retur terhadap 1 roll foil ex IG no QC 2P/2408/0024 pada batch POSNA GH665, dan pada POSNA GH666 lakukan FKM 1 roll foil ex PV akibat kekurangan foil yang digunakan untuk POSNA GH665. Pastikan informasi ini tercantum pada BR beserta dokumentasinya, serta pastikan rekonsiliasi sesuai dengan stok pada system. (YSN)
4.	Produk POSNA GH 665 & GH666 dapat dirilis jika hasil analisa terhadap semua parameter memenuhi syarat (MS) dan jika tidak ada issue kualitas lain nya. (ESO)
",https://b7-drive.bintang7.com/?launchApp=SYNO.SDS.Drive.Application#file_id=840426322581830956
2024,DEV/QPR/PLG/PR/0924/004,CLOSED,,Unplanned,Product,Prosedur/Spec/MA tidak sesuai,LEHDA ,GH031,adanya bagian bawah pack lehda yang ngelupas,"1.        Pada saat verifikasi kebocoran pada produk LEHDA GH031, ditemukan bagian bawah pack dalam kondisi yang mengelupas. Terhadap temuan ini, produksi lakukan pergantian runut sortir terhadap pack dengan kondisi pack yang mengelupas. Lakukan pergantian pack, dan pastikan FG yang dikemas sudah tidak mengelupas lagi kondisinya. Hittung hidden cost dari aktivitas kemas ulang pack ini, beserta biaya pack NC.
2.        QA lakukan verifikasi temuan pack dengan kondisi bagian bawahnya mengelupas. Input hidden cost dari aktivitas verifikasi ini.
3.        Perlu dilakukan investigasi lebih lanjut terhadap temuan pack dengan kondisi bagian bawah mengelupas ini. Berdasarkan hasil interview dengan operator di lapangan, potensi ini bisa berasal dari konveyor yang digunakan. Koordinasikan dengan tim teknik apabila diperlukan perbaikan pada mesin. Investigasi juga apakah ada potensi dari material pack yang digunakan, serta pastikan packer melakukan pengecekkan terhadap kondisi pack pada saat pengemasan. Informasikan hasil investigasi yang dilakukan pada laporan penyimpangan ini.
4.        Apabila dari hasil investigasi terbukti kondisi pack yang mengelupas ini berasal dari pack awalnya, QC tindaklanjuti kondisi pack yang tidak sesuai ini ke CAPA material agar dapat difollowup untuk tindakan perbaikannya. Lakukan pengecekkan terhadap sisa material di gudang, apakah kondisinya MS atau tidak. Jika tidak, lakukan follow up ke vendor terkait kondisi material TMS ini.
5.        Teknik lakukan evaluasi lebih lanjut terhadap penyebab pack dengan kondisi bagian bawah yang mengelupas ini, apakah kesalahan akibat kondisi mesin atau tidak. Lakukan perbaikan terhadap mesin jika diperlukan. Informasikan tindakan perbaikan yang dilakukan.
6.        Produk LEHDA GH031 dapat dirilis jika hasil analisa terhadap semua parameter memenuhi syarat (MS) dan jika tidak ada issue kualitas lain nya
",https://b7-drive.bintang7.com/?launchApp=SYNO.SDS.Drive.Application#file_id=843655531378815514
2024,DEV/QPR/PLG/PR/0924/005,CLOSED,,Unplanned,Procedure/documentation/data integrity,Kepatuhan,LETSB,GJ097,"Terdapat 2 kode foil yang digunakan untuk filling LETSB, 1FE045-05 dan 1FE045-06. Kode foil yang tertera pada ppi pengemasan primer adalah 1FE045-06","1.        Pada saat proses filling LETSB GH097, ditemukan adanya penggunaan kode foil yang tidak sesuai antara actual foil yang digunakan (1FE045-05 dan 1FE045-06) dengan kode foil yang tertera pada HPPI pengemasan primer (1FE045-06). Selanjutnya dilakukan stop proses, dan pencatatan karton yang sudah menjadi FG yaitu sebanyak 71 karton. Dilakukan investigasi terhadap temuan ini, apakah memang adanya ketidaksesuaian antara label yang tertempel dengan fisik foil, atau memang adanya ketidaksesuaian fisik foil yang diserahterimakan dari tim IMC ke tim produksi. 
2.        Didapati adanya ketidaksesuaian antara fisik foil yang diserahterimakan tim IMC ke tim produksi dengan foil yang tertera pada HPPI. Terhadap temuan ini, tim gudang berikan teguran dan sanksi kepada personil gudang yang bertanggung jawab pada ketidaksesuaian ini.
3.        Pada saat serahterima, PIC Foil Produksi juga tidak melakukan pengecekkan kembali kesesuaian antara fisik barang dengan dokumen HPPI. Selain itu, operator Ilapak 11 juga tidak memastikan kode foil yang digunakan dengan dokumen dengan fisik barang yang digunakan. Berikan teguran dan sanksi kepada personil produksi yang bertanggung jawab pada ketidaksesuaian ini.
4.        Penggunaan kode foil LETSB dengan kode lama (1FE045-05) sebelumnya sudah direncanakan untuk jalan pada LETSB GH101 dengan menggunakan pack kode lama juga berdasarkan penyimpangan no DEV/QPR/PLG/PC/0824/006, namun karena ketidaksesuaian ini menyebabkan adanya FG LETSB GH097 yang diproduksi dengan foil kode lama, namun dikemas dengan pack kode baru. Kondisi ini tidak sesuai, sehingga perlu dilakukan pengemasan ulang agar pack yang digunakan sesuai dengan foil yang digunakan. TS buatkan lampiran proses untuk proses repack yang akan dilakukan ini. Pastikan telah disosialisasikan kepada tim Produksi
5.        Terhadap pack kode baru yang sudah digunakan (sudah terdapat coding), tim produksi lakukan pemusnahan, lampirkan qty nya di penyimpangan ini. Perlu dibuatkan FKB sejumlah pack yang akan digantikan untuk proses repacking. Lampirkan FKB pada PPI.
6.        Pastikan seluruh personil yang akan melakukan proses repack ini tersosialisasi mengenai lampiran proses yang sudah dibuat oleh tim TS. Pastikan FG hasil repacking sudah sesuai (foil kemasan lama dengan pack kemasan lama).
7.        QA lakukan verifikasi terhadap output FG hasil repacking yang dilakukan oleh tim produksi. Pastikan kode foil dan pack sesuai dengan yang terdapat di PPI.
8.        Setelah melakukan pergantian pack sesuai dengan foil yang digunakan (foil kode lama dengan pack kode lama), kemas kembali ke dalam karton, jika menggunakan karton sebelumnya  lakukan coret paraf pada bobot karton sesuai dengan bobot actual penimbangan. Pastikan bobot karton ini juga tercatat pada laporan penimbangan Master Box, dan terlampir pada PPI.
9.        Penyimpangan ketidaksesuaian ini akan dilanjutkan ke CAPA agar kejadian serupa tidak terulang kembali di kemudian hari.
10.        Produk LETSB GJ097 dapat dirilis jika hasil analisa terhadap semua parameter memenuhi syarat (MS) dan jika tidak ada issue kualitas lain nya",
2024,DEV/QPR/PLG/PR/0924/006,CLOSED,,Unplanned,Product,Kebocoran,LBMAV ,GH152,LBMAV GH152. Sachet line 1 bocor pada sealing vertikal (dari Ilapak 5),"1.         Sachet produk LBMAV GH152 ditemukan bocor di line 1 area sealing vertical pada saat tim validasi melakukan pengecekkan sampel studi masa pakai Ilapak 5 & 8, produk merupakan output mesin ilapak 5. Terhadap sachet yang bocor, produksi lakukan runut sortir untuk FG dijam sachet FG diproduksi yaitu 16.30 pada line 1 sesuai dengan prosedur. Hitung hidden cost pada kegiatan ini
2. QA lakukan verifikasi runut sortir kebocoran pada line 1 sesuai dengan prosedur. Lakukan verifikasi line lainnya secara sampling. Hitung hidden cost pada aktivitas ini
3. Dari pengamatan hasil sachet bocor, diamati sealing tidak terbentuk dengan baik, namun ruster terbentuk. Lakukan investigasi lebih lanjut terhadap potensi penyebab adanya bulk terjebak (pemeriksaan pada area sealing horizontal, kondisi gasket dan suhu sealing) serta tindakan perbaikan yang dilakukan. Lakuka pemastian terhadap kinerja heater dan system control temperature dengan pengamatan tes fungsi mesin. Jika ditemukan kondisi NOK pada mesin, segera koordinasikan dengan tim teknik untuk dilakukan perbaikan (jika perlu lampirkan WR).
4. Teknik lakukan evaluasi lebih lanjut terhadap penyebab bocor pada mesin, pastikan PM mesin dilakukan sesuai penjadwalan. Perlu dilakukan perbaikan untuk mencegah kejadian berikut berulang
5.         Produk LBMAV GH152 dapat dirilis jika hasil analisa terhadap semua parameter memenuhi syarat (MS) dan jika tidak ada issue kualitas lain nya
",https://b7-drive.bintang7.com/?launchApp=SYNO.SDS.Drive.Application#file_id=843849814985715963
2024,DEV/QPR/PLG/PR/0924/007,CLOSED,,Unplanned,Process,Kontaminan,LCLZ1,GJ102,Terdapat pengotor pada salah 1 tong RM sorbitol,"1.        Pada saat proses compounding Colza GJ102, ditemukan adanya pengotor pada material Sorbitol 70% dengan nomor QC 2R/2408/0024. Selanjutnya proses dihentikan, dan dilakukan diskusi dengan tim QA dan penimbangan, dan agar proses produksi dapat dilanjutkan makan dilakukan tukar guling material Sorbitol dengan Colza GJ106 yang posisinya sudah selesai ditimbang. Pastikan material Sorbitol yang digunakan ini kondisinya MS dan tidak ada pengotor.
2.        Terhadap aktivitas tukar guling ini, lakukan penyesuaian antara label yang ditempelkan pada PPI dengan material yang actual digunakan. Lakukan pencatatan pada catatan perubahan proses.
3.        Lakukan retur ke gudang material Sorbitol 70% dengan kondisi pengotor ini, dan lampirkan dokumen retur pada PPI.
4.        Material Sorbitol 70% produk Colza GJ106 digunakan untuk Colza GJ102, sehingga perlu dilakukan FKM untuk penggunaan material pada Colza GJ106. Lampirkan dokumen FKM pada laporan penyimpangan ini, dan lampirkan pada PPI. Pastikan rekonsiliasi jumlah material yang digunakan sudah sesuai.
5.        Produk Colza GJ102 dapat dirilis jika hasil analisa terhadap semua parameter memenuhi syarat (MS), serta dokumen pada PPI sesuai dan jika tidak ada issue kualitas lain nya
",
2024,DEV/QPR/PLG/PR/0924/008,CLOSED,,Unplanned,Product,Performance hasil pengemasan,LEHDA ,GH030,Coding sachet menabrak redaksi.,"1. Saat dilakukan verifikasi sortir LEFDA GH030 terkait temuan bocor, ditemukan adanya coding sachet yang menabrak redaksi sehingga menutupi redaksi dari sachet (line dan konde foil). Terhadap temuan coding sachet yang menabrak redaksi ini, Produksi lakukan runut sortir sesuai dengan prosedur. Pastikan tidak ada sachet yang redaksinya terpotong. Hitung hidden cost pada kegiatan ini.
2. QA lakukan verifikasi runut sortir sesuai dengan prosedur. Sachet yang dilanjutkan ke proses berikutnya merupakan sachet yang bagian redaksinya tidak tertimpa coding dan memenuhi syarat (MS) secara fisik. Hitung hidden cost pada kegiatan ini.
3. Lakukan evaluasi selama proses kejadian tersebut ditemukan di awal jalan atau selama proses (potensi pergeseran), yang memerlukan fine tuning antara mesin dengan roll foil yang baru. Pastikan sensor eyemark dan program PLC dalam kondisi OK, serta setting coding inkjet sudah sesuai dengan PPI. Lakukan tes fungsi terhadap mesin agar dapat dipastikan output yang dikeluarkan sesuai dengan spesifikasi. Koordinasikan dengan tim terknik terkait tindakan perbaikan lanjutan yang diperlukan.
4. Teknik lakukan follow up pemeriksaan pada part coding atau coding inkjetnya, pastikan dalam kondisi baik, serta tidak ada issue dari mesin yang dapat menyebabkan coding yang dihasilkan tidak sesuai. Lampirkan detail perbaikan.
5. Produk LEFDA GH030 dapat dirilis jika hasil analisa terhadap semua parameter memenuhi syarat (MS) dan jika tidak terdapat issue kualitas lain nya
",https://b7-drive.bintang7.com/?launchApp=SYNO.SDS.Drive.Application#file_id=843847607060053324
2024,DEV/QPR/PLG/PC/0924/009,Cancel,,Planned,Product,Lain-lain,LKXNA ,GJ079,Produksi LKXNA menggunakan pack cartoning dan pack manual (yang membutuhkan extend expired ),,
2024,DEV/QPR/PLG/PC/0924/010,CLOSED,,Planned,Product,Lain-lain,LKXNA ,GJ079,Produksi LKXNA menggunakan pack cartoning dan pack manual (yang membutuhkan pemastian mutu kembali),"1.        Terkait dengan adanya usulan produksi LKXNA menggunakan kemasan pack campuran dikarenakan adanya kebutuhan untuk menghabiskan kemasan pack stock lama yang ED di 8 September 2024 (no QC 2K/2209/0036. Terhadap pack manual yang ED pada 8 September ini, QC akan melakukan pengujian untuk memastikan hasil masih memenuhi spesifikasi pack. Apabila hasil MS, maka QC lakukan perpanjangan ED pack sampai akhir September 2024 dan pack boleh digunakan lama.
2.        Sisa pack kemasan manual yang akan ed sebanyak 19.044 ea (0.9 bn) akan digunakan untuk proses setelah hasil analisanya MS dan EDnya diperpanjang, sehingga untuk pemenuhan 1 batch akan dicampur menggunakan pack kartoning sebanyak 0.1 bn. PPIC infokan alokasi BN yang menggunakan kemasan campuran ini, Lampirkan di laporan penyimpangan ini.
3.        TS akan membuat lampiran proses dan form verifikasi formula terhadap penggunaan pack campuran ini sebagai acuan PPIC melakukan create WO dan proses di operasional dengan kemasan campuran. Lampirkan lampiran perubahan proses dan form verifikasi formula kemas campuran.
4.        Lakukan sosialisasi lampiran proses yang sudah dibuat oleh TS ke tim produksi, agar usulan penggunaan kemasan campuran ini diketahui oleh personil yang terkait.
5.        Proses produksi akan jalan pada mesin Ilapak 5 – 8, sehingga akan diperlukan PPI contingency filling kemas primer untuk panduan jalan proses filling Produksi. QA siapkan PPI contingency sesuai permintaan.
6.        Pastikan pada saat proses pengemasan, proses kemas harus menggunakan kode pack 1 terlebih dulu sebelum dilanjutkan dengan kode pack lainnya untuk meminimalkan terjadinya mixed up. Pastikan pada saat pengemasan : 2 pack tidak bercampur dalam 1 karton FG, serta karton yang digunakan sesuai dengan jenis packnya. Berikan catatan pada catatan perubahan proses terkait informasi nomor karton yang dijalankan dengan kemas manual dan kemas kartoning, dan catat apabila ditemukan kendala pada saat jalan proses.
7.        Plan deviation ini menjadi acuan perilisan produk LKXNA yang menggunakan kemasan campuran sesuai dengan alokasi dari PPIC. Produk dapat dirilis jika hasil analisa terhadap semua parameter memenuhi syarat (MS) dan tidak ada issue kualitas lainnya.
",https://b7-drive.bintang7.com/?launchApp=SYNO.SDS.Drive.Application#file_id=843664498079349783
2024,DEV/QPR/PLG/QA/0924/011,CLOSED,,Unplanned,Product,Kepatuhan Dokumentasi,POSNA ,GH668,DPG Ruang timbang 5 tidak diisi,"1.        Pada saat tim BR QA melakukan pemeriksaan BR POSNA GH668, ditemukan adanya kolom pemeriksaan DPG Ruang Timbang 5 yang tidak diisi (actual ruang timbang tersebut digunakan untuk penimbanga talc dan caffeine). Terhadap temuan ini, lakukan investigasi penyebab pengisian yang terlewat ini. Lampirkan berita acara yang dibuat oleh personil yang bertanggung jawab.
2.        Supervisor penimbangan melakukan sosialisasi kepada seluruh personil penimbang untuk selalu memastikan pengisian dokumen sesuai dengan kondisi actual dan sesuai dengan konsep GDP. Lampirkan daftar hadir sosialisasinya.
3.        Berikan teguran lisan dan/atau tertulis kepada personil yang bertanggungjawab terhadap temuan ketidaksesuaian ini agar kedepannya kejadian serupa tidak terulang kembali. 
4.        Lakukan pemeriksaan terhadap kondisi DPG ruang timbang 5 pada saat waktu penimbangan material pada system EMS. Lakukan pencatatan pada PPI, dan pastikan hasilnya sesuai dengan MS. 
5.        Dapat dilakukan penjajakan terhadap system pencatatan digital secara otomatis untuk menghindari kejadian tidak terdokumentasinya informasi pada PPI.
6.        Produk POSNA GH668 dapat dirilis jika hasil analisa terhadap semua parameter memenuhi syarat (MS) dan jika tidak ada issue kualitas lain nya
",https://b7-drive.bintang7.com/?launchApp=SYNO.SDS.Drive.Application#file_id=843665310524423365
2024,DEV/QPR/PLG/PR/0924/012,CLOSED,,Unplanned,Product,Lain-lain,LETSB ,GJ100,"LETSB GJ100. Ada ketidaksesuaian antara kode material yang dari tertempel di fisik luar barang (label vendor) dengan isi di dalamnya.
kode yang tertempel di fisik luar barang : kode baru (2DK046080)
kode pada fisik packnya : kode lama (2DK046070)","1. Produksi lakukan pendataan jumlah pack terdampak dan kembalikan material fisik tersebut ke gudang dan lakukan FKM sesuai dengan jumlah pack yang didata oleh produksi dan pastikan terhadap pack yang baru kode material sesuai dengan PMFR. Serta pastikan terhadap pack yang salah belum digunakan saat proses produksi.
2. 	Warehouse pastikan terima kembalian material terhadap data sistem sesuai dengan aktual fisik yang dikembalikan, pastikan dibuatkan FPP agar material tersebut tidak digunakan oleh Produksi serta pastikan QC sudah terinfo. Dan berikan material substitusi dari FKM sesuai dengan PMFR kode material dan jumlahnya
3. QC lakukan PMTMS terhadap material kembalian dan buatkan CAPA ke vendor, untuk investigasi dari pihak vendor
4. CPRO lakukan follow up terhadap investigasi yang dilakukan vendor, serta efektifitas CAPA vendor dan pastikan kasus yang sama tidak terulang
5. Produk LETSB GJ100 dapat dirilis jika pack yang digunakan sudah sesuai kode materialnya dan jika tidak ada issue kualitas lain nya",https://b7-drive.bintang7.com/?launchApp=SYNO.SDS.Drive.Application#file_id=843665748634156318
2024,DEV/QPR/PLG/PR/0924/013,CLOSED,,Unplanned,Product,Kebocoran,POSNA,GJ674,Sachet tidak kembung (bocor) di line 1,"1.        Sachet produk POSNA GJ674 ditemukan bocor (sachet tidak kembung) di line 1 area sealing horizontal di jam 00.50 saat dilakukan IPC kebocoran oleh inspektor. Terhadap sachet bocor, lakukan runut sortir sesuai dengan prosedur. Hitung hidden cost pada kegiatan ini.
2. QA akan melakukan verifikasi hasil runut sortir kebocoran line 1, sachet yang memenuhi syarat (MS) dapat dilanjutkan ke proses berikutnya. Hitung hidden cost pada kegiatan ini
3. Perlu dilakukan investigasi lebih lanjut selama proses apakah ditemukan kondisi mesin yang NOK dan IPC dilakukan sesuai prosedur. Lakukan pemeriksaan pada suhu dan tekanan sealing apakah sudah sesuai dengan yang dipersyaratkan. Dari BAP, disebutkan bahwa sudah dibuatkan WR dan dilakukan perubahan pada suhu horizontal, dan didapati hasil pemeriksaan MS setelahnya. Pastikan suhu pada saat awal jalan sudah disetting sesuai dengan spesifikasi yang ditetapkan. Jika ditemukan ketidaksesuaian kondisi pada mesin, kooordinasikan dengan tim Teknik. Informasikan pada laporan penyimpangan ini perbaikan apa saja yang dilakukan pada saat ditemukan kebocoran ini.
4. Teknik lakukan follow up lebih lanjut terhadap temuan sachet bocor line 1 area sealing horizontal, output mesin SIG 6. Lakukan pemeriksaan pada kondisi sealing mesin SIG 6 ini. Pastikan mesin dalam kondisi mesin sehingga dapat menghasilkan output sesuai dengan spesifikasinya. Lampirkan detail perbaikan.
5. Produk POSNA GJ674 dapat dirilis jika hasil analisa terhadap semua parameter memenuhi syarat (MS) dan jika tidak ada issue kualitas lain nya  
",https://b7-drive.bintang7.com/?launchApp=SYNO.SDS.Drive.Application#file_id=843668640088764427
2024,DEV/QPR/PLG/PR/0924/014,APPROVED,https://portal.bintang7.com/B7_Deviation/DataDeviasi/Deviasi?Nomor=24091101,Unplanned,Product,Prosedur/Spec/MA tidak sesuai,LCLZC ,GJ111,Bulk hasil mixing tidak bisa di transfer ke storage,"1. Saat proses mixing LCLZC GJ111 jam 04.00 terdengar suara abnormal pada motor homogenizer sebanyak kurang lebih 3x, setelah itu mixing tank tetrapak 1 tidak dapat berfungsi / mati (ngetrip). Kemudian tim teknik melakukan reset panel MT Tetrapak 1 yang berada di ruang PW l.2, setelah di reset mesin MT Tetrapak 1 dapat beroperasi kembali dan proses mixing dilanjutkan sampai selesai. Saat proses transfer bulk ke storage didapati bulk tidak mengalir ke storage, hasil analisa pada bulk sebelum di transfer hasil nya MS. Terhadap bulk yang tidak dapat di transfer ke ST, lakukan evakuasi bulk dengan transfer ke jalur MT Silverson. Tim Produksi pastikan kondisi MT Silverson sudah dilakukan cleaning, lakukan sosialisasi kepada personil terkait.
2. Saat proses mixing LCLZC GJ111 jam 04.00 terdengar suara abnormal pada motor homogenizer sebanyak kurang lebih 3x, setelah itu mixing tank tetrapak 1 tidak dapat berfungsi / mati (ngetrip). Kemudian tim teknik melakukan reset panel MT Tetrapak 1 yang berada di ruang PW l.2, setelah di reset mesin MT Tetrapak 1 dapat beroperasi kembali dan proses mixing dilanjutkan sampai selesai. Saat proses transfer bulk ke storage didapati bulk tidak mengalir ke storage, hasil analisa pada bulk sebelum di transfer hasil nya MS. Terhadap bulk yang tidak dapat di transfer ke ST, lakukan evakuasi bulk dengan transfer ke jalur MT Silverson. Tim Produksi pastikan kondisi MT Silverson sudah dilakukan cleaning, lakukan sosialisasi kepada personil terkait.
3. Setelah dilakukan transfer ke MT Silverson, produksi lakukan sampling ATB total 3 titik untuk dilakukan analisa ulang.
4.         QC lakukan analisa fisik dan kimia ulang pada sampling tambahan 3 titik ATB . Lampirkan hasil analisa
5. Produksi akan melakukan transfer bulk ke ST melalui strainer sesuai justifikasi hasil analisa. Pastikan kondisi ST yang akan digunakan dalam kondisi bersih
6. Tim produksi bersama tim teknik lakukan investigasi lebih lanjut terhadap penyebab pompa transfer tidak berfungsi. Lakukan pengkondisian MTT1 dalam keadaan kosong untuk dilakukan investigasi pada bagian homogenizer dan pompa transfer.
7. Teknik lakukan perbaikan pada homogenizer dan pompa transfer, pastikan kondisi mesin sudah OK sebelum digunakan kembali untuk proses mixing
8.         Produksi lakukan cleaning ulang pada MTT1 setelah dilakukan perbaikan oleh tim teknik
9. QA kualifikasi, lakukan verifikasi fungsi mesin setelah dilakukan perbaikan pada homogenizer dan pompa transfer. Pastikan hasil OK sebelum digunakan untuk operasional
10. QA kualifikasi, lakukan verifikasi fungsi mesin setelah dilakukan perbaikan pada homogenizer dan pompa transfer. Pastikan hasil OK sebelum digunakan untuk operasional
11. Terhadap batch pertama yang akan dilakukan mixing di MTT1, lakukan sampling 9 titik mewakili A,T,B untuk pendataan. Rilis bulk akan diwakilkan oleh 3 titik. Koordinasikan dengan tim QC
12. Produk LCLZC batch GJ111 dapat dirilis jika hasil analisa terhadap semua paramater memenuhi syarat (MS)",
2024,DEV/QPR/PLG/PR/0924/015,CLOSED,,Unplanned,Product,Kebocoran,POSNA ,GJ680,Sachet bocor line 1 diarea sealling Horizontal,"1.        Sachet produk POSNA GJ680 ditemukan bocor (sachet tidak kembung) di line 1 area sealing horizontal di jam 01.20 saat dilakukan inspeksi oleh inspektor. Terhadap sachet bocor, lakukan runut sortir sesuai dengan prosedur. Hitung hidden cost pada kegiatan ini.
2. QA akan melakukan verifikasi hasil runut sortir kebocoran line 1, sachet yang memenuhi syarat (MS) dapat dilanjutkan ke proses berikutnya. Hitung hidden cost pada kegiatan ini
3. Perlu dilakukan investigasi lebih lanjut penyebab adanya kebocoran sachet ini. Dari BAP, disebutkan bahwa dilakukan sikat pada sealing dan pengurangan tekanan, dan didapati sachetnya MS. Pastikan suhu dan tekanan pada saat awal jalan sudah disetting sesuai dengan spesifikasi yang ditetapkan. Jika ditemukan ketidaksesuaian kondisi pada mesin, kooordinasikan dengan tim Teknik. Informasikan pada laporan penyimpangan ini perbaikan apa saja yang dilakukan pada saat ditemukan kebocoran ini.
4. Teknik lakukan follow up lebih lanjut terhadap temuan sachet bocor line 1 area sealing horizontal, output mesin SIG 6. Lakukan pemeriksaan pada kondisi sealing mesin SIG 6 ini. Pastikan mesin dalam kondisi mesin sehingga dapat menghasilkan output sesuai dengan spesifikasinya. Lampirkan detail perbaikan.
5. Produk POSNA GJ680 dapat dirilis jika hasil analisa terhadap semua parameter memenuhi syarat (MS) dan jika tidak ada issue kualitas lain nya  
",https://b7-drive.bintang7.com/?launchApp=SYNO.SDS.Drive.Application#file_id=843692938016895885
2024,DEV/QPR/PLG/PR/0924/016,CLOSED,,Planned,Product,Prosedur/Spec/MA tidak sesuai,LBXT1,-,masa pakai mesin ilapak saat proses filling berubah dari 3 hari menjadi 7 hari,"1.	TS berencana untuk melakukan trial masa pakai mesin Ilapak 5-8 dengan bulk LBXT1 non heating cooling menjadi 2 hari (eksisting sesuai PPI adalah 3 hari dengan bulk heating cooling). Sebelumnya sudah dilakukan sebanyak 1 siklus dan didapati hasil MS. Terkait dengan usulan ini, TS buatkan lampiran proses untuk mengakomodir kebutuhan trial ini. Lampirkan lampiran proses pada laporan penyimpangan ini.
2.	Pastikan operator tersosialisasi lampiran proses yang sudah dibuat oleh TS.
3.	Koordinasikan dengan departemen terkait untuk nomor batch produk yang akan jalan trial ini agar bisa terpenuhi trial 2 siklus sekaligus. Informasikan nomor batch pada laporan penyimpangan ini pada laporan penyimpangan ini.
4.	Pastikan hasil verifikasi yang dilakukan terhadap fasilitas, mesin dan peralatan, serta produk tetap terjaga selama proses trial. Apabila didapati adanya hasil yang tidak memenuhi persyaratan, segera koordinasikan dengan departemen terkait dan jadikan pertimbangan pelulusan produk. 
5.	Koordinasikan dengan tim QC terkait dengan kebutuhan analisa sampel yang diperlukan diluar sampel normal. Pastikan jumlah sampel dan parameter uji yang diperlukan tertulis dengan jelas.
6.	Lakukan evaluasi terhadap hasil trial yang dilakukan ini. Apabila hasil trial masa pakai mesin bulk LBXT1 non heating cooling selama 7 hari ini MS, maka dapat diusulkan perubahan PPI melalui FUP.
7.	Terhadap produk yang diproduksi selama trial masa pakai 7 hari ini, pastikan hasil pemeriksaan FGnya MS untuk seluruh parameter, terutama parameter mikrobiologi. Apabila hasil pemeriksaan MS, produk dapat diluluskan. 
",
2024,DEV/QPR/PLG/QA/0924/017,CLOSED,,Unplanned,Product,Lain-lain,LKXPA ,GJ046,Hasil otorisasi penimbangan sachet TMS,"1.	Pada saat dilakukan pemeriksaan BR LKXPA GJ046 oleh tim QA, ditemukan adanya hasil penimbangan sachet pada otorisasi yang TMS (hasil tercantum 19.17 gr, sedangkan syarat bobot sachet 19.57 – 23.32 gr). Terhadap karton dengan hasil penimbangan TMS ini, lakukan verifikasi pada karton yang terdampak. Inspektor QA lakukan penimbangan ulang terhadap karton yang dilakukan otorisasi ini untuk memastikan bobot masing-masing sachet MS. Informasikan hasil verifikasi pada laporan penyimpangan ini.
2.	Perlu dilakukan pemastian terhadap bobot sachet yang ditimbang oleh Supervisor produksi pada saat approval form otorisasi. Pastikan dokumen yang disetujui sudah sesuai, dan tindaklanjuti apabila ditemukan hasil yang TMS.
3.	Berdasarkan informasi dari berita acara yang dilampirkan pada laporan penyimpangan, disebutkan bahwa ada kesalahan penulisan pada form otorisasi. Berikan teguran kepada personil terkait agar kejadian serupa tidak terulang kembali. Lakukan sosialisasi kepad operator dan packer agar selalu mindful dalam melaksanakan pekerjaaannya. 
4.	Lakukan investigasi kesesuaian berita acara yang dibuat oleh operator. Apabila didapati adanya kendala pada timbangan, segera lakukan perbaikan. Lampirkan hasil investigasi pada laporan penyimpangan ini.
5.	Produk LKXPA GJ046 dapat dirilis jika hasil analisa terhadap semua parameter memenuhi syarat (MS), serta dokumen pada PPI sesuai dan jika tidak ada issue kualitas lain nya
",https://b7-drive.bintang7.com/?launchApp=SYNO.SDS.Drive.Application#file_id=843696230562314279
2024,DEV/QPR/PLG/PR/0924/018,CLOSED,,Unplanned,Product,Kepatuhan,LPRGQ ,GJ229 - GJ230,masa simpan RM lebih dari 1 hari,"1. Material produk LPRGQ GJ229 dan GJ230 sudah dilakukan penimbangan pada tanggal 11 September, dan estimasi untuk compounding produk lebih dari 1 hari (berdasarkan kesepakatan pada meeting issue kasus gembung LPRGQ, cycle time 1 batch produk LPRGQ diminta untuk < 24 jam). Terhadap material yang sudah ditimbang ini, pastikan material selalu disimpan pada ruang staging dengan kondisi AHU on.
2. Terhadap RM yang sudah ditimbang ini, sudah dilakukan sampling terhadap material Ananas oleh tim QA pada saat penimbangan material. Tim QA lampirkan hasil analisa mikrobiologi terhadap material ananas ini.
3. 	Apabila hasil mikrobiologi pada material ananas ini MS dan tidak OOT, material ACC untuk dilanjutkan proses compounding. Pada saat compounding, lakukan verifikasi terhadap kondisi material, dan pastika	Inspektor QA lakukan verifikasi terhadap kondisi fisik RM LPRGQ GJ229 dan GJ230 pada saat proses compounding, dan pastikan tidak ada issue pada material.n hasil pemeriksaan secara visual dan aroma MS.
4. 	Inspektor QA lakukan verifikasi terhadap kondisi fisik RM LPRGQ GJ229 dan GJ230 pada saat proses compounding, dan pastikan tidak ada issue pada material.
5. 	Terhadap produk GJ229 dan GJ230, lakukan pengambilan sampel sachet ATB untuk pemeriksaan mikrobiologi.
6. QC lakukan pemeriksaan mikrobiologi terhadap sampel FG GJ229 dan GJ230 ini, pastikan sampel pemeriksaan pada titik ATB dan tidak dilakukan secara composite.
7. 	Produk LPRGQ GJ229 dan GJ230 dapat dirilis jika hasil analisa terhadap semua parameter memenuhi syarat (MS) termasuk parameter mikrobiologi dan tidak OOT, dan pastikan tidak ada issue kualitas lain nya
8. Terhadap issue penimbangan material LPRGQ yang masa simpannya lebih dari 1 hari ini, perlu dikoordinasikan terkait dengan teknis penimbangan produk LPRGQ dengan tim produksi agar kedepannya penjadwalan timbang material LPRGQ ini dapat sesuai dengan kesepakatan
9. QA lakukan pengambilan sampel salah satu batch produk untuk monitoring stabilita selama masa edar produk
10. 	Terhadap material Ananas yang diperlukan untuk dilakukan analisa terhadap setiap vat sebelum digunakan, perlu dilakukan studi agar analisa yang dilakukan lebih efektif serta penetapan terhadap periode analisa yang dilakukan terhadap material ananas",https://b7-drive.bintang7.com/?launchApp=SYNO.SDS.Drive.Application#file_id=843836857660783518
2024,DEV/QPR/PLG/PR/0924/019,CLOSED,,Unplanned,Product,Kontaminan,LCLZC ,GJ112,kemasan plastik RM sod saccharin sobek,"1.        Pada saat compounding produk LCLZ1 batch GJ112, ditemukan adanya kemasan plastic RM Sodium Saccharine yang bocor. Terhadap temuan material dengan kondisi bocor ini, produksi lakukan retur, dan buatkan FKM sebagai material penggantinya. Lampirkan dokumen pada PPI. Pastikan rekonsiliasi pada PPI sudah sesuai dan lengkap.
2.        Terhadap kondisi material dengan kemasan bocor ini, lakukan investigasi penyebab kebocoran tersebut, apakah dari proses penimbangan material, saat proses serah terima, atau disebabkan karena kondisi kemasan awalnya. Informasikan hasil investigasi pada laporan penyimpangan ini. 
3.        Terhadap material kembalian ini, tim gudang lakukan pemindahan material yang tersisa di dalam kantong ke dalam kemasan baru. Pastikan tidak terdapat pengotor pada material tersebut, serta kantong yang digunakan dalam kondisi baik. Lakukan penimbangan qty material yang berhasil dipindahkan, dan lakukan penyesuaian qty pada system. 
4.        Material yang diretur ini diberikan status FPP oleh tim gudang. Terhadap material saccharine ini, QC berikan disposisi rilis terhadap material (tanpa pemeriksaan ulang) jika didapati tidak adanya pengotor terhadap material.
5.        Produk LCLZC batch GJ112 dapat dirilis jika hasil analisa terhadap semua parameter memenuhi syarat (MS), serta dokumen pada PPI (termasuk dokumen retur dan FKM) sesuai dan jika tidak ada issue kualitas lain nya
",https://b7-drive.bintang7.com/?launchApp=SYNO.SDS.Drive.Application#file_id=843839688891478113
2024,DEV/QPR/PLG/PR/0924/020,CLOSED,,Planned,Product,Lain-lain,"LBMAV
        LKXNA","GJ177-GJ192
GJ077 - GJ079","Berdasarkan FUP/PLG/PRD/2406/004M (untuk LBMAV dan LBMAT) dan FUP/CKR/PRD/2407/005M (untuk OT SK selain LBMAV dan LBMAT), pada kemasan primer dan sekunder produk diusulkan agar dilakukan penghilangan pencantuman Manufacturing Date pada proses coding kemasan primer dan kemasan sekundernya sehingga proses coding cukup dilakukan dengan informasi No. Batch dan Expired Date.
Namun, perubahan ini belum dapat diimplementasikan segera jika menunggu revisi PPI dikarenakan masih menunggu perubahan-perubahan lainnya yaitu :
1. Pada LBMAV; LBMAT sudah implementasi: perubahan masa staging bulk dari 3 hari menjadi 7 hari dan menghilangkan proses heating cooling yang saat ini masih on progress study masa pakai mesin filling serta proses pembuatan FUP menunggu data study
2. LKXNA & LKXJA: Masih akan menghabiskan stock kemasan lama sementara penghilangan MD akan diimplementasi revisi PPI nya pada saat kemasan baru terkait perubahan desain dan grammatur dari 310 ke 270 gsm yang saat ini on progress revisi PPI
3. LKXOD: Akan ada perubahan spesifikasi BJ sehingga PPI akan dinaikkan setelah spesifikasi approved","1.        Berdasarkan FUP/PLG/PRD/2406/004M dan FUP/CKR/PRD/2407/005M terkait penghilangan pencantuman Manufacturing Date pada coding kemasan primer dan sekunder produk OT SK yang sudah disetujui, usulan ini akan segera diimplementasikan. Saat ini, ada beberapa PPI masih in progress revisi dan menunggu FUP, namun untuk mengakomodir pemenuhan target produksi di bulan September 2024, maka produk herbal yang jalan di mesin filling Ilapak 5 & 8 (LBMAV, LKXNA, LKXOD), dan juga pada produk LKXJA yang jalan di Ilapak 11 akan dijalankan dengan menggunakan lampiran proses untuk menghindari kebingungan implementasi oleh operator dan meminimalisir risiko mix up.  TS buatkan lampiran proses untuk penghilangan Manufacturing Date produk LBMAV, LKXNA, LKXOD dan LKXJA.
2.        TS lakukan sosialisasi kepada operator terkait dengan penghilangan MD pada coding sachet dan pack ini.
3.        Lakukan proses produksi dengan penghilangan MD ini mengacu pada lampiran proses yang sudah dibuat oleh TS. Koordinasikan dengan tim terkait apabila ditemukan kendala. Lakukan pencatatan pada nomor batch perdana yang jalan dengan penghilangan MD ini.
4.        Implementasi usulan penghilangan MD ini belum dilakukan approval registrasi (yang seharusnya masuk kategori tell & do), sehingga dapat berisiko menjadi temuan. Terkait dengan hal ini, akan dibuatkan kajian risiko untuk dapat dilakukan mitigasi terhadap potensi risiko yang mungkin muncul. 
5.        QA pastikan registrasi penghilangan MD pada kemasan ini sesuai dengan timeline yang direncanakan. Lampirkan timeline pada laporan ini. Lakukan monitoring terhadap implementasinya. 
6.        TS segera follow up dengan lakukan revisi pada PPI untuk produk-produk terkait dengan penghilangan MD pada coding sachet dan pack ini sesuai dengan timeline yang sudah direncanakan.
7.        Informasikan pada laporan penyimpangan ini nomor batch perdana produk yang jalan menggunakan lampiran proses ini untuk setiap produknya.
8.        Apabila akan diimplementasikan juga untuk produk Kalbe, koordinasikan dengan tim Kalbe terkait dengan usulan penghilangan MD pada kemasan ini sebelum approval registrasinya. Pastikan dari pihak Kalbe menyetujui hal ini sebelum diimplementasikan.
9.        Terhadap produk-produk yang diproduksi dengan menggunakan lampiran proses penghilangan MD pada kemasan ini, dapat diberikan status disposisi rilis apabila hasil analisa memenuhi persyaratan dan tidak ada issue kuealitas lainnya. 
",
2024,DEV/QPR/PLG/AD/0924/021,CLOSED,,Unplanned,Product,Kebocoran,LEHDA ,GH030,LEHDA GH030 sachet bocor diline 4,"1. Sachet produk LEHDA GH030 ditemukan bocor di line 4 area sealing horizontal pada saat verifikasi kebocoran sachet line 5, produk merupakan output mesin ilapak 11 menggunakan foil ex Panverta. Terhadap sachet yang bocor, produksi lakukan runut sortir untuk FG sesuai dengan prosedur. Hitung hidden cost pada kegiatan ini 
2. QA lakukan verifikasi runut sortir kebocoran untuk line 4 sesuai dengan prosedur. Hitung hidden cost pada aktivitas ini.
3. Perlu dilakukan investigasi lebih lanjut terhadap penyebab kebocoran pada produk LEHDA GH030 ini, mengingat bocor ini merupakan runutan lanjutan dari GH031.  Lakukan pemeriksaan terhadap mekanisme mesin yang digunakan, bulk produk serta kemasan foil yang digunakan. Pastikan setting suhu dan tekanan sealing pada mesin filling sesuai dengan yang ditetapkan dan stabil. Lakukan tes fungsi sebelum mesin dijalankan sampai mendapatkan hasil yang MS sebelum dijadikan output. Pastikan bulk yang difilling juga tidak ada potensi meninggalkan sisa pada area sealing sehingga memperbesar potensi kebocoran pada sachet. Pastikan penggantian gasket dilakukan sesuai dengan masa pakainya. Pastikan juga AM dan PM dilakukan sesuai dengan periode yang ditentukan. Cantumkan umur gasket, dan waktu pelaksanaan AM pada laporan penyimpangan ini. 
4. Teknik lakukan evaluasi lebih lanjut terhadap penyebab kebocoran produk LEHDA pada mesin Ilapak 11, pastikan PM mesin dilakukan sesuai penjadwalan. Informasikan perbaikan yang dilakukan pada laporan penyimpangan ini.
5. Penyimpangan kebocoran LEHDA ini  merupakan kasus berulang, sehingga perlu ditindaklanjuti dengan CAPA untuk dapat dilakukan tindakan perbaikan dan pencegahan yang sesuai.
6. Produk LEHDA GH030 dapat dirilis jika hasil analisa terhadap semua parameter memenuhi syarat (MS) dan jika tidak ada issue kualitas lain nya
",https://b7-drive.bintang7.com/?launchApp=SYNO.SDS.Drive.Application#file_id=843846359143463864
2024,DEV/QPR/PLG/PR/0924/022,CLOSED,,Unplanned,Product,Kepatuhan,PWSNH ,GJ156,Terdapat temuan audit BPOM terkait study staging produk powder farma (PWSNH) di PT. Bintang Teodjoe yang tidak sesuai dengan yang dicantumkan pada PPI,"1.        Pada saat audit BPOM terkait CPOB (Maret 2024), terdapat permintaan hasil study staging produk Waisan yang menjadi dasar pencantuman masa simpan di PPI Ruah Waisan, dimana berdasarkan hasil studi yg dilakukan R&D didapati waktu staging selama 13 hari sedangkan pada PPI tercantum 7 hari. Terkait dengan hal ini, dari tim TS akan melakukan studi staging pada bulk komersil sebanyak 200kg yang direncanakan akan dilakukan pada batch GJ156. TS buatkan FKB untuk bulk sebanyak 200kg yang digunakan pada trial ini. Informasikan nomor batch yang digunakan.
2.        Produksi lakukan compounding pada PWSNH GJ156 dengan menggunakan PPI eksisting. Rendemen bulk akan berkurang karena adanya FKB untuk keperluan trial ini sebanyak 200kg. Pastikan dilakukan pencatatan pada catatan perubahan proses.
3.        TS lakukan pengambilan sampel untuk kebutuhan studi staging masa bulk PWSNH. Pastikan ruangan tetap terkondisikan suhu dan RHnya selama proses penyimpanan. Studi akan dilakukan selama 14 hari, dan akan dilakukan sampling pada hari-hari tertentu sesuai dengan protokol. Pada hari ke-14, akan dilakukan filling terhadap bulk untuk dijadikan sampel stabtest. Lakukan pendampingan, dan pastikan outputnya tidak dijadikan produk untuk dikomersilkan.
4.        TS koordinasikan dengan QC terkait dengan sampel yang dibutuhkan untuk pemenuhan studi ini. Pastikan sampel yang diserahterimakan ke QC identitasnya lengkap dan sesuai.
5.        QC lakukan analisa terhadap sampel studi yang diberikan TS, sesuai dengan parameter permintaan.
6.        Pastikan dilakukan cleaning terhadap bin sesudah selesai digunakan untuk studi staging bulk Waisan 14 hari ini. 
7.        QA lakukan verifikasi terhadap cleaning bin yang sudah dilakukan. Lampirkan hasil verifikasi pada laporan penyimpangan ini.
8.        Produk PWSNH GJ156 dapat dirilis jika hasil analisa terhadap semua parameter memenuhi syarat (MS) dan jika tidak ada issue kualitas lain nya
",
2024,DEV/QPR/PLG/PR/0924/023,CLOSED,,Planned,Product,Prosedur/Spec/MA tidak sesuai,POSNA ,-,all batch hingga kedatangan PV dengan gramatur yang disesuaikan,"1.        Adanya penggunaan foil Panverta untuk produk POSNA yang menyebabkan hasil penimbangan karton POSNA yang memerlukan otorisasi. Hal ini disebabkan karena gramatur foil POSNA yang lebih tinggi dibandingkan dengan Indogravure. Terhadap hal ini, diusulkan untuk dilakukan perubahan range berat karton untuk mengakomodir bobot karton POSNA yang over ini agar meminimalisir proses otorisasi, serta meminimalisir risiko kekurangan pack dalam karton. TS buatkan lampiran proses perubahan range bobot karton POSNA menjadi 6.18 – 6.44 kg (berdasarkan hasil perhitungan adust bobot karton yang sudah dilakukan). Lampirkan lampro pada laporan penyimpangan ini.
2.        Lakukan sosialisasi lampiran proses yang sudah dibuat ke tim packer agar personil tersosialisasi mengenai peruabahan range bobot karton ini. Lampirkan daftar hadir sosialisasi dalam laporan penyimpangan ini.
3.        TS buatkan PDO dan R&D melakukan penyesuaian range bobot karton di master item untuk mengubah 3WS produk POSNA menjadi 6.18 – 6.44 kg. Apabila didapati adanya bobot yang diluar range tersebut pada saat menggunakan foil ex Panverta, lakukan proses otorisasi sesuai dengan prosedur. 
4.        Apabila proses produksi menggunakan foil ex Indogravure dan didapati bobot karton antara 6.11 – 6.18 kg, lakukan otorisasi pada system 3WS, namun tidak perlu dilakukan otorisasi perhitungan sachet. Lakukan otorisasi sesuai prosedur otorisasi apabila didapati adanya hasil penimbangan karton dengan bobot dibawah 6.11 kg. 
5.        Lampiran proses ini akan digunakan untuk produksi POSNA yang menggunakan JO MNM03C01 dan MNM02B01 (foil kedatangan Agustus dan September). Informasikan POSNA yang jalan dengan menggunakan lampiran proses ini. 
6.        Berdasarkan informasi dari vendor, untuk foil kedatangan bulan Oktober dan seterusnya, akan dilakukan penyesuaian kembali terhadap gramatur foil sehingga range bobot karton akan dikembalikan ke spesifikasi awalnya. Pastikan dilakukan penyesuaian kembali pada system 3WS agar range bobot dapat sesuai dengan spesifikasi awal yang ditetapkan.
7.        TS lakukan evaluasi terhadap penyesuaian range berat karton yang baru ini. Apabila diperlukan penyesuaian permanen terhadap range bobot karton POSNA ini untuk mengakomodir kebutuhan penggunaan foil ex Panverta, buatkan FUP terhadap usulan perubahan ini.
8.        Produk POSNA yang diproduksi menggunakan lampiran proses perubahan range bobot karton ini dapat dirilis jika hasil analisa terhadap semua parameter memenuhi syarat (MS) dan jika tidak ada issue kualitas lain nya",
2024,DEV/QPR/PLG/PR/0924/024,CLOSED,,Unplanned,Product,Prosedur/Spec/MA tidak sesuai,LBMAT ,GJ176,ED Storage lebih dari masa pakai,"1.        Adanya menggunaan ST 5 yang melebihi masa pakainya pada saat digunakan untuk menyimpan bulk LBXT1 GJ176, dimana estimasi selesai filling adalah tanggal 17 September 2024 dan ED masa pakai ST 5 padalah 15 September 2024. Terkait dengan hal ini, pastikan tidak ada perubahan pada fisik bulk sebelum prooses dilanjutkan filling. Apabila didapati adanya perubahan fisik pada bulk, segera informasikan ke tim QA untuk dapat diverirfikasi dan ditindaklanjuti.
2.        Apabila hasil pemeriksaan fisik bulk MS, maka produk dapat dilanjutkan untuk filling (mengacu pada hasil studi staging bulk LBXT1 selama 7 hari, serta hasil studi campaign batch selama 7 hari yang MS). 
3.        Setelah selesai proses filling bulk LBXT1 GJ176, pastikan ST 5 segera dicleaning sebelum dilanjutkn untuk penyimpanan bulk produk selanjutnya. Pastikan hasil cleaning MS dan tidak ada issue yang muncul akibat penyimpanan bulk yang melebihi masa pakai ini. 
4.        Lakukan pemeriksaan terhadap hasil mikrobiologi FG, dan pastikan hasilnya MS. Apabila hasil pemeriksaan seluruh parameter MS (termasuk mikrobiologi yang tidak OOT), maka produk LBMAT GJ176 dapat dirilis.
",https://b7-drive.bintang7.com/?launchApp=SYNO.SDS.Drive.Application#file_id=843872820028027592
2024,DEV/QPR/PLG/PR/0924/025,CLOSED,,Unplanned,Product,Performance hasil pengemasan,LCLZC ,GJ110,Ditemukan coding pada sachet terkena redaksi,"1. Pada saat dilakukan verifikasi sachet kasus kebocoran produk LCLZC GJ110, didapati adanya coding yang tidak jelas pada sachet, dimana posisi coding menabrak redaksi. Produksi lakukan runut sortir terhadap kondisi coding yang menabrak redaksi ini. Lakukan penghapusan coding yang tidak sesuai, dan coding ulang pada area yang seharusnya. Hitung hidden cost pada kegiatan ini.
2. QA lakukan verifikasi runut sortir coding yang menabrak redaksi ini sesuai dengan prosedur. Hitung hidden cost pada aktivitas ini.
3. Lakukan investigasi terkait coding yang menabrak redaksi ini. Perlu dipastikan setting inkjet yang digunakan sebelum jalan proses kemas sudah oke. Lakukan setting ulang inkjet jika memang hasil coding yang didapatkan belum stabil. Lakukan pemerikaan juga pada sensor pembaca eyemark. Pastikan hasil setting coding stabil dan tidak bergeser sebelum coding dilanjutkan untuk sachet berikutnya. Koordinasikan dengan vendor apabila ditemukan kendala pada inkjet.
4. Teknik lakukan pengecekkan pada kondisi mesin, apakah ada kondisi mesin yang bermasalah dan perlu dilakukan perbaikan. Informasikan perbaikan yang dilakukan (jika ada) pada laporan penyimpangan ini.
5.         Produk LCLZC GJ110 dapat dirilis jika hasil analisa terhadap semua parameter memenuhi syarat (MS) dan jika tidak ada issue kualitas lain nya
",https://b7-drive.bintang7.com/?launchApp=SYNO.SDS.Drive.Application#file_id=843873779550565739
2024,DEV/QPR/PLG/FG/0924/026,CLOSED,,Unplanned,Product,Kebocoran,LCLZC,GJ110,"Ditemukan 1 box yang bocor line 5 pada karton 24 pallet 1, di mesin Ilapak 3.","1.	Sachet produk LCZC GJ110 ditemukan bocor di line 5 pada saat pengambilan sampel untuk pemeriksaan logam berat di OMC, sachet ditemukan pada karton 24 palet 1, output mesin Ilapak 3. Terhadap sachet bocor, lakukan runut sortir sesuai dengan prosedur. Lakukan pergantian juga pada pack yang kondisinya basah. Pastikan produk yang diterima konsumen dalam kondisi baik dan tidak bocor. Hitung hidden cost pada kegiatan ini, termasuk biaya NC
2.	WH lakukan FPP terhadap NC produk yang ditemukan untuk selanjutnya akan dilakukan FUM oleh tim QA. 
3.	QA akan melakukan verifikasi hasil runut sortir kebocoran line 5 ini. Output sachet yang memenuhi syarat (MS) dapat dilanjutkan ke proses berikutnya. Hitung hidden cost pada kegiatan ini 
4.	Perlu dilakukan investigasi lebih lanjut penyebab adanya kebocoran sachet ini, dimana kebocoran ditemukan area kebocoran ditemukan pada bagian sealing horizontal bagian atas dan bawah pada sealing yang tidak terbentuk sempurna. Apakah dikarenakan factor sealing yang kaotor, atau karena ketidaksesuaian suhu dan tekanan pada saat jalan mesin. Jika ditemukan ketidaksesuaian kondisi pada mesin, kooordinasikan dengan tim Teknik. Informasikan pada laporan penyimpangan ini perbaikan apa saja yang dilakukan pada saat ditemukan kebocoran ini. 
5.	Teknik lakukan follow up lebih lanjut terhadap temuan sachet bocor di mesin Ilapak 3 ini, lakukan penelusuran terhadap kondisi mesin dan potensi penyebab kebocoran. Informasikan perbaikan apa yang dilakukan.
6.	Lakukan sosialisasi kepada seluruh personil produksi untuk selalu memastikan kondisi produk yang dikemas dalam kondisi baik, karena sachet yang bocor ditemukan di gudang OMC pada saat sampling. Lampirkan daftar hadir sosialisasinya.
7.	Produk LCZC GJ110 dapat dirilis jika hasil analisa terhadap semua parameter memenuhi syarat (MS) dan jika tidak ada issue kualitas lain nya",https://b7-drive.bintang7.com/?launchApp=SYNO.SDS.Drive.Application#file_id=843876170519853162
2024,DEV/QPR/PLG/FG/0924/027,CLOSED,https://portal.bintang7.com/B7_Deviation/DataDeviasi/Deviasi?Nomor=24092004,Planned,Product,Lain-lain,"LBMAV
LBMAT 
LEHDA
LETSB 
LKJTA 
LKPTA 
LKNTA 
LKKSB 
LKXJA 
LKXNA 
LKXOB 
LKXOD 
LNKKB 
LNKOA 
LPRGQ 
POSNA
PWSNH
LCLZC  





",-,"Product Finish Good dikirimkan ke Warehouse distributor dalam status karantina, belum rilis.","1. Adanya kemunduran rencana stuffing produk Colza yang berdampak pada kapasitas penyimpanan gudang FG di Pulogadung, sehingga untuk mengatasi hal ini diusulkan adanya penyimpanan produk local dalam status karantina di RDC EPM. Terhadap usulan ini, PPIC buatkan QRM untuk memitigasi potensi risiko yang muncul atas kondisi ini. Lampirkan QRM pada laporan penyimpangan ini.
2. Perlu dipastikan adanya system yang menjaga agar produk yang dikirimkan ke RDC tidak terkirim sebelum pemberian disposisi rilis oleh tim QA B7. PPIC lakukan koordinasi dengan tim RDC EPM terkait penjagaan yang perlu dilakukan pada saat penyimpanan produk. Pastikan warehouse RDC EPM sudah memiliki sertifikat GMP terstandar, dan prosedur penanganan FG sesuai dan aman.
3. Secara flow, B7 akan mengirimkan produk dengan status karantina dari WH PG ke gudang RDC EPM menggunakan surat jalan manual ke RDC 1 (Jakarta) sesuai kebutuhan. WH PG mengirimkan informasi terkait pengiriman ini melalui email.
4. Pastikan pengiriman produk dengan status karantina ini dilakukan dengan menggunakan mobil yang terpisah dengan mobil regular yang statusnya sudah rilis.
5. PPIC kirimkan list estimasi output dan simulasi pergerakan palet di EPM WH C.
6. QA akan melakukan perilisan terhadap produk yang dititipkan pada RDC EPM apabila hasil pemeriksaan terhadap seluruh parameter memenuhi persyaran.
7. Setelah produk sudah dirilis, WH B7 akan mengirimkan informasi perilisan produk bersamaan dengan dokumen yang diperlukan. Setelah produk dirilis, maka subinventorynya akan berubah ke Pulo Ayang.
8. Setelah produk rilis, maka dari DP akan mengirimkan email untuk 2 opsi, yaitu : dipindahkan dari WH C ke tiap DC atau langsung dialokasi sesuai kebutuhan (armada akan multi pick). Secara dokumentasi akan dikerjakan oleh tim WH.
8. Untuk penyimpanan FG Colza di WH B7, sudah dilakukan perhitungan BCT secara teoritis tumpukan karton palet dan dapat dilakukan penambahan 1 layer pada tumpukan karton di palet. Terhadap perubahan ini, TS akan membuatkan lampiran proses sebagai acuan tumpukan karton di palet oleh tim produksi (dari 4 layer menjadi 5 layer).
9. Lakukan penyesuaian pada DFF Oracle terkait jumlah karton di 1 palet dari 24 menjadi 30 agar label LPN sesuai dengan tumpukan karton di palet. Lakukan penyesuaian kembali DFF menjadi 24 ketika penyimpangan ini sudah selesai. (need confirm ke TS)
10. Tim gudang OMC lakukan pemantauan terhadap FG Colza yang dilakukan perubahan tumpukan layer. Apabila ditemukan adanya karton dengan kondisi TMS, segera koordinasikan dengan tim terkait.
",
2024,DEV/QPR/PLG/PR/0924/028,CLOSED,,Unplanned,Product,Performance hasil pengemasan,PWSNH ,GJ156,coding pack tidak tercetak,"1. Pada saat dilakukan verifikasi sachet kasus kebocoran produk PWSNH GJ156, didapati adanya pack dengan kondisi tidak tercoding. Produksi lakukan runut sortir terhadap kondisi pack yang didapati tanpa coding ini ini. Lakukan coding ulang pada pack, pastikan identitas pada coding sesuai. Hitung hidden cost pada kegiatan ini.
2. QA lakukan verifikasi runut sortir terhadap pack yang sudah dilakukan perbaikan coding ini sesuai dengan prosedur. Hitung hidden cost pada aktivitas ini.
3. Lakukan investigasi adanya temuan pack tanpa coding ini. Perlu dipastikan setting inkjet yang digunakan sebelum jalan proses kemas sudah oke. Lakukan pemeriksaan pada part mesin terkait. Lakukan setting ulang inkjet jika memang hasil coding yang didapatkan belum stabil. Koordinasikan dengan vendor apabila ditemukan kendala pada inkjet. Informasikan pada laporan penyimpangan ini.
4. Teknik lakukan pengecekkan pada kondisi mesin, apakah ada kondisi mesin yang bermasalah dan perlu dilakukan perbaikan. Informasikan perbaikan yang dilakukan (jika ada) pada laporan penyimpangan ini.
5.         Produk PWSNH GJ156 dapat dirilis jika hasil analisa terhadap semua parameter memenuhi syarat (MS) dan jika tidak ada issue kualitas lain nya
",https://b7-drive.bintang7.com/?launchApp=SYNO.SDS.Drive.Application#file_id=843877864110602852
2024,DEV/QPR/PLG/PR/0924/029,CLOSED,,Unplanned,Product,Kebocoran,PWSNH ,GJ156,sachet di vacum tidak kembung,"1. Sachet produk PWSNH GJ156 ditemukan bocor (sachet tidak kembung) di line 1 area sealing horizontal di jam 01.20 saat dilakukan inspeksi oleh inspektor. Terhadap sachet bocor, lakukan runut sortir sesuai dengan prosedur. Hitung hidden cost pada kegiatan ini.
2. QA akan melakukan verifikasi hasil runut sortir kebocoran line 1, sachet yang memenuhi syarat (MS) dapat dilanjutkan ke proses berikutnya. Hitung hidden cost pada kegiatan ini
3. Perlu dilakukan investigasi lebih lanjut penyebab adanya kebocoran sachet ini. Pastikan suhu dan tekanan pada saat awal jalan sudah disetting sesuai dengan spesifikasi yang ditetapkan. Jika ditemukan ketidaksesuaian kondisi pada mesin, kooordinasikan dengan tim Teknik. Informasikan pada laporan penyimpangan ini perbaikan apa saja yang dilakukan pada saat ditemukan kebocoran ini.
4. Teknik lakukan follow up lebih lanjut terhadap temuan sachet bocor line 1 area sealing horizontal, output mesin SIG 6. Lakukan pemeriksaan pada kondisi sealing mesin SIG 6 ini. Pastikan mesin dalam kondisi baik sehingga dapat menghasilkan output sesuai dengan spesifikasinya. Lampirkan detail perbaikan.
5. Penyimpangan ini akan ditindaklanjuti ke CAPA untuk dapat mencegah kejadian berulang di kemudian hari.
6. Produk PWSNH GJ156 dapat dirilis jika hasil analisa terhadap semua parameter memenuhi syarat (MS) dan jika tidak ada issue kualitas lain nya  
",https://b7-drive.bintang7.com/?launchApp=SYNO.SDS.Drive.Application#file_id=843879037729291295
2024,DEV/QPR/PLG/PR/0924/030,CLOSED,,Unplanned,Product,Kebocoran,PWSNH ,GJ159,PWSNH GJ159. Sachet line 1 dan 2 pinhole (bocor),"1.         Terhadap produk PWSNH GJ159 yang ditemukan bocor berupa pinhole di Line 1 dan 2 , saat dilakukan inspeksi. Terhadap sachet yang bocor, produksi lakukan runut sortir untuk FG sesuai dengan prosedur. Hitung hidden cost pada kegiatan ini.
2.         QA lakukan verifikasi runut sortir kebocoran untuk line 1 dan line 2 sesuai dengan prosedur. Hitung hidden cost pada aktivitas ini.
3. Produksi pastikan setting yang optimal pada sealing terkait tekanan dan suhu yang ada. Lakukan verifikasi pada hasil optimasi dan lakukan pemastian pada hasil optimasi sudah memenuhi syarat. Verifikasi juga kondisi pada nozzle dan sealing
4. Teknik lakukan evaluasi lebih lanjut terhadap penyebab pinhole yg menyebabkan kebocoran produk PWSNH pada mesin SIG6, pastikan PM mesin dilakukan sesuai penjadwalan. Informasikan penyebab dan perbaikan yang mungkin dilakukan pada laporan penyimpangan ini. Lakukan adjustment timing filling dan sealing agar dapat sinkron, dan pastikan hasil sudah memenuhi syarat sebelum dilanjutkan proses
5.         Produk PWSNH GJ159 dapat dirilis jika hasil analisa terhadap semua parameter memenuhi syarat (MS) dan jika tidak ada issue kualitas lainnya",https://b7-drive.bintang7.com/?launchApp=SYNO.SDS.Drive.Application#file_id=848043676813800928
2024,DEV/QPR/PLG/PR/0924/031,CLOSED,,Unplanned,Product,Bobot TMS,POSKD ,GJ078,POSDKD GJ078 bobot TMS line 1 over dan line 2 under,"1.Pada tanggal 25 September 2024 jam 13.50 WIB saat kualifikasi mesin SIG 5 output produk POSKD batch GJ078 ditemukan bobot sachet TMS upper pada line 1 yaitu  1,25 gr dan line 2  under yaitu 0,91 gr (Standar 0.95-1.1 gr). Berdasarkan konversi perhitungan bobot dibandingkan kadar, bobot yang masih memenuhi syarat yaitu 0.95 - 1.1 gr. Produksi lakukan runut sortir bobot sesuai dengan spesifikasi yaitu 0.95 - 1.1 gr. Hitung hidden cost pada kegiatan ini.
2. QA lakukan verifikasi runut sortir dengan rekomendasi perhitungan konversi bobot dibandingkan kadar yaitu 0.95 - 1.1 gr. Hitung hidden cost pada kegiatan ini 
3. Perlu dilakukan investigasi lebih lanjut untuk mengetahui penyebab penyimpangan bobot TMS. Lakukan pemeriksaan pada kondisi nozzle dan auger mesin SIG 5. Perhatikan mekanisme pengisian pada mesin, apakah ada komponen yang tersumbat atau tidak tepat posisinya. Lakukan adjustment pada dosing pump pastikan bobot produk MS sesuai dengan spesifikasi. Koordinasikan dengan tim Teknik jika ditemukan ketidaksesuaian pada mesin.
5. Teknik lakukan evaluasi lebih lanjut terhadap penyebab bobot sachet TMS ini pada mesin SIG 5. Lakukan follow up terhadap WR yang dibuat dan lakukan perbaikan secara menyeluruh untuk mencegah issue bobot TMS (Lampirkan WO) 
6. Tim QA lakukan evaluasi kembali terhadap hasil kualifikasi di batch ini, lakukan verifikasi terhadap mesin setelah dilakukan perbaikan oleh tim Teknik.Terhadap batch kualifikasi ulang, koordinasikan dengan departemen terkait 
6. Produk POSKD batch GJ078 dapat dirilis jika hasil analisa terhadap semua parameter memenuhi syarat dan jika tidak terdapat issue kualitas lain nya ",
2024,DEV/QPR/PLG/WG/0924/032,CLOSED,,Planned,Product,Prosedur/Spec/MA tidak sesuai,LPRG3,GJ231-232,Material produk LPRG3 setelah proses timbang akan disimpan (staging) dihari sabtu-minggu. Material akan ditimbang tanpa RM ananas,"1. Adanya rencana penimbangan Material Ananas untuk produk LPRGQ pada hari Jumat, dan material lainnya pada hari senin, sehingga menyebabkan adanya material yang distaging >24 jam (berdasarkan kesepakatan pada meeting issue kasus gembung LPRGQ, cycle time 1 batch produk LPRGQ diminta untuk < 24 jam). Terhadap material yang sudah ditimbang ini, pastikan material selalu disimpan pada ruang staging dengan ondisi AHU on.
2. 	Terhadap RM yang sudah ditimbang ini, sudah dilakukan sampling terhadap material Ananas oleh tim QA pada saat penimbangan material. Tim QA lampirkan hasil analisa mikrobiologi terhadap material ananas ini.
3. 	Apabila hasil mikrobiologi pada material ananas ini MS dan tidak OOT, material ACC untuk dilanjutkan proses compounding. Pada saat compounding, lakukan verifikasi terhadap kondisi material, dan pastikan hasil pemeriksaan secara visual dan aroma MS.
4. Penimbangan informasikan nomor batch produk LPRGQ yang memiliki masa staging RM > 24 jam ini pada laporan penyimpangan ini.
5. Produk LPRGQ yang memiliki masa simpan material > 24 jam ini dapat dirilis jika hasil analisa terhadap semua parameter memenuhi syarat (MS) termasuk parameter mikrobiologi dan tidak OOT, dan pastikan tidak ada issue kualitas lain nya
6. Penyimpangan ini terjadi beberapa kali sebelumnya, sehingga apabila memang dibutuhkan ada material yang perlu ditimbang dahulu di hari Jumat karena ada planning produksi di hari Senin, pastikan material yang ditimbang adalah material non-ekstrak. Untuk material ekstrak yang rentan terhadap pertumbuhan mikro (terutama Curcuma dan Ananas), pastikan penimbangan material dilakukan di hari-H menjelang proses. Pastikan tim penimbang tersosialisasi mengenai hal ini.
7. Terhadap issue penimbangan material LPRGQ yang masa simpannya lebih dari 1 hari ini, perlu dikoordinasikan terkait dengan teknis penimbangan produk LPRGQ dengan tim produksi agar kedepannya penjadwalan timbang material LPRGQ ini dapat sesuai dengan kesepakatan.",
2024,DEV/QPR/PLG/PR/1024/001,APPROVED,https://portal.bintang7.com/B7_Deviation/DataDeviasi/Deviasi?Nomor=24100103,Planned,Product,Lain-lain,LCLZC ,GJ139,"Storage 2/10 ED tanggal 01 -10 -2024, yang berisi bulk LCLZC batch GJ139 dengan ED bulk 04-10-2024.","1.	Adanya penggunaan ST 2/10 yang melebihi masa pakainya pada saat digunakan untuk menyimpan bulk LCLZC GJ139, dimana ED masa pakai ST 5 adalah 01 Oktober 2024. Hal ini dikarenakan adanya verifikasi cleaning yang TMS pada mesin Ilapak 3-4 dan menyebabkan proses filling menjadi terhambat. Terkait dengan hal ini, pastikan tidak ada perubahan pada fisik bulk sebelum prooses dilanjutkan filling. Apabila didapati adanya perubahan fisik pada bulk, segera informasikan ke tim QA untuk dapat diverirfikasi dan ditindaklanjuti. Apabila hasil pemeriksaan fisik bulk MS, maka produk dapat dilanjutkan untuk filling 
2.	Setelah selesai proses filling bulk LCLZC GJ139, pastikan ST 2/10 segera dicleaning sebelum dilanjutkan untuk penyimpanan bulk produk selanjutnya. 
3.	Lakukan verifikasi terhadap hasil cleaning ST 2/10. Pastikan hasil cleaning MS dan tidak ada issue yang muncul akibat penyimpanan bulk yang melebihi masa pakai ini. 
4.	Lakukan pemeriksaan terhadap hasil mikrobiologi FG, dan pastikan hasilnya MS. Apabila hasil pemeriksaan seluruh parameter MS (termasuk mikrobiologi yang tidak OOT), maka produk LCLZC GJ139 dapat dirilis.
",
2024,DEV/QPR/PLG/PR/1024/002,CLOSED,,Unplanned,Qualification and validation,Kebocoran,POSNA ,GJ688,"Kebocoran pada line 1,3,4 dan 8","1.        Sachet produk POSNA GJ688 ditemukan bocor di line 1, 3, 4, dan 8 area sealing horizontal di saat dilakukan inspeksi oleh inspektor. Terhadap sachet bocor, lakukan runut sortir sesuai dengan prosedur. Hitung hidden cost pada kegiatan ini.
2. QA akan melakukan verifikasi hasil runut sortir kebocoran sesuai prosedur. sachet yang memenuhi syarat (MS) dapat dilanjutkan ke proses berikutnya. Hitung hidden cost pada kegiatan ini. 
3. Perlu dilakukan investigasi lebih lanjut penyebab adanya kebocoran sachet ini. Dari hasil investigasi tim teknik, tidak ditemukan adanya potensi ketidaksesuaian dari aspek mesin. Lakukan investigasi dari aspek lainnya yang mungkin muncul. Jika setelah investigasi ditemukan ketidaksesuaian kondisi pada mesin, kooordinasikan dengan tim Teknik. 
4. Teknik koordinasi dengan tim Produksi apabila didapati adanya ketidaksesuaian dari aspek mesin. Informasikan apabila ditemukan hasil investigasi dan perbaikan dari aspek mesin.
5. Tim TS lakukan investigasi potensi kebocoran dari spesifikasi foil yang digunakan. Lakukan studi apabila diperlukan. Koordinasikan dengan departemen terkait.
5. Produk POSNA GJ688 dapat dirilis jika hasil analisa terhadap semua parameter memenuhi syarat (MS) dan jika tidak ada issue kualitas lain nya  
",https://b7-drive.bintang7.com/?launchApp=SYNO.SDS.Drive.Application#file_id=847686702930636814
2024,DEV/QPR/PLG/PR/1024/003,CLOSED,,Unplanned,Procedure/documentation/data integrity,Prosedur/Spec/MA tidak sesuai,LPRGQ ,GK236,LPRGQ GK236. Masa pakai ilapak melebihi dari standar (masa pakai ilapak saat proses filling LPRGQ adalah maksimal 3 hari),"1. Pada saat proses filling LPRGQ GK236, mesin Ilapak 11 yang digunakan melewati ED masa pakainya. ED mesin Ilapak 11 pada 3 September 2024, sedangkan untuk produk LPRGQ GK236 baru selesai filling pada 4 September 2024. Terhadap kondisi ini, Produksi lanjutkan proses filling sampai selesai sesuai dengan prosedur.
2. QC lakukan pemeriksaan terhadap mikrobiologi terhadap produk LPRGQ GK236 yang diproduksi menggunakan mesin Ilapak 11 yang ED masa pakai ini. Lampirkan hasil analisa dalam laporan penyimpangan ini.
3. Perlu dilakukan investigasi penyebab adanya proses filling LPRGQ yang menggunakan Ilapak yang ED masa pakai ini, mulai dari proses penimbangan. Produk LPRGQ yang disepakati tidak boleh distaging dalam waktu yang terlalu lama, sehingga perlu dilakukan pemastian agar kejadian serupa tidak terulang kembali.
4. Lakukan pencucian sesuai prosedur terhadap mesin Ilapak 11 segera setelah proses filling LPRGQ GK236 selesai.
5. Produk LPRGQ GK236 dapat dirilis jika hasil analisa terhadap semua parameter memenuhi syarat (MS) dan jika tidak ada issue kualitas lain nya 
",https://b7-drive.bintang7.com/?launchApp=SYNO.SDS.Drive.Application#file_id=847490124334808768
2024,DEV/QPR/PLG/PR/1024/004,CLOSED,,Unplanned,Procedure/documentation/data integrity,Kepatuhan,LNKKB ,GJ119,LNKKB GJ119. Bulk ED,"1. Terkait dengan bulk produk LNKK1 batch GJ119 yang sudah dilakukan compounding tanggal 26 September 2024 ED bulk LNKKB adalah 7 hari (sampai tanggal 3 Oktober 2024). Adanya GT pada Ilapak 1 yang mengakibatkan bulk LNKKB belum habis difilling. Terkait dengan hal ini, sebelumnya sudah pernah dilakukan studi staging bulk LNKKB selama 14 hari dan didapati hasil yang MS, sehingga bulk dapat dilanjutkan untuk proses filling. Pastikan tidak ada perubahan terhadap karakteristik bulk sebelum bulk dilanjutkan untuk proses filling.
2. Produk LNKKB GJ119 masuk ke dalam sampling plan, sehingga akan dilakukan pemeriksaan mikrobiologi pada FG. Pastikan hasil pemeriksaan mikro terhadap FG memenuhi persyaratan.
3. Produk LNKKB GJ119 dapat dirilis jika hasil analisa terhadap semua parameter, termasuk parameter mikrobiologi memenuhi syarat (MS) dan jika tidak ada issue kualitas lain nya 
4. QA akan melakukan pengambilan sampel untuk monitoring stabilitas produk LNKKB GJ119 selama masa edarnya. 
",https://b7-drive.bintang7.com/?launchApp=SYNO.SDS.Drive.Application#file_id=847491091054772081
2024,DEV/QPR/PLG/PR/1024/005,CLOSED,,Unplanned,Procedure/documentation/data integrity,Kepatuhan Dokumentasi,PWSNH ,GK164,Ditemukan tidak ada paraf saksi pada pemeriksaan warna bulk,"1. Pada saat inspector QA melakukan inspeksi di area R. Filling Solid 1, ditemukan temuan tidak ada paraf saksi pada pemeriksaan bulk di PPI PWSNH GK164. Bubuhkan paraf pada label sedang proses tersebut. Lampirkan dokumentasinya.
2. Lakukan investigasi penyebab terlewatnya dokumentasi ini. Buatkan berita acara terkait kronologis kejadian, lampirkan pada laporan penyimpangan ini.
2. Supervisor Produksi lakukan sosialisasi ulang kepada personil produksi untuk memastikan pencatatan pada PPI sesuai dengan prinsip GPD dan ALCOA. Lakukan pengecekan ulang terhadap dokumentasi yang dilakukan, dan pastikan data yang tertulis sudah sesuai. Lampirkan materi sosialisasi dan daftar hadir sosialisasi.
3. Evaluasi terhadap personil terkait, apakah pernah terjadi temuan ketidaksesuaian serupa sebelumnya. Berikan teguran kepada personil.
4. Apabila tidak ada issue kualitas lainnya dan semua parameter pemeriksaan memenuhi persyaratan, maka produk PWSNH GK164 dapat dirilis.
",https://b7-drive.bintang7.com/?launchApp=SYNO.SDS.Drive.Application#file_id=847492327776759865
2024,DEV/QPR/PLG/PC/1024/006,APPROVED,https://portal.bintang7.com/B7_Deviation/DataDeviasi/Deviasi?Nomor=24100401,Planned,Procedure/documentation/data integrity,Prosedur/Spec/MA tidak sesuai,LMHGA,GK001 - GK017,Perilisan 17 bets LMHGA MIXAGRIP HERBAL GREGES LIQ/6SCH tidak menunggu laporan validasi proses approved completed.,"1. Adanya kebutuhan perilisan produk LMHGA MIXAGRIP HERBAL GREGES LIQ/6SCH tanpa menunggu laporan valpro approved complete untuk memenuhi target produksi bulan Oktober 2024, dimana hal ini sudah disepakati tim B7 dan Saka. Terkait hal ini, Pastikan data-data hasil analisa validasi proses, mulai dari material dan produk, serta verifikasi terhadap mesin dan ruangan MS untuk semua proses agar dapat memberikan jaminan terhadap kualitas produk. Informasikan hasil analisa dan koordinasikan dengan departemen terkait apabila ditemukan hasil yang TMS.
2. Terkait dengan issue-issue yang ditemukan selama validasi proses LMHGA sampai batch GK004, baik pada proses compounding, filling maupun packaging, pastikan dilakukan pembuatan FUP untuk perubahan PPI sesuai dengan note yang ditemukan selama valpro. 
3. Untuk perilisan 4 batch produk LMHGA MIXAGRIP HERBAL GREGES LIQ/6SCH (GK001-GK004) akan dilakukan bersama dengan tim Sakafarma. Koordinasikan dengan tim Sakafarma terkait dengan perilisan batch ini.
4. Untuk perilisan batch produk LMHGA setelah batch GK004 dapat dilakukan sesuai dengan prosedur B7 apabila pemeriksaan batch validasi lancar dan tidak ada note kritikal dari tim Sakafarma, serta hasil analisa terhadap semua parameter memenuhi syarat (MS) dan jika tidak ada issue kualitas lainnya.
5. Pastikan penyusunan laporan validasi proses sesuai dengan timeline yang sudah ditentukan, serta informasikan terkait dengan issue-issue yang ditemukan selama proses pada laporan validasi proses. 
",
2024,DEV/QPR/PLG/QC/1024/007,APPROVED,https://portal.bintang7.com/B7_Deviation/DataDeviasi/Deviasi?Nomor=24100701,Planned,Product,Lain-lain,LCLZ1,GK144,"Reagen triethylamine powder belum datang, QC memakai reagen triethylamine liquid untuk substitusi","1. Reagen triethylamine powder yang habis di lab QC, sehingga QC mengusulkan untuk menggunakan reagen triethylamine liquid untuk substitusi sampai Reagen triethylamine powder datang. Terkait dengan hal ini, perlu dipastikan dari segi spesifikasi reagen masih sama dan sesuai dengan reagen yang digunakan dalam MA. Lakukan perhitungan BM dan kombinasikan reagen triethylamin Liq dan HCl liquid. Lakukan trial sebelum penggunaan reagen liquid ini dan pastikan didapati hasil yang sama dan tidak beda signifikan seperti menggunakan reagen triethylamine powder.
2. Terhadap sampel yang dianalisa menggunakan triethylamine liquid ini, akan dilakukan verifikasi hasil analisa ulang dengan menggunakan reagen triethylamine powder ketika reagen sudah tiba. Informasikan nomor batch produk yang dianalisa menggunakan reagen liquid ini, serta lampirkan hasil analisa ulang pada laporan penyimpangan ini.
3. Apabila hasil analisa menggunakan reagen trimethylamine liquid dan powder ini memenuhi syarat presisi, maka dapat diusulkan untuk alternative reagen menggunakan reagen padat dapat dimasukkan ke dalam WI dan produk yang sudah direlease dengan reagen triethylamine liquid tidak perlu dianalisa ulang.
4. Perlu dipastikan adanya system moniroting reagen, agar kedepannya kejadian reagen habis ini tidak terulang kembali.  
5. Terhadap produk LCLZC yang dianalisa menggunakan reagen triethylamine liquid ini dapat dirilis apabila hasil analisa terhadap seluruh parameter memenuhi persyaratan dan tidak ada issue kualitas lainnya. 
",
2024,DEV/QPR/PLG/PR/1024/008,APPROVED,https://portal.bintang7.com/B7_Deviation/DataDeviasi/Deviasi?Nomor=24100705,Planned,Procedure/documentation/data integrity,Prosedur/Spec/MA tidak sesuai,LMHGA,GK001 - GK017,Ketidak sesuai layout coding pada pack antara instruksi di PPI kemas dengan aktual,"1. Pada saat jalan produksi perdana produk Mixagrip Herbal Greges, dtemukan ketidaksesuaian layout posisi coding pada pack di PPI dengan actual yang berjalan. Terhadap kondisi ini, tim Packdev lakukan coret paraf pada PPI sesuai dengan kondisi actual yang berjalan. Lakukan juga coret paraf pada PPI yang sudah dilakukan CWO. Informasikan nomor batch yang jalan dengan kondisi PPI dicoret paraf ini. 
2. Tim Packdev buatkan lampiran proses untuk batch yang akan jalan selanjutnya. Lampirkan lampiran proses pada laporan penyimpangan ini. Lakukan sosialisasi pada personil di area untuk memastikan personil mengetahui terkait dengan posisi coding yang sudah disesuaikan ini.
3. Packdev buatkan FUP untuk penyesuaian coding pada PPI sesuai dengan kondisi actual coding di lapangan ini. Lampirkan FUP dan timeline penyesuaian PPI pada laporan penyimpangan ini. 
4. Untuk selanjutnya, tim Packdev pastikan posisi layout coding di PPI Kemas menyesuaikan kemampuan fasilitas mesin coding Produksi.
5. Produk LMHGA GK001 - GK017 dapat dirilis jika hasil analisa terhadap semua parameter memenuhi syarat (MS) dan jika tidak ada issue kualitas lain nya. Pastikan dilakukan coret paraf pada PPI yang tidak menggunakan lampiran proses.
",
2024,DEV/QPR/PLG/PR/1024/009,CLOSED,,Unplanned,Product,Performance hasil pengemasan,POSNA ,GJ688,saat verifikasi sachet ditemukan output sachet potongan TMS,"1. Pada saat verifikasi bocor POSNA GJ688 output mesin SIG 5, ditemukan adanya sachet dengan kondisi potongan yang TMS pada karton nomor 6 palet 2. Terhadap sachet dengan kondisi potongan yang TMS ini, produksi lakukan runut sortir untuk FG sesuai dengan prosedur. Hitung hidden cost pada aktivitas ini.
2. QA lakukan verifikasi runut sortir untuk temuan sachet dengan kondisi potongan sachet yang TMS ini sesuai dengan prosedur. Lampirkan laporan runut sortir dan hidden cost pada laporan penyimpangan ini. 
3. Perlu dilakukan investigasi lebih lanjut terhadap temuan sachet dengan redaksi terpotong ini, apakah terdapat pergeseran setting foil pada mesin, adanya pembacaan sensor eyemark yang error, atau dikarenakan posisi sachet yg tertahan pada konveyor yang dikarenakan penumpukan sachet. Koordinasikan dengan tim teknik apabila diperlukan. Informasikan hasil investigasi yang dilakukan pada laporan penyimpangan ini.
4. Teknik lakukan evaluasi lebih lanjut terhadap penyebab sachet dengan redaksi yang terpotong pada mesin, apakah kesalahan akibat kondisi mesin atau tidak. Lakukan perbaikan terhadap mesin jika diperlukan.
5.         Produk POSNA GJ688 dapat dirilis jika hasil analisa terhadap semua parameter memenuhi syarat (MS) dan jika tidak ada issue kualitas lain nya
",https://b7-drive.bintang7.com/?launchApp=SYNO.SDS.Drive.Application#file_id=847494027753338780
2024,DEV/QPR/PLG/QA/1024/010,CLOSED,,Unplanned,Product,Prosedur/Spec/MA tidak sesuai,LKXNA ,GK082,bobot karton di form otorisasi TMS,"1.	Pada saat dilakukan pemeriksaan BR LKXNA GK082 oleh tim QA, ditemukan adanya hasil penimbangan sachet pada otorisasi yang TMS (hasil tercantum 19.18 gr, sedangkan syarat bobot sachet 19.57 – 23.29 gr). Terhadap karton dengan hasil penimbangan TMS ini, lakukan verifikasi pada karton yang terdampak. Inspektor QA lakukan penimbangan ulang terhadap karton yang dilakukan otorisasi ini untuk memastikan bobot masing-masing sachet MS. Lakukan coret paraf pada form otorisasi apabila didapati hasil penimbangan terbukti MS. Informasikan hasil verifikasi pada laporan penyimpangan ini.
2.	Perlu dilakukan pemastian terhadap bobot sachet yang ditimbang oleh Supervisor produksi pada saat approval form otorisasi. Pastikan dokumen yang disetujui sudah sesuai, dan tindaklanjuti apabila ditemukan hasil yang TMS.
3.	Berdasarkan informasi dari berita acara yang dilampirkan pada laporan penyimpangan, disebutkan bahwa ada kesalahan penulisan pada form otorisasi. Berikan teguran kepada personil terkait agar kejadian serupa tidak terulang kembali. Lakukan sosialisasi kepad operator dan packer agar selalu mindful dalam melaksanakan pekerjaaannya. 
4.	Lakukan investigasi kesesuaian berita acara yang dibuat oleh operator. Apabila didapati adanya kendala pada timbangan, segera lakukan perbaikan. Lampirkan hasil investigasi pada laporan penyimpangan ini.
5.	Produk LKXNA GK082 dapat dirilis jika hasil analisa terhadap semua parameter memenuhi syarat (MS), serta dokumen pada PPI sesuai dan jika tidak ada issue kualitas lain nya",
2024,DEV/QPR/PLG/PR/1024/011,APPROVED,https://portal.bintang7.com/B7_Deviation/DataDeviasi/Deviasi?Nomor=24101005,Unplanned,Product,Prosedur/Spec/MA tidak sesuai,"LBMAV
LBMAT ","GK217-GK228
GK203-GK216",Masa pakai ilapak ex bejo herbal dilakukan selama 7 hari terkait Studi masa pakai 7 hari ilapak ex bejo herbal (LBXT1),"1. Terkait dengan dilakukannya studi masa pakai Ilapak ex Bejo Herbal dengan kode ruah LBXT1 selama 7 hari, sudah dilakukan 2 siklus sebelumnya namun terdapat ketidaksesuaian pada PPI pada bagian masa pakai Ilapak (pada PPI tertulis masa pakai Ilapak 3 hari). Informasikan nomor batch produk yang sudah diproduksi dengan kondisi PPI yang tidak sesuai ini pada laporan penyimpangan ini.
2. Terhadap batch selanjutnya yang akan diproduksi pada studi masa pakai ini, TS buatkan lampiran proses penyesuaian masa pakai Ilapak LBXT1 dari 3 hari menjadi 7 hari. Lampirkan lampiran proses yang sudah disetujui pada laporan penyimpangan ini. Pastikan personil di area mengetahui lampiran proses yang sudah dibuat.
3. Pastikan studi yang dilakukan sesuai dengan protokol studi yang sudah disetujui. Apabila selama studi dilakukan ditemukan adanya ketidaksesuaian, koordinasikan dengan departemen terkait. 
4. Apabila hasil studi menunjukkan hasil yang MS, maka segera lakukan penyesuaian pada PPI dengan membuat FUP. ",
2024,DEV/QPR/PLG/PR/1024/012,Cancel,,Unplanned,Procedure/documentation/data integrity,Prosedur/Spec/MA tidak sesuai,PWSNH ,-,"Perubahan proses produksi dan analisa produk Waisan (PWSN) menggunakan MicroNIR PAT
Identifikasi RM --> Aftr Timbang menggunakan MicroNIR Handheld
Blending --> sesuai persayarat PAT (RSD < 8%) menggunakan PAT-W
Assay dan KK --> Scanning by PAT ",,
2024,DEV/QPR/PLG/PR/1024/013,CLOSED,,Unplanned,Product,Kebocoran,POSNA ,GJ690,Ditemukan kebocoran sachet line 5 pada saat melakukan kualifikasi mesin SIG 5,"1.	Sachet produk POSNA GJ690 ditemukan bocor di line 5, output mesin SIG 5 tanggal 8 Oktober 2024 pada saat kualifikasi mesin SIG 5. Terhadap sachet bocor, lakukan runut sortir sesuai dengan prosedur. Pastikan sachet yang menjadi output dalam keadaan baik dan tidak bocor. Hitung hidden cost pada kegiatan ini.
2. QA akan melakukan verifikasi hasil runut sortir kebocoran line 5 sesuai prosedur. Output sachet yang memenuhi syarat (MS) dapat dilanjutkan ke proses berikutnya. Hitung hidden cost pada kegiatan ini
3. Pada saat ditemukan adanya kebocoran, tindakan perbaikan yg dilakukan yaitu menaikkan suhu sealing horizontal dari 198 menjadi 200 DC. Berdasarkan investigasi dari tim teknik, kondisi kebocoran ini dapat disebabkan karena suhu yang tidak stabil pada heater. Pastikan setting parameter pada mesin susah sesuai, dan terdokumentasi. Pastikan perubahan-perubahan yang dilakukan terlaporkan dan terinformasi ke operator lainnya. Pastikan juga hasil output filling sudah OK dan stabil setelah setiap perubahan parameter. Lakukan investigasi terhadap temuan kebocoran ini, dan informasikan pada laporan penyimpangan ini terkait hasil investigasi yang dilakukan.
4. Teknik lakukan follow up lebih lanjut terhadap temuan sachet bocor, output mesin SIG 5 ini. Terhadap kondisi suhu yang tidak stabil pada bagian heater, lakukan perbaikan dan koordinasikan dengan departemen terkait. Informasikan perbaikan yang dilakukan pada laporan penyimpangan ini.
5. Produk POSNA GJ690 dapat dirilis jika hasil analisa terhadap semua parameter memenuhi syarat (MS) dan jika tidak ada issue kualitas lain nya  ",https://b7-drive.bintang7.com/?launchApp=SYNO.SDS.Drive.Application#file_id=847496340087815593
2024,DEV/QPR/PLG/PR/1024/014,CLOSED,,Unplanned,Product,Performance hasil pengemasan,PWSNH ,GJ159,PWSNH GJ159 coding pada pack terpotong,"1. Pada saat dilakukan verifikasi sachet kasus kebocoran produk PWSNH GJ159, didapati adanya beberapa pack dengan kondisi coding pada pack terpotong pada karton nomor 24 palet 2. Produksi lakukan runut sortir terhadap kondisi pack yang codingnya terpotong ini. Lakukan coding ulang pada pack (jika memungkinkan) atau repack dengan pack baru. Pastikan identitas pada coding sesuai dan dapat terbaca dengan baik. Hitung hidden cost pada kegiatan ini.
2. QA lakukan verifikasi runut sortir terhadap pack yang sudah dilakukan perbaikan coding ini sesuai dengan prosedur. Hitung hidden cost pada aktivitas ini.
3. Lakukan investigasi adanya temuan pack dengan coding terpotong ini. Perlu dipastikan setting inkjet yang digunakan sebelum jalan proses kemas sudah oke. Lakukan pemeriksaan pada part mesin terkait. Lakukan setting ulang inkjet jika memang hasil coding yang didapatkan belum stabil. Koordinasikan dengan vendor apabila ditemukan kendala pada inkjet. Informasikan pada laporan penyimpangan ini.
4. Lakukan sosialisasi kepada packer untuk memastikan personil memahami prosedur terkait persyaratan coding pada kemasan, serta agar posisi pack pada jalur konveyor dapat sesuai dan tidak berantakan. Pastikan jumlah pack yang diletakkan sudah sesuai sehingga coding dapat diberikan pada posisi yang pas.
5. Teknik lakukan pengecekkan pada kondisi mesin, apakah ada kondisi mesin yang bermasalah dan perlu dilakukan perbaikan. Informasikan perbaikan yang dilakukan pada laporan penyimpangan ini.
6. Produk PWSNH GJ159 dapat dirilis jika hasil analisa terhadap semua parameter memenuhi syarat (MS) dan jika tidak ada issue kualitas lain nya
",https://b7-drive.bintang7.com/?launchApp=SYNO.SDS.Drive.Application#file_id=847499179268815014
2024,DEV/QPR/PLG/PR/1024/015,CLOSED,,Unplanned,Product,Prosedur/Spec/MA tidak sesuai,POSNA ,GJ690,Pack tidak ada coding identitas ,"1. Pada saat dilakukan verifikasi sachet kasus kebocoran produk POSNA GJ690, didapati adanya beberapa pack dengan kondisi tidak tercoding pada karton nomor 18 palet 1. Produksi lakukan runut sortir terhadap kondisi pack yang didapati tanpa coding ini ini. Lakukan coding ulang pada pack, pastikan identitas pada coding sesuai. Hitung hidden cost pada kegiatan ini.
2. QA lakukan verifikasi runut sortir terhadap pack yang sudah dilakukan perbaikan coding ini sesuai dengan prosedur. Hitung hidden cost pada aktivitas ini.
3. Lakukan investigasi adanya temuan pack tanpa coding ini. Perlu dipastikan setting inkjet yang digunakan sebelum jalan proses kemas sudah oke. Lakukan pemeriksaan pada part mesin terkait. Lakukan setting ulang inkjet jika memang hasil coding yang didapatkan belum stabil. Koordinasikan dengan vendor apabila ditemukan kendala pada inkjet. Informasikan pada laporan penyimpangan ini.
4. Lakukan sosialisasi kepada packer untuk memastikan personil memahami prosedur terkait persyaratan coding pada kemasan. 
5. Teknik lakukan pengecekkan pada kondisi mesin, apakah ada kondisi mesin yang bermasalah dan perlu dilakukan perbaikan. Informasikan perbaikan yang dilakukan pada laporan penyimpangan ini.
6. Penyimpangan terkait adanya kasus pack tanpa coding ini merupakan penyimpangan yang sudah berulang, sehingga terkait dengan kasus pack tanpa coding ini akan ditindaklanjuti dengan CAPA untuk mencegah kejadian berulang
7. Produk POSNA GJ690 dapat dirilis jika hasil analisa terhadap semua parameter memenuhi syarat (MS) dan jika tidak ada issue kualitas lain nya
",https://b7-drive.bintang7.com/?launchApp=SYNO.SDS.Drive.Application#file_id=847499898948467991
2024,DEV/QPR/PLG/PR/1024/016,CLOSED,,Unplanned,Procedure/documentation/data integrity,Kepatuhan,LCLZC ,GK148,Storage 12 Expired masa pakai 14 hari,"1.	Adanya penggunaan ST 12 yang melebihi masa pakainya pada saat digunakan untuk menyimpan bulk LCLZC GK148, dimana ED masa pakai ST 12 adalah 11 Oktober 2024, namun bulk yang sedang distaging estimasi selesai filling pad 12 Oktober 2024 pukul 04.00. Terkait dengan hal ini, pastikan tidak ada perubahan pada fisik bulk sebelum prooses dilanjutkan filling. Apabila didapati adanya perubahan fisik pada bulk, segera informasikan ke tim QA untuk dapat diverirfikasi dan ditindaklanjuti. Apabila hasil pemeriksaan fisik bulk MS, maka produk dapat dilanjutkan untuk filling 
2.	Setelah selesai proses filling bulk LCLZC GK148, pastikan ST 12 segera dicleaning sesuai prosedur sebelum dilanjutkan untuk penyimpanan bulk produk selanjutnya. 
3.	Lakukan verifikasi terhadap hasil cleaning ST 12. Pastikan hasil cleaning MS dan tidak ada issue yang muncul akibat penyimpanan bulk yang melebihi masa pakai ini. 
4.	Lakukan pemeriksaan terhadap hasil mikrobiologi FG, dan pastikan hasilnya MS. Apabila hasil pemeriksaan seluruh parameter MS (termasuk mikrobiologi yang tidak OOT), maka produk LCLZC GK148 dapat dirilis.
",https://b7-drive.bintang7.com/?launchApp=SYNO.SDS.Drive.Application#file_id=847999658281186945
2024,DEV/QPR/PLG/PR/1024/017,CLOSED,,Unplanned,Product,Performance hasil pengemasan,POSNA,GJ688,POSNA GJ688. Box tidak ada coding identitasnya,"1. Pada saat dilakukan verifikasi sachet kasus kebocoran produk POSNA GJ688, didapati adanya pack dengan kondisi tidak tercoding pada karton nomor 2 palet 1. Produksi lakukan runut sortir terhadap kondisi pack yang didapati tanpa coding ini ini. Lakukan coding ulang pada pack, pastikan identitas pada coding sesuai. Hitung hidden cost pada kegiatan ini.
2. QA lakukan verifikasi runut sortir terhadap pack yang sudah dilakukan perbaikan coding ini sesuai dengan prosedur. Hitung hidden cost pada aktivitas ini.
3. Lakukan investigasi adanya temuan pack tanpa coding ini. Perlu dipastikan setting inkjet yang digunakan sebelum jalan proses kemas sudah oke. Lakukan pemeriksaan pada part mesin terkait. Lakukan setting ulang inkjet jika memang hasil coding yang didapatkan belum stabil. Koordinasikan dengan vendor apabila ditemukan kendala pada inkjet. Informasikan pada laporan penyimpangan ini.
4. Lakukan sosialisasi kepada packer untuk memastikan personil memahami prosedur terkait persyaratan coding pada kemasan. 
5. Teknik lakukan pengecekkan pada kondisi mesin, apakah ada kondisi mesin yang bermasalah dan perlu dilakukan perbaikan. Informasikan perbaikan yang dilakukan pada laporan penyimpangan ini.
6. Produk POSNA GJ688 dapat dirilis jika hasil analisa terhadap semua parameter memenuhi syarat (MS) dan jika tidak ada issue kualitas lain nya",https://b7-drive.bintang7.com/?launchApp=SYNO.SDS.Drive.Application#file_id=847502575581312494
2024,DEV/QPR/PLG/PR/1024/018,CLOSED,,Unplanned,Equipment/machine/instrument,Kepatuhan,LCLZC ,GK149 - GK163,LCLZC GK149 - GK163. Proses filling di ilapak 3 dilakukan dengan kondisi ada kebocoran pada motor agitator hopper sehingga bulk ada yang terbuang,"1. Ditemukan adanya kebocoran pada bagian hopper mesin Ilapak 3, menyebabkan bulk terus menetes dari area bocor. Terkait dengan hal ini, tidak ada stok seal yang dapat digunakan untuk menggantikan seal dengan kondisi TMS ini, sehingga sementara dilakukan penanganan dengan menutup area bocor menggunakan selang, dan dialirkan ke botol untuk ditampung dan selanjutnya dibuang. Terkait dengan hal ini, perlu dipastikan kebersihan dari selang yang digunakan. Pastikan juga pada area kebocoran yang ditutup dengan selang ini, tidak menyebabkan adanya cipratan yang dapat menjadi kontaminan pada kemasan maupun ke dalam sachet.
2. Lakukan pembuangan bulk yang yang dialirkan dari selang ini sesuai dengan tempat pembuangan limbah yang sesuai, dan pastikan tidak mengontaminasi area lainnya. 
3. Mesin Ilapak 3 dengan kondisi bocor pada area hopper ini dapat digunakan parallel menunggu pergantian seal agitator hopper. Informasikan kode batch produk yang akan diproduksi menggunakan Ilapak 3 dengan kondisi bocor pada area hopper ini, agar dapat menjadi catatan apabila rendemen yang didapati kurang dari standar.  
4. Segera lakukan pengadaan seal untuk dapat mengganti seal pada bagian hopper yang kondisinya TMS ini, agar mesin Ilapak 3 dapat segera berjalan dengan normal kembali. Informasikan timeline pengadaan seal pada laporan penyimpangan ini.
5. Untuk selanjutnya, perlu dilakukan pengadaan stok sparepart seal dan sparepart lainnya selalu tersedia agar kejadian serupa dapat dihindari.
6. Lakukan investigasi penyebab kebocoran ini, dan diusulkan untuk dilakukan studi penggunaan seal untuk penentuan lifetime agar kedepannya kejadian serupa bisa dihindari.
7. Lakukan pengecekkan menyeluruh terhadap kondisi mesin Ilapak 3 untuk memastikan mesin dalam kondisi baik, dan pastikan PM dilakukan sesuai dengan jadwal. Informasikan apabila ditemukan adanya kerusakan lainnya pada mesin.
8. Produk yang diproduksi pada mesin Ilapak 3 dengan kondisi bocor pada area hopper ini dapat dirilis jika hasil analisa terhadap semua parameter memenuhi syarat (MS) dan jika tidak ada issue kualitas lain nya. 
",https://b7-drive.bintang7.com/?launchApp=SYNO.SDS.Drive.Application#file_id=848002119597341036
2024,DEV/QPR/PLG/PR/1024/019,CLOSED,,Unplanned,Procedure/documentation/data integrity,Kepatuhan Dokumentasi,PWSNH ,GK166,Tahun tidak tertulis pada saat aparaf HPPI Kemasan PWSNH GK166,"1. Pada saat dilakukan inspeksi di area Filling Solid 1 oleh inspector QA, ditemukan adanya HPPI kemas OWSNH GK166 tidak lengkap ditulis dengan tahunnya pada bagian paraf Supervisor. Terkait dengan hal ini, lakukan pelengkapan penulisan tahun pada paraf bagian Supervisor di HPPI. Lampirkan dokumentasinya.
2. Terlewatnya penulisan tahun pada bagian Supervisor ini dikarenakan PIC yg mewakili Supervisor tidak mindfulness dan terlewat dalam penulisannya. Lakukan sosialisasi kembali terkait dengan prinsip GDP kepada personil di area penimbangan.
3. Berikan teguran pada personil yang bertanggungjawab pada temuan ini, serta lampirkan berita acara terkait kejadian ini.
",https://b7-drive.bintang7.com/?launchApp=SYNO.SDS.Drive.Application#file_id=847683614205327247
2024,DEV/QPR/PLG/PR/1024/020,CLOSED,,Planned,Process,Prosedur/Spec/MA tidak sesuai,LMHG1,GK015 - 	GK017,Proses CM Mixing tank Ex.Mixagrip dilakukan setelah campaign 3 BN (GK015 - GK017),"1. Terkait dengan adanya rencana cleaning mesin Mixing Tank ex Mixagrip setelah campaign 3 BN yang tidak sesuai PPI (pada PPI setelah campaign 2 BN) dikarenakan adanya keterlambatan pengiriman cairan CIP CP5 dari vendor sehingga mengharuskan cleaning dilakukan campaign lebih dari yang seharusnya agar proses tidak terhambat. Terkait dengan usulan ini, lakukan verifikasi cleaning MT setelah campaign 3 batch. Pastikan hasil verifikasi MS sebelum MT boleh digunakan untuk proses selanjutnya. Lampirkan hasil verifikasi pada laporan penyimpangan ini. Informasikan apabila didapati adanya kondisi yang tidak sesuai setelah cleaning mesin MT after campaign 3 BN ini.
2. Apabila hasil verifikasi after campaign 3 BN ini MS, maka dapat diusulkan untuk dilakukan studi lanjutan CM Mixing Tank after campaign 3 BN Mixagrip untuk efisiensi proses.
3. Pastikan hasil analisa seluruh parameter, terutama parameter mikrobiologi MS untuk produk yang diproduksi secara campaign ini (Mixagrip Greges GK015-GK017). Apabila hasil pemeriksaan terhadap seluruh parameter MS, dan tidak ada issue kualitas lainnya maka produk dapat dirilis.
4. Sebagai bentuk pemastian, lakukan pengambilan sampel stabtest pada batch produk ketiga yang diproduksi campaign (GK017) untuk memastikan hasilnya selama masa edar.
",
2024,DEV/QPR/PLG/PR/1024/021,CLOSED,,Unplanned,Procedure/documentation/data integrity,Kepatuhan,LCLZC,GK150,Masa pakai storage 4 Expire date tanggal 14 Oktober 2024,"1.	Adanya penggunaan ST 4 yang melebihi masa pakainya pada saat digunakan untuk menyimpan bulk LCLZC GK150, dimana ED masa pakai ST 4 adalah 14 Oktober 2024, namun bulk yang sedang distaging estimasi selesai filling pada 15 Oktober 2024 dikarenakan adanya issue pada mesin Ilapak 3. Terkait dengan hal ini, pastikan tidak ada perubahan pada fisik bulk sebelum prooses dilanjutkan filling. Apabila didapati adanya perubahan fisik pada bulk, segera informasikan ke tim QA untuk dapat diverirfikasi dan ditindaklanjuti. Apabila hasil pemeriksaan fisik bulk MS, maka produk dapat dilanjutkan untuk filling 
2.	Setelah selesai proses filling bulk LCLZC GK150, pastikan ST 4 segera dicleaning sesuai prosedur sebelum dilanjutkan untuk penyimpanan bulk produk selanjutnya. 
3.	Lakukan verifikasi terhadap hasil cleaning ST 4. Pastikan hasil cleaning MS dan tidak ada issue yang muncul akibat penyimpanan bulk yang melebihi masa pakai ini. 
4.	Segera lakukan perbaikan pada mesin Ilapak 3 terkait dengan adanya kebocoran pada bagian agitator, agar kejadian serupa bisa dihindari. Informasikan timeline perbaikan pada laporan penyimpangan ini. Pastikan ada perencanaan preventive untuk menghindari kejadian serupa.
5.	Lakukan pemeriksaan terhadap hasil mikrobiologi FG, dan pastikan hasilnya MS. Apabila hasil pemeriksaan seluruh parameter MS (termasuk mikrobiologi yang tidak OOT), maka produk LCLZC GK150 dapat dirilis.",https://b7-drive.bintang7.com/?launchApp=SYNO.SDS.Drive.Application#file_id=848004554590043315
2024,DEV/QPR/PLG/FG/1024/022,CLOSED,,Planned,Procedure/documentation/data integrity,Lain-lain,"LKJTA
LKPTA","GK551
GK508",Produk FG disimpan di area gudang IMC di GKTK.LG,"1. Terkait dengan kapasitas gudang WH OMC yang sudah 100% terisi dan tidak ada space lagi untuk meletakkan FG, maka produk LKJTA GK551 dan LKPTA GK508 direncanakan untuk disimpan pada area IMC gudang bahan kemas, locator GKTK.LG. Perlu dipastikan adanya pemisahan yang jelas dan pemberian identitas yang jelas untuk mencegah terjadinya mix up produk dan RM.
2. Peletakkan FG pada gudang IMC ini hanya sementara, sehingga perlu diberikan identitas terkait maksimal masa simpan FG di gudang IMC ini yaitu hanya sampai akhir bulan Oktober 2024.
3. Setelah produk Colza dan Mixagrip dapat keluar dari gudang dan kapasitas OMC kembali normal, maka pastikan penyimpanan FG sesuai dengan areanya. 
",
2024,DEV/QPR/PLG/PR/1024/023,CLOSED,,Unplanned,Process,Kepatuhan,LBXT1 ,GK205,"LBXT1 GK205. Ada RM Sucrose sebanyak 108,30 Kg terlewat dimasukkan saat proses compounding ","1. Terkait dengan adanya material Sucrose sebanyak 108.30 kg yang terlewat dimasukkan saat proses compounding LBXT1 GK205, dari hasil analisa terhadap bulk didapati hasil MS untuk seluruh parameter, dengan nilai BJ yang OOT namun masih MS yaitu 1.21 g/ml. Terhadap bulk ini, selanjutnya dilakukan uji sensory terhadap bulk dan didapati hasil sensory tidak berbeda signifikan dengan sampel normal. Terhadap bulk LBXT1 GK205 ini ACC untuk dilanjutkan proses tanpa perlu adanya reproses. Pastikan proses filling berjalan normal tanpa adanya kendala. Koordinasikan dengan departemen terkait apabila ditemukan adanya kendala. 
2. Perlu dilakukan penelusuran penyebab adanya material yang terlewat dimasukkan ini. Buatkan berita acara yang menjelaskan kronologis kejadian secara rinci. Berikan teguran keras kepada personil yang bertanggung jawab atas kejadian ini.
3. Penyimpangan ini akan dilanjutkan ke CAPA untuk dapat mencari akar masalah dari kejadian ini, serta menghindari kejadian serupa terulang kembali di kemudian hari. 
4. Produk LBMAT GK205 dapat dirilis jika hasil analisa terhadap semua parameter memenuhi syarat (MS) dan jika tidak ada issue kualitas lain nya. Produk direkomendasikan untuk didistribusikan terbatas pada area fast moving.
5. Lakukan pengambilan sampel stabilitas produk untuk memastikan produk masih memenuhi persyaratan selama masa edarnya.
",
2024,DEV/QPR/PLG/PR/1024/024,CLOSED,,Unplanned,Procedure/documentation/data integrity,Kepatuhan,LMHGA,GK001-GK007,Ketidaksesuaian proses produksi (compounding dan FIlling) Mixagrip herbal Greges (LMHG1/LMHGA) dengan PPI,"1. Pada saat validasi proses produk Mixagrip herbal Greges (LMHG1/LMHGA), ditemukan adanya beberapa point pada PPI compounding maupun filling yang kondisinya tidak sesuai dengan pelaksanaan actual (sesuai yang disebutkan pada laporan penyimpangan ini). Terhadap ketidaksesuaian-ketidaksesuaian yang disebutkan pada laporan penyimpangan ini, Produksi buatkan FUP untuk selanjutnya menjadi trigger perubahan PPI. Koordinasikan timeline sesuai dengan kesanggupan tim R&D.
2. R&D lakukan penyesuaian PPI sesuai dengan timeline FUP yang sudah dibuat. Untuk produksi LMHGA batch setelah GK017, pastikan sudah menggunakan PPI yang sudah direvisi. Apabila tidak memungkinkan, buatkan lampiran proses parallel menunggu PPI yang sudah direvisi disetujui. Lakukan sosialisasi terhadap lampiran proses yang dibuat, atau PPI yang sudah disetujui. 
3. Pastikan validasi proses yang dilakukan juga sudah sesuai dengan informasi perubahan yang dilakukan sesuai dengan laporan penyimpangan ini. Pastikan informasi terkait dengan usulan penyesuaian yang ditemukan pada saat validasi proses sudah tercantum pada laporan validasi proses. Berikan rekomendasi yang sesuai.
4. . Produk LMHGA GK001-017 dapat dirilis jika hasil analisa terhadap semua parameter memenuhi syarat (MS) dan jika tidak ada issue kualitas lain nya.
",
2024,DEV/QPR/PLG/QC/1024/025,CLOSED,,Planned,Product,Prosedur/Spec/MA tidak sesuai,LMHGA,GK011 - GK017,Paramater analisa Produk  : logam berat dan residu alkohol dilakukan pararel (karena menunggu laporan reduce parameter 10 BN pertama),"1. Produk Mixagrip Herbal Greges memiliki parameter logam berat dan residu alcohol yang mandatory, namun diusulkan untuk dilakukan reduce parameter. Berdasarkan WI-QO-QC-1004 terkait Tata Cara Pengurangan Jumlah Sampel atau Parameter Analisa Produk Ruahan dan Produk Jadi, reduce parameter dapat diimplementasikan setelah dilakukan pembuatan laporan dan FUP berdasarkan trending data 10 batch yang diproduksi berurutan, namun direncanakan untuk dilakukan reduce sebelum laporan dan FUP disetujui. Terkait dengan hal ini, QC buatkan PDO perubahan spesifikasi logam berat dan residu alcohol menjadi optional.
2. Andev lakukan perubahan spesifikasi produk LMHGA sesuai dengan PDO yang sudah dibuat oleh tim QC.
3. QC segera lakukan penyusunan laporan reduce parameter dan FUP. Pastikan dibuatkan timeline yang jelas pada dokumentasi ini, dan dokumen-dokumen ini dapat selesai dalam waktu 2 minggu dan sebelum produksi Mixagrip selanjutnya.
4. Produk LMHGA GK011-GK017 dapat dirilis tanpa menunggu hasil analisa parameter logam berat dan residu alcohol, apabila hasil analisa seluruh parameter lainnya memenuhi persyaratan dan tidak ada issue lainnya.",
2024,DEV/QPR/PLG/PR/1024/026,CLOSED,https://portal.bintang7.com/B7_Deviation/DataDeviasi/Deviasi?Nomor=24102203,Unplanned,Procedure/documentation/data integrity,Prosedur/Spec/MA tidak sesuai,LNKOA ,GK074,Produk di simpan di storage dengan masa bersih yang sudah ED,"1. Terkait dengan adanya kesalahan penulisan pada papan untuk ST 5, dimana tertulis ED tanggal 25 Oktober 2024, seharusnya ED tanggal 18 Oktober 2024, sehingga menyebabkan adanya produk LNKOA GK070 dan LNKOA GK074 yang disimpan pada ST 5 ini melebihi masa pakainya. Terhadap produk LNKOA GK070 dan LNKOA GK074 ini, lakukan pengambilan sampel mikrobiologi untuk dilakukan pemastian terhadap parameter mikrobiologinya masih MS.
2. QC lakukan pemeriksaan parameter mikrobiologi terhadap produk LNKOA GK070 dan LNKOA GK074 yang disimpan pada ST 5 yang kondisinya melebihi masa pakainya.
3. Perlu dilakukan investigasi penyebab adanya ketidaksesuaian penulisan ED bersih pada papan. Buatkan berita acara secara detail terkait dengan ketidaksesuaian ini. Berikan teguran kepada personil yang bertanggungjawab.
4. Terhadap ST 5 yang kondisinya digunakan melebihi masa pakainya, lakukan CM segera setelah proses filling LNKOA GK074 selesai. Lakukan CM sesuai prosedur, dan pastikan ST bersih setelah diCM. Informasikan kepada tim QA setelah selesai CM untuk dilakukan verifikasi.
5. QA lakukan verifikasi terhadap ST 5 yang digunakan melewati masa pakainya. Lampirkan hasil verifikasi pada laporan penyimpangan ini.
6. Produk LNKOA GK070 dan LNKOA GK074 dapat dirilis jika hasil analisa terhadap semua parameter memenuhi syarat (MS), termasuk parameter mikrobiologi dan jika tidak ada issue kualitas lainnya.
7. Akan dilakukan pengambilan sampel stabilitas untuk memastikan produk yang disimpan pada ST yang melebihi masa pakainya ini masih MS selama masa edarnya.
",
2024,DEV/QPR/PLG/PR/1024/027,CLOSED,,Planned,Procedure/documentation/data integrity,Prosedur/Spec/MA tidak sesuai,LKXPA ,GK047,"PPI yang di CWO masih menggunakan PPI lama, belum ada perubahan terkait take out Manufacturing Date","1.	Sebelumnya sudah pernah dibuatkan penyimpangan terkait penghilangan MD pada coding kemasan primer dan sekunder dengan nomor penyimpangan DEV/QPR/PLG/PR/0924/020 untuk produk LBMAV, LKXNA, LKXOD dan LKXJA, namun tidak untuk produk LKXPA karena info PPIC kemasan lama sudah habis sehingga implementasi akan dilakukan pada kemasan baru. Namun pada tanggal 23 Oktober 2024, PPIC menginfokan bahwa masih ada sisa stok kemasan lama sebanyak 1 batch, sehingga untuk mengakomodir produksi yang akan berjalan, TS buatkan lampiran proses terkait penghilangan MD untuk produk LKXPA.
2.	TS lakukan sosialisasi kepada operator terkait dengan penghilangan MD pada coding sachet dan pack ini.
3.	Lakukan proses produksi dengan penghilangan MD ini mengacu pada lampiran proses yang sudah dibuat oleh TS. Koordinasikan dengan tim terkait apabila ditemukan kendala. Informasikan nomor batch produk yang jalan menggunakan lampiran proses ini (berdasarkan info sebelumnya, akan jalan pada LKXPA GK047).
4.	Untuk selanjutnya, produksi LKXPA sudah menggunakan kode baru, sehingga lampiran proses ini hanya akan digunakan untuk 1 batch saja. Informasikan apabila ada kebutuhan penggunaan lampiran proses ini kembali. 
5.	Terhadap produk LKXPA yang diproduksi dengan menggunakan lampiran proses penghilangan MD pada kemasan ini, dapat diberikan status disposisi rilis apabila hasil analisa memenuhi persyaratan dan tidak ada issue kuealitas lainnya. 
",https://b7-drive.bintang7.com/?launchApp=SYNO.SDS.Drive.Application#file_id=853072150792288616
2024,DEV/QPR/PLG/PR/1024/028,CLOSED,,Planned,Procedure/documentation/data integrity,Prosedur/Spec/MA tidak sesuai,LEJSC,        GK119 - GK124,"1. PPI yang digunakan untuk CWO masih menggunakan PPI lama
2. PPI yang digunakan tidak sesuai dengan aktual","1. Adanya target produksi yang muncul untuk produk LEJSA dan LEJOA, menyebabkan akan adanya ketidaksesuaian proses dengan PPI terkait dengan usulan take out MD yang belum bisa diimplementasikan karena tile number polos masih belum tersedia. Selain itu, usulan perubahan produk LEJSC terkait masa simpan bulk di ST dari 3 hari menjadi 7 hari & penambahan agitasi 20 menit dan perubahan masa pakai mesin filling selama 3 hari dan 5BN juga masih tidak sesuai dikarenakan PPI masih proses approval. Terkait dengan ketidaksesuaian-ketidaksesuaian ini, TS buatkan lampiran proses. Lampirkan pada laporan penyimpangan ini.    
2. TS lakukan sosialisasi terhadap PPI yang sudah dibuat kepada personil produksi agar personil memahami lampiran proses yang sudah dibuat.
3. Supervisor Produksi lakukan pemantauan terhadap implementasi lampiran proses yang dibuat oleh tim TS. Koordinasikan dengan tim TS apabila ditemukan kendala.
4. Penggunaan lampiran proses ini direncanakan akan diimplementasikan pada LEJSC batch GK119-121, LEJSA GK122-124, dan LEJOA. Informasikan nomor batch actual yang jalan menggunakan lampiran proses ini. 
5. Produk LEJSA, LEJSC dan LEJOA yang diproduksi menggunakan lampiran proses ini dapat dirilis jika hasil analisa terhadap semua parameter memenuhi syarat (MS) dan jika tidak ada issue kualitas lainnya.
6. TS segera follow up untuk proses revisi PPI, agar untuk produksi selanjutnya sudah sesuai dan tidak menggunakan lampiran proses lagi. ",
2024,DEV/QPR/PLG/PR/1024/029,CLOSED,,Planned,Procedure/documentation/data integrity,Prosedur/Spec/MA tidak sesuai,LEJSA,GK122 - GK124,Proses compounding LEJS1/ LEJSA Batch GK122-124 tidak sesuai dengan PPI : Eliminasi proses heating - cooling,"1. TS berencana melakukan trial campaign compounding produk LEJSA batch GK122 - 124 tanpa menggunakan proses heating cooling. Trial ini dilakukan berdasarkan hasil evaluasi trial single batch komersil yang pernah dilakukan sebelumnya dengan hasil pemeriksaan fisika, kimia, mikro dan sensory MS dan hasil stabtest trial skala pilot 6 bulan ACC dan TK yang MS. Usulan ini disetujui untuk djalankan. TS buatkan lampiran proses terhadap perubahan PPI. Lampirkan lampiran proses pada laporan penyimpangan ini. 
2. Trial rencananya kan dilakukan campaign pada produk LEJSA batch GK122-124. Informasikan apabila ada perubahan nomor batch. 
3. Pastikan operator di lapangan tersosialisasi mengenai rencana trial penghilangan metode heating cooling campaign batch ini. 
4. TS lakukan pendampingan selama proses compounding untuk memastikan trial berjalan dengan lancar. Segera koordinasikan dengan departemen terkait apabila ditemui kendala pada saat proses compounding. Lakukan pengambilan sampel 3 titik ATB pada bulk untuk pemeriksaan parameter fisika, kimia dan mikrobiologi di TS. 
6. QC lakukan analisa pemeriskaan terhadap bulk sesuai dengan parameter eksisting. Apabila hasil analisa bulk MS, maka bulk ACC untuk dirilis (sesuai dengan konfirmasi dari TS) dan dilanjutkan ke proses selanjutnya. 
9. Produksi lakukan pengambilan sampel untuk analisa mikrobiologi pada 3 titik sampling ATB (masing-masing 2 sachet). 
9. QC lakukan pemeriksaan terhadap FG, termasuk sampel analisa mikrobiologi yang sudah disiapkan (ATB).
10. Produk LEJSA batch GK122 - 124 dapat dirilis jika hasil analisa terhadap semua parameter, termasuk analisa mikrobiologi memenuhi syarat (MS) dan tidak ada issue kualitas lain nya. 
11. TS lakukan pengambilan stabtest untuk monitoring kondisi produk selama masa edarnya. Lakukan evaluasi terhadap hasil trial yang dilakukan. Apabila hasil trial menunjukkan hasil yang MS, maka perubahan ini dapat diusulkan untuk diajukan melalui FUP.
",
2024,DEV/QPR/PLG/PR/1024/030,APPROVED,https://portal.bintang7.com/B7_Deviation/DataDeviasi/Deviasi?Nomor=24102401,Planned,Procedure/documentation/data integrity,Prosedur/Spec/MA tidak sesuai,LEJSA ,GK124,Masa pakai unifill ex LEJS1 dengan penghilangan proses heating cooling dilakukan selama 3 hari/5BN (mana yang tercepat),"1. Terkait dengan adanya perubahan proses compounding LEJS1 yg menghilangkan proses heating cooling, sehingga perlu dilakukan studi terkait perubahan ini terhadap durasi masa pakai mesin unifil sesuai dengan PPI. Pada PPI tercantum masa pakai mesin unifil adalah 3 hari/ 5 BN mana yang tercepat, namun studi masih mengacu pada proses compounding dengan heating cooling. Untuk itu, perlu dlilakukan verifikasi fasilitas sebelum dan sesudah proses compounding. Pastikan pembersihan mampu membersihkan fasilitas. Lampirkan hasil verifikasi.
2. Pastikan proses CM yang dilakukan terhadap fasilitas setelah memproduksi LEJS1 tanpa heating cooling campaign 3 hari/ 5 BN ini dilakukan sesuai dengan prosedur. Pastikan operator memahami rencana proses compounding LEJS1 GK122-GK124 tanpa heating cooling ini, dan proses cleaning yang dilakukan setelahnya. 
3. Sebagai bentuk pemastian terhadap bulk yang diproduksi, lakukan pengambilan sampel mikrobiologi terhadap produk yang diproduksi dengan campaign batch 3hari/5BN ini. Berdasarkan informasi, nomor batch produk yang akan jalan adalah LEJSA GK122-GK124. Pastikan dilakukan pengambilan sampel mikrobiologi terhadap ketiga batch ini.
4. QC lakukan analisa terhadap parameter mikrobiologi produk LEJSA GK122-GK124 ini. Lampirkan hasil analisa pada laporan penyimpangan ini.
5. Lakukan evaluasi terhadap hasil studi yang dilakukan ini. Apabila hasilnya MS, maka diusulkan untuk dapat dilanjutkan ke tahap 2 & 3 agar selanjutnya dapat diusulkan untuk disesuaikan bersamaan dengan perubahan compounding tanpa heating cooling ini. 
6. Produk LEJSA batch GK122 - 124 dapat dirilis jika hasil analisa terhadap semua parameter, termasuk analisa mikrobiologi memenuhi syarat (MS) dan tidak ada issue kualitas lain nya.
",
2024,DEV/QPR/PLG/WG/1024/031,APPROVED,https://portal.bintang7.com/B7_Deviation/DataDeviasi/Deviasi?Nomor=24102503,Unplanned,Warehouse,Lain-lain,POSN1,GK721 - GK722,"Plafon area persiapan bahan baku jebol, sehingga material plafon jatuh berserakan diarea persiapan bahan","1. Pada tanggal 25 Oktober 2024 pukul 10.15, adanya plafon area persiapan bahan baku yang jebol dan menyebabkan adanya material plafon yang jatuh ke area persiapan bahan baku. Terkait dengan kondisi plafon yang jebol ini, segera lakukan perbaikan terhadap kondisi plafon dengan menutup celah pada area plafon yang terbuka. Pastikan perbaikan yang dilakukan sudah efektif dan tidak adanya celah yang masih terbuka, maupun berpotensi menimbulkan permasalahan yang baru. 
2. Segera lakukan pembersihan pada area yang kotor akibat plafon yang jebol ini. Pastikan pembersihan dilakukan pada area, termasuk pada fasilitas dan peralatan di sekitar area yang terkena pengotor dari plafon yang jebol ini.
4. Pada saat kejadian plafon jebol, tidak ada material yang berada dibawah plafon secara langsung, dan aktivitas penimbangan langsung dihentikan, sehingga secara risiko untuk material yang ditimbang baik pada ruangan timbang yang memiliki AHU yang sama maupun ruangan timbangan lainnya minim. Pastikan tidak ada material yang terdampak terhadap kejadian plafon jebol ini, dan lakukan pemeriksaan secara fisik terhadap material.
4. Setelah perbaikan yang dilakukan tim Teknik, lakukan pembersihan secara menyeluruh kembali terhadap area penimbangan, dan lakukan verifikasi kembali untuk memastikan area timbang kondisinya MS. Lampirkan hasil verifikasi pada laporan penyimpangan ini. 
5. Terhadap produk yang materialnya sedang proses timbang pada saat kejadian plafon jebol ini, produk dapat dirilis apabila hasil analisa seluruh parameter MS dan tidak ada issue kualitas lainnya.
",
2024,DEV/QPR/PLG/PR/1024/032,CLOSED,,Unplanned,Product,Kebocoran,LKJTA ,GK562,LKJTA GK562 sachet bocor line 6,"1.         Sachet produk LKJTA GK562 ditemukan bocor di line 6 area sealing horizontal output mesin Ilapak 7 oleh inspector QA pada saat inspeksi. Terhadap sachet yang bocor ini, produksi lakukan runut sortir untuk FG dengan prosedur. Hitung hidden cost pada kegiatan ini
2. QA lakukan verifikasi runut sortir kebocoran untuk line 6 untuk output mesin Ilapak 7 sesuai dengan prosedur. Hitung hidden cost pada aktivitas ini
3. Lakukan investigasi lebih lanjut terhadap potensi penyebab adanya kebocoran sachet ini untuk mengetahui root causenya. Pastikan penggantian gasket dilakukan sesuai dengan masa pakainya. Pastikan juga AM dan PM dilakukan sesuai dengan periode yang ditentukan. Cantumkan umur gasket, dan waktu pelaksanaan AM pada laporan penyimpangan ini. Lakukan pengecekkan pada part pengisian, koordinasikan dengan tim teknik apabila ditemukan kondisi yang tidak sesuai. 
4. Kondisi bocor ditemukan pada output yang sudah dikemas, perlu dilakukan pemastian terhadap aktivitas IPC yang dilakukan oleh operator. Lakukan sosialisasi kepada operator untuk memastikan IPC dilakukan dengan benar agar kebocoran dapat terdeteksi lebih awal. 
5. Teknik lakukan evaluasi lebih lanjut terhadap penyebab bocor pada mesin Ilapak 7, pastikan PM mesin dilakukan sesuai penjadwalan. Lakukan pemeriksaan terhadap kondisi part sealing mesin. Informasikan perbaikan yang dilakukan pada laporan penyimpangan ini.
6. Produk LKJTA GK562 dapat dirilis jika hasil analisa terhadap semua parameter memenuhi syarat (MS) dan jika tidak ada issue kualitas lain nya
",
2024,DEV/QPR/PLG/PR/1024/033,APPROVED,https://portal.bintang7.com/B7_Deviation/DataDeviasi/Deviasi?Nomor=24102504,Planned,Procedure/documentation/data integrity,Prosedur/Spec/MA tidak sesuai,"LBMAV
 LBMAT","GK230 - GK241
GK242 - GK252",Sudah dilakukan studi oleh QA untuk memperpanjang masa pakai ilapak pada produk Bejo herbal (LBMAV dan LBMAT) dari 3 hari menjadi 7 hari sebanyak 3 siklus. Namun pada PPI tercatat masa pakai ilapak adalah 3 hari,"1. Sebelumnya sudah dilakukan studi masa pakai Ilapak ex Bejo Herbal menjadi 7 hari (sebelumnya 3 hari) sebanyak 2 siklus, namun untuk siklus ketiga masih parallel menunggu hasil analisa. Terkait dengan hal ini, perlu dilakukan pemastian terhadap hasil analisa studi siklus ketiga untuk memastikan data yang didapatkan valid sebelum perubahan masa pakai ini diimplementasikan. Lampirkan hasil studi untuk ketiga siklus pada laporan penyimpangan ini. Informasikan pada tim produksi dan TS apabila hasil sudah ada.
2. Untuk memenuhi target produksi, maka apabila hasil analisa studi sampai siklus ketiga sudah keluar dan hasilnya sudah MS, maka perubahan masa pakai mesin Ilapak ex Bejo Herbal ini dapat diimplementasikan parallel menunggu PPI disetujui dengan menggunakan lampiran proses. TS siapkan lampiran proses terkait dengan perubahan masa pakai mesin Ilapak ini.
3. PPIC informasikan nomor batch produk yang jalan menggunakan lampiran proses perubahan masa pakai mesin Ilapak ini.
4. Terhadap produk Bejo Herbal yang diproduksi menggunakan lampiran proses perubahan masa pakai mesin Ilapak ini dapat dirilis apabila hasil analisa seluruh parameter memenuhi syarat dan tidak ada issue kualitas lainnya. 
5. Tim Produksi buatkan FUP untuk follow up revisi PPI terkait dengan perubahan masa pakai mesin Ilapak ini ketika hasil analisa studi sampai siklus ketiga sudah ada dan hasilnya MS.
6. TS segera tindaklanjuti FUP yang sudah dibuat oleh tim Produksi agar proses filling dapat dilakukan sesuai dengan PPI.
",
2024,DEV/QPR/PLG/PR/1024/034,CLOSED,,Planned,Procedure/documentation/data integrity,Prosedur/Spec/MA tidak sesuai,LBXT1,GK230 - GK241,Memaksimalkan proses compounding tanpa proses heating cooling pada produk LBXT1,"1. Sebelumnya sudah dilakukan studi proses compounding LBXT1 tanpa proses heating cooling sebanyak 3 siklus campaign batch, dan didapatkan hasil MS baik untuk produknya maupun verifikasi terhadap fasilitas yang digunakan. Saat ini, proses FUP masih direview sehingga untuk PPI dan recipe masih menunggu disposisi. Tim TS siapkan lampiran proses untuk produk Bejo Herbal compounding dengan penghilangan metode heating cooling ini. Pastikan tim produksi tersosialisasi lampiran proses yang sudah dibuat ini.
2. Tim QA segera follow up terkait FUP Bejo Herbal penghilangan proses heating cooling pada compounding produk Bejo Herbal agar perubahan dapat segera ditindaklanjuti.
3. Tim TS siapkan revisi PPI penghilangan metode heating cooling untuk compounding Bejo Herbal, agar ketika FUP sudah disposisi, revisi PPI dapat segera dilakukan.
4. Terhadap produk Bejo Herbal yang diproduksi menggunakan lampiran proses tanpa menggunakan heating cooling ini dapat dirilis apabila hasil analisa seluruh parameter memenuhi persyaratan dan tidak ada issue kualitas lainnya (berdasarkan info, no batch produk : LBXT1 GK230 - GK241)
",
2024,DEV/QPR/PLG/PR/1024/035,CLOSED,,Unplanned,Product,Kebocoran,POSNA ,GK718,POSNA GK718. Sachet line 5 dan 6 bocor,"1.        Sachet produk POSNA GK718 ditemukan bocor di line 5 dan 6, output mesin SIG 5 tanggal 29 Oktober 2024 pada saat inspeksi oleh inspector QA. Terhadap sachet bocor, lakukan runut sortir sesuai dengan prosedur, lakukan pemeriksan juga pada line lainnya. Pastikan sachet yang menjadi output dalam keadaan baik dan tidak bocor. Hitung hidden cost pada kegiatan ini.
2. QA akan melakukan verifikasi hasil runut sortir sesuai dengan prosedur. Output sachet yang memenuhi syarat (MS) dapat dilanjutkan ke proses berikutnya. Hitung hidden cost pada kegiatan ini
3. Lakukan investigasi penyebab kebocoran. Pastikan setting parameter pada mesin susah sesuai, dan terdokumentasi. Apabila kebocoran dikarenakan adjustment temperature dan pressure, perlu dipastikan penyebab perubahan setting. Pastikan hasil output filling sudah OK dan stabil setelah setiap perubahan parameter. Lakukan pengecekkan posisi sendok pada nozzle sudah sesuai. Lakukan investigasi terhadap temuan kebocoran ini, dan informasikan pada laporan penyimpangan ini terkait hasil investigasi yang dilakukan.
4. Teknik lakukan follow up lebih lanjut terhadap temuan sachet bocor, output mesin SIG 5 ini. Apabila kebocoran dikarenakan suhu pada heater yang tidak stabil, lakukan pengecekkan pada kondisi heater. Pastikan preventive maintenance dilakukan sesuai dengan jadwal. Informasikan perbaikan yang dilakukan pada laporan penyimpangan ini.
5. Perlu dilakukan tindakan perbaikan dan pencegahan yang komprehensif dan bukan hanya remedial saja, agar kedepannya kejadian serupa tidak terulang kembali. Lakukan penelusuran rootcause penyebab kebocoran ini. Penyimpangan ditindaklanjuti ke CAPA.
5. Produk POSNA GK718 dapat dirilis jika hasil analisa terhadap semua parameter memenuhi syarat (MS) dan jika tidak ada issue kualitas lain nya  
",https://b7-drive.bintang7.com/?launchApp=SYNO.SDS.Drive.Application#file_id=853070766034434037
2024,DEV/QPR/PLG/PR/1024/036,CLOSED,,Unplanned,Procedure/documentation/data integrity,Prosedur/Spec/MA tidak sesuai,POSNA ,GK720,POSNA GK720. Pada PPI pengemasan primer point verifikasi penggunaan kemasan oleh saksi tidak ada paraf saksi (hanya ada paraf operator pelaksana),"1. Pada saat inspector QA melakukan inspeksi di area SIG 5, ditemukan temuan tidak ada paraf saksi pada point verifikasi penggunaan kemasan. Bubuhkan paraf PPI tersebut. Lampirkan dokumentasinya.
2. Lakukan investigasi penyebab terlewatnya dokumentasi ini, apakah memang tidak dilakukan aktivitas tersebut atau hanya terlewat dokumentasinya saja. Berikan teguran pada personil yang bertanggungjawab.
2. Supervisor Produksi lakukan sosialisasi ulang kepada personil produksi untuk memastikan pencatatan pada PPI sesuai dengan prinsip GPD dan ALCOA. Pastikan personil mengetahui cara pengisian dokumen. Lampirkan materi sosialisasi dan daftar hadir sosialisasi.
4. Apabila tidak ada issue kualitas lainnya dan semua parameter pemeriksaan memenuhi persyaratan, maka produk POSNA GK720 dapat dirilis.
",https://b7-drive.bintang7.com/?launchApp=SYNO.SDS.Drive.Application#file_id=853069796563007203
2024,DEV/QPR/PLG/PR/1124/001,CLOSED,,Unplanned,Product,Kebocoran,POSNA,GK727,POSNA GK727. Sachet line 4 bocor ,"1. Sachet produk POSNA batch GK727 ditemukan bocor di line 4 area sealing horizontal pada saat validasi proses, output mesin SIG 6 pukul 17.27 tanggal 1 November 2024. Selanjutnya mesin dimatikan, dan dilakukan pengambilan output kembali sebanyak 8 renceng (tanpa dilakukan perbaikan), dan didapati hasil MS. Pastikan tidak ada kebocoran lain pada IPC selanjutnya. Terhadap sachet bocor, lakukan runut sortir sesuai dengan prosedur. Hitung hidden cost pada kegiatan ini 
2. QA akan melakukan verifikasi hasil runut sortir kebocoran line 4, sachet yang memenuhi syarat (MS) dapat dilanjutkan ke proses berikutnya. Hitung hidden cost pada kegiatan ini 
3. Perlu dilakukan investigasi lebih lanjut selama proses apakah ditemukan kondisi mesin yang NOK dan IPC dilakukan sesuai prosedur. Lakukan pemeriksaan pada suhu dan tekanan sealing, serta kebersihan permukaan sealing jaw. Pastikan bagian filler dan bagian lain pada mesin memiliki kinerja yang baik. Kooordinasikan dengan tim Teknik terkait apabila ditemukan adanya kondisi part mesin yang membutuhkan perbaikan. 
4. Teknik lakukan follow up lebih lanjut terhadap temuan sachet bocor line 4 area sealing horizontal, output mesin SIG 6. Lakukan pengecekkan pada kondisi sealing horizontal, dan tekanan kedua sisi sealing jawab merata. Lakukan pemeriksaan pada suhu dan tekanan sealing. Lampirkan detail perbaikan 
5. Produk POSNA batch GK727 dapat dirilis jika hasil analisa terhadap semua parameter memenuhi syarat (MS) dan jika tidak ada issue kualitas lain nya  
",
2024,DEV/QPR/PLG/PR/1124/002,CLOSED,,Unplanned,Product,Kebocoran,POSNA,GK728,POSNA GK728. Sachet line 8 bocor,"1. Sachet produk POSNA batch GK728 ditemukan tidak gembung saat di vacuum di line 8 pada saat inspeksi, output mesin SIG 5 pukul 01.20 tanggal 2 November 2024. Selanjutnya dilanjutkan dengan uji vacuum basah dan didapati bulk di dalam sachet dalam kondisi basah. Terhadap sachet bocor, lakukan runut sortir sesuai dengan prosedur. Hitung hidden cost pada kegiatan ini. Pastikan tidak ada kebocoran lain pada IPC selanjutnya.
2. QA akan melakukan verifikasi hasil runut sortir kebocoran line 8, sachet yang memenuhi syarat (MS) dapat dilanjutkan ke proses berikutnya. Hitung hidden cost pada kegiatan ini 
3. Perlu dilakukan investigasi lebih lanjut selama proses apakah ditemukan kondisi mesin yang NOK dan IPC dilakukan sesuai prosedur. Lakukan pemeriksaan pada suhu dan tekanan sealing, serta kebersihan permukaan sealing jaw. Pastikan bagian filler dan bagian lain pada mesin memiliki kinerja yang baik. Kooordinasikan dengan tim Teknik terkait apabila ditemukan adanya kondisi part mesin yang membutuhkan perbaikan. 
4. Teknik lakukan follow up lebih lanjut terhadap temuan sachet bocor line 8 area sealing horizontal, output mesin SIG 5. Lakukan pengecekkan pada kondisi sealing horizontal, dan tekanan kedua sisi sealing jawab merata. Lakukan pemeriksaan pada suhu dan tekanan sealing. Lampirkan detail perbaikan. Pastikan dilakukan penetapan tindakan perbaikan yang bisa mencegah kejadian bocor tidak terulang kembali kedepannya.
5. Produk POSNA batch GK728 dapat dirilis jika hasil analisa terhadap semua parameter memenuhi syarat (MS) dan jika tidak ada issue kualitas lain nya  ",
2024,DEV/QPR/PLG/PR/1124/003,CLOSED,,Unplanned,Product,Kebocoran,LBMAV,GK235,output ilapak 8 bocor line 1 dan 6,"1.         Sachet produk LBMAV batch GK235 ditemukan bocor di line 1 dan 6 area sealing vertikal, produk merupakan output mesin ilapak 8 pukul 10.35 saat inspeksi oleh inspector QA. Sebelumnya terjadi GT heater sealing vertical dan sudah dilakukan pergantian heater sealing vertical. Verifikasi after GT juga sudah Ok, namun pada saat inspeksi pukul 10.35 ditemukan kebocoran pada line 1 dan 6 area sealing vertical. Terhadap sachet yang bocor, produksi lakukan runut sortir untuk FG dijam kejadian sesuai dengan prosedur. Hitung hidden cost pada kegiatan ini
2. QA lakukan verifikasi runut sortir kebocoran untuk line 1 dan 6 sesuai dengan prosedur. Hitung hidden cost pada aktivitas ini
3. Dari pengamatan hasil sachet bocor, diamati area kebocoran memang memiliki ruster yang kurang jelas dibandingkan area lainnya. Lakukan investigasi lebih lanjut terhadap potensi penyebab adanya kebocoran sachet ini untuk mengetahui root causenya, apakah memang dikarenakan panas dan tekanan yang kurang optimal. Pastikan kondisi mesin sudah OK dan sudah diverifikasi sebelum mesin dijalankan kembali setelah GT, dan perketat pengamatan sebelum mesin dijalankan kembali. Past6ikan setting suhu dan tekanan pada mesin sesuai dengan yang dupersyaratkan pada PPI. 
4. Teknik lakukan evaluasi lebih lanjut terhadap penyebab bocor pada mesin Ilapak 8 ini, pastikan PM mesin dilakukan sesuai penjadwalan. Perlu dilakukan perbaikan untuk mencegah kejadian berikut berulang. Informasikan perbaikan yang dilakukan.
5.         Produk LBMAV batch GK235 dapat dirilis jika hasil analisa terhadap semua parameter memenuhi syarat (MS) dan jika tidak ada issue kualitas lain nya
",https://b7-drive.bintang7.com/?launchApp=SYNO.SDS.Drive.Application#file_id=853987882898075851
2024,DEV/QPR/PLG/PR/1124/004,CLOSED,,Unplanned,Product,Bobot TMS,POSNA,GK729,"Ditemukan sachet line 1,2,3 dan 8 bobot TMS,syarat bobot pada PPI  1.00 - 1.20 gram","1. Bobot sachet POSNA batch GK729 ditemukan TMS pada line 1 (rata-rata 0.95 gr), 2 (rata-rata 0.996 gr), 3 (rata-rata 1.01 gr) dan 8 (rata-rata 1.00 gr) (syarat bobot 1.00 – 1.20 gram), output mesin SIG 6. Berdasarkan konversi perhitungan bobot dibandingkan kadar, rekomendasi bobot minimum yang masih memenuhi syarat (MS) yaitu sesuai dengan spesifikasi 1.00 gram. Produksi laukan runut sortir bobot sesuai dengan prosedur. Hitung hidden cost pada kegiatan ini.
2. QA lakukan verifikasi runut sortir dengan spesifikasi bobot yaitu 1.00 – 1.20 gram. Pastikan tidak ditemukan sachet dengan bobot kurang dari 1.00 gram. Hitung hidden cost pada kegiatan ini 
3. Lakukan investigasi untuk mengetahui penyebab sachet dengan bobot TMS ini, apakah ada part mesin yang kondisinya sudah tidak baik, atau perlu peremajaan. Potensi kasus bobot TMS ini karena setting adjustment yang tidak sesuai dengan kondisi bulk. Lakukan investigasi apakah ada perubahan pada parameter di proses sebelumnya, and apakah ada perbedaan pada karakteristik bulk. Pastikan operator memahami cara setting mesin, dan pastikan tidak ada abnormalitas pada mesin. Koordinasikan dengan tim Teknik apabila ditemukan kondisi mesin yang tidak sesuai. 
4. Teknik lakukan follow up lebih lanjut terhadap temuan sachet dengan bobot TMS di mesin SIG 6 ini. Lakukan pengecekkan pada part-part pengisian mesin, pastikan kondisinya masih baik. Lakukan perbaikan apabila ditemukan ketidaksesuaian pada mesin.
4. Produk POSNA batch GK729 dapat dirilis jika hasil analisa terhadap semua parameter memenuhi syarat dan jika tidak terdapat issue kualitas lain nya 
",https://b7-drive.bintang7.com/?launchApp=SYNO.SDS.Drive.Application#file_id=852542142657115440
2024,DEV/QPR/PLG/PR/1124/005,CLOSED,,Unplanned,Product,Kepatuhan,LKJTA ,GK595,"Hasil codding no batch pada sachet mesin ilapak 4 (D) produk LKJTA GK593D, seharusnya GK595D (sesuai dengan PPI)","1. Pada tanggal 6 November 2024 pukul 08.30, packer Jinsung 2 atas nama Mia menemukan adanya ketidaksesuaian nomor batch pada sachet produk LKJTA GK595D (tertulis GK593D). Produk LKJTA GK595D yang salah coding ini merupakan output mesin Ilapak 4 dan sudah difilling sejak pukul 21.30-22.15 tanggal 5 November 2024, dan dilanjutkan filling pada tanggal 6 November 2024 pukul 07.20-08.35. Terkait dengan temuan salah coding ini, lakukan pemisahan terhadap output palet 1 sampai palet 3 karton 14. 
2. Lakukan perbaikan terhadap output produk yang salah coding ini, dan lakukan coding ulang. Lakukan perhitungan waktu dan biaya yang diperlukan untuk aktivitas recoding ini.
3. QA lakukan verifikasi terhadap perbaikan yang sudah dilakukan oleh tim produksi, pastikan tidak ada sachet produk yang masih memiliki kesalahan batch yang terbawa ke kemas. Hitung hidden cost dari aktivitas verifikasi ini, lampirkan laporan verifikasi.
4. Produksi lakukan repack terhadap sachet yang sudah diverifikasi ini. Lewatkan hasil repack pada checkweigher sebelum dilanjutkan ke proses wrapping untuk memastikan isi dalam pack sudah sesuai.
5. Selanjutnya, lakukan pengemasan hasil wrapping ke dalam karton dan lakukan coret paraf sesuai GDP pada bobot karton pada label timbang sesuai bobot actual. Lakukan penyesuaian juga pada laporan penimbangan FG. Pastikan bobot yang dituliskan sesuai dengan bobot yang sesungguhnya. 
6. Perlu dilakukan investigasi penyebab adanya ketidaksesuaian coding pada sachet yang diproduksi ini. Lakukan verifikasi kebenaran informasi yang dituliskan pada berita acara, apakah memang adanya pengembalian setting nomor batch menjadi GK593D setelah verifikasi awal jalan MS. Jelaskan detail kekurangan sampel yang dimaksud pada berita acara. Informasikan hasil investigasi pada laporan penyimpangan ini.
7. Berikan teguran keras kepada personil yang bertanggungjawab atas kejadian ini. 
8. Pastikan personil mengetahui tugas dan tanggungjawabnya dalam pelaksanaan IPC yang dilakukan, dan melakukan IPC dengan mindfulness. Lakukan sosialisasi kepada seluruh operator.
9. Untuk selanjutnya, perlu dilakukan pemeriksaan berlapis, dan persetujuan sampai ke Supervusor untuk persetujuan sachet jalan saat awal filling, dan saat IPC berjalan jika diperlukan.
10. Penyimpangan ini perlu ditindaklanjuti ke CAPA untuk mencegah kejadian serupa berulang kembali di kemudian hari.
11. Produk LKJTA GK595 dapat diluluskan apabila hasil pemeriksaan seluruh parameter memenuhi persyaratan dan tidak ada issue kualitas lainnya. 
",
2024,DEV/QPR/PLG/QA/1124/006,CLOSED,,Unplanned,Procedure/documentation/data integrity,Kepatuhan,POSN1,GK727,"Tidak dilakukan pemeriksaan suhu, RH dan DPG di RT5","1. Pada saat dilakukan review BR oleh staff QA, ditemukan pada form line clearance BR POSNA GK727 tidak dilakukan pemeriksaan suhu, RH dan DPG pada ruang timbang 5, padahal ruang timban tersebut digunakn untuk proses timbang talc. Terkait dengan hal ini, lakukan pengecekkan kondisi suhu, RH dan DPG di ruang timbang 5 pada waktu timbang tersebut, dan catat hasilnya pada form line clearance. Lampirkan dokumentasinya.
2. Berdasarkan berita acara yang dibuat, terlewatnya pengisian pada form line clearance ini dikarenakan personil yang kurang mindful. Lakukan sosialisasi kembali kepada personil di area penimbangan untuk selalu memastikan pengisian dokumen sesuai dengan prinsip data integrity. Lampirkan daftar hadir dan materi sosialisasinya. 
3. Produk POSNA GK727 dapat dirilis jika hasil analisa terhadap semua parameter memenuhi syarat (MS) dan jika tidak ada issue kualitas lain nya
",https://b7-drive.bintang7.com/?launchApp=SYNO.SDS.Drive.Application#file_id=852543115158927089
2024,DEV/QPR/PLG/PR/1124/007,CLOSED,,Unplanned,Product,Kebocoran,POSNA,GL738,Sachet line 3 dan 4 bocor pada sealing horisontal,"1. Sachet produk POSNA batch GL738 ditemukan bocor pada line 3 dan 4 area sealing horizontal saat verifikasi output SIG 5 terkait GT line 3 dan 4 saat proses trial foil Panverta. Terhadap sachet dengan kondisi bocor, lakukan runut sortir sesuai dengan prosedur. Hitung hidden cost pada kegiatan ini. Pastikan tidak ada kebocoran lain pada IPC selanjutnya.
2. QA akan melakukan verifikasi hasil runut sortir kebocoran line 3 dan 4, sachet yang memenuhi syarat (MS) dapat dilanjutkan ke proses berikutnya. Hitung hidden cost pada kegiatan ini 
3. Perlu dilakukan investigasi lebih lanjut penyebab kebocoran sachet ini. Lakukan pemastian kondisi sealing, apakah terdapat kerusakan pada part sealing yang menyebabkan tekanan sealing menjadi tidak merata. Lakukan pemastian juga pada kondisi heater yang digunakan, sehingga berpotensi menyebabkan suhu menjadi tidak stabil. Pastikan setting suhu dan tekanan sesuai dengan yang dipersyaratkan pada PPI. Lakukan investigasi juga, apakah kebocoran ini disebabkan karena kondisi foil yang digunakan. Kooordinasikan dengan tim Teknik terkait apabila ditemukan adanya kondisi part mesin yang membutuhkan perbaikan. 
4. Teknik lakukan follow up lebih lanjut terhadap temuan sachet bocor line 3 dan 4 area sealing horizontal, output mesin SIG 5. Lakukan pengecekkan pada kondisi sealing serta heater pada mesin SIG 5. Berdasarkan informasi TS, dilakukan perbaikan dengan pengganjalan pada sealing. Lakukan perbaikan terhadap kondisi ini, agar kedepannya settingan sealing dapat menghasilkan performa yg baik untuk semua line tanpa perlu diganjal. 
5. TS lakukan review terhadap kondisi foil yang digunakan, apakah ada issue pada lapisan yang dapat berpotensi menyebabkan kebocoran pada sachet, atau memerlukan penyesuaian setting parameter. 
6. Produk POSNA batch GL738 dapat dirilis jika hasil analisa terhadap semua parameter memenuhi syarat (MS) dan jika tidak ada issue kualitas lain nya  
",
2024,DEV/QPR/PLG/PR/1124/008,CLOSED,,Unplanned,Testing and analytical method,Analisa Lab TMS,POSNA ,GL742 - GL746,Kadar Caffein TMS di 5 Titik ,"1. Dari hasil analisa QC untuk sampel POSNA batch GL742 didapatkan 4 titik yang menunjukan kadar caffein TMS ( <90%), syarat MS 90 - 110% pada titik kiri A (84,80%), kiri T (86,15%) , tengah A (86, 36%), kanan T (81,03%). hasil analisa  terhadap POSNA batch GL744 dan GL746 juga ditemukan TMS.Terhadap hasil analisa POSNA batch GL742, GL744, GL746 yang TMS, lampirkan hasil analisa OOS. 
2. Proses compounding POSNA sudah dilakukan proses layering. Berdasarkan hasil investigasi OOS, hasil analisa kadar Caffeine yang TMS disebabkan karena sampel yang kurang homogen. Terhadap bulk yang kurang homogen (POSNA batch GL742, GL744, GL746), Produksi lakukan mixing ulang selama 20 menit atas rekomendasi dari TS. Lakukan pencatatan tambahan proses di catatan perubahan proses agar proses remixing terecord di dalam Batch Record
3 Pada bulk hasil remixing ulang, lakukan sampling pada 9 titik (A,T,B) untuk memastikan homogenitas bulk. Proses filling dapat dilanjutkan jika hasil analisa ulang 9 titik MS. Koordinasikan dengan departemen terkait
4.QC lakukan analisa ulang 9 titik (A,T,B) , pastikan hasil analisa kadar Caffeine  memenuhi syarat (MS) dan homogen.Pemeriksaan ASB akan dilakukan secara composite .Tehadap parameter lain nya pastikan memenuhi syarat (MS) sebelum dilanjutkan ke proses berikutnya. Lampirkan hasil analisa lengkap

5.Hasil analisa kadar Caffeine yang TMS dapat disebabkan karena adanya material yang lembab dan menggumpal sehingga proses transfer tidak homogen. Lakukan investigasi lebih lanjut terhadap Manufacturing Date material Caffeine ( No QC 2R/2410/0119 EX  CSPC Innovation Pharm dan Acetosal (No QC 2R/2409/0094 EX Shandong Xinhua Pharmaceutical) apakah terdapat pengaruh nya terhadap penyimpanan material atau issue gumpal. Lakukan evaluasi dan perbaikan terhadap proses compounding yang dilakukan.  

6.QC Lakukan evaluadi data trend LOD/ kadar air antar vat di No QC yang sama. Bandingkan trend dar LOD/Kadar air dengan CoA. Lampirkan hasil evaluasi

7.Produk POSNA batch GL742, GL744, GL746 dapat dirilis jika hasil analisa terhadap semua parameter   ",
2024,DEV/QPR/PLG/PR/1124/009,CLOSED,,Unplanned,Product,Prosedur/Spec/MA tidak sesuai,LNKOA,GL100,No batch terpotong di sachet ilapak 10,"1. Pada saat dilakukan inspeksi di mesin Ilapak 10 R. Filling 1 saat filling produk LNKOA GL100, didapati adanya coding yang terpotong pada semua line. Produksi lakukan runut sortir terhadap kondisi coding yang terpotong ini. Lakukan penghapusan coding yang tidak terpotong, dan coding ulang pada area yang seharusnya jika memungkinkan. Pastikan hanya sachet dengan kondisi coding yang sesuai yang dilanjutkan ke kemas. Hitung hidden cost pada kegiatan ini.
2. QA lakukan verifikasi runut sortir coding yang terpotong ini sesuai dengan prosedur. Pastikan hanya sachet dengan kondisi coding yang sesuai yang dilanjutkan ke kemas. Hitung hidden cost pada aktivitas ini.
3. Lakukan investigasi terkait coding yang terpotong ini. Perlu dipastikan setting inkjet yang digunakan sebelum jalan proses sudah sesuai. Lakukan setting ulang inkjet jika memang hasil coding yang didapatkan belum stabil. Pastikan hasil setting coding stabil dan tidak bergeser sebelum coding dilanjutkan untuk sachet berikutnya. Koordinasikan dengan vendor apabila ditemukan kendala pada inkjet.
4. Teknik lakukan pengecekkan pada kondisi mesin, apakah ada kondisi mesin yang bermasalah dan perlu dilakukan perbaikan. Informasikan perbaikan yang dilakukan (jika ada) pada laporan penyimpangan ini.
5.         Produk LNKOA GL100 dapat dirilis jika hasil analisa terhadap semua parameter memenuhi syarat (MS) dan jika tidak ada issue kualitas lain nya
",https://b7-drive.bintang7.com/?launchApp=SYNO.SDS.Drive.Application#file_id=853089241704479670
2024,DEV/QPR/PLG/PR/1124/010,CLOSED,,Planned,Product,Prosedur/Spec/MA tidak sesuai,POSNA ,GL748,Trial perubahan proses layering caffeine-starch sehingga compounding POSN1 tidak sesuai dengan PPI,"1. 	Terhadap hasil analisa caffein TMS under pada 3 batch komersil, TS buatkan lampro untuk trouble shooting proses. sosialisasikan perubahan proses ke tim produksi. TS lakukan pendampingan selama proses & koordinasikan dengan tim terkait bila ada kendala. lampirkan lampro & bukti sosialisasi
2. Produksi lakukan proses sesuai lampro & IPC sesuai PPI. lakukan sampling terhadap produk ruah sebanyak 9 titik
3. QC lakukan analisa thd sample sesuai metode analisa yg berlaku. QC release ruah sesuai dengan spesifikasi yg berlaku
4. Produksi lanjutkan proses filling, catat jika ada ketidaksesuaian selama proses filling yg dapat berpengaruh thd keseragaman bobot & kadar
5. QA lakukan release thd FG sesuai hasil analisa & catatan proses
6. 	TS lakukan trial thd batch GL748. koordinasikan ke departemen terkait jika diperlukan trial lanjutan di batch lain. Lakukan evaluasi thd trial & lampirkan report trial. Follow up proses trouble shooting sesuai hasil evaluasi trial",
2024,DEV/QPR/PLG/PR/1124/011,CLOSED,,Unplanned,Product,Kebocoran,LKJTA,GK595,Sachet bocor,"1. Sachet produk LKJTA batch GK595 ditemukan bocor di line 1 area sealing vertikal, produk merupakan output mesin ilapak 3 pada saat dilakukan verifikasi di palet 1 karton 3 terkait case salah nomor batch. Terhadap sachet yang bocor, produksi lakukan runut sortir untuk FG dijam kejadian sesuai dengan prosedur. Hitung hidden cost pada kegiatan ini 
2. QA lakukan verifikasi runut sortir kebocoran untuk line 1 sesuai dengan prosedur. Hitung hidden cost pada aktivitas ini 
3. Dari pengamatan hasil sachet bocor, terlihat bahwa sachet tidak tersealing sempurna, namun ruster terlihat jelas sehingga kemungkinan sealing vertical halus NOK. Lakukan investigasi lebih lanjut terhadap potensi penyebab adanya kebocoran sachet ini untuk mengetahui root causenya, apakah disebabkan karena pressure sealing yang tidak merata. Pastikan kondisi mesin sudah OK dan apabila dilakukan adjustment pada setting sudah sesuai. Lakukan pengecekkan juga pada kondisi gasket, apakah masih baik dan pergantian dilakukan sesuai jadwal. Informasikan hasil investigasi pada laporan penyimpangan ini.
4. Teknik lakukan evaluasi lebih lanjut terhadap penyebab bocor pada mesin Ilapak 3 ini, pastikan PM mesin dilakukan sesuai penjadwalan. Perlu dilakukan perbaikan untuk mencegah kejadian berikut berulang. Informasikan perbaikan yang dilakukan. 
5. Produk LKJTA batch GK595 dapat dirilis jika hasil analisa terhadap semua parameter memenuhi syarat (MS) dan jika tidak ada issue kualitas lain nya
",https://b7-drive.bintang7.com/?launchApp=SYNO.SDS.Drive.Application#file_id=853086021259145886
2024,DEV/QPR/PLG/PR/1124/012,Cancel,,Unplanned,Product,Lain-lain,LNKOA,GL113,Masa pakai mesin Expire date,"1. Masa pakai mesin Ilapak 9-10 akan ED pada tanggal 18 November 2024, namun untuk memenuhi kebutuhan target maka rencana mesin Ilapak 9-10 akan digunakan untuk filling produk LNKOA GL113 sampai tanggal 19 November 2024. Terhadap produk LNKOA GL113 ini, lakukan pengambilan sampel mikrobiologi untuk masing-masing mesin agar dilakukan pemastian terhadap parameter mikrobiologinya masih MS.
2. QC lakukan pemeriksaan parameter mikrobiologi terhadap produk LNKOA GL113 difilling menggunakan mesin yang kondisinya melebihi masa pakainya.
3. Untuk selanjutnya, pastikan alokasi jadwal filling disesuaikan dengan masa pakai dan masa bersih mesin agar kejadian serupa tidak terulang kembali. Koordinasikan dengan tim PPIC terkait dengan perencanaan proses produksi agar dapat memperhitungkan kondisi mesin.
4. Terhadapmesin Ilapak 9 dan 10 yang kondisinya digunakan melebihi masa pakainya, lakukan CM segera setelah proses filling LNKOA GL113 selesai. Lakukan CM sesuai prosedur, dan pastikan kondisi mesin bersih setelah diCM. Informasikan kepada tim QA setelah selesai CM untuk dilakukan verifikasi.
5. Produk LNKOA GL113 dapat dirilis jika hasil analisa terhadap semua parameter memenuhi syarat (MS), termasuk parameter mikrobiologi dan jika tidak ada issue kualitas lainnya.
",
2024,DEV/QPR/PLG/AD/1124/013,CLOSED,,Planned,Procedure/documentation/data integrity,Prosedur/Spec/MA tidak sesuai,LEJOA,GL021 - GL023,Proses compounding LEJO1/LEJOA Batch GL021-023 tidak sesuai dengan PPI : Eliminasi proses heating – cooling,"1. TS berencana melakukan trial campaign compounding produk LEJOA batch GL021-023 tanpa menggunakan proses heating cooling, dan perubahan durasi mixing menjadi 30 menit (eksisting 15 menit). Trial ini dilakukan berdasarkan hasil evaluasi trial single batch komersil yang pernah dilakukan sebelumnya pada produk sejenis (LEJSA GF118) dengan hasil pemeriksaan fisika, kimia, mikro dan sensory MS dan hasil stabtest komersil 4 bulan ACC yang MS. Usulan ini disetujui untuk djalankan. TS buatkan lampiran proses terhadap perubahan PPI. Lampirkan lampiran proses pada laporan penyimpangan ini.
2. Trial rencananya kan dilakukan campaign pada produk LEJOA batch GL021-023. Informasikan apabila ada perubahan nomor batch.
3. Pastikan operator di lapangan tersosialisasi mengenai rencana trial penghilangan metode heating cooling campaign batch ini.
4. TS lakukan pendampingan selama proses compounding untuk memastikan trial berjalan dengan lancar. Segera koordinasikan dengan departemen terkait apabila ditemui kendala pada saat proses compounding.
5. QC lakukan analisa pemeriksaan terhadap bulk sesuai dengan parameter eksisting pada 3 titik ATB. Apabila hasil analisa bulk MS, maka bulk ACC untuk dirilis (sesuai dengan konfirmasi dari TS) dan dilanjutkan ke proses selanjutnya.
6. Produksi lakukan pengambilan sampel untuk analisa mikrobiologi pada 3 titik sampling ATB (masing-masing 2 sachet).
7. QC lakukan pemeriksaan terhadap FG, termasuk sampel analisa mikrobiologi yang sudah disiapkan (ATB).
8. TS lakukan pengambilan sampel bulk dan sampel FG sesuai dengan kebutuhan trial. Koordinasikan dengan departemen terkait untuk pengambilan dan analisa sampelnya.
9. Produk LEJOA batch GL021-023 dapat dirilis jika hasil analisa terhadap semua parameter, termasuk analisa mikrobiologi memenuhi syarat (MS) sesuai pemeriksaan QC dan tidak ada issue kualitas lainnya.
10. TS lakukan evaluasi terhadap hasil trial yang dilakukan. Apabila hasil trial menunjukkan hasil yang MS, maka perubahan ini dapat diusulkan untuk diajukan melalui FUP.",
2024,DEV/QPR/PLG/PR/1124/014,CLOSED,,Unplanned,Product,Performance hasil pengemasan,LKMCC,GL331,Ditemukan coding pada sachet tidak stabil,"1. Saat dilakukan inspeksi oleh inspector QA tanggal 18 November 2024 pukul 14.00, ditemukan adanya coding sachet yang menabrak redaksi sehingga menutupi redaksi dan coding yang terpotong pada semua line, output mesin lapak 3. Terhadap temuan coding sachet yang tidak stabil ini, Produksi lakukan runut sortir sesuai dengan prosedur. Lakukan penghapusan coding yang tidak sesuai, serta lakukan coding ulang sesuai dengan posisi yang ditetapkan. Pastikan tidak ada sachet yang redaksinya terpotong atau menabrak redaksi dilanjutkan ke kemas. Hitung hidden cost pada kegiatan ini.
2. QA lakukan verifikasi runut sortir sesuai dengan prosedur. Sachet yang dilanjutkan ke proses berikutnya merupakan sachet yang bagian redaksinya tidak tertimpa coding, tidak terpotong dan memenuhi syarat (MS) secara fisik. Hitung hidden cost pada kegiatan ini.
3. Lakukan evaluasi penyebab coding yang tidak stabil ini. Pada waktu kejadian, tidak ada WR yang dibuat, sehingga perbaikan dilakukan oleh operator. Informasikan perbaikan yang dilakukan pada laporan penyimpangan ini. Pastikan setting posisi printhead sudah sesuai, setting sensor eyemark sudah sesuai, serta lakukan pengecekkan pada kondisi moving inkjet. Pastikan timing printing coding sudah sesuai, agar hasil coding yang dihasilkan dapat selalu MS. Apabila ditemukan adanya kondisi yang tidak sesuai pada mesin, segera buatkan WR untuk ditindaklanjuti.
4. Teknik lakukan follow up pemeriksaan pada part coding atau coding inkjetnya, pastikan dalam kondisi baik, serta tidak ada issue dari mesin yang dapat menyebabkan coding yang dihasilkan tidak sesuai. Lampirkan detail perbaikan.
5. Produk LKMCC GL331 dapat dirilis jika hasil analisa terhadap semua parameter memenuhi syarat (MS) dan jika tidak terdapat issue kualitas lain nya",https://b7-drive.bintang7.com/?launchApp=SYNO.SDS.Drive.Application#file_id=854536004051189447
2024,DEV/QPR/PLG/PR/1124/015,CLOSED,,Unplanned,Process,Kepatuhan,LKJTA ,GL633,LKJTA GL633. RM dextromethorphan HBR (prekursor) yang ada di ruang staging RM1 tidak disimpan dilemari khusus yang terkunci. Serah terima RM dilakukan di shift 3 kemarin,"1. Pada saat inspector melaukan inspeksi ke ruang staging RM1 pada tanggal 19 November 2024, ditemukan adanya material dextromethorpan produk LKJTA GL633 yang disimpan di atas palet bersama dengan material lainnya, dimana seharusnya dextromethorphan disimpan di dalam lemari khusus yang terkunci. Lakukan pemindahan material dextromethorphan tersebut ke dalam lemari khusus yang terkunci.
2. Terkait dengan temuan ini, buatkan berita acara penyebab adanya ketidaksesuaian ini, apakah dikarenakan operator yang tidak paham mengenai ketentuan ini, atau disebabkan factor lainnya. Lampirkan berita acara pada laporan penyimpangan ini.
3. Perlu ditentukan mitigasi risiko untuk pencegahan kejadian serupa berulang kembali sesuai dengan rootcause ketidaksesuaian ini. Perlu dilakukan monitoring berjala oleh supervisor terkait tentang konsistensi pelaksanaan penyimpanan material OOT ini.
4. Lakukan sosialisasi kepada operator terkait dengan handling RM OOT sebelum dilakukan proses compounding. Lampirkan materi sosialisasi dan daftar hadirnya.
5.  Produk LKJTA batch GL633 dapat dirilis jika hasil analisa terhadap semua parameter memenuhi syarat (MS) dan jika tidak ada issue kualitas lain nya
",https://b7-drive.bintang7.com/?launchApp=SYNO.SDS.Drive.Application#file_id=854534123983781255
2024,DEV/QPR/PLG/QA/1124/016,CLOSED,,Unplanned,Product,Bobot TMS,LKNTA ,GL022,Hasil bobot otorisasi pada LKNTA GL022 TMS Under,"1. Terkait dengan adanya temuan bobot sachet yang TMS pada form otorisasi LKNTA GL022 yaitu dengan bobot 8.45 gram (spek : 8.46 – 9.11 gram), secara perhitungan konversi bobot ke kadar bobot 8.45 gram masih masuk kadar. Bobot yang masih memenuhi spesifikasi kadar yaitu minimal 8.25 gram. Temuan bobot TMS spek ini hanya didapati pada 1 sachet saja, sehingga untuk temuan ini dapat direluctant release. 
2. Perlu dilakukan penelusuran root cause penyebab adanya otorisasi yang TMS namun terlewat ini. Lampirkan berita acara pada laporan penyimpangan ini. Pastikan kejadian tidak terulang kembali.
3. Lakukan sosialisasi kepada personil produksi untuk memastikan personil mengetahui prosedur otorisasi, dan pastikan penulisan pada dokumen sudah sesuai (tertulis MS pada form otorisasi, actual TMS). Lampirkan daftar hadir pada laporan penyimpangan ini.
4. Supervisor Produksi pastikan proses otorisasi dilakukan sesuai dengan prosedur, dan lakukan pemeriksaan form otorisasi sebelum melakukan persetujuan. 
5. Produk LKNTA GL022 dapat dirilis jika hasil analisa terhadap semua parameter memenuhi syarat (MS) dan jika tidak ada issue kualitas lain nya
",https://b7-drive.bintang7.com/?launchApp=SYNO.SDS.Drive.Application#file_id=855070166992599722
2024,DEV/QPR/PLG/PR/1124/017,CLOSED,,Unplanned,Product,Kepatuhan,LETSB ,GL104,Storage tank nomor 8 untuk LETSB GL104 ED,"1.	Storage tank 8 yang digunakan untuk menyimpan bulk LETSB GL104 ED masa pakainya pada tanggal 24 November 2024 (hari Minggu), sedangkan estimasi selesai filling adalah pada 25 November 2024 shift 1. Terkait dengan hal ini, lanjutkan proses filling sampai selesai. Lakukan pencatatan pada BR dan informasikan waktu selesai proses filling pada laporan penyimpangan ini. Pastikan tidak ada perubahan karakterisitik pada bulk. 
2.	Setelah proses filling selesai dilakukan, segera lakukan cleaning terhadap mesin sebelum mesin digunakan untuk staging bulk produk lainnya. Pastikan cleaning mesin dilakukan sesuai dengan prosedur dan hasil cleaning MS sebelum ST digunakan kembali.
3.	Terhadap produk LETSB GL104 ini, pastikan hasil analisa seluruh parameter MS, termasuk parameter mikrobiologi tidak OOT. Apabila hasil pemeriksaan MS dan tidak ada issue kualitas lainnya, produk dapat dirilis.
4.	Untuk selanjutnya, pastikan penjadwalan proses produksi sesuai dengan perhitungan, sehingga kejadian penggunaan mesin yang melewati masa pakai atau masa bersihnya dapat dihindari. Koordinasikan dengan tim PPIC.  
",
2024,DEV/QPR/PLG/PR/1124/018,CLOSED,,Unplanned,Product,Kepatuhan,LKXOB ,GL429,LKXOB GL429. Proses filling menggunakan mesin unifill B yang masa pakainya terlewati (ED masa pakai : 26 November 2024),"1.	Adanya penggunaan mesin Unifil B yang melebihi masa pakainya pada saat digunakan untuk filling produk LKXOB GL429, dimana ED masa pakai mesin Unifil B adalah 26 November 2024, namun bulk estimasi selesai filling pada 27 November 2024 dikarenakan adanya issue pengisian bobot tidak stabil yang menyebabkan proses filling menjadi terhambat. Terkait dengan hal ini, pastikan tidak ada perubahan pada fisik bulk sebelum prooses dilanjutkan filling. Apabila didapati adanya perubahan fisik pada bulk, segera informasikan ke tim QA untuk dapat diverirfikasi dan ditindaklanjuti. Apabila hasil pemeriksaan fisik bulk MS, maka produk dapat dilanjutkan untuk filling 
2.	Setelah selesai proses filling bulk LKXOB GL429, pastikan Unifil B segera dicleaning sesuai prosedur sebelum dilanjutkan untuk penyimpanan bulk produk selanjutnya. 
3.	Lakukan investigasi pada mesin Unifil B terkait dengan adanya GT pengisian bobot yang tidak stabil agar kejadian serupa bisa dihindari. Koordinasikan dengan tim teknik apabila ditemukan adanya kendala pada mesin. Informasikan perbaikan yang dilakukan pada laporan penyimpangan ini.
4.	Teknik lakukan pengecekkan terhadap mesin Unifil B terkait dengan issue adanya pengisian bobot yang tidak stabil, lakukan perbaikan jika ditemukan adanya kendala.
5.	Lakukan pemeriksaan terhadap hasil mikrobiologi FG, dan pastikan hasilnya MS. Apabila hasil pemeriksaan seluruh parameter MS (termasuk mikrobiologi yang tidak OOT), maka produk LKXOB GL429 dapat dirilis.
6.	Akan dilakukan pengambilan sampel stabtest produk untuk memastikan produk masih MS selama masa edarnya.",
2024,DEV/QPR/PLG/PR/1124/019,CLOSED,,Unplanned,Product,Lain-lain,LBMAV,GL255,Tidak ada centang pada varian produk,"1. Pada saat dilakukan inspeksi oleh inspector QA ke area kemas sekunder lantai 2 tanggal 26 November 2024, ditemukan adanya karton Bejo Herbal yang tidak dicentang varian produknya pada karton nomor 85 palet 1 produk LBMAV GL255. Terkait dengan temuan ini, berikan centang pada varian produk yaitu 15 pack @12 sachet. Lakukan verifikasi dengan isi pada karton, apakah sudah sesuai atau belum. Lampirkan dokumentasnya.
2. Buatkan berita acara terhadap temuan ini untuk mengetahui rootcause ketidaksesuaian, lampirkan pada laporan penyimpangan ini. Berikan teguran pada personil yang bertanggung jawab.
3. Lakukan sosialisasi kepada operator untuk selalu mindful dalam bekerja, dan  pastikan untuk selalu melakukan dokumentasi sesuai dengan prinsip GDP. Berikan pemahaman akan pentingnya identitas produk. Lampirkan daftar hadir sosialisasi pada laporan penyimpangan ini.
4. Produk LBMAV GL255 dapat dirilis jika hasil analisa terhadap semua parameter memenuhi syarat (MS) dan jika tidak ada issue kualitas lain nya",
2024,DEV/QPR/PLG/PR/1124/020,CLOSED,,Unplanned,Product,Kebocoran,POSNA ,GL759,Line 8 bocor pada sealing horisontal,"1. Sachet produk POSNA batch GL759 ditemukan bocor pada line 8 pada saat IPC (sachet tidak kembung sempurna), lalu dilanjutkan dengan tes vacuum basah dan hasilnya bocor pada area sealing horizontal, foil ex Panverta. Terhadap sachet dengan kondisi bocor, lakukan runut sortir sesuai dengan prosedur. Hitung hidden cost pada kegiatan ini. Pastikan tidak ada kebocoran lain pada IPC selanjutnya.
2. QA akan melakukan verifikasi hasil runut sortir kebocoran line 8, sachet yang memenuhi syarat (MS) dapat dilanjutkan ke proses berikutnya. Hitung hidden cost pada kegiatan ini 
3. Perlu dilakukan investigasi lebih lanjut penyebab kebocoran sachet ini. Lakukan pemastian kondisi sealing, apakah terpasang sejajar dan tidak ada bagian yg bergelombang atau tidak rata. Lakukan pengecekkan pada pisau horizontal, dan pastikan dilakukan pergantian pisau dan bantqalan pisau sesuai lifetimenya. Pastikan setting suhu dan tekanan sesuai dengan yang dipersyaratkan pada PPI. Kooordinasikan dengan tim Teknik terkait apabila ditemukan adanya kondisi part mesin yang membutuhkan perbaikan. 
4. Teknik lakukan follow up lebih lanjut terhadap temuan sachet bocor line 8 area sealing horizontal, output mesin SIG 5. Lakukan pengecekkan pada kondisi sealing pada mesin SIG 5. Berdasarkan informasi TS, didapati sealing strength < 2, sehingga dapat dikatakan bahwa kondisi sealing kurang terbentuk. Lakukan pemastian terhadap kondisi sealing yang tidak rata, dan lakukan perbaikan terhadap kondisi ini, agar kedepannya settingan sealing dapat menghasilkan performa yg baik untuk semua line. 
6. Produk POSNA batch GL759 dapat dirilis jika hasil analisa terhadap semua parameter memenuhi syarat (MS) dan jika tidak ada issue kualitas lain nya  ",
2024,DEV/QPR/PLG/AD/1124/021,APPROVED,https://portal.bintang7.com/B7_Deviation/DataDeviasi/Deviasi?Nomor=24112903,Planned,Product,Prosedur/Spec/MA tidak sesuai,LEJS1,GL125 - GL128,Proses Compounding LEJS1 tidak sesuai dengan PPI : Eliminasi proses heating cooling dan campaign 4 batch pada proses compounding,"1. TS berencana melakukan trial campaign compounding produk LEJSA batch GL125 – GL128 tanpa menggunakan proses heating cooling. Usulan campaign 4 batch ini dilakukan untuk mendapatkan efisiensi proses dan energy (target produksi hingga end Desember hanya 4 batch). Trial ini dilakukan berdasarkan hasil evaluasi trial campaign 3 batch yang sebelumnya dilakukan dengan hasil analisa fisik, kimia, mikro dan sensory MS. Usulan ini disetujui untuk djalankan. TS pastikan operator di produksi tersosialisasi terkait rencana trial produksi non heating cooling campaign 4 batch ini.
2. Trial rencananya kan dilakukan campaign pada produk LEJSA batch GL125 – GL128. Informasikan apabila ada perubahan nomor batch. 
3. QA lakukan verifikasi terhadap mesin sebelum dan sesudah mesin digunakan untuk trial ini, untuk memastikan metode pembersihan yang dilakukan mampu memberikan hasil yg MS utk trial campaign 4 batch ini.
4. TS lakukan pendampingan selama proses compounding untuk memastikan trial berjalan dengan lancar. Segera koordinasikan dengan departemen terkait apabila ditemui kendala pada saat proses compounding. Lakukan pengambilan sampel 3 titik ATB pada bulk untuk pendataan parameter fisika, kimia dan mikrobiologi di TS. 
5. QC lakukan analisa pemeriksaan terhadap bulk sesuai dengan parameter eksisting. Apabila hasil analisa bulk MS, maka bulk ACC untuk dirilis (sesuai dengan konfirmasi dari TS) dan dilanjutkan ke proses selanjutnya. 
6. Produksi lakukan pengambilan sampel untuk analisa mikrobiologi pada 3 titik sampling ATB (masing-masing 2 sachet). 
7. QC lakukan pemeriksaan terhadap FG, termasuk sampel analisa mikrobiologi yang sudah disiapkan (ATB).
8. Produk LEJSA batch GL125 – GL128 dapat dirilis jika hasil analisa terhadap semua parameter, termasuk analisa mikrobiologi memenuhi syarat (MS) dan tidak ada issue kualitas lain nya.
",
2024,DEV/QPR/PLG/QA/1224/001,CLOSED,,Unplanned,Procedure/documentation/data integrity,Kepatuhan,PWSNH ,GL168,Pemeriksaan DPG tidak dilakukan di RT1,"1.	Pada saat tim BR QA melakukan pemeriksaan BR PWSNH GL168, ditemukan adanya kolom pemeriksaan DPG Ruang Timbang 1 yang tidak diisi (actual ruang timbang tersebut digunakan untuk penimbanga peppermint oil). Terhadap temuan ini, lakukan investigasi penyebab pengisian yang terlewat ini. Lampirkan berita acara yang dibuat oleh personil yang bertanggung jawab.
2.	Supervisor penimbangan melakukan sosialisasi kepada seluruh personil penimbang untuk selalu memastikan pengisian dokumen sesuai dengan kondisi actual dan sesuai dengan konsep GDP. Lampirkan daftar hadir sosialisasinya.
3.	Berikan teguran lisan dan/atau tertulis kepada personil yang bertanggungjawab terhadap temuan ketidaksesuaian ini agar kedepannya kejadian serupa tidak terulang kembali. 
4.	Lakukan pemeriksaan terhadap kondisi DPG ruang timbang 1 pada saat waktu penimbangan material pada system EMS. Lakukan pencatatan pada PPI, dan pastikan hasilnya sesuai dengan MS. 
5.	Produk PWSNH GL168 dapat dirilis jika hasil analisa terhadap semua parameter memenuhi syarat (MS) dan jika tidak ada issue kualitas lain nya
",http://b7-drive.bintang7.com/?launchApp=SYNO.SDS.Drive.Application#file_id=858872845986478230
2024,DEV/QPR/PLG/PR/1224/002,OTW Closed Coor,,Unplanned,Product,Kebocoran,POSNA,GL761,POSNA GL761. Sachet bocor di line 2 dan 4,"1. Sachet produk POSNA batch GL761 ditemukan bocor pada line 2 dan 4 pada saat IPC (sachet tidak kembung sempurna) pada 3 Desember 2024, output mesin SIG 5. Selanjutnya dilakukan pergantian foil tanpa merubah settingan, dan didapati hasil verifikasinya MS. Terhadap sachet dengan kondisi bocor, lakukan runut sortir sesuai dengan prosedur. Hitung hidden cost pada kegiatan ini. Pastikan tidak ada kebocoran lain pada IPC selanjutnya.
2. QA akan melakukan verifikasi hasil runut sortir kebocoran line 2 dan 4, sachet yang memenuhi syarat (MS) dapat dilanjutkan ke proses berikutnya. Hitung hidden cost pada kegiatan ini 
3. Perlu dilakukan investigasi lebih lanjut penyebab kebocoran sachet ini. Pada saat kejadian bocor, tidak ditemkan adanya abnormalitas pada mesin dan mesin dapat dijalankan kembali tanpa ada perubahan settingan. Pastikan apakah kebocoran disebabkan karena kualitas foil. Lakukan juga pemastian kondisi sealing, apakah terpasang sejajar dan tidak ada bagian yg bergelombang atau tidak rata. Pastikan setting suhu dan tekanan sesuai dengan yang dipersyaratkan pada PPI. Kooordinasikan dengan tim Teknik terkait apabila ditemukan adanya kondisi part mesin yang membutuhkan perbaikan. 
4. Teknik lakukan follow up lebih lanjut terhadap temuan sachet bocor line 2 dan 4 area sealing horizontal, output mesin SIG 5. Lakukan pengecekkan pada kondisi sealing pada mesin SIG 5. Pastikan tidak ada ketidaksesuaian pada mesin. Informasikan perbaikan yang dilakukan (jika ada).
5. Produk POSNA batch GL761 dapat dirilis jika hasil analisa terhadap semua parameter memenuhi syarat (MS) dan jika tidak ada issue kualitas lain nya  
",
2024,DEV/QPR/PLG/PC/1224/003,CLOSED,,Planned,Product,Prosedur/Spec/MA tidak sesuai,LKNT1,        GM059 - GM068,"Produk LKNTA yang di created WO bulan Desember 2024 dengan no Bn GM 
ED yang terbentuk Desember 2018 ","1. Adanya ketidaksesuaian MD dan ED yang tercreate pada system Oracle untuk produk LKNTA batch GM057 – GM068, dimana seharusnya ED yang tertulis adalah Des 2026, namun yang tercreate Des 2018. Hal ini dikarenakan adanya history nomor batch yang sama pada tahun 2016, sehingga ED yang tercreate otomatis menjadi Des 2018. Terkait dengan issue ini, sudah dilakukan koordinasi dengan tim IT, dan sebagai tindakan corrective untuk pemenuhan produksi bulan Desember maka terhadap WO LKNTA batch GM057 – GM068 akan dilakukan penyesuaian ED dan MD pada Lot Geanology oleh tim QA. QA lakukan penyesuaian MD dan ED untuk produk LKNTA batch GM057 – GM068 ini. Informasikan ke tim PPIC setelah dilakukan penyesuaian MD dan ED pada batch yang terdampak.
2. PPIC lakukan cetak ulang cover PPI dengan ED yang sudah sesuai setelah dilakukan perubahan ED oleh tim QA. Lakukan pergantian cover dengan informasi yang sesuai untuk menjadi panduan tim Produksi dalam melakukan proses produksi.
3. Terhadap label rilis ruang yang sudah tercetak dengan informasi ED yang tidak sesuai, QC lakukan reprint terhadap label rilis ruah tersebut.
4. Pada saat melakukan cetak label timbang FG, pastikan informasi yang tercetak pada label sudah sesuai. Supervisor produksi lakukan verifikasi terhadap informasi yang tercetak pada label.
5. PPIC buatkan rekapan informasi nomor batch produk yang terdampak ketidaksesuaian ini, beserta informasi MD dan ED before dan after penyesuaian oleh QA. Koordinasikan dengan departemen terkait apabila ada batch terdampak lain selain yang diinformasikan pada laporan penyimpangan ini. 
6. Terhadap kejadian ketidaksesuaian ini, IT lakukan pencarian penyebab akar masalah, dan tentukan tindakan pencegahannya agar kejadian serupa tidak terulang kembali. Informasikan tindakan pencegahan yang dilakukan.
",
2024,DEV/QPR/PLG/PR/1224/004,CLOSED,,Unplanned,Testing and analytical method,Analisa Lab TMS,PWSNH,GM173,hasil analisa by PAT pada FG (Sachet) TMS untuk parameter Hydrotalcite dan MgOH,"1. Dilakukan trial PAT pada produk PWSNH GM173. Mixing dilakukan selama 9 menit sesuai end point blending PAT, dan bulk kemudian dirilis manual oleh QC untuk selanjutnya dilanjutkan ke proses filling. Pada saat dilakukan pengecekkan pada awal filling, didapati hasil analisa by PAT pada sachet TMS untuk parameter Hydrotalcite dan MgOH. Terkait dengan kondisi ini, trial PAT pada produk PWSNH GM173 tidak dilanjutkan dan akan kembali ke metode konvensional. Sebagai pendataan, akan dilakukan pengambilan sampel 9 titik untuk analisa di lab oleh tim Andev untuk memastikan apakah hasil TMS apakah memang dikarenakan sampel atau metode yang belum tangguh. Lampirkan hasil analisa pada laporan penyimpangan ini.
2. Lakukan pengurasan bulk yang tersisa pada jalur dan hopper, kemudian masukkan kembali pada bin, untuk selanjutnya akan dilakukan mixing ulang terhadap bulk PWSNH GM173 dengan penambahan waktu 6 menit agar total waktu mixing sesuai dengan PPI yaitu 15 menit.
3. 	Setelah dilakukan penambahan mixing, lakukan sampling ulang 9 titik dan analisa pemeriksaan parameter kimia di lab QC. Apabila hasil pemeriksaan di QC MS untuk semua parameter eksisting, maka bulk acc untuk diluluskan dan dilanjutkan ke proses kemas.
4. Lakukan proses filling dan kemas sesuai dengan prosedur setelah bulk dirilis.
5. Terhadap sachet yang sudah difilling dengan menggunakan bulk sebelum proses remixing, akan dilakukan FKB oleh tim Andev. Tim Andev buatkan FKB sejumlah sachet yang sudah difilling, lampirkan pada laporan penyimpangan.
6. Pastikan sachet yang sudah difilling dengan bulk sebelum proses remixing tidak tercampur dengan sachet yang sudah dilakukan remixing.
7. 	QC lakukan analisa terhadap sachet FG sesuai dengan parameter eksisting. Koordinasikan apabila ditemukan hasil yang OOT ataupun OOS.
8. Produk PWSNH GM173 dapat dirilis jika hasil analisa terhadap semua parameter memenuhi syarat (MS) dan jika tidak ada issue kualitas lain nya
9. 	Untuk kedepannya, perlu dipastikan metode pengujian PAT yang digunakan sudah robust sebelum dilakukan trial selanjutnya. Koordinasikan dengan departemen terkait jika perlu.",http://b7-drive.bintang7.com/?launchApp=SYNO.SDS.Drive.Application#file_id=858879670760816105
2024,DEV/QPR/PLG/PR/1224/005,CLOSED,,Unplanned,Procedure/documentation/data integrity,Kepatuhan Dokumentasi,LKPTA ,GL543,No JO karton yang di pakai tidak sesuai dengan yang tertera pada label non dispen,"1. Pada saat dilakukan inspeksi di area kemas sekunder Liquid lt 1 oleh inspector QA pada 4 Desember 2024, ditemukan adanya nomor JO karton yang dipakai (no : JO 1201-A 130824 dan KR-24319 ex Daya Cipta Kemasindo) tidak sesuai dengan yang tertera pada label non dispense (no : KO 1201-A 131124 ex Oji Sinar mas Packaging), pada produk LKPTA GL543. Setelah dilakukan investigasi, didapati bahwa adanya identitas yg tertukar antara LKPTA GL543 dan GL545.Lakukan penyesuaian penggunaan karton sesuai dengan HPP untuk produk LKPTA GL543, yaitu menggunakan no JO 1201-A 131124 (ex Oji Sinar mas Packaging). Untuk karton karton no JO KR-24319 (ex Daya Cipta Kemasindo) sejumlah 79 lembar di kembalikan ke LKPTA GL545. Lakukan pencatatan pada PPI terkait dengan kondisi ini.
2. Buatkan berita acara terkait dengan adanya ketidaksesuaian penggunaan karton dengan HPPI ini. Berikan teguran kepada personil yang bertanggungjawab atas kondisi ini.
3. Lakukan sosialisasi kepada personil produksi untuk memastikan dilakukannya pemeriksaan kesesuaian antara label non dispense dan fisik karton sebelum karton digunakan untuk proses kemas, untuk memudahkan penelusuran ketika ditemukan adanya kendala. Lampirkan daftar hadir ssialisasi.
4. Buatkan rencana perbaikan dan pencegahan terhadap kondisi ini agar kedepannya keadian serupa tidak terulang kembali.
5. Produk LKPTA GL543 dapat dirilis jika hasil analisa terhadap semua parameter memenuhi syarat (MS) dan jika tidak ada issue kualitas lain nya
",http://b7-drive.bintang7.com/?launchApp=SYNO.SDS.Drive.Application#file_id=858880858401062524
2024,DEV/QPR/PLG/QA/1224/006,CLOSED,,Planned,Procedure/documentation/data integrity,Lain-lain,LKCPA,Sesuai generate PPIC,"Pemenuhan order Komix Peppermint Myanmar sebanyak 35,467 box harus stuffing dan dikirimkan di Desember 2024. Kondisi saat ini produk baru bisa rilis mikrobiologi di tanggal 17 Desember 2024, sedangkan Port untuk pengiriman ke Myanmar terakhir akan tutup di 17 Desember 2024. Melihat kondisi ini, maka diusulkan untuk dilakukan perilisan secara paralel tanpa menunggu hasil analisa mikrobiologi agar produk tetap bisa distuffing dan dikirimkan di bulan Desember 2024.","1. Adanya kebutuhan untuk pemenuhan order Komix Peppermint Myanmar (LKCPA) sebanyak 35,467 box yang harus distuffing dan dikirimkan di bulan Desember ini dikarenakan kondisi Import License yang akan ED pada 26 Januari 2025. Port untuk pengiriman ke Myanmar akan ditutup pada 17 Desember 2024, namun estimasi hasil analisa lengkap produk LKCPA (termasuk parameter mikrobiologi) adalah di tanggal 17 Desember 2024, sehingga agar produk dapat sampai ke Port sebelum ditutup maka diusulkan untuk dapat dilakukan perilisan produk tanpa menunggu hasil analisa mikrobiologi. Berdasarkan trend data hasil mikrobiologi produk LKCPA tren mikro masih MS. Terkait dengan usulan ini, buatkan MRM untuk mengkaji potensi risiko yang ada dan menentukan mitigasi prosesnya. Lampirkan MRM yang sudah disetujui pada laporan penyimpangan ini.
2. Sesuai informasi, untuk LKCPA yang diproduksi pada bulan Desember ini adalah nomor batch GM549-554. Pastikan hasil analisa parameter fisik & kimia produk MS. QC lakukan pengisian hasil analisa seluruh parameter (termasuk mikrobiologi) pada Oracle untuk produk LKCPA yang terdampak. Isikan hasil analisa parameter mikrobiologi MS.
3. QA lakukan perilisan produk LKCPA yang sudah diisi lengkap hasil analisa seluruh parameternya. Pastikan hasil analisa semua parameter (terutama fisik & kimia) MS.
4. Setelah hasil analisa parameter mikrobiologi lengkap ketika hasil sudah keluar, QC buatkan sampel baru untuk batch produk yang terdampak, dan isikan hasil analisa sesuai dengan hasil actual. Informasikan ke tim QA.
5. QA lakukan perilisan ulang terhadap sampel baru yang dibuat oleh QC. Pastikan hasil analisa seluruh parameter MS. Apabila didapati hasil yang TMS, segera koordinasikan dengan departemen terkait.
6. Cetak CoA dan kirimkan melalui email apabila hasil analisa sudah lengkap sebelum kapal tiba di port Myanmar (estimasi W3 Des 2024) agar produk tidak tertahan di Port dan keamanan mutu produk dapat tetap dievaluasi secara lengkap.
",
2024,DEV/QPR/PLG/PR/1224/007,APPROVED,https://portal.bintang7.com/B7_Deviation/DataDeviasi/Deviasi?Nomor=24121101,Planned,Procedure/documentation/data integrity,Lain-lain,LBMAV,GM265,Trial hotmelt skala komersial di Jinsung 5 menggunakan manufacturer diversifikasi ex Techbond yang belum ada di MPN,"1. Adanya rencana trial hotmelt ex Techbond yang belum terdaftar pada MPN, mengacu pada hasil trial 15 menit di Jicheng yang sudah dilakukan dan didapati hasil OK termasuk hasil stress test. Hotmelt ex Techbond ini juga sudah dilakukan trial di CIkarang pada 3 batch komersil, sehingga usulan trial di batch eksisting ini ACC untuk dilakukan. Hotmelt ex Techbond ini belum masuk ke dalam stok, sehingga hotmelt akan langsung dibawakan dari vendor. Produksi lakukan retur terhadap hotmelt eksisting yang sudah ada pada PMFR. Pastikan dokumentasi yang dilakukan sudah sesuai.
2. Berdasarkan informasi tim TS, trial akan dilakukan pada produk LKXNA GM087. Informasikan apabila ada perubahan nomor batch produk. Pastikan personil produksi tersosialisasi terkait dengan rencana trial ini.
3. Lakukan flushing chamber dan hose sebelum dan sesudah dilakukan trial untuk dapat memastikan hotmelt tidak tercampur dengan hotmelt eksisting.
4. Lakukan pengamatan pada saat running mesin menggunakan mesin kartoning sepanjang trial 1 batch komersil. Lakukan pencatatan untuk dapat memastikan settingan yang optimal ketika jalan menggunakan hotmelt ex Techbond ini. 
5. Pastikan jumlah hotmelt per pack yang dikeluarkan tidak melebihi jumlah hotmelt eksisting, dan pack dapat tertutup dengan baik. Koordinasikan dengan tim TS apabila ditemukan adanya kendala.
6. Lakukan pencatatan pada BR terkait dengan trial hotmelt ex Techbond yang dilakukan ini. Catat juga kendala yang ditemukan (jika ada).
7. Produk LKXNA GM087 dapat dirilis jika hasil analisa terhadap semua parameter memenuhi syarat (MS) dan jika tidak ada issue kualitas lain nya
",
2024,DEV/QPR/PLG/BN/1224/001M ,Cancel,,Planned,Product,Lain-lain,RGOSA,"21124H066
22014H002","Adanya potensi pemusnahan produk RGOSA di WH PG dengan BN sbb: 
1. BN 21124H066 yang akan expired tanggal 20 Des 2024
2. BN 22014H002 yang akan expired tanggal 10 Jan 2025",,
2024,DEV/QPR/PLG/BN/1224/002M ,Cancel,,Planned,Product,Lain-lain,RGPCB ,"0000393100
0000395534","Adanya potensi pemusnahan produk RGPCB  di WH PG dengan BN sbb: 
1. BN 0000393100 yang akan expired tanggal 17 Jan 25
2. BN 0000395534 yang akan expired tanggal 19 Jan 25",,
2024,DEV/QPR/PLG/PC/1224/008,CLOSED,,Planned,Procedure/documentation/data integrity,Lain-lain,LMHGA,GM050 - GM054,CWO menggunakan recipe v0,"1. Adanya ketidakseusaian CWO oleh tim PPIC pada produk LMHGA batch GM050 – GM054, dimana recipe yang dipilih adalah recipe v0, seharusnya recipe terbaru yang digunakan yaitu v1. Adapun perbedaan antara recipe v0 dan v1 yaitu terkait dengan penghilangan MD pada coding dan perubahan posisi coding menyesuaikan layout actual. Terhadap PPI yang sudah di CWO dengan recipe yang salah ini, proses akan dilakukan dengan menggunakan contingency dari tim QA menggunakan recipe v1. QA siapkan PPI contingency untuk LMHGA batch GM050 – GM054.
2. Produksi lakukan proses sesuai dengan PPI Contingency v1 yang sudah disiapkan oleh tim QA. Pastikan operator terkait tersosialisasi terkait penggunaan PPI Contingency v1 ini. Apabila ditemukan ketidaksesuaian, segera koordinasikan dengan departemen terkait. Lakukan pencatatan terkait alasan penggunaan contingency pada catatan perubahan proses di PPI. 
3. Perlu dilakukan penelusuran akar masalah penyebab adanya ketidaksesuaian CWO oleh tim PPIC. Pastikan system BY diperiksa dengan baik agar tidak terjadi keterulangan proses. Lakukan pengkajian proses CWO yang related dengan aplikasi BY. Tentukan tindakan perbaikan dan pencegahan atas ketidaksesuaian ini agar kedepannya kejadian serupa tidak terulang kembali. 
4. Produk LMHGA batch GM050 – GM054 dapat dirilis jika hasil analisa terhadap semua parameter memenuhi syarat (MS) dan jika tidak ada issue kualitas lain nya
",http://b7-drive.bintang7.com/?launchApp=SYNO.SDS.Drive.Application#file_id=860869966602222207
2024,DEV/QPR/PLG/PR/1224/009,CLOSED,https://portal.bintang7.com/B7_Deviation/DataDeviasi/Deviasi?Nomor=24121704,Planned,Procedure/documentation/data integrity,Prosedur/Spec/MA tidak sesuai,LNKO1,GM140 - GM141,Proses comp di tetra 3 tapi pada PPI tidak ada pilhan mesin tersebut,"1. Adanya kebutuhan untuk produksi LNKO1 di Tetra 3 dikarenakan saat ini Tetra 2 dedicated hanya untuk produksi LMHGA, sedangkan pada PPI LNKO1 hanya dapat dilakukan compounding pada MT Silverson, Tetra 1 dan 2, sehingga untuk mengakomodir kebutuhan ini maka perlu dibuatkan lampiran proses oleh tim TS. Tim TS buatkan lampiran proses compounding LNKO1 pada Tetra 3, lampirkan pada laporan penyimpangan ini.
2. Lakukan sosialisasi pada operator terkait untuk memastikan operator mengetahui usulan proses compounding LNKO1 pada MT Tetra 3.
3. Lakukan proses compounding LNKO1 batch GM140 – GM 141 dan GM 142 sesuai dengan lampiran proses yang sudah dibuat. Apabila ditemukan kendala pada saat proses, segera koordinasikan dengan departemen terkait.
4. Lakukan analisa pada bulk untuk memastikan bahwa bulk yang dicompounding pada MT Tetra 3 masih MS sesuai dengan parameter eksisting. Lakukan perilisan pada bulk apabila hasil analisa MS.
5. Lakukan pencucian pada mesin MT Tetra 3 setelah proses compounding LKNO1 GM140 – GM 141 dan GM142 selesai dilakukan. Pastikan metode cleaning yang dilakukan mampu membersihkan MT dengan baik dan tidak menimbulkan kontaminasi terhadap produk lainnya.
6. QA lakukan verifikasi terhadap proses pembersihan MT Tetra 3 ex LNKO1 yang dilakukan oleh produksi. Apabila hasil verifikasi MS, maka MT Tetra 3 dapat digunakan kembali. Lampirkan hasil analisa pada laporan penyimpangan ini.
7.         Apabila proses compounding LNKO1 pada MT Tetra 3 ini direncanakan untuk menjadi alternative, maka diusulkan untuk dapat diajukan usulan perubahan, agar dapat segera di follow up pada PPI. Koordinasikan dengan tim QA terkait dengan studi yang diperlukan
8.         Produk LNKOD batch GM140 – GM 142 dapat dirilis jika hasil analisa terhadap semua parameter memenuhi syarat (MS) dan jika tidak ada issue kualitas lainnya.",
2024,DEV/QPR/PLG/PR/1224/010,CLOSED,,Unplanned,Product,Kebocoran,LKJTA ,GM698,Ditemukan sachet bocor pada line 6,"1. Sachet produk LKJTA GM698 ditemukan bocor di line 6 area sealing vertikal, produk merupakan output mesin ilapak 4 menggunakan foil ex Panverta. Terhadap sachet yang bocor, produksi lakukan runut sortir untuk FG sesuai dengan prosedur. Hitung hidden cost pada kegiatan ini 
2. QA lakukan verifikasi runut sortir kebocoran untuk line 6 sesuai dengan prosedur. Hitung hidden cost pada aktivitas ini.
3. Perlu dilakukan investigasi lebih lanjut terhadap penyebab kebocoran pada produk LKJTA GM698 ini.  Berdasarkan penelusuran operator, diketahui ada temperature sealing vertical yang error ditandai dengan alarm temperature yang menyala, namun mesin tetap running. Ketika alarm berbunyi, seharusnya mesin stop, namun actual tidak terjadi karena kondisi koneksi kabel thermocontrol ke PLC yang tidak terpasang dengan sesuai. Terhadap kondisi ini, perlu dilakukan investigasi penyebab kabel yang tidak kencang, dan lakukan pemeriksaan pada mesin lainnya.  Koordinasikan dengan tim Teknik.
4. Lakukan sosialisasi kepada operator agar lebih mindfulness dalam mengoperasikan mesin, sehingga apabila ditemukan adanya ketidaksesuaian, atau alarm dari mesin, mesin dapat segera dihentikan dan perbaikan dapat segera dilakukan.
5. Teknik follow up perbaikan terhadap kondisi koneksi kabel thermocontrol ke PLC yang tidak terpasang dengan sesuai ini. Pastikan PM sudah dilakukan sesuai dengan jadwal, dan tidak ada masalah lainnya pada mesin yang berpotensi menyebabkan kebocoran pada sachet.
6. Produk LKJTA GM698 dapat dirilis jika hasil analisa terhadap semua parameter memenuhi syarat (MS) dan jika tidak ada issue kualitas lain nya",
2024,DEV/QPR/PLG/PR/1224/011,CLOSED,,Unplanned,Product,Performance hasil pengemasan,LPRGQ,GM257,LPRGQ GM257. Hasil coding pack tidak sesuai dengan PPI (terbalik posisinya),"1. Adanya kesalahan posisi coding pada LPRGQ GM257 dari palet 7 nomor karton 14 sampai palet 8 nomor karton 20 (total 46 karton dan 6 pack), dimana posisi coding menghadap terbalik, namun coding tetap tercetak dengan lengkap dan jelas. Terhadap FG dengan posisi coding yang terbalik ini, QA lakukan verifikasi secara sampling untuk memastikan coding tetap tercetak jelas dan sesuai. 
2. Apabila hasil verifikasi QA MS untuk coding yang tercetak terbalik ini, maka FG ACC untuk direluctant release. Produk dapat dilanjutkan ke proses selanjutnya.
3. Lakukan investigasi penyebab coding yang terbalik ini, apakah ada issue pada inkjet, atau dikarenakan setting yang memang tidak sesuai. Pastikan personil memahami PPI dengan baik, lakukan sosialisasi pada personil. Lampirkan daftar hadir sosialisasi pada laaporan penyimpangan ini. 
4. Produk LPRGQ GM257 dapat dirilis jika hasil analisa terhadap semua parameter memenuhi syarat (MS) dan jika tidak ada issue kualitas lain nya",
2024,DEV/QPR/PLG/PR/1224/012,CLOSED,,Unplanned,Product,Kebocoran,LKJTA ,GM708,Sachet line 4 bocor pada sealing vertikal,"1. Sachet produk LKJTA GM708 ditemukan bocor di line 4 area sealing vertikal, produk merupakan output mesin ilapak 7 menggunakan foil ex Panverta. Terhadap sachet yang bocor, produksi lakukan runut sortir untuk FG sesuai dengan prosedur. Hitung hidden cost pada kegiatan ini 
2. QA lakukan verifikasi runut sortir kebocoran untuk line 4 sesuai dengan prosedur. Hitung hidden cost pada aktivitas ini.
3. Perlu dilakukan investigasi lebih lanjut terhadap penyebab kebocoran pada produk LKJTA GM708 ini.  Berdasarkan BAP, sachet yang bocor dikarenakan tekanan yang tidak merata, dan hasil verifikasi MS setelah dilakukan adjustment tekanan. Perlu dipastikan bahwa setting pada saat awal jalan batch sudah sesuai dengan PPI, dan pastikan release filling dilakukan sesuai dengan prosedur. Informasikan hasil investigasi pada laporan penyimpangan ini. 
4. Teknik lakukan pemeriksaan terhadap kondisi mesin untuk memastikan tidak ada kendala pada sealing mesin, serta tekanan pada sealing merata. Informasikan perbaikan yang dilakukan.
5. Produk LKJTA GM708 dapat dirilis jika hasil analisa terhadap semua parameter memenuhi syarat (MS) dan jika tidak ada issue kualitas lain nya
",http://b7-drive.bintang7.com/?launchApp=SYNO.SDS.Drive.Application#file_id=860872225782282332
2024,DEV/QPR/PLG/PC/1224/013,CLOSED,,Planned,Procedure/documentation/data integrity,Prosedur/Spec/MA tidak sesuai,LBMAV,-,Jalan Produksi LBMAV pada mesin manual dan menggunakan selotip,"1. Adanya target produk LBMAV di bulan Januari yang melebihi kapasitas utilisasi mesin Ilapak 5-8, sehingga diusulkan akan dilakukan proses filling di mesin Ilapak 11 untuk pemenuhan target LBMAV pada bulan Januari. Apabila produk difilling pada Ilapak 11, maka proses kemas akan dilakukan secara manual menggunakan selotip berlogo pada pack. Usulan ini sudah disampaikan ke pihak marketing dan sudah di-ACC. Terkait dengan usulan ini, TS buatkan lampiran proses PPI penggunaan selotip berlogo ini. Lakukan sosialisasi pada tim Produksi terkait dengan Lampiran Proses yang sudah dibuat.
2. Produksi lakukan proses kemas produk LBMAV pada Ilapak 11 sesuai dengan lampiran proses yang disosialisasikan. Untuk kebutuhan selotip yang digunakan, tim produksi lakukan permintaan melalui FKB ke gudang sesuai dengan kebutuhan. Apabila ditemukan kendala pada saat proses, koordinasikan dengan departemen terkait.
3. Proses produksi LBMAV dengan kemas manual di mesin Ilapak 11 ini hanya terbatas pada batch yang diproduksi di bulan Januari saja. Informasikan nomor batch produk yang diproduksi menggunakan lampiran proses ini, dan informaskan juga ke bagian terkait.
4. Produk LBMAV yang diproduksi menggunakan lampiran proses kemas manual di Ilapak 11 ini dapat dirilis apabila hasil analisa seluruh parameter produk MS dan tidak ada issue kualitas lainnya. Alokasikan produk untuk didistribusi di area fast moving apabila memungkinkan.
",
2024,DEV/QPR/PLG/PC/1224/014,CLOSED,,Planned,Procedure/documentation/data integrity,Prosedur/Spec/MA tidak sesuai,LKNTA ,-,CWO nomor batch yang sama dengan batch 2017 sehingga ED juga mengikat 2017,"1. Terkait dengan adanya informasi yang tergenerate salah pada saat CWO untuk produk LKNTA di bulan Desember dikarenakan adanya penggunaan nomor batch yang sama dengan nomor batch yang diproduksi pada tahun 2016. Terkait dengan hal ini, maka diusulkan untuk CWO produk LKNTA yang akan dilakukan di bulan Januari 2025 akan dilakukan generate nomor batch manual oleh tim PPIC saat CWO, agar nomor batch yang sudah pernah digunakan sebelumnya tidak digunakan lagi. Pastikan pada saat CWO dilakukan, nomor batch yang ditentukan sudah sesuai dan tidak pernah digunakan sebelumnya. Pastikan tidak ada kendala pada saat melakukan CWO.
2. PPIC informasikan nomor batch produk yang dilakukan generate batch secara manual, dan informasikan ke departemen lainnya agar tidak terjadi kesalahan dalam proses produksi dan dokuemntasi. 
3. Untuk selanjutnya, tim PPIC buatkan FUP untuk perubahan system Oracle agar dapat melakukan skip nomor batch apabila sudah pernah digunakan sebelumnya. Lakukan benchmark ke perusahaan Kalbe grup lainnya. Informasikan timeline perbaikan pada laporan penyimpangan ini. 
4. Tim BR pastikan pada saat pemeriksaan BR, semua dokumentasi sudah sesuai dan tidak ada issue terkait dengan rencana skip nomor batch ini. Batch-batch produk yang digenerate secara manual oleh PPIC ini dapat dirilis apabila hasil analisa seluruh parameter MS dan tidak ada issue kualitas lainnya.
",
2024,DEV/QPR/PLG/PR/1224/015,CLOSED,,Unplanned,Product,Kebocoran,LEHDA ,GM038,Ditemukan sachet bocor line 5 pada bagian sealing horisontal,"1. Sachet produk LEHDA batch GM038 ditemukan bocor di line 5 pada area sealing Horizontal, produk merupakan output mesin ilapak 11 pada saat validasi proses filling. Terhadap sachet yang bocor, produksi lakukan runut sortir untuk FG di jam kejadian sesuai dengan prosedur. Hitung hidden cost pada kegiatan ini
2. QA lakukan verifikasi runut sortir kebocoran untuk line 5 sesuai dengan prosedur. Hitung hidden cost pada aktivitas ini
3. 	Dari sample sachet bocor, terlihat pada area sealing horizontal sachet tidak terseal sempurna, kebocoran kecil dan susah terlihat. Lakukan investigasi lebih lanjut terhadap potensi penyebab kebocoran sachet ini untuk mengetahui rootcausenya (Evaluasi penyebab terbentukan bubble bulk, cek pergantian dan kondisi gasket mesin Ilapak 11 dan setting suhu maupun tekanan apakah sudah sesuai dengan PPI atau belum). Informasikan hasil investigasi pada laporan penyimpangan ini dan buatkan prosedur atau OPL untuk semua operator filling agar tersosialisasi penyebab dan cara mencegah terjadinya kebocoran tersebut
4. Teknik lakukan evaluasi lebih lanjut terhadap penyebab bocor pada mesin Ilapak 11 ini, pastikan PM mesin dilakukan sesuai penjadwalan. Perlu dilakukan perbaikan untuk mencegah kejadian berikut berulang. Informasikan perbaikan yang dilakukan
5. Produk LEHDA batch GM038 dapat dirilis jika hasil analisa terhadap semua parameter memenuhi syarat (MS) dan jika tidak ada issue kualitas lainnya",
2024,DEV/QPR/PLG/PR/1224/016,CLOSED,,Unplanned,Product,Kebocoran,LEHDA ,GM036,Ditemukan bocor bagian sealing horisontal pada line 1 dan 2,"1. Sachet produk LEHDA batch GM036 ditemukan bocor di line 1 dan 2 pada area sealing Horizontal, produk merupakan output mesin ilapak 11 pada saat validasi proses filling. Terhadap sachet yang bocor, produksi lakukan runut sortir untuk FG dijam kejadian sesuai dengan prosedur. Hitung hidden cost pada kegiatan ini	
2. 	QA lakukan verifikasi runut sortir kebocoran untuk line 5 sesuai dengan prosedur. Hitung hidden cost pada aktivitas ini
3. 	Dari sample sachet bocor, terlihat pada area sealing horizontal sachet tidak terseal sempurna, ada bulk yang terjebak. Lakukan investigasi lebih lanjut terhadap potensi penyebab kebocoran sachet ini untuk mengetahui rootcausenya (Evaluasi penyebab kebocoran bukan karena sachet dipencet atau menggunakan metode lain yang tidak sesuai PPI, evaluasi penyebab terbentuknya bubble bulk, cek dan evaluasi pergantian, lifetime dan kondisi gasket mesin Ilapak 11, dan setting suhu maupun tekanan apakah sudah sesuai dengan PPI atau belum). Informasikan hasil investigasi pada laporan penyimpangan ini dan buatkan prosedur atau OPL untuk semua operator filling agar tersosialisasi penyebab dan cara mencegah terjadinya kebocoran tersebut. Jika penyebab kebocoran karena faktor gasket maka evaluasi lifetime dan pergantian gasket supaya tidak menunggu bocor baru diganti.
4. 	Teknik lakukan evaluasi lebih lanjut terhadap penyebab bocor pada mesin Ilapak 11 ini, pastikan PM mesin dilakukan sesuai penjadwalan. Perlu dilakukan perbaikan untuk mencegah kejadian berikut berulang. Informasikan perbaikan yang dilakukan.
5. 	Produk LEHDA batch GM036 dapat dirilis jika hasil analisa terhadap semua parameter memenuhi syarat (MS) dan jika tidak ada issue kualitas lain nya",
2024,DEV/QPR/PLG/PC/1224/017,APPROVED,https://portal.bintang7.com/B7_Deviation/DataDeviasi/Deviasi?Nomor=24123004,Planned,Product,Prosedur/Spec/MA tidak sesuai,"LKCGA
LKCLA","FC680 
FC424","Produk LKCGA FC680 dan LKCLA FC424 akan diproses sebagai sample FG
untuk KI di tahun 2024 .
ED FG di 31 maret 2025, sedangkan SO dibuat di bulan Desember 2024. ","1. Adanya produk LKXGA FC680 dan LKCLA FC424 yang akan diproses sebagai sampel FG untuk KI di tahun 2024, dimana ED FG pada 31 Maret 2025, sedangkan untuk SO dibuat tahun 2024. SPDP hanya dapat dibuat oleh tim OMC ketika ED FG lebih dari 180 hari, sehingga agar SPDP dapat dibuat untuk LKXGA FC680 dan LKCLA FC424, akan dilakukan revisi ED menjadi 31 Juli 2025. Terkait dengan hal ini, tim IT bukakan akses kepada tim QA agar bisa melakukan revisi ED melalui menu Lot Gen.
2. Personil QA lakukan penyesuaian ED untuk produk LKXGA FC680 dan LKCLA FC424 menjadi 31 Juli 2025.
3.         Tim WH buatkan SPDP untuk produk LKXGA FC680 dan LKCLA FC424 yang sudah disesuaikan EDnya.
4. Pastikan perpanjangan ED yang dilakukan tidak mempengaruhi bagian system yang lain, serta produk LKXGA FC680 dan LKCLA FC424 sudah keluar sebelum masa ED sebenarnya habis (31 Maret 2025)",
2025,DEV/QPR/PLG/PR/0125/001,CLOSED,,Unplanned,Product,Prosedur/Spec/MA tidak sesuai,LBXT1,GM279,Ditemukan adanya honey liquid diluar wadah kemas primer (plastik),"1. Produksi mengembalikan RM Madu untuk batch produk GM279 ke WH dan melakukan FKM untuk permintaan RM Madu baru yang dapat digunakan untuk proses produksi. Pastikan dokumen yang terlampir pada PPI sudah sesuai dengan material yang digunakan (label timbang, No QC dll)
2. WH mengajukan FPP RM Madu untuk diproses ke PMTMS dan Penerbitan CAPA Material oleh QA Compliance
3. Untuk kedatangan selanjutnya perlu dilakukan pengecekan terlebih dahulu oleh tim WH sebelum diserahterimakan ke produksi
4. QA Compliance menerbitkan CAPA Material ke Vendor
5. CPRO melakukan follow up CAPA yang sudah dibuatkan oleh QA Compliance
6. Produk LBXT1 dengan No Batch GM279 dapat dirilis jika semua hasil analisa memenuhi syarat",https://b7-drive.bintang7.com/?launchApp=SYNO.SDS.Drive.Application#file_id=880992781867209726
2025,DEV/QPR/PLG/PR/0125/002,CLOSED,,Unplanned,Procedure/documentation/data integrity,Kepatuhan Dokumentasi,LBMAV ,GM277,LBMAV GM277. Tidak ada identitas no karton dan pallet pada karton yang belum ditimbang ,"1. Terkait produk LBMAV GM277 yang tidak memiliki identitas no karton dan pallet disebabkan karena adanya proses koneksi 3WS dengan PC baru yang dipasang pada line jingsung 5. Segera lakukan penimbangan dan pemberikan identitas, jika konektivitas PC dengan 3WS belum tersambung, lakukan secara manual.
2. Lakukan follow up segera untuk perbaikan konektivitas jaringan hingga dipastikan 3WS dapat tersambung dan label dapat tercetak otomatis setelah proses timbang FG karton.
3. Agar tidak terjadi hal serupa, pastikan operator produksi selalu memberikan identitas manual minimal dengan informasi sama seperti pada label 3WS termasuk Nama Produk, No Batch, Lot, Berat dan jam timbang manual (jika dilakukan penimbangan manual dahulu) atau urutan karton sesuai prosedur yang berlaku.
4. Produk LBMAV GM277 dapat dirilis jika sudah dilakukan penimbangan dan sudah lengkap identitasnya.",http://b7-drive.bintang7.com/?launchApp=SYNO.SDS.Drive.Application#file_id=864855426787750844
2025,DEV/QPR/PLG/PR/0125/003,CLOSED,,Unplanned,Process,Prosedur/Spec/MA tidak sesuai,LKNTA ,HA092,saat preparasi RM LNKT1 terjadi semburan larutan CIP dari ST12,"1. Pada saat preparasi RM LKNT1 dengan No. Batch HA092 terjadi semburan larutan CIP melalui jalur air Vent ST 12 saat tahapan asam-basa (Chemical CP 5), dari hasil investigasi tim QA dilapangan material oil dalam wadah SS berpotensi tercemar sehingga tidak direkomendasikan untuk digunakan. Produksi lakukan FKM untuk material-material oil dalam wadah SS, pastikan material yang di FKM sesuai dengan PPI (diverifikasi oleh QA). Sementara untuk material powder dapat tetap digunakan dengan dilakukan pembersihan kemasan luar RM terlebih dahulu. Lampirkan dokumen FKM dan identitas material hasil FKM
2. QA perlu melakukan verifikasi terhadap list material oil dalam wadah SS yang perlu di FKM. Pastikan material sesuai dengan PPI. Lampirkan bukti verifikasi tersebut dalam penyimpangan ini
3. Semburan larutan CIP melalui jalur air Vent ST 12 dapat terjadi karena adanya perbedaan pressure saat trial CIP dan kondisi sealing ST 12 yang NOK. Teknik perlu melakukan pengecekan dan investigasi terkait aktivitas PM & kondisi sealing ST 12 tersebut. Berikan rekomendasi dan dokumentasi dari hasil investigasi dalam penyimpangan ini
4. Agar proses yang sama tidak terjadi kembali, pada saat melakukan Cleaning  ST 12 & 13 tidak boleh dilakukan proses compounding secara bersamaan. Pastikan tindakan ini dilakukan dan dikomunikasikan ke semua tim terkait. Lampirkan bukti dokumentasi dalam penyimpangan ini.",http://b7-drive.bintang7.com/?launchApp=SYNO.SDS.Drive.Application#file_id=864861143059970198
2025,DEV/QPR/PLG/PR/0125/004,Cancel,,Unplanned,Product,Lain-lain,LKNTA ,HA092,termocople ilapak 7 belum di kalibrasi saat digunakan di LKNTA HA092,,
2025,DEV/QPR/PLG/PR/0125/005,CLOSED,,Unplanned,Testing and analytical method,Prosedur/Spec/MA tidak sesuai,LBXTA ,GM266,"LBXT1 GM266. Hasil pemeriksaan QC untuk BJ bulk OOT meskipun masih masuk dalam spesifikasi produk
hasil pemeriksaan BJ bulk : 1,21 g/ml
trend pemeriksaan BJ bulk : 1,22 - 1,23 g/ml
syarat pemeriksaan BJ bulk : 1,18 - 1,30 g/ml","1. Hasil pemeriksaan BJ terhadap Bulk Bejo Herbal Liquid LBXTI GM266 OOT (Nilai 1,21 g/ml, Trend 1,22-1,23 g/ml) dilihat dari report tarikan data hasil timbangan pada mixing tank Tetra terdapat anomali pada total jumlah air pada batch GM266 di 2612 kg yg seharusnya sesuai PPI di 2420 kg. Setelah diinvestigasi hal ini terjadi karena kesalahan input jumlah air untuk ad final mixing dari yang seharusnya sesuai tertulis di PPI 219,1 kg tetapi dientry tanpa tanda koma yaitu 2191 kg.  Berikan teguran dan lakukan sosialisasi kembali kepada operator untuk bisa lebih mindfull dalam pengoperasian mesin dan penginputan data sesuai PPI. Lampirkan bukti teguran dan sosialisasi (Daftar hadir dan Materi/MoM)
2. Terhadap Parameter Maximum Weight,agar kejadian serupa dapat dihindari lakukan perubahan setpoint menjadi nilai maksimum add air yang dibutuhkan secara teoritis dalam penambahan air ketika proses mixing. Jajaki juga feasibilitas untuk sistem diupgrade menjadi metode Absolute Set Point seperti pada MTT2 atau sistem interlock.
3. Hasil sensory Tim TS untuk LBXTI GM266 dengan Standar masih Memenuhi Syarat (MS) tidak beda signifikan sehingga produk dapat dirilis jika semua hasil pengujian terhadap parameter lainnya MS. Buatkan memo untuk penempatan produk pada area fast moving. 
4. Lakukan pemeriksaan kadar pengawet dan pengujian stabilitas produk jadi untuk LBXTI GM266.",http://b7-drive.bintang7.com/?launchApp=SYNO.SDS.Drive.Application#file_id=865973040668784445
2025,DEV/QPR/PLG/PR/0125/006,CLOSED,,Unplanned,Procedure/documentation/data integrity,Kepatuhan,LKNTA ,HA098,Ditemukan bahan baku Dextromethorphan diatas kerangkeng besi dan tidak di simpan pada lemari penyimpanan,"1.  Terkait dengan penanganan material prekursor (Dextromethorpan) yang disimpan diatas kerangkeng besi bukan lemari terkunci pada R. Staging RM 1 segera lakukan pemindahan material kembali ke kerangkeng dalam keadaan terkunci.
2. Dari keterangan operator dan data yang ada terkait material yang sudah dilakukan validasi 2, Selama proses compounding pastikan material tersebut dimasukkan sesuai ppi. Lakukan pencatatan pada log book pemakaian material prekursor untuk disesuaikan dengan stok yang ada di gudang. Lampirkan scan/dokumentasi logbook tersebut.
3. Kejadian serupa pernah terjadi dibulan November 2024 pada produk LKJTA GL633 dengan penyimpangan DEV/QPR/PLG/PR/1124/015. Buatkan standarisasi berupa OPL/WI dengan menambahkan tatacara handling material prekursor penanganan material prekurso harus dalam akses yang terbatas, termasuk proses penyimpanan setelah ditimbang harus dibatasi serta memastikan juga untuk trolly kerangkeng terkunci dan hanya orang tertentu yang memiliki akses untuk membuka kunci tersebut . Lakukan sosialisasi, lampirkan OPL/Revisian WI dan daftar hadir sosialisasi pada penyimpangan ini.",https://b7-drive.bintang7.com/?launchApp=SYNO.SDS.Drive.Application#file_id=880993408452187312
2025,DEV/QPR/PLG/PR/0125/008,CLOSED,,Unplanned,Procedure/documentation/data integrity,Kepatuhan,LBMAT ,HA295,Operator terlewat melakukan IPC bobot,"1. Terkait IPC bobot yang terlewat dilakukan oleh operator karena operator tidak mindfullness pada Produk LBMAT batch HA295, lakukan verifikasi terhadap bobot karton yang terdampak jika tidak memenuhi syarat lakukan runut sortir dan Info tim QA untuk verifikasi hasil perunutan. Lampirkan hasil verifikasi dalam laporan penyimpangan ini.
2. Produksi lakukan pengecekan terhadap IPC kebocoran selama jam tersebut, pastikan tidak terlewat juga. Lampirkan bukti poengecekan tersebut dalam penyimpangan ini.
3. Terhadap operator yang bersangkutan, lakukan pemberian teguran dan pembinaan serta sosialisasi ke semua operator lainnya agar kejadian yang sama tidak terulang lagi. Lampirkan bukti sosialisasi
4. Produk  LBMAT batch HA295 dapat dirilis jika parameter lainnya sudah memenuhi syarat. ",http://b7-drive.bintang7.com/?launchApp=SYNO.SDS.Drive.Application#file_id=864872267817988589
2025,DEV/QPR/PLG/PC/0125/009,CLOSED,,Planned,Product,Prosedur/Spec/MA tidak sesuai,LMHGA ,HA065,Dalam 1 bets menggunakan foil lama pack lama dan karton baru,"1. Penggunaan kemasa campuran (Foil lama 1FM003000,  Pack Lama 2DM014000 dan  Karton Baru 3MM005010) pada produk LMHGA bets HA065 dilakukan untuk meminimalkan  write off foil dan pack kode lama, perubahan kemasan hanya terletak pada font type dan font size saja sehingga tidak terlalu kritikal dan dapat diimplementasikan. TS buatkan form verifikasi formula dan lampiran proses sebagai acuan PPIC untuk melakukan Creat WO dan proses di operasional dengan kemasan campuran. Lampirkan Form Verifikasi dan Lampro tersebut dalam penyimpangan ini. 
2. Lakukan sosialisasi Lampiran Proses yang sudah dibuat oleh TS ke Departemen Produksi agar perubahan ini diketahui oleh semua pihak. Lampirkan bukti sosialisasi tersebut.
2. Dari Pemilik produk pihak SF sudah setuju untuk menggunakan kemasan campuran dalam produk LMHGA bets HA065. PPIC CWO setelah Form Verifikasi Formula dan Lampiran Proses dari TS selesai dibuat. Lakukan sosialisasi untuk penggunaan kemasan campuran ini kepihak terkait. Lampirkan bukti sosialisasi tersebut. 
3.  Pastikan pada saat proses pengemasan, proses kemas harus menggunakan kode foil dan pack 1 dulu sebelum dilanjutkan dengan foil dan pack kode lainnya untuk meminimalkan terjadinya mixed up. Tidak boleh ada e foil dan pack dengan 2 kemasan yang berbeda dalam 1 karton untuk produk  LMHGA bets HA065. Berikan catatan pada catatan perubahan proses apabila ditemukan kendala pada saat jalan proses.
4. Plan deviation ini menjadi acuan perilisan produk LMHGA bets HA065 yang menggunakan kemasan campuran sesuai dengan alokasi dari PPIC. Produk dapat dirilis jika hasil analisa terhadap semua parameter memenuhi syarat (MS) dan tidak ada issue kualitas lainnya.",https://b7-drive.bintang7.com/?launchApp=SYNO.SDS.Drive.Application#file_id=880995476273419964
2025,DEV/QPR/PLG/PR/0125/010,CLOSED,,Unplanned,Procedure/documentation/data integrity,Kepatuhan Dokumentasi,LKNTA ,HA102,kolom rata-rata bobot sachet tidak diisi oleh operator,"1.  Pemeriksaan bobot rata-rata untuk Sachet produk LKNTA bets HA102 tidak dilakukan oleh operator namun produk sudah dilanjutkan ke pengemasan sekunder sehingga atas potensi berat rata-rata tidak memenuhi syarat. Lakukan verifikasi perhitungan berat rata-rata bobot , lakukan rutur sortir jika hasil NOK. Lampirkan dalam penyimpangan ini.
2. Jika hasil verifikasi perhitungan berat rata-rata bobot oke, produk dapat dirilis jika semua parameter lainnya Memenuhi Syarat (MS). 
3. Berikan teguran dan pembinaan kepada operator terkait. Lakukan sosialisasi kepada operator lainnya agar kejadian ini tidak terjadi lagi. Lampirkan bukti sosialisasi pada penyimpangan ini. ",http://b7-drive.bintang7.com/?launchApp=SYNO.SDS.Drive.Application#file_id=865978305078148142
2025,DEV/QPR/PLG/PR/0125/011,CLOSED,,Unplanned,Product,Kebocoran,LKJTA ,HA739,Output Ilapak 3 bocor line 1,"1. Sachet produk LKJTA bets HA739 ditemukan bocor pada sealing vertikal di line 1 terjadi ketika ada laporan sensor foil eror. Produksi Lakukan investigasi lebih lanjut terkait penyebab kebocoran terutama lakukan pengecekan setting suhu dan tekanan sudah sesuai dengan PPI. Informasikan hasil investigasi dalam laporan penyimpangan, lampirkan bukti pengecekan settingan tersebut. 
2. Buatkan Berita Acara terkait kronologis kejadian ini secara detail termasuk remedia/tindakan yang sudah operator lakukan ketika ditemukannya kebocoran tersebut.
3. Terhadap sachet yang bocor, produksi lakukan runut sortir untuk FG dijam kejadian sesuai dengan prosedur. Hitung hidden cost untuk aktivitas ini.
4.QA lakukan verifikasi runut sortir kebocoran untuk line 1 Ilapak 3 sesuai dengan prosedur. Hitung hidden cost pada aktivitas ini 
4.Teknik lakukan evaluasi lebih lanjut terhadap penyebab bocor pada mesin Ilapak 3 ini, pastikan PM mesin dilakukan sesuai penjadwalan. Perlu dilakukan perbaikan untuk mencegah kejadian berikut berulang. Informasikan perbaikan yang dilakukan. 
5. Produk  LKJTA bets HA739 dapat dirilis jika hasil analisa terhadap semua parameter memenuhi syarat (MS) dan jika tidak ada issue kualitas lain nya
",http://b7-drive.bintang7.com/?launchApp=SYNO.SDS.Drive.Application#file_id=866485281707046808
2025,DEV/QPR/PLG/PR/0125/012,Cancel,,Unplanned,Product,Prosedur/Spec/MA tidak sesuai,LKJTC ,HA729,Masa simpan RM LKJT1 HA729 melebihi 9 hari,,
2025,DEV/QPR/PLG/PR/0125/013,CLOSED,,Unplanned,Qualification and validation,Prosedur/Spec/MA tidak sesuai,LKJTC ,HA728,Proses kemas menggunakan chimei backup yang belum terkualifikasi,"1. Terkait penggunaan Chimei backup yang belum dikualifikasi untuk kebutuhan operasional kemas sekunder diproduksi dapat dijalankan dengan penyimpangan terencana jika kalibrasi mesin sudah dilakukan, atau jika ada perubahan kritikal setelah kualifikasi IQ dan OQ selesai. Lampirkan informasi dan dokumen pendukung dalam penyimpangan ini. 
2.  Data kualifikasi Chimei back up tahun 2021 tidak tersedia, QA perlu melakukan kualifikasi mesin (IQ,OQ dan PQ) segera bersamaan dengan produksi batch komersil. Lampirkan protokol dan report kualifikasi lengkap dalam penyimpangan ini. 
3. Karena PQ belum dilakukan masih ada potensi pengemasan hasil wrapping TMS oleh karena itu Produksi lakukan pemastian bahwa ouput hasil kemas pada awal jalan diverifikasi bersama QA dan hasil pengemasan MS semua. Lampirkan foto hasil verifikasi dalam penyimpangan ini.
4. Teknik lakukan pendaftaran mesin Chimei ke Master Plan Preventive Maintenance dan masukkan ke Rencana Perawatan Mesin Bulanan dengan periode sekurang-kurangnya 3 bulan sekali.
5. Agar kejadian yang serupa tidak terjadi lagi, produksi pastikan ketika ada perpindahan mesin status kalibrasi dan kualifikasi mesin harus menjadi aspek yang dikaji dalan Form Usulan Perubahan (FUP).
6. Terkait produk LKJTC (Komix Rasa Jahe) bets HA728 yang terdampak dengan WO 252000089, dapat dirilis jika semua hasil parameter lainnya sudah memenuhi syarat (MS). ",https://b7-drive.bintang7.com/?launchApp=SYNO.SDS.Drive.Application#file_id=881008535620603986
2025,DEV/QPR/PLG/PR/0125/014,CLOSED,,Unplanned,Testing and analytical method,Prosedur/Spec/MA tidak sesuai,LKNTA ,HA109,"LKNTA HA109. Hasil pemeriksaan mikro storage Tank no 5 di RCL1 pasca off 14 hari, TMS untuk kapang khamirnya. untuk ST5 ini digunakan staging produk LKNTA HA109","1. Hasil analisa EHM bagian batang agitator Storage tank (ST) 5 pada ruangan RCL 1 TMS nilai KK (Hasil KK : 151, syarat KK : <80). ST 5 diisi oleh produk LKNTA HA109 dan sudah diluluskan oleh QA pada tanggal 11 januari 2025. Lakukan pengecekan pada hasil analisa produk jadi, pastikan semua parameter memenuhi syarat. Lampirkan RAP LKNTA HA109.
2. Produk LKJTA HA109 sudah reduce analisa mikro dan tidak masuk kedalam sampling plan. Sehingga QC lakukan analisa fisik dan mikrobiologi terhadap retained atau reference sampel untuk pemastian kualitas produknya. Informasikan dan lampirkan hasil analisa tersebut dalam penyimpangan ini.
3. Produksi mohon informasikan produk dan bets terdampak lainnya yang disimpan pada ST 12 dalam jangka waktu 8 januari-18 januari 2025. Lampirkan logbook ST5 dalam penyipangan ini.
4. Teknik bersama dengan produksi lakukan investigasi penyebab KK ST 5 TMS dan lakukan pengecekan terhadap kesesuaian proses cleaning ST. dan fasilitas. Laporkan hasil investigasi dan lampirkan dokumen pendukung tersebut dalam penyimpangan ini
5. QA lakukan sampling ulang, pengecekan dan pemastian kembali terkait metode swab, kondisi LDF, maupun aktivitas lain selama sampling yang berpotensi menyebabkan hasil KK TMS. Lampirkan hasil analisa sampling ulang tersebut. ",https://b7-drive.bintang7.com/?launchApp=SYNO.SDS.Drive.Application#file_id=881011265821005160
2025,DEV/QPR/PLG/PR/0125/015,CLOSED,,Unplanned,Product,Prosedur/Spec/MA tidak sesuai,LBMAT ,HA304,"LBMAT HA304. Retained sample yang diserahkan ke QA, ketika dicek ternyata ada 1 pack isi 7 sachet (seharusnya 1 pack isi 6 sachet)","1. Reatined sampel Produk LBMAT HA304 yang diserahkan ke QA berisi 7 sachet dalam 1 pack terjadi karena kesalahan packer yang mengambil produk secara manual dengan memasukkan sachet ke dalam pack oleh packer yang bertugas. Buat berita acara berisi kronologis kejadian dan sosialisasi  kepada packer yang bertugas terkait metode pengambilan retained sample untuk diserahkan ke QA. Lampirkan bukti BA dan sosialisasinya.
2. Pemastian isi sachet di dalam pack harusnya sudah bisa dilakukan dengan check weigher yang dilewati pack setelah dikemas secara cartoning sehingga potensi isi sachet kurang atau lebih dapat diminimalisir namun Packer lupa untuk melewatkan melalui Check weigher yang inline pada unit mesin cartoning JInsung. Buatkan BA, berikan teguran kepada packer dan lakukan sosialisasi atau pembuatan OPL agar kejadian serupa terjadi lagi.
3. Produk  LBMAT HA304 dapat dirilis jika semua hasil parameter lainnya memenuhi persyaratan",http://b7-drive.bintang7.com/?launchApp=SYNO.SDS.Drive.Application#file_id=866486657946269911
2025,DEV/QPR/PLG/PR/0125/016,CLOSED,,Unplanned,Qualification and validation,Bobot TMS,LKJTC ,HA728,Bobot line 5 TMS & bocor line 1 dan 4,"1. Produk LKJTC HA728 diproduksi di Ilapak 1 mengalami TMS bobot di Line 5 serta bocor pada line 1 dan 4 terjadi pada saat PQ karena setting mesin ilapak 1 belum optimal. Dari hasil perhitungan TS data perhitungan bobot dikonversi ke kadar produk LKJTC HA728 mengalami TMS kadar sehingga direkomendasikan untuk dilakukan runut sortir. Produksi lakukan proses runut sortir terhadap produk LKJTC HA728. Hitung hidden cost untuk aktivitas ini dan informasikan dalam penyimpangan ini.
2. QA lakukan verifikasi terhadap hasil runut dan sortir yang sudah dilakukan oleh produksi. Lampirkan laporan runut sortir tersebut dalam penyimpangan ini
3. QC lakukan pemeriksaan keseragaman kandungan untuk karton yang bermasalah, FG dapat diluluskan jika semua hasil analisa lainnya sudah memenuhi syarat. Lampirkan RAP dalam penyimpangan ini.
4. Untuk kasus bobot TMS, ditemukan setelah ada pengganti solenoid pada line 5 yang bisa berpengaruh pada bobot pengisian. Teknik bersama dengan produksi perlu melakukan investigai lebih lenjut terkait penyebab kebocoran dan ketidakstabilan bobot. Informasikan hasil investigasi dalam penyimpangan ini
5. Produksi buatkan berita acara lengkap untuk kedua kasus ini yang berisi kronologis kejadian dan tindakan/remedial yang sudah dilakukan oleh operator. Lakukan investigasi bersama teknik dan lampirkan berita acara tersebut dalam penyimpangan ini, 
5. Produk LKJTC HA728 dapat diluluskan jika semua parameter sudah memenuhi syarat.",https://b7-drive.bintang7.com/?launchApp=SYNO.SDS.Drive.Application#file_id=881012101724821132
2025,DEV/QPR/PLG/PR/0125/017,CLOSED,,Unplanned,Testing and analytical method,Lain-lain,PWSNH ,HA180,Hasil analisa swab supermixer bagian dalam pada EHM CW1 TMS,"1, Hasil swab bagian dalam supermixer pada EHM CWI TMS (TPC : TBUD). Mesin terakhir dibersihkan pada 7 Jan 2025 dan produk terakhir yang menggunakan supermixer tersebut adalah PWSNH HA180. Terhadap hasil swab supermixer yagn TMS follow up dengan OOS, lampirkan report OOS dalam penyimpangan ini. 
2. QA pastikan metode swab dilakukan sesuai prosedur, lakukan sampling ulang terhadap bagian dalam supermixer setelah dilakukan pencucia. Lampirkan hasil analisa sampling ulang tersebut dalam penyimpangan ini.
3. Produksi cek dan pastikan bahwa proses cleaning mesin sudah dilakukan sesuai prosedur yang berlaku. Informasikan dan lampirkan bukti pendukung hasil pengecekan tersebut dalam penyimpangan ini
3. Produk PWSNH HA180 termasuk dalam sampling plan mikro, produk dapat dirilis bila semua parameter hasil analisa termasuk analisa mikrobiologi memenuhi spesifikasi.",https://b7-drive.bintang7.com/?launchApp=SYNO.SDS.Drive.Application#file_id=881013961623918789
2025,DEV/QPR/PLG/PR/0125/018,CLOSED,,Unplanned,Testing and analytical method,Prosedur/Spec/MA tidak sesuai,LKJTC ,HA728-HA729,LKJTC HA728 - HA729. Pack yang digunakan warnanya bervariasi (ada yang lebih gelap),"1. Terkait Warna pack LKJTC ex GK yang ditemukan bervariasi dan digunakan untuk bets HA728-HA729 perbedaan warna tidak mempengaruhi kualitas produk sehingga produk tetap direkomendasikan untuk diluluskan jika semua parameter lainnya sudah Memenuh Syarat. QC lampirkan RAP dalam penyimpangan ini.
2. Terhadap sisa kemasan yang tersedia di Gudang, gudang informasikan jumlah kemasan pack LKJTC ex GK yang tersedia dan lakukan FPP untuk direview lagi kesesuaian warnanya sebelum diberikan ke produksi untuk digunakan dalam proses produksi. Informasikan jumlah pack dan lampirkan FPP dalam penyimpangan ini.
3. QC lakukan pemerikasaan ulang dan buatkan PMTMS jika dari hasil pengecekan ditemukan banyak pack TMS warna agar dapat dikembalikan ke vendor. 
4. Pack yang warnanya tidak sesuai CR akan difollow up ke vendor GK melalui CAPA, QA Compliance terbitkan CAPA material dan investigasi defect tersebut agar tidak terulang kembali. Lampirkan dokumen CAPA dalam penyimpangan ini
5. Produk LKJTC Bets HA728-HA729 dapat di luluskan jika semua parameter lainnya memenuhi syarat. ",https://b7-drive.bintang7.com/?launchApp=SYNO.SDS.Drive.Application#file_id=881014978486786505
2025,DEV/QPR/PLG/PR/0125/019,CLOSED,,Unplanned,Process,Prosedur/Spec/MA tidak sesuai,LMHGA,HA066 - 	HA069,"1. Pack mixagrip tidak bisa di lem sehingga perlu dilakukannya pengemasan manual dengan selotip dibagian atas dan bawah lidah pack
2. Kondisi Masa staging Bulk mixagrip sudah ED pada tanggal 19 Jan 2025","1. Pack Mixagrip (LMHGA) tidak bisa merekat karena perubahan varnish dari waterbase menjadi UV. Terhadap sachet yang sudah di filling dan di tampung serta pengemasan untuk bets LMHGA terdampak (LMHGA HA066-HA069) produksi akan melakukan pengemasan manual menggunakan cellotape berlogo dengan coding no bets pada pack dilakukan di Jingsung 5. Pastikan sebelum melakukan pengemasan manual untuk tampungan sachet, tampungan sachet sudah memiliki identitas yang jelas berupa jam tampung atau nomor karton untuk memudahkan ketelusuran. Lampirkan dokumentasi identitas tersebut dalam penyimpangan ini. 
2. Sebagai acuan produksi dalam melakukan pengemasan manual tersebut, TS akan membuatkan Lampiran Proses PPI untuk tata cara kemas manual menggunakan cellotape. Sosialisasikan Lampiran Proses tersebut ke Produksi. Lampirkan lampiran proses yang sudah approved dan bukti sosialisasi dalam penyimpangan ini.
3. Produksi lakukan perhitungan hidden cost untuk aktivitas pengemasan manual yang dilakukan. Informasikan hidden cost dalam penyimpangan ini
4. Terkait kondisi masa staging bulk mixagrip yang sudah ED, berdasarkan hasil studi R&D menunjukan data sampai hari ke 7 stanging bulk Mixagrip masih memenuhi syarat. Sehingga proses filling dapat dilanjutkan. Produksi segera lakukan proses filling dan mohon informasikan no bets LMHGA yang diproduksi dengan bulk ED tersebut. 
5. QC pastikan hasil pengujian semua parameter produk LMHGA yang diproduksi dengan bulk ED sesuai informasi produksi memenuhi syarat baik dari parameter fisik, kimia dan mikrobiologi. Lampirkan RAP dalam penyimpangan ini. 
6. QA lakukan pengambilan dan pengujian sampel stabilita untuk bets LMHGA terdapak sesuai dengan prosedur yang berlaku. Lampirkan protokol pengujian dalam penyimpangan ini. 
7. Produk Mixagrip LMHGA bets HA066-HA069 dapat dirilis jika semua parameter lainnya sudah memenuhi syarat. Buatkan Memo alokasi produk ke area fast moving. Lampirkan Memo dalam penyimpangan ini.
8. CPRO lakukan penundaan atau hold untuk kebutuhan pack selanjutnya sampai FAW dan PK terbaru sudah tersedia. Informasikan jumlah pack yang dihold dan komunikasikan ke PPIC.
9. Terkait perubahan varnish dari waterbase menjadi UV yang tidak dibuatkan FUP, Marketing Saka Farma segera buatkan FUP agar menjadi triger revisi AW dengan penambahan UV Spot pada are glue sehingga kedatangan pack selanjutnya bisa di follow up perbaikan oleh vendor.Lampirkan FUP dalam penyimpangan ini
10. Packdev revisi AW dengan menambahkan area UV Spot pada area glue agar lem bisa merekat dan sosialisasikan ke semua pihak, lampirkan AW terupdate dalam penyimpangan ini
11. QA Compliance terbitkan CAPA Material ke GK terkait CoA Varnish yang tidak sesuai dengan aktual (tertulis waterbase, aktual datang UV base). lampirkan CAPA dalam penyimpangan ini
12. CPRO komunikasikan ke vendor terkait AW terupdate dan CAPA material dari QA Compliance untuk diproses perbaikan oleh vendor. 
13. Terkait analis QC yang belum bisa membedakan varnish waterbase dan UV Base, lakukan training dan sosialisasi agar kejadian yang sama tidak terjadi lagi.
",https://b7-drive.bintang7.com/?launchApp=SYNO.SDS.Drive.Application#file_id=881016724623776616
2025,DEV/QPR/PLG/QA/0125/020,CLOSED,,Planned,Product,Lain-lain,"LKJTC bets No HA730. 
LNKKB bets No HA126, HA127
LNKOD bets No HA173, HA174",,"Mesin Ilapak 1 dilakukan perpindahan lokasi dari Lantai 2 ke Lantai 1, sehingga perlu dilakukan Kualifikasi ulang. Kualifikasi ulang minimal 3 batch tidak dapat terpenuhi pada produksi di bulan Januari 2025","1. Berkaitan perpindahan Mesin Ilapak 1 dari lantai 2 ke lantai 1 dibutuhkan kualifikasi ulang dengan minimal 3 BN produk berurutan pada batch komersial dapat dilakukan di bulan februari 2025. QA lakukan koordinasi dengan PPIC terkait penjadwalan waktu dan produk serta nomor batch untuk kualifikasi ini. Informasikan dalam penyimpangan ini.
2. PPIC lakukan penjadwalan untuk kualifikasi mesin ilapak 1 dan informasikan slot atau alokasi produk serta nomor batch alokasi untuk kualifikasi tersebut dalam penyimpangan ini.
4. QA pastikan protokol kualifikasi dibuat dan diketahui oleh pihak-pihak terkait. Lampirkan protokol approved complete dalam penyimpangan ini.
5. Selama proses kualifikasi pastikan didampingi oleh QA dan pastikan output sachetnya MS sebelum produk di release. Lakukan kualifikasi ulang thd Ilapak 1 sampai memenuhi syarat. Lampirkan hasil kualifikasi dalam penyimpangan ini.
6. Teknik lakukan perbaikan sesuai rekomendasi apabila ada kendala selama proses kualifikasi berlangsung. Pastikan AM dan PM dilakukan sesuai jadwal. Informasikan dalam penyimpangan ini
7. Produk dengan nomor batch sesuai alokasi dari PPIC untuk proses kualifikasi ini dapat dirilis jika semua hasil parameter kualitasnya sudah memenuhi syarat dan tidak ada issue kualitas yang terjadi",
2025,DEV/QPR/PLG/PR/0125/021,CLOSED,,Unplanned,Product,Performance hasil pengemasan,POSKD,HA109,"1. Sachet tidak ada No batch dan ada sachet dengan no batch tercetak terbalik
2. Logbook line kemas SIG 5 belum di isi","1. Terkait logbook line kemas SIG 5 yang belum diisi, segera lakukan pengisian logbook sesuai kondisi eksisting. Untuk selanjutnya temuan terkait GDP akan di follow up terpisah tidak perlu masuk flow peniympangan. Lampirkan logbook yang sudah diisi dalam penyimpangan ini
2. 	Untuk operator an Kevin, berikan teguran dan perlu dilakukan sosialisasi ulang kepada operator agar lebih disiplin dalam pengisian logbook dan perlu diingatkan agar lebih mindfull terhadap jobsdescnya selama bekerja. Lampirkan bukti sosialisasi
3. Terkait Sachet tidak ada nomor batch dan menabrak redaksi terjadi saat mesin jalan menggunakan foil dengan pitch TMS (Deviation Number : DEV/QMT/PLG/QC/0125/005). Telah dilakukan pemeriksaan dan setting pada mesin, setelah ganti roll foil mesin dapat kembali normal. Produksi perlu melakukan investigasi bersama dengan teknik penyebabnya apakah dari performa mesin inkjet atau dari sensor coding yang tidak maksimal karena dalam 1 renceng, tidak semua codingan pada sachet terbalik, melainkan ada yang tercetak dengan benar. Perlu dipastikan juga apakah ketika kondisi ini ada alarm error yang muncul pada HMI mesin inkjet tersebut atau tidak diluar issue material. Informasikan hasil ivestigasi dalam penyimpangan ini.
4. Produksi lakukan runut dan sortir untuk kejadian sachet tidak ada No batch dan ada sachet dengan no batch tercetak terbalik serta No batch pada box terkena redaksi. Hitung hidden cost pada aktivitas ini termasuk biaya NC produk. Informasikan dalam penyimpangan ini
5. QA lakukan verifikasi runut sortir terhadap sachet yang sudah dirunut sortir ini. Hitung hidden cost pada aktivitas ini. Informasikan dalam penyimpangan
6. QA lakukan verifikasi runut sortir terhadap sachet yang sudah dirunut sortir ini. Hitung hidden cost pada aktivitas ini. Informasikan dalam penyimpangan",http://b7-drive.bintang7.com/?launchApp=SYNO.SDS.Drive.Application#file_id=866489374630525813
2025,DEV/QPR/PLG/PR/0125/022,CLOSED,,Unplanned,Product,Performance hasil pengemasan,LKJTC ,HA728,pack terlewat di coding,"1. Terkait pack produk LKJTC HA728 yang terlewat coding terjadi karena kesalahan operator tidak melakukan pengecekan dan memonitoring hasil coding. Terhadap operator tersebut, berikan teguran dan sosialisasikan pentingnya pengecekan hasil coding produk agar kejadian yang sama tidak terulang lagi. Lampirkan dalam penyimpangan ini.
2.         Terhadap pack produk LKJTC HA728 yang terlewat dicoding lakukan coding dengan inkjet yang tersedia di line manual, lakukan pencatatan pada catatan perubahan proses dan lampirkan hasil catatan pada BR dan bukti pack sudah tercoding.
3. Terhadap produk LKJTC HA728 produksi lakukan juga proses runut dan sortir. Hitung hidden cost untuk aktivitas ini.
4. QA lakukan verifikasi terhadap hasil runut sortir yang sudah dilakukan oleh produksi. Lampirkan bukti verifikasi dan hitung hidden cost untuk aktivitas ini.
5. Pack yang tidak tercoding dapat terjadi akibat posisi pack yang tidak terdeteksi sensor, hal ini bisa diakibatkan dari posisi pack maupun sensitivitas sensor yang tidak sesuai. Teknik lakukan investigasi dan pengecekan terhadap masalah ini, dan informasikan dalam penyimpangan ini apabila ada masalah pada mesin.
6. Produk LKJTC HA728 dapat dirilis jika proses runut sortir sudah dilakukan dan semua parameter lainnya sudah memenuhi syarat.",http://b7-drive.bintang7.com/?launchApp=SYNO.SDS.Drive.Application#file_id=866495702363058994
2025,DEV/QPR/PLG/PR/0125/023,CLOSED,,Unplanned,Process,Kontaminan,LKXNA ,HA091,Jerigen fructose jatuh ke bak kuning isi fructose saat compounding LKXNA HA091,"1.         Jerigen Fructose yang masuk ke bak kuning saat preparasi RM LKXN1 Batch HA091 terjadi karena tutup bak kuning yang digunakan untuk penirisan furctose tidak rata. Terhadap produk yang terkena dampak perlu dilakukan pemeriksaan mikrobiologi, karena batch terdampak merupakan batch Validasi Proses sudah terdapat sampling plan utk analisa mikrobiologi sehingga tidak diperlukan tambahan pemeriksaan. QC lampirkan hasil analisa lengkap termasuk analisa mikro untuk produk LKXN1 Batch HA091. 
2.         Produksi investigasi lebih lanjut terkait kejadian ini, perlu dipikirkan juga metode lain untuk menuangkan fructose ke dalam bak kuning yang lebih aman untuk operator dan juga material agar kejadian yang sama tidak terulang kembali. Informasikan metode tersebut dalam penyimpangan ini.
3. Produk LKXNA batch HA091 dapat dirilis jika semua parameter hasil pemeriksaan Memenuhi Syarat.",https://b7-drive.bintang7.com/?launchApp=SYNO.SDS.Drive.Application#file_id=881174220082566570
2025,DEV/QPR/PLG/PR/0125/024,CLOSED,,Planned,Process,Prosedur/Spec/MA tidak sesuai,LKPTA,HA595 - HA596,Proses filling melebihi 14 hari berturut secara kontinu,"1.         Terkait Produk LKPTA batch HA595 dan HA596 yang difilling pada Ilapak 2 dan 12 yang masa pakai mesinnya sudah habis (Terakhir cuci 10 Januari 2024, pencucian mesin selharusnya dilakukan tanggal 24 Januari 2024) dilakukan karena proses filling sebelumnya berlanjut dan batch yang terdampak merupakan batch terakhir target output di Januari. Proses filling dapat dilanjutkan sampai bacth LKPTA HA596 selesai. Produksi pastikan kebersihan visual mesin filling, selain bulk produk, tidak dibolehkan ada pengotor atau kontaminan lain pada mesin filling tersebut. Dokumentasikan perubahan/penyimpangan dan hasil pengecekan visual kebersihan mesin filling ilapak 2 dan 12 ini pada catatan lampiran proses di PPI. Lampirkan dalam penyimpangan ini.
2. Produksi segera lakukan pencucian mesin setelah LKPTA batch HA596 selesai filling. Dokumentaiskan dalam logbook penggunaan mesin. Lampirkan dokumentasi tersebut dalam penyimpangan ini.
3.         QA lakukan monitoring stabilitas produk untuk produk terdampak. Lampirkan protokol uji stabilita dalam penyimpangan ini
4.         QC lakukan pemeriksaan mikrobiologi pada titik yang akhir filling untuk batch LKPTA batch HA595 dan HA596 (sampel diambil oleh Produksi, register sampel ke QC oleh QA). Pastikan hasil pemeriksaan laboratorium termasuk mikro memenuhi persyaratan, produk direlease jika hasil mikro MS. Lampirkan hasil analisa dalam penyimpangan ini.
5.         Produk LKPTA batch HA595 dan HA596 dapat dirilis jika semua hasil pemeriksaan memenuhi syarat. Buatkan memo fast moving untuk produk LKPTA batch HA595 dan HA596 ini. Lampirkan dalam penyimpangan.",https://b7-drive.bintang7.com/?launchApp=SYNO.SDS.Drive.Application#file_id=881178186568751534
2025,DEV/QPR/PLG/PR/0125/025,CLOSED,,Planned,Procedure/documentation/data integrity,Lain-lain,LKXLA ,-,"PPI yang di CWO masih menggunakan PPI lama, belum ada perubahan terkait take out Manufacturing Date","1. Terkait dengan kebutuhan produksi produk LKXLA dengan nomor batch HB049 sesuai review dari PPIC untuk kebutuhan produksi menghabiskan kemasan lama menggunakan recipe dengan tube kode lama, di mana PPInya masih mencantumkan MD (LKXLA 11v0-03 v0). Sehingga akan dibuatkan lampiran perubahan proses untuk produksi 1 batch recipe tersebut untuk mengakomodir implementasi take out MD. TS buatkan lampiran proses untuk kebutuhan tersebut, lakukan sosialisasi ke pihak terkait dan lampirkan dokumen lampro serta bukti sosialisasi dalam penyimpangan ini.
2.         Penggunaan Lampiran Proses untuk mengakomodir implementasi take out MD hanya digunakan untuk 1 batch produk LKXLA dengan nomor batch HB049 saja. Untuk produksi batch selanjutnya akan menggunakan recipe baru untuk produk LKXLA (LKXLA 12v0-03 v0) yang mencakup perubahan kode tube, di mana coding-nya tidak lagi mencantumkan MD. PPIC lakukan konfirmasi nomor batch yang akan menggunakan lampoiran proses ini dan informasikan jika ada perubahan.
3.         Lampiran proses untuk mengakomodasi implementasi take out MD akan dimusnahkan jika recipe baru sudah digunakan. QA lakukan pemusnahan Lampro tersebut sesuai konfirmasi TS dan PPIC.
4. Produksi pastikan dilakukan pemeriksaan hasil coding berdasarkan PPI dan Lampiran proses yang digunakan. Informasikan dalam penyimpangan ini
5.         Produk LKXLA batch HA049 (atas sesuai konfirmasi no batch dari PPIC dalam penyimpangan ini)dapat dirilis jika semua parameter lainnya memenuhi syarat.",https://b7-drive.bintang7.com/?launchApp=SYNO.SDS.Drive.Application#file_id=883153256801423984
2025,DEV/QPR/PLG/PC/0125/026,CLOSED,,Planned,Procedure/documentation/data integrity,Prosedur/Spec/MA tidak sesuai,LKXNA ,HA090,Perilisan FG dilakukan sebelum laporan analisa produk logam berat dan alkohol sudah tersedia.,"1.         Produk LKXNA HA090 dapat dirilis untuk kebutuhan pemenuhan target bets januari sebelum hasil analisa logam berat dan alkohol tersedia jika dari hasil pengecekan trend produk terhadap pemeriksaan parameter tersebut selalu memenuhi syarat. Dari hasil review QC secara trend data memungkinkan untuk dilakukan perilisan paralel menunggu hasil analisa. QC informasikan dan lampirkan hasil trend pengujian logam berat dan alkohol untuk produk LKXNA dalam penyimpangan ini.
2.         Jika hasil trend pengujian logam berat dan alkohol selalu memenuhi syarat maka produk LKXNA HA090 dapat dirilis apabila semua parameter pengujian lainnya sudah memenuhi spesifikasi produk.
3.         Produk LKXNA HA090 sudah direduce sampling plan namun produk LKXNA HA090 ini juga merupakan batch valpro perubahan kemasan RM madu PS 25 kg ke PS 50 kg sehingga akan dilakukan pengembilan sampel untuk pengujian lengkap sesuai ketentuan/prosedur validasi yang berlaku. QC lakukan pengujian/analisa lengkap produk LKXNA HA090 dan lampirkan hasil pengujian dalam penyimpangan ini.
4. QA sesuai ketentuan/prosedur validasi lakukan pengujian stabilitas produk dan lampirkan protokol pengujian stabilitas produk LKXNA HA090 tersebut dalam penyimpangan ini.
5. PPIC lakukan monitoring dan pencatatan area distribusi untuk produk LKXNA HA090 ini. Lampirkan dan informasikan dalam penyimpangan ini.",https://b7-drive.bintang7.com/?launchApp=SYNO.SDS.Drive.Application#file_id=883157091005551942
2025,DEV/QPR/PLG/PR/0125/027,CLOSED,,Unplanned,Process,Prosedur/Spec/MA tidak sesuai,LKJTA ,HA769,LKJTA HA769. Proses compounding terhambat dikarenakan ditemukan adanya serpihan (menyerupai kertas) yang menyimbat di jalur inlet vacum di MT T1,"1. Pada saat proses compounding LKJTA HA769, ditemukan adanya serpihan menyerupai kertas yang menyumbat jalur inlet vakum di MT Tetra 1. Material yang sudah dipreparasi di bak kuning adalah Sucrose, CMC, Starch modified, Dextro, CTM, sodium saccharine, sodium benzoat, citric acid, sedangkan RM yang belum masuk antara lain Sodium citrate, sodium cyclamate, GG, dan premix 2. Terhadap material yag belum ditransfer ke dalam MT, lakukan penutupan agar tidak terjadi kontaminasi dengan udara luar. 
2. Terhadap serpihan yang didapati selanjutnya dilakukan analisa oleh tim QC dan berdasarkan hasil uji analisa PAT NIR dan uji kualititatif, didapati serpihan tersebut adalah starch modified. Lampirkan hasil analisa pada laporan penyimpangan ini.
3. Terhadap serpihan tersebut, lakukan pemisahan dan dan selanjutnya ditambahkan air panas, aduk sampai terdispersi. Setelah larut sempurna, lakukan transfer melalui main hole. Lakukan mixing di dalam MT sambal disirkulasi sampai gumpalan/serpihan putih tidak terlihat lagi dengan setting awal (Sirkulasi 3000 rpm dan agitator 70 rpm, Pressure Vacuum (-0,6)-(0,8) bar).Selanjutnya, baru dilanjutkan dengan proses vakum material lain sesuai prosedur. QA dan TS lakukan pendampingan terhadap proses tambahan ini. Lakukan pencatatan pada PPI terkait proses tambahan ini.
4. Perlu dilakukan investigasi lanjutan penyebab material ini menyumbat pada jalur inlet vakum, apakah dikarenakan kondisi material atau ada factor lainnya. Pastikan proses compounding sudah dilakukan sesuai dengan prosedur. Informasikan data lengkap material Starch modified yang digunakan sebagai bahan QC untuk menerbitkan CAPA ke vendor.
5.  Apabila terbukti penyebab dari sumbatan tersebut adalah dikarenakan kondisi material, QC terbitkan CAPA untuk material starch modified yang digunakan pada produk LKJTA HA769 ini agar dapat ditindaklanjuti ke vendor. Informasikan nomor CAPA pada laporan penyimpangan ini.
6. CPro tindaklanjuti CAPA yang sudah dibuat oleh tim QC. Pastikan dilakukan perbaikan oleh vendor agar kejadian serupa tidak terulang kembali.
7. Terhadap produk LKJTA HA769 akan dilakukan analisa mikrobiologi sebagai bentuk pemastian terhadap kondisi produk. Produksi lakukan pengambilan sampel FG pada titik ATB masing-masing 2 sachet untuk dilakukan analisa mikrobiologi.
8. QC lakukan analisa mikrobiologi terhadap sampel LKJTA HA769, titik ATB. Lampirkan hasil analisa pada laporan penyimpangan ini.
9. Produk LKJTA HA769 dapat dirilis jika hasil analisa seluruh parameter (termasuk mikrobiologi) memenuhi syarat dan tidak ada issue kualitas lainnya. ",
2025,DEV/QPR/PLG/WG/0125/028,CLOSED,,Unplanned,Procedure/documentation/data integrity,Kepatuhan,"LBXT1
 LKXO1","        HA320
HA468",Terdapat 2 kode produk yang ditimbang dalam satu ruang timbang,"1. Terkait terdapat 2 kode produk yang ditimbang dalam satu ruangan timbang yang sama, WH berikan teguran kepada operator dan sosialisasi ulang prosedur line clearance di area penimbangan. Lampirkan dokumentasi sosialisasi tersebut dalam penyimpangan ini.
2.         Segera pisahkan area penimbangan kedua produk tersebut agar tidak terjadi mixup. Lakukan verifikasi terhadap proses penimbangan kedua kode produk tersebut. Informasikan dalam penyimpangan ini.",https://b7-drive.bintang7.com/?launchApp=SYNO.SDS.Drive.Application#file_id=883159687130830882
2025,DEV/QPR/PLG/PR/0125/029,CLOSED,,Unplanned,Process,Kontaminan,PWSNH ,HA190,Ditemukan kontaminan label identitas RM dalam bulk PWSNH HA190,"1. Kontaminan label identitas RM yang masuk ke dalam bulk PWSNH HA190 merupakan label material Magnesium beserta selotif yang digunakan untuk merekatkan label material yang dipindahkan dari label yang tertempel di kemasan sekunder ke kemasan primer nya material sebagai perekat. Produksi pastikan label dan selotif yang masuk dipisahkan terlebih dahulu dari bulk. Proses dapat dilanjutkan dengan pertimbangan masih dalam tahapan granulasi, dan akan didrying (berhubungan dengan panas, secara mikro dapat dimitigasi). Lampirkan dokumentasi pemisahan kontaminan label dan selotif tersebut
2. Terkait sisa-sisa label yang robek perlu dilakukan proses sortir sebelum proses drying dan sebelum pengayakan. Pastikan sisa sobekan label ditemukan dan tidak ada sisa kontaminasi pada bulk sebelum filling.
3.         QA lakukan verifikasi fisik/visual dari aktivitas sortir tersebut. Informasikan hasil verifikasi dalam penyimpangan ini
4.         WH lakukan investigasi dan follow up dengan CAPA proses preparasi dan timbang yang potensi label lepas dan mengkontaminasi RM dan produk. Informasikan hasil investigasi dan nomor CAPA dala penyimpangan ini.
5.         QC lakukan pemeriksaan Mikrobiologi sesuai spesifikasi lengkap untuk pemastian kualitas produk akhir. Lampirkan hasil pengujian dalam penyimpangan ini
6. Produk PWSNH HA190 dapat dirilis jika semua hasil pengujian parameter spesifikasi memenuhi persyaratan dan alokasikan ke area fast moving",https://b7-drive.bintang7.com/?launchApp=SYNO.SDS.Drive.Application#file_id=883160955882625560
2025,DEV/QPR/PLG/PR/0225/001,CLOSED,,Unplanned,Product,Prosedur/Spec/MA tidak sesuai,LETSB ,HA110,LETSB HA110. Pack yang digunakan banyak yang defect (over glue dan mudah sobek),"1. Terkait pack LETSB HA110 dengan nomor QC 2K/2410/0076, No JO : PR/A7/BT4889/GK/IX/24 yang mengalami defect overglue dan mudah sobek ketika dibentuk menyebabkan banyak waste pack diproses produksi dan menurunkan produktivitas., Produksi lakukan retur pack yang rusak dan tidak dapat digunakan. Lampirkan dokumen retur pack tersebut dalam penyimpangan ini.
2. WH lakukan pengecekan jumlah sisa pack dengan nomor QC yang sama (pack LETSB dengan nomor QC 2K/2410/0076, No JO : PR/A7/BT4889/GK/IX/24) informasikan qty sisa kemasan dan lakukan FPP untuk kemasan tersebut. Lampirkan dalam penyimpangan ini.
3. QC lakukan analisa ulang dan terbitkan PMTMS untuk kemasan LETSB dengan nomor QC 2K/2410/0076, No JO : PR/A7/BT4889/GK/IX/24. Lampirkan dalam penyimpangan ini.
4. Perlu dilakukan vendor development untuk vendor GK, sampai perbaikan ke area manufacturnya, sistem sampling, IPC, maintenance mesin gueing nya, kontrol level lem dll.  QA compliance terbitkan CAPA material ke GK agar issue Over Glue dan No Glue ini dapat segera di follow up. Lmapirkan nomor CAPA dalam penyimpangan ini
5. CPRO lakukan follow up CAPA material yang dibuat oleh QA compliance. Informasikan dalam penyimpangan ini.",https://b7-drive.bintang7.com/?launchApp=SYNO.SDS.Drive.Application#file_id=870836342852989845
2025,DEV/QPR/PLG/IM/0225/002,CLOSED,,Unplanned,Product,Kepatuhan Dokumentasi,LMHGA,HA070 - 71,Qty pada HPPI tidak sesuai dengan PMFR,"1. Terkait ketidaksesuaian Qty PMFR dan HPPI untuk material kemas produk LMHGA HA070 dan HA071 yang dimana Qty kemasan di HPPI 2 kali dari data PMFR sebelumnya pernah terjadi proses retur material dari produksi ke Gudang karena hold produksi LMHGA. Ketidak sesuaian Qty pada PMFR dan HPPI ini terjadi karena defult sistem report HPPI hanya menampilkan barang-barang yang sudah di issue saja tidak melihat jenis transaksi retur. Gudang sudah memberikan catatan/note pada saat serah terima ke produksi. Gudang pastikan fisik barang yang diserah terima ke Produksi sesuai dengan dokumen PMFR. Lampirkan bukti serah terima fisik barang tersebut.
2.         Produksi lampirkan dokumen retur dalam PPI dan lakukan proses rekonsiliasi untuk memastikan jumlah kemasan yang digunakan. Lampirkan dokumentasi retur dan rekonsiliasi dalam penyimpangan ini.
3. Batch produk LMHGA HA070 dan HA071 yang terdampak dapat dirilis jika semua dokumentasi sudah lengkap dan tidak ada kesalahan dokumentasi terkait ketidaksesuaian ini dalam dokumen BR. Informasikan dalam penyimpangan ini.",https://b7-drive.bintang7.com/?launchApp=SYNO.SDS.Drive.Application#file_id=870838610304218765
2025,DEV/QPR/PLG/PR/0225/003,CLOSED,,Unplanned,Product,Performance hasil pengemasan,LPRGP,HB043,"LPRGP HB043. Ditemukan sachet dengan inkjet coding yang luntur, sehingga no batch tidak terbaca dengan jelas","1. Terkait hasil inkjet coding kemasan LPRGP HB043 yang luntur, terhadap sachet yang codingnya luntur dipisahkan kemudian dilakukan penghapusan dan coding ulang. Lakukan verifikasi hasil coding ulang bersama QA dan TS. Produksi informasikan Failure Cost dari aktivitas coding ulang ini dalam penyimpangan.
2. QA lakukan verifikasi hasil coding ulang dan informasikan hasil verifikasi tersebut dalam penyimpangan ini.Hitung Failure Cost dari aktivitas ini. 
3. TS perlu membuatkan lampiran proses tambahan untuk proses coding ulang manual yang dilakukan per sachet termasuk mekanisme pemastian jumlah sachet dalam pack karena tidak melewati checkweigher. lakukan sosialisasi ke pohak terkait. Lampirkan dokumen dalam penyimpangan ini.
4. Terhadap hasil inkjet cosing kemasan LPRGP HB043 yang luntur ini produksi,TS dan Teknik lakukan investigasi potensi penyebab coding luntur tersebut. Dari hasil trial coding oleh TS dengan foil produk lain (inkjet yang sama) foil tetap luntur ada potensi problem dari inkjet karena pelarut yg digunakan diinfokan beda warna hrusnya bening, tapi kekuningan. Setelah dikuras dan diganti hasil coding Ok. Laporkan hasil investigasi dalam penyimpangan ini berserta bukti pendukungnnya. 
5. Hasil Inkjet coding kemasan LPRGP yang luntur menggunakan kemasan roll foil dengan nomor QC 2P/2501/0023, ada potensi juga pengaruh dari kemasan foil sehingga produksi lakukan retur defect ke gudang dan FKM kemasan foil LPRGP dengan nomor QC berbeda. Lampirkan form retur dan FKM yang sudah approved complete.
6. Gudang siapkan kebutuhan foil sesuai FKM produksi dengan nomor QC yang berbeda, lakukan FPP untuk foil returan agar dapat dicek oleh QC. Informasikan tindakan yang sudah dilakukan dan lampirkan FPP dalam penyimpangan ini.
7. QC lakukan pemeriksaan berdasarkan FPP dari WH, jika hasil NOK lakukan PMTMS untuk penerbitan CAPA material oleh QC Compliance. Lampirkan hasil pemeriksaan dalam penyimpangan ini.
8. QA Compliance terbitkan CAPA material sesuai hasil analisa QC untuk ditindaklanjuti investigasi ek vendor jika ada masalah terkait material. ",https://b7-drive.bintang7.com/?launchApp=SYNO.SDS.Drive.Application#file_id=870840358427211907
2025,DEV/QPR/PLG/PC/0225/004,CLOSED,,Planned,Procedure/documentation/data integrity,Lain-lain,LNKOA ,"HB228
HB231
HB234
HB239",Jalan Produksi LNKOA pada mesin manual dan menggunakan selotip,"1. Terkait dengan kebutuhan pemenuhan target LNKOA bulan februari sebanyak 55 BN melebihi kapasitas mesin ilapak 9 dan 10 sehingga perlu dilakukan produksi dengan mesin ilapak 1 untuk pemenuhan target tersebut. Apabila produksi dilakukan di Ilapak 1, maka proses kemas akan dilakukan secara manual menggunakan selotip berlogo pada pack. Tim marketing sudah ACC untuk 4 BN sesuai keterangan pada deviation ini. Terkait dengan usulan ini, TS buatkan lampiran proses PPI  dan form verifikasi formula untuk penggunaan selotip berlogo ini. Lakukan sosialisasi pada tim Produksi terkait dengan Lampiran Proses yang sudah dibuat.
2. PPIC lakukan koordinasi dan sosialisasi ke pihak terkait termasuk produksi, warehouse dan TS, lampirkan hasil koordinasi tersebut dalam penyimpangan ini. 
3. Produksi lakukan proses kemas produk LBMAV pada Ilapak 1 sesuai dengan lampiran proses yang disosialisasikan. Untuk kebutuhan selotip yang digunakan, tim produksi lakukan permintaan melalui FKB ke gudang sesuai dengan kebutuhan. Apabila ditemukan kendala pada saat proses, koordinasikan dengan departemen terkait dan catat pada catatan perubahan proses di PPI.  
4. Penggunaan selotip berlogo ini hanya berlaku untuk 4 BN sesuai informasi pada deviation ini, apabila sudah selesai maka lampiran proses akan ditarik dan kembali PPI eksisting. Apabila dibutuhkan proses kemas manual tambahan lakukan pembuatan penyimpangan terencana kembali. PPIC informasikan jika produksi 4 BN dengan kemas manual ini sudah selesai. 
5. Produk LNKOA yang diproduksi menggunakan lampiran proses kemas manual di Ilapak 1 ini dapat dirilis apabila hasil analisa seluruh parameter produk MS dan tidak ada issue kualitas lainnya. Alokasikan produk untuk didistribusi di area fast moving apabila memungkinkan.",https://b7-drive.bintang7.com/?launchApp=SYNO.SDS.Drive.Application#file_id=883161635689126673
2025,DEV/QPR/PLG/PR/0225/005,CLOSED,,Unplanned,Process,Kontaminan,LKXLA ,HB049 - HB050,LKXLA HB049 - HB050. Ditemukan ada serpihan hitam (dari tutup jerigen fructose) di bak kuning ,"1. Serpihan hitam pada bak kuning ditemukan pada saat preparasi produk LKXLA HB049-HB050 pada tanggal 10 Februari 2025, pada bets berikutnya LKXLA HB051 juga ditemukan serpihan hitam dan plastik putih yang dimana semua kontaminan tersebut dicurigai berasal dari tutup jerigen fructose yang rontok pada saat preparasi RM Fructose diruang RCL 4. Terhadap serpihan pengotor warna hitam lakukan pemisahan dari bulk dan proses compounding dapat dilanjutkan.
2. Perlu dilakukan pemeriksaan mikrobiologi untuk produk LKXLA HB049-HB051, karena  bets ini merupakan bets validasi proses pengambilan sampel sudah dilakukan oleh QA. QC lakukan pemeriksaaan mirobiologi untuk produk LKXLA HB049-051. Informasikan dan lampirkan hasil pemeriksaan mikrobiologi untuk produk LKXLA HB040-HB051 dalam penyimpangan ini.
3. QA bersama produksi dan warehouse lakukan investigasi terkait pengotor warna hitam ini, verifikasi rootcause sumber pencemar apakah berasal dari tutup hitam jerigen RM fructose atau faktor lainnya. Informasikan dalam penyimpangan ini.
4. Perlu diterbitkan CAPA untuk melakukan investigasi lebih lanjut dan penentuan tindakan corrective maupun preventive yang sesuai. CAPA diterbitkan sesuai hasil investigasi. 
5. Produk LKXLA HB049-HB051 dapat dirilis jika semua hasil parameter lainnya memenuhi syarat dan tidak ada penyimpangan lainnya yang belum closed. ",https://b7-drive.bintang7.com/?launchApp=SYNO.SDS.Drive.Application#file_id=870844494583476683
2025,DEV/QPR/PLG/PR/0225/006,CLOSED,,Unplanned,Product,Kebocoran,LKXLA ,HB049  ,"LKXLA HB049. Tube bocor di line 4 dan 7 (bagian bawah tube), dan bocor line 8 (bagian neck seal) dan ED tidak terbaca dengan jelas di line 1-8","1. Terkait kebocoran tube pada produk LKXLA HB049 yang terjadi pad bagian bawah tube diline 4 dan 7 serta bagian next seal diline 8 terjadi pada tanggal 12 februari 2025 pukul 08.10-11.20. Kemudian di hari yang sama pada pukul 19.06 ditemukan kebocoran lagi pada bagian neck seal juga diline yang berbeda (Line 3 dan 7) sehingga dapat dirangkum kebocoran pada LKXLA HB049 ini terjadi pada line 3,4,7 dan 8 dibagian bawah tube dan neck sealing. Terhadap produk LKXLA HB049 lakukan proses runut dan sortir informasikan hasil runut dan sortir tersebut serta hitung hidden cost untuk aktivitas ini. 
2. QA lakukan verifikasi hasil runut dan sortir dari tim Produksi untuk produk LKXLA HB049 dan hitung hidden cost untuk aktivitas ini.
3. Kejadian kebocoran pada bagian bawah tube yang bolong, dapat terjadi karena tarikan foil yang tidak pas ketinggiannya ketika masuk forming maupun pisau, periksa dan pastikan setting tarikan foil sudah sesuai. Untuk kasus neck seal yang terlalu dalam, bisa terjadi karena setting pisau potekan yang terlalu dalam dan/atau posisi per pisau yang tidak stabil sehingga potongan menyebabkan kebocoran. Case bocor halus pada bottom tube dapat terjadi akibat benturan dengan konveyor yang mengakibatkan area bottom yang tipis menjadi rusak. Teknik dan produksi lakukan investigasi terkait penyebab kebocoran tersebut, informasikan detail investigasi dalam penyimpangan ini (lampirkan bukti pendukung hasil investigasi berupa report ataupun foto)
4. Produksi Cek settingan tekanan dan suhu serta history IPC produk terkait, untuk tes kebocoran apakah ditemukan sachet bocor selama proses filling. Informasikan dalam penyimpangan ini (lampirkan dokumen npendukung)
5. QA terbitkan CAPA untuk penyimpangan ini agar bisa ditindaklanjutin lebih jauh, informasikan nomor CAPA dalam penyimpangan ini.
6. Terkait emboss ED yang tidak terbaca dengan jelas kondisi redaksi ""tekuk ke dalam lalu putar"" yang menabrak emboss terjadi karena foil kode lama belum memiliki standard jarak dari tepi potongan foil ke eyemark. Sehingga kondisi foil menjadi jinjit dan posisi redaksi tinggi pada bagian depan. Hal ini sudah diimprove pada foil kode baru, namun karena kebutuhan menyerap foil kode lama maka hasil redaksi kembali seperti sebelum improvement, dan pada umumnya hal ini bisa diluluskan selama emboss masih terbaca. Berdasarkan hasil pengecekan sampel dari inspektor, kondisi emboss ED tidak terbaca cukup parah sehingga tidak direkomendasikan untuk dilanjutkan menjadi output.Terhadap produk terdampak Produksi lakukan pengecekan kondisi dan  jumlah Qty produk dengan emboss yang tidak terbaca dan informasikan dalam penyimpangan ini.
7.  Lakukan setting pada mesin menyesuaikan posisi eyemark dan redaksi "" Yekuk didalam lalu putar""  agar emboss ED produk dapat terbaca dan sesuai dengan PPI. Informasikan hasil settingan dalam penyimpangan ini, catat dan lampirkan dalam catatan perubahan proses di PPI. 
8. Produk LKXLA HB049 dapat dirilis jika semua parameter lainnya sudah memenuhu syarat dan tidak ada devol open yang belum selesai ditindaklanjuti. ",https://b7-drive.bintang7.com/?launchApp=SYNO.SDS.Drive.Application#file_id=870846670280111187
2025,DEV/QPR/PLG/PR/0225/007,CLOSED,,Unplanned,Product,Kebocoran,LKNTA ,HB200,sachet bocor LKNTA HB200,"1. Produk LKNTA HB200 yang bocor ditemukan dari hasil inspeksi uji kebocoran oleh inspektor, dari laporan dan BA operator penyebab kebocoran dicurigai karena kondisi sealing vertikal yang kotor. Terhadap produk LKNTA HB200 yang bocor lakukan runut dan sortir, hitung failure cost untuk aktivitas tersebut dan informasikan dalam penyimpangan ini.
2. QA lakukan verifikasi terhadap hasil runut dan sortir yang dilakukan oleh produksi, hitung failure cost untuk aktivitas tersebut dan informasikan dalam penyimpangan ini.
3. Sachet bocor pada produk LKNTA HB200, Operator hanya melakukan pembersihan sealing dan mesin bisa dijalankan kembali. Maka potensi penyebab kebocoran ini adalah kondisi sealing yang mudah kotor. Produksi lakukan pengecekan apakah setting suhu dan tekanan serta pergantian gasket sudah sesuai dengan standar/prosedur/PPI yang berlaku. Informasikan dalam penyimpangan ini dan lampirkan buktinya.
4.Teknik bersama tim produksi lakukan investigasi penyebab/rootcause kebocoran ini dan laporkan hasil investigasi tersebut pada penyimpangan ini (lampirkan dokumen pendukung).
4. Produk LKNTA HB200 dapat dirilis jika semua parameter lainnya sudah memenuhi syarat. ",https://b7-drive.bintang7.com/?launchApp=SYNO.SDS.Drive.Application#file_id=871549975239111201
2025,DEV/QPR/PLG/PR/0225/008,CLOSED,,Unplanned,Product,Kebocoran,LKXLA ,HB051,LKXLA HB051. bocor pada tube,"1. Kebocoran pada tube produk LKXLA HB051 ditemukan pada saat IPC Kebocoran pukul 01.00 WIB, ditemukan ocor pada tube line 1 mesin unifill B. Terhadap produk terdampak yang bocor lakukan proses runut dan sortir. Produksi hitung failure cost untuk kegiatan ini.
2. QA lakukan verifikasi runut sortir yang dilakukan oleh produksi. Hitung failure cost untuk kegiatan ini.
3. Teknik bersama tim produksi lakukan pengecekan potensi penyebab kebocoran ini dan informasikan serta lampirkan dokumen pendukung berupa foto maupun report dalam penyimpangan ini.
4. Bila diperlukan lakukan penerbitan CAPA untuk penyimpangan ini agar dapat diketahui dengan jelas penyebab kebocoran dari produk LKXLA HB051 ini. Lampirkan nomor CAPA
5. Produk LKXLA HB051 dapat diliris jika semua hasil parameter lainnya sudah memenuhi syarat.",https://b7-drive.bintang7.com/?launchApp=SYNO.SDS.Drive.Application#file_id=871551243588252407
2025,DEV/QPR/PLG/PC/0225/009,CLOSED,,Planned,Procedure/documentation/data integrity,Prosedur/Spec/MA tidak sesuai,PWSNH,HB201 - HB202,"1. CWO dilakukan sebelum material lengkap
2. Proses produksi dilakukan dengan menampung sachet","1. Terkait dengan adannya kebutuhan supply last bite produk PWSNH di bulan Februari 2025, produksi produk PWSNH harus tetap dilakukan walaupun ada keterlambatan kedatangan pack yang baru bisa datang dengan ETA 21 Februari 2025 sehingga akan dilakukan proses penampung hasil filling dan CWO tetap dilakukan sebelum material lengkap. Dari hasil review penyimpangan terencana ini, CWO sebelum material lengkap dapat dilakukan hanya untuk Produk PWSNH HB201 dan HB202. TS buatkan Formulir Verifikasi Formula tanpa kemasan Pack Waisan, lampirkan dalam penyimpangan ini.
2. Proses CWO sebelum material lengkap hanya boleh dilakukan untuk batch produk PWSNH HB201 dan HB202. PPIC lakukan sosialisasi dan koordinasi dengan departemen-departemen terkait. Lampirkan hasil koordinasi dan sosialisasi dalam penyimpangan ini.
3. Produksi lakukan proses filling sesuai jadwal produksi dari PPIC dan lakukan proses penampungan hasil filling sesuai prosedur yang berlaku. Pastikan tersedia alokasi tempat dan bak penampungan yang memadai, pemberian identitas hasil filling yang lengkap (nama produk, Nomor batch, jam tampung, urutan bak filling) dan pemisahan antar batch yang jelas. Akan dilakukan verifikasi oleh QA untuk aktivitas penampungan ini. Produksi lampirkan dokumentasi penampungan hasil filling ini dalam penyimpangan ini.
4. QA lakukan verifikasi hasil penampungan yang dilakukan oleh produksi. Pastikan proses penampungan sudah sesuai dengan prosedur yang berlaku dan tidak terjadi mix-up, informasikan dan lampirkan dalam penyimpangan ini.
5. Cpro monitoring kedatangan material sesuai ETA dan informasikan jika ada perubahan terkait ETA material Pack Waisan tersebut.
6. Pastikan kemasan datang on schedule dan secara kualitas MS sehingga proses tidak terhambat dan dapat digunakan untuk proses produksi. QC lakukan pemeriksaan sesuai prosedur yang belaku, informasikan hasil pemeriksaan MS/TMS pack dalam penyimpangan ini.
7. PPIC lakukan koordinasi kepihak terkait jika material pack sudah sampai dan hasil MS bisa digunakan diproduksi.
8. Produksi lakukan FKM pack PWSNH untuk batch HB201 dan HB202 jika material sudah sampai dan bisa digunakan dari hasil analisa QC. Lampirkan dokumen FKM dalam penyipangan ini.
9. Gudang siapkan kebutuhan pack sesuai dengan FKM yang dibuat oleh produksi. Informasikan dalam penyimpangan ini.
10. Produksi lakukan proses pengemasan terhadap produk yang ditampung sesuai prosedur yang berlaku. Pastikan tidak terjadi mix-up produk dan dokumentasikan aktivitas ini kedalam PPI.
11. Produk PWSNH HB201 dan HB202 dapat dirilis jika semua parameter sesuai spesifikasi memenuhi syarat, lakukan verifikasi dan pastikan tidak terjadi mix-up dalam aktivitas pengemasan ini. Lampirkan hasil verifikasi dalam penyimpangan ini",https://b7-drive.bintang7.com/?launchApp=SYNO.SDS.Drive.Application#file_id=883163071007218830
2025,DEV/QPR/PLG/PR/0225/010,APPROVED,,Planned,Procedure/documentation/data integrity,Prosedur/Spec/MA tidak sesuai,LEJO1,HB024 -          HB026,Proses compounding LEJO1/LEJOA Batch HB024-026 tidak sesuai dengan PPI : Eliminasi proses heating – cooling dan campaign 3 batch pada proses compounding ,"1. Terkait Study Eliminasi Heating Cooling pada proses compounding LEJO1 yang akan dilakukan berdasarkan penyimpangan terencana ini adalah Study/Trial siklus ke 2 (Hasil siklus 1 MS). Study ini akan dilakukan dari proses compounding campaign 3 batch di mixing tank dan filling prosesnya pada produk LEJO1/LEJOA Batch HB024-026.  Trial/Study dapat dilakukan, TS buatkan lampiran proses sesuat trial dan sosialisasikan ke pihak terkait. Lampirkan dalam penyimpangan ini.
2. Trial siklus ke-2 akan dilakukan pada batch komerisal sehingga PPIC koordinasikan dan hitung lead time proses hingga perilisan FG untuk penentuan tanggal estimasi output bersama tim Produksi, QA, QC dan TS. Informasikan dalam penyimpangan ini.
3. TS lakukan pendampingan selama proses compounding ke departemen produksi dan informasikan jika ada kendala selama prsoes trial non heating cooling pada produk LEJO1/LEJOA Batch HB024-026. Informasikan dalam penyimpangan ini.
3. Untuk trial SIklus ke-2 Data release bulk dan FG menunggu analisa mikro dahulu, karena ada perubahan proses , TS akan melakukan sampling tambahan tersendiri untuk pendataan internal dan tidak akan mengganggu hasil release. Data yang diambil oleh TS adalah sampling 3 titik bulk FM untuk evaluasi fisik dan kimia di QC dan sensory di TS serta Sampling mikro pendataan TS diambil pada 3 titik ATB (Ruah dan FG). TS informasikan aktualisasi dari sampling plan tersebut dan lampirkan hasil Study Eliminasi Heating Cooling siklus ke 2 dalam penyimpangan ini.
4. Perilisan Ruah dan FG sesuai dengan spesifikasi dan sampling plan dari QC. Pastikan sseluruh parameter sudah memenuhi syarat sesuai spesifikasi, Informasikan dan Lampirkan hasil analisa untuk  LEJO1/LEJOA Batch HB024-026 dalam penyimpangan ini. 
5. Produk LEJOA Batch HB024-026 dapat dirilis jika seluruh hasil parameter sesuai spesifikasi sudah memenuhi syarat dan tidak ada issue kualitas lainnya.
6. Penyimpangan terencana ini akan berlaku untuk studi siklus 2 dan 3. Sehingga TS lakukan koordinasi lebih lanjut untuk trial siklus ke 3 dengan PPIC terkait penjadwalan studi dan produk terdampak. Informasikan Produk dan Nomor batch terdampak hasil konfirmasi dari PPIC dalam penyimpangan ini
7. PPIC berdasarkan koordinasi dari TS untuk trial siklus ke-3, koordinasikan dan hitung lead time proses hingga perilisan FG untuk penentuan tanggal estimasi output bersama tim Produksi, QA, QC dan TS. Informasikan dalam penyimpangan ini.
8. TS lakukan pendampingan untuk trial siklus ke-3 dan informasikan jika ada kendala yang dialami selama pendampingan proses tersebut dalam penyimpangan ini.
9. Data rilis bulk dan FG sesuai dengan sampling plan dari QC, TS akan melakukan sampling terpisah untuk pendataan. Informasikan sampling yang dilakukan dan hasil dari pengujian tersebut. Lampirkan dalam penyimpangan ini.
9. Perilisan Ruah dan FG untuk trial non heating cooling siklus ke-3 untuk produk dan nomor batch terdampak dilakukan sesuai dengan spesifikasi dan sampling plan dari QC. Pastikan sseluruh parameter sudah memenuhi syarat sesuai spesifikasi, Informasikan dan Lampirkan hasil analisa dalam penyimpangan ini. 
10. Produk dengan nomor batch terdampak untuk trial siklus ke-3 sesuai informasi dari TS dapat dirilis jika seluruh hasil parameter sesuai spesifikasi sudah memenuhi syarat dan tidak ada issue kualitas lainnya.",
2025,DEV/QPR/PLG/PR/0225/011,APPROVED,,Planned,Procedure/documentation/data integrity,Prosedur/Spec/MA tidak sesuai,"PWSNH
POSNA ",,Proses IPC Powder PWSNH dan POSNA dilakukan tidak sesuai PPI (Penambahan tahapan verifikasi vakum basah dan pengambilan sampel IPC 4 sachet/30 menit),1. Terkait dengan akan dilakukannya trial proses IPC Powder PWSNH dan POSNA dengan Penambahan tahapan verifikasi vakum basah dan pengambilan sampel IPC 4 sachet/30 menit) di mesin SIG 5 dapat dilakukan di batch komersial. QA lakukan koordinasi dengan PPIC untuk alokasi jadwal trial masing-masing 3 batch produk dan informasikan jadwal serta nomor batch trial untuk produk PWSNH dan POSNA dalam penyimpangan ini.,
2025,DEV/QPR/PLG/PR/0225/012,CLOSED,,Unplanned,Process,Kontaminan,PWSNH ,HB198,Terdapat kontaminan sticker hologram hopper bawah,"1. Terkait dengan ditemukannya kontaminan berupa sticker hologram di sebelah ouger line 8 pada saat jalan produk PSWNH HB198, produksi segera pisahkan hologram tersebut dari bulk dan terhadap bulk yang kontak dengan kontaminan tidak digunakan kembali, lakukan pengurasan pada bulk. Lampirkan dokumentasi dan catat dalam Catatan perubahan proses di PPI agar terdokumentasi aktivitas ini.
2. Terhadap produk PSWNH HB198 tidak bisa dilakukanepngujian mikro pada bulk karena bulk sudah di filling, sehingga lakukan pengujian mikrobiologi pada FG. Produksi ambil sampel produk dan berikan ke QA untuk diregistrasikan analisa mikrobiologi.
3. QC lakukan pengujian mikrobiologi produk akhir untuk PSWNH HB198 yang diregistrasikan oleh QA. Informasikan hasil pengujian dalam penyimpangan ini.
4. Produk PSWNH HB198 dapat diluluskan apabila tidak terdapat issue kualitas lainnya dan semua hasil pemeriksaan parameter sesuai spesifikasi produk sudah memenuhi syarat.
5. Terhadap kejadian ini QA terbitkan CAPA Proses untuk dilakukan investigasi lebih lanjut. Lampirkan nomor CAPA dalam penyimpangan ini.
6. Pada kontaminan sticker hologram yang ditemukan pada SIG 6 bertuliskan SICK, dilakukan penelusuran dan ditemukan sticker berasal dari sensor yang rusak karena tertabrak pipa connection hopper. Case tertabrak ini harus ditelusuri apakah ada issue ketika pemasangan sensor atau ketika menaikkan nozzle saat mesin sedang off pengisian. Sebagai preventif lakukan penggantian sensor dengan tipe sensor yang tidak menggunakan stiker hologram. Teknik lakukan investigasi dan tindakan preventive sesuai hasil review dalam penyimpangan ini. Informasikan dalam penyimpangan ini sertakan butki pendukung
",https://b7-drive.bintang7.com/?launchApp=SYNO.SDS.Drive.Application#file_id=883165864329797324
2025,DEV/QPR/PLG/PR/0225/013,CLOSED,,Unplanned,Product,Kebocoran,PWSNH ,HB198,Sachet bocor di line 3 dan 4 pada sealing horisontal,"1. Terkait kebocoran pada line 3 dan 4 sealing horizontal produk PWSNH HB198, diketahui saat inspeksi oleh QA Inspektor foil tidak gebung saat IPC kebocoran. Terhadap produk terdampak lakukan runut dan sortir untuk FG sesuai prosedur serta hitung failure cost untuk aktivitas ini.
2.         QA lakukan verifikasi runut sortir kebocoran untuk line 3 dan line 4 sesuai dengan prosedur. Hitung failure cost pada aktivitas ini.
3.         Produksi pastikan setting yang optimal pada sealing terkait tekanan dan suhu yang ada sesuai dengan PPI. Lakukan pemastian pada hasil optimasi sudah memenuhi syarat. Informasikan dalam penyimpangan ini
4. Teknik lakukan investigasi lebih lanjut terhadap kondisi mesin dan lakukan investigasi serta analisa lebih lanjut bersama tim produksi, QA< dan TS terkait potensi penyebab kebocoran ini. Pastikan PM mesin dilakukan sesuai penjadwalan dan nformasikan penyebab dan perbaikan yang mungkin dilakukan pada laporan penyimpangan ini.
5. QA terbitkan CAPA agar investigasi terkait kebocoran SIG 6 ini dapat diteruskan kepencarian akar masalah dans egera ditanggunlangi
6. Produk PWSNH HB198 dapat dirilis jika hasil analisa terhadap semua parameter memenuhi syarat (MS) dan tidak ada issue kualitas lainnya.",https://b7-drive.bintang7.com/?launchApp=SYNO.SDS.Drive.Application#file_id=883167044367867762
2025,DEV/QPR/PLG/PR/0225/014,CLOSED,,Unplanned,Product,Prosedur/Spec/MA tidak sesuai,LEJOA ,HB026,Bulk lebih dari 1 hari staging di MT Tetra 3,"1.        Terkait bulk LEJOA HB026 dengan kondisi masih staging di MT Tetra 3 lebih dari 2 hari, lakukan proses mixing dengan speed 60 rpm tanpa sirkulasi sesuai rekomendasi dari TS dan segera lakukan proses transfer bulk ke ST. Lampirkan dan catat aktivitas ini dalam PPI.
2. Produksi lakukan pengambilan sampel ATB di ST dan sampel FG obat jadi sebanyak 2 tube untuk dilakukan pemeriksaaan tambahan parameter Mikrobiologi bulk dan FG. Berikan sampel ke Inspektor QA atau QC untuk pengecekan mikrobiologi tersebut.
3. QC lakukan pemeriksaan tambahan mikrobiologi terhadap titik ATB Bulk dan FG produk LEJOA HB026. Informasikan dan lampirkan hasil analisa lengkap dalam penyimpangan ini. Proses dapat dilanjutkan jika semua hasil parameternya memenuhi syarat.
4.         QA lakukan pengambilan sampel dan pengujian stabilitas produk jadi untuk produk LEJOA HB026 sesuai penyimpangan ini.
5. Produksi lakukan investigasi dan pastikan rootcause dan kronologis kejadian tersebut. Informasikan dalam penyimpangan ini.
6. Setelah proses transfer selesai, produksi segera jadwalkan untuk cleaning mixing tank tersebut sesuai metode yang ada agar dapat digunakan untuk proses mixing produk berikutnya.
7. Bulk yg terlalu lama di MT akan berpotensi ke proses cleaning di MT perlu extra effort, tidak bisa dengan prosedur cleaning eksisting, sehingga perlu dilakukan pemastian proses cleaningnya harus memenuhi syarat, baik bilasan, maupun swab fisik MT nya, serta mikronya. QA melakukan verifikasi hasil pencucian mesin MT Tetra 3 tersebut dan pastikan hasil verifikasi MS sebelum digunakan untuk produk lainnya.
8.         Produk LEJOA HB026 dapat dirilis jika semua hasil parameter pemeriksaan memenuhi syarat dan buatkan memo alokasi ke area fast moving. Lampirkan dalam penyimpangan ini.",https://b7-drive.bintang7.com/?launchApp=SYNO.SDS.Drive.Application#file_id=883167924603377235
2025,DEV/QPR/PLG/QA/0225/015,APPROVED,,Planned,Product,Prosedur/Spec/MA tidak sesuai,"LKXOB 
LKXLA ",-,"pada backpanel tube LKXOB & LKXLA terdapat preprint redaksi ""MFG DATE / EXP DATE""
coding emboss MFG date telah dihilangkan sesuai FUP/CKR/PRD/2407/005M 
batch yg sudah terdampak gap informasi:
- LKXLA HB049 - HB051 (total 3 batch)
- LKXOB HA468 - HA471 dan HA473 (total 5 batch)

sehingga, jk penghilangan coding MFG date tetap diimplementasikan, akan terjadi perbedaan informasi antara pre print vs coding emboss dengan estimasi jumlah batch sbb (sesuai target RPP & perhitungan 20 feb 2025): 
LKXLA:14,5 batch (untuk produksi s/d end Sept 2025)
LKXOB: 54,9 batch (untuk produksi s/d end Jun 2025) ","1. Implementasi take out MD apda emboss sesuai FUPFUP/CKR/PRD/2407/005M  menyebabkan adanya GAP pre print (backpanel) dengan coding emboss pada produk LKXOB dan LKXLA. Implementasi dapat dilakukan hanya terbatas untuk sejumlah batch sesuai perhitungan target dari PPIC dengan cut off LKXOB Jul-25 dan LKXLA Okt-25 dalam lampiran devol ini. QA Compliance tentukan aktualisasi cutoff kemasan lama dan kemasan baru terkait implementasi take out MD ini dengan pihak-pihak terkait agar tidak terjadi mixup. Sosialisasikan (Memo/email) dan lampirkan dalam penyimpangan ini.
2. Pastikan batch-batch yang mengalami dampak dari GAP implementasi take out MD ini didokumentasikan dan dicatat. PPIC bersama dengan QC Compliance lakukan pencatatan dan informasikan dalam penyimpangan ini aktualisasi seluruh batch terdampak yang memiliki GAP pre print dengan coding emboss pada produk LKXOB dan LKXLA.
3. QA Compoliance pastikan perubahan redaksi pada back panel ini segera difollow up FAW dan revisi PPI sehingga bisa on schedule perubahan kemasan baru dan timeline registrasinya. Lampirkan FUP Approved complete take out MD pada backpanel kemasan dalam penyimpangan ini",
2025,DEV/QPR/PLG/PR/0225/016,CLOSED,,Unplanned,Procedure/documentation/data integrity,Kepatuhan Dokumentasi,LBMAV,HB376,Terdapat no Jo yang tidak tertera pada label nondispen,"1. Terkait dengan penyimpangan Label JO yang tidak sesuai antara kondisi aktual dengan label JO yang tersedia pada produk LBMAV HB376, produksi segera cek dan lakukan perbaikan untuk label yang tidak sesuai etrsebut. Informasikan dan catat pada Catatan lampiran Proses di PPI.
2.         Terkait adanya no Jo yang tidak tertera pada label non dispen, disebabkan banyak hal, bisa terjadi karna penggunaan foil kurang tepat karna mengkonsumsi foil setelahnya, tetapi juga ada label jo kurang tepat, akan tetapi perlu dipastikan kronologis dari operator, untuk memastikan bahwa bener-benar menggunakan foil yang sesuai atau tidak, Perlu dibuatkan sistem penelusuran yang tepat seperti catatan pada dokumen BR, apabila memang berasal dari hasil aktivitas rounding foil. Produksi lakukan invetigasi dan informasikan dalam penyimpangan ini terkait penyebab perbedaan label tersebut dan buatkan berita acara dalam penyimpangan ini.
3.        Kejadian serupa juga terjadi dibulan yang sama yaitu pada penyimpangan DEV/QNA/PLG/PR/0225/003 dan temua audit proses QS, QA akan terbitkan CAPA untuk ditindaklanjuti lebih jauh. Lampirkan nomor CAPA dalam penyimpangan ini",https://b7-drive.bintang7.com/?launchApp=SYNO.SDS.Drive.Application#file_id=871552866878272620
2025,DEV/QPR/PLG/AD/0225/017,CLOSED,,Unplanned,Product,Kebocoran,LKPTA ,HB614,Ditemukan sachet bocor line 6,"1. Terkait dengan kasus kebocoran pada produk LKPTA batch HB614 di mesin ilapak 12, mengalami kebocoran sealing vertifkal pada line 6. Terhadap produk dan line terdampak lakukan proses runut sortir, hitung failure cost untuk aktivitas ini.
2.         QA lakukan verifikasi proses runut dan sortir yang dilakukan oleh produksi. Informasikan dan hitung failure cost untuk aktivitas ini.
3. Produksi cek selama proses produksi LKPTA batch HB614 apakah terjadi breakdown atau GT mesin dan pastikan settingan mesin sudah sesuai dengan PPI dan investigasi pengaruh faktor manusia dalam terjadinya kebocoran ini. Lampirkan dalam penyimpangan ini
4.         Kebocoran sachet di area sealing vertikal line 6 tidak terseal sempurna, sehingga terbuka, dengan setting suhu dinaikkan hasil OK. Terlihat juga di bagian sudut atas retak sealing dan tdk rapi. Bisa karena sealing kotor atau tarikan foil abnormal di mesin (krn vacuum slitting penuh atau foil bergeser). Investigasi dan evaluasi penyebab secara detail,Teknik lakukan pengecekan terhadap mesin ilapak 12 informasikan hasil pengecekan, pastikan apakah ada kendala dan masalah terkait dengan mesin yang dapat menyebabkan kasus kebocoran ini.
5. QA terbitkan CAPA agar penyimpangan ini dapat difollow up lebih lanjut dengan pencarian akar masalah bersama tim produksi, TS dan Teknik. Lampirkan nomor CAPA
6.         Produk LKPTA HB614 dapat diluluskan jika semua parameter sudah memenuhi syarat, verifikasi runut sortir sudah OKE dan tidak ada issue kualitas lain yang terjadi.",https://b7-drive.bintang7.com/?launchApp=SYNO.SDS.Drive.Application#file_id=883171274390559409
2025,DEV/QPR/PLG/FG/0225/018,CLOSED,,Unplanned,Warehouse,Prosedur/Spec/MA tidak sesuai,"LKJTA
 LKXJA","HB840
HB105",Karton FG produk LKJTA HB840 (11 pallet) dan LKXJA HB105 (3 pallet) terkena air dari pipa springkler hydrant yang lepas.,"1. Terkait dengan kejadian karton FG LKJTA HB840 sebanyak 8 pallet @24 karton dan LKJTA HB105 3 pallet @70 karton yang terkena air dari pipa springkler hydrant yang lepas, lakukan lokalisir dan pengecekan kondisi karton serta pack yang terdampak. Apabila karton dan pack basah/rusak lakukan pembongkaran dan aktivitas repack. Pada tanggal 28 Februari 2025 produksi sudah melakukan aktivitas repack sebelum disposisi ini dibuat sehingga tidak diperlukan lampiran proses namun produksi perlu Informasikan jumlah pack yang rusak dan dilakukan proses repack maupun coding ulang dalam penyimpangan ini. Hitung hidden cost untuk aktivitas ini. 
2. Aktivitas repack dilakukan tanpa lampro sehingga tidak ada dokumentasi hasil checkweigher untuk pack yang dilakukan repack dan recoding ulang oleh produksi. QA lakukan verifikasi bersama tim produksi untuk memastikan jika berat pack sudah sesuai standar dengan melewatkan pack pada checkweigher. Informasikan hasil verifikasi dalam penyimpangan ini.
3. Kondisi produk LKJTA HB840 dan LKJTA HB105 saat ini sudah dilakukan proses repack dan masuk kedalam karton. Setelah proses verifikasi checkweigher oleh QA selesai dilakukan, produksi lakukan proses penimbangan ulang pada 3WS dan print ulang label timbang. Pastikan berat karton sesuai dengan spesifikasi/range timbang di 3WS. Lampirkan hasil/report penimbangan (Lampirkan hasil/report penimbangan checkweigher dengan tanda tangan pelaksana dan saksi) 
4. QA lakukan verifikasi untuk aktivitas penimbangan karton ulang bersama tim produksi. Informasikan Failure Cost untuk aktivitas ini. 
5. Terhadap springkel yang rusak hal ini terjadi karena sedang dilakukan pressure test pada jalur pipa sprinkle. Lakukan investigasi pada jalur sprinkle existing kenapa bisa terjadi kerusakan/lepas pada drat sambungan. Issuekan hal ini ke vendor instalasi, dan lakukan koordinasi dengan purchasing terkait tindakan yang bisa dilakukan dengan vendor, apakah masih possible kerugian yang ditanggung pada produk dibebankan kepada vendor atau diklaimkan ke asuransi Informasikan dalam penyimpangan ini
6. QA Terbitkan CAPA untuk case ini agar dapat ditindaklanjuti dengan pencarian akar masalah dan penentuan tindakan corrective dan preventive. Lampirkan nomor CAPA dalam penyimpangan ini. ",https://b7-drive.bintang7.com/?launchApp=SYNO.SDS.Drive.Application#file_id=883184362598748711
2025,DEV/QPR/PLG/PR/0225/019,Cancel,,Unplanned,Procedure/documentation/data integrity,Prosedur/Spec/MA tidak sesuai,LPRG3,HB288,masa pakai ST akan ED saat dipakai proses comp,"Di Cancel per jumat 28 Februari 2025 sudah menggunakan ST 5 yang masa pakai ST maishs esuai, Devol pelru di cancel",
2025,DEV/QPR/PLG/PR/0325/001,CLOSED,,Unplanned,Product,Bobot TMS,LKMCB ,HB336,Ditemukan bobot TMS line 2 pada mesin Ilapak 2,"1. Produk LKMCB HB336 diproduksi di Ilapak 2 mengalami TMS bobot di Line 2 yang terjadi karena setting baut piston kendor . Produksi lakukan proses runut sortir terhadap produk LKMCB HB336. Hitung hidden cost untuk aktivitas ini dan informasikan dalam penyimpangan ini.
2. QA lakukan verifikasi terhadap hasil runut dan sortir yang sudah dilakukan oleh produksi. Lampirkan laporan runut sortir tersebut dalam penyimpangan ini
3. Ditemukannya bobot TMS pada line 2 produk LKMCB akan berdampak terhadap otorisasi pada bobot karton yang ditimbang. Lakukan prosedur otorisasi terhadap bobot karton yang ditimbang sesuai prosedur yang ditetapkan. Produksi informasikan apabila ada aktivitas otorisasi dalam penyimpangan ini dan catat pada catatan perubahan proses.
4. Dari hasil perhitungan TS data perhitungan bobot TMS (8,27 gram dan 8,28 gram) dikonversi ke kadar produk LKMCB HB336 masih MS kadar sehingga dapat direkomendasikan untuk dilakukan reluctant release setelah dipastikan tidak ada bobot yang diluar range dalam penyimpangan ini. Produk LKMCB HB336 dapat diluluskan jika semua parameter sudah memenuhi syarat dan tidak ada issue kualitas lainnya yang masih open.
5. Bobot TMS pada line 2 produk LKMCB disebabkan oleh setting baut piston yang tidak sesuai, pastikan Autonomous Maintenance dijalankan dengan benar. Cek dan evaluasi pelaksanaan AM, informasikan dan lampirkan checklist AM untuk mesin ilapak 2 saat produksi Produk LKMCB HB336 dalam penyimpangan ini
6. Pastikan pengecekan mesin dan output dilakukan dan release filling hanya setelah semua kondisi dipastikan sesuai standard. Teknik lakukan pengecekan terhadap mesin dan informasikan dalam penyimpangan ini.",https://b7-drive.bintang7.com/?launchApp=SYNO.SDS.Drive.Application#file_id=875574124718642873
2025,DEV/QPR/PLG/PC/0325/002,APPROVED,,Planned,Procedure/documentation/data integrity,Prosedur/Spec/MA tidak sesuai,LPRGQ,HB286 -  HB291,FG LPRGQ diperlukan untuk dikirmkan ke DC sebelum pemeriksaan mikro lengkap ( hanya TPC leadtime 3 hari setelah filling)  untuk memangkas leadtime kirim sd cabang,"1.  Terkait FG LPRGQ yang perlu dikirimkan ke DC sebelum pemeriksaan mikro lengkap dibutuhkan untuk memangkas leadtime kirim FG ke cabang. Penyimpangan ini sudah disetujuin oleh tim PPIC dan QA kalbe Farma. Pastikan dibuatkan MRM dan direview oleh pihak-pihak terkait. Lampirkan MRM Approved dalam penyimpangan ini.
2. Pada saat disposisi ini dibuat sudah ada beberapa nomor batch produk LPRGQ yang dirilis dengan hasil RAP lengkap (temasuk mikrobiologi). PPIC informasikan update detail nomor batch produk LPRGQ yang akan dirilis tanpa RAP lengkap (tanpa hasil mikrobiologi) dalam penyimpangan ini.
3. Produk LPRGQ BUKAN merupakan produk QOTR sehingga tidak bisa dijalankan mekanisme rilis dengan QOTR. QC lakukan perilisan by sistem oracle dengan memasukan angka 0 pada parameter mikrobilogi agar tim QA dapat melakukan perilisan produk. Informasikan dan lampirkan dalam penyimpangan ini. 
4. QA akan melakukan perilisan melalui sistem eksisting (Oracle) jika parameter mikrobiologi sudah diinput 0 oleh QC. Informasikan aktual nomor batch yang dirilis dengan mekanisme ini. 
5. Perilisan menggunakan penyimpangan ini hanya berlaku untuk produk LPRGQ sesuai informasi nomor batch dari PPIC dalam penyimpangan ini terakhir pada LPRGQ dengan nomor batch HB291. Jika hasil mikrobiologi sudah tersedia maka QC lakukan mekanisme cancel untuk produk LPRGQ dengan nomor batch terdampak dan input hasil pemeriksanaan kadar sesuai laporan hasil analisa. Lampirkan RAP lengkap dan bukti input hasil analisa mikro dalam penyimpangan ini. 
6. PPIC lakukan koordinasi dengan tim EPM terkait aktivitas penyimpangan ini agar produk LPRGQ tidak boleh didistribusikan ke canag sebelum hasil parameter lengkap tersedia dan memenuhi syarat. Informasikan dalam penyimpangan ini. ",
2025,DEV/QPR/PLG/PC/0325/003,APPROVED,,Planned,Procedure/documentation/data integrity,Prosedur/Spec/MA tidak sesuai,LBMAV, HC411 - HC425,Jalan Produksi LBMAV pada mesin manual dan menggunakan selotip,"1. Terkait dengan kebutuhan pemenuhan target LBMAV karena ada peningkatan ROFO pada target LBMAV bulan Maret sebanyak 72BN melebihi batas kapasitas utilisasi mesin Ilapak 5-8 sehingga diusulkan membuka mesin Ilapak 11 untuk pemenuhan target tersebut. Apabila produksi dilakukan di Ilapak 11, maka proses kemas akan dilakukan secara manual menggunakan selotip berlogo pada pack. Terkait dengan usulan ini, TS buatkan lampiran proses PPI  dan form verifikasi formula untuk penggunaan selotip berlogo ini. Lakukan sosialisasi pada tim Produksi terkait dengan Lampiran Proses yang sudah dibuat.
2. PPIC lakukan koordinasi dan sosialisasi ke pihak terkait termasuk produksi, warehouse dan TS, lampirkan hasil koordinasi tersebut dalam penyimpangan ini. 
3. Produksi lakukan proses kemas produk LBMAV pada Ilapak 11 sesuai dengan lampiran proses yang disosialisasikan. Untuk kebutuhan selotip yang digunakan, tim produksi lakukan permintaan melalui FKB ke gudang sesuai dengan kebutuhan. Apabila ditemukan kendala pada saat proses, koordinasikan dengan departemen terkait dan catat pada catatan perubahan proses di PPI.  
4. Penggunaan selotip berlogo ini berlaku selama masih ada kebutuhan pemenuhan ROFO LBMAV yang melebihi batas kapasitas utilisasi mesin Ilapak 5-8, apabila ada perubahan mesin/aktivitas diluar informasi penyimpangan ini maka perlu dibuatkan penyimpangan baru. PPIC informasikan jika produksi LBMAV dengan kemas manual ini sudah selesai kepada QA.  Jika sudah selesai maka lampiran proses akan ditarik dan kembali PPI eksisting.  
5. Produk LBMAV yang diproduksi menggunakan lampiran proses kemas manual di Ilapak 11 ini dapat dirilis apabila hasil analisa seluruh parameter produk MS dan tidak ada issue kualitas lainnya. Alokasikan produk untuk didistribusi di area fast moving apabila memungkinkan.",
2025,DEV/QPR/PLG/PR/0325/004,APPROVED,,Planned,Procedure/documentation/data integrity,Lain-lain,-,-,AHU off selama 1 shift karena ada kegiatan maintenance panel listrik,"1. Berkaitan dengan akan dilakukannya off AHU selama 1 shift pada tanggal 8 Maret 2025 untuk kebutuhan maintanance Panel listik akan berdampak pada area proses produksi yang masih melaukan staging bulk pro filling. Terhadap Bulk pro filling maupun RM pada ruangan staging, pastikan tidak dalam kondisi terbuka , sehingga tidak boleh ada aktivitas proses penimbangan, preparasi, compounding atau pun filling pada saat AHU off tersebut. Produksi pastikan aktivitas penimbangan, preparasi, compounding atau pun filling sudah tidak ada pada akhir shift 3. Informasikan dan dokumentasikan dalam penyimpangan ini
2. QA lakukan verifikasi diakhir shift 3, pastikan tidak ada aktivitas penimbangan, preparasi, compounding atau pun filling yang dilakukan. Informasikan dan dokumentasikan dalam penyimpangan ini. 
3.  Setelah blackout cek dan rekam data recovery AHU, pastikan suhu dan RH serta pengkondisian ruangan berserta parameter lainnya  memenuhi syarat sebelum aktivitas produksi dan proses filling dilakukan. 
4. Terhadap mesin yang terdampak sebelum off, lakukan sweeping proteksi pada part kontak produk (hopper, nozzle, dsb), dan pastikan semua valve dan koneksi dalam kondesi tertutup. Pastikan mesin dalam kondisi total shutoff sebelum blackout untuk melindungi part elektrik kritis dari kerusakan. 
4. Terhadap bulk produk LKNTA, LKJTA, LKMCA, LNKOA, LNKKB, POSNA, LBMAV, LKXOB perlu dilakukan verifikasi fisik oleh QA sebelum jalan proses filling. Produksi informasikan ke QA ketika akan jalan filling.
4. QA lakukan verifikasi fisik untuk bulk produk  LKNTA, LKJTA, LKMCA, LNKOA, LNKKB, POSNA, LBMAV, LKXOB sebelum jalan filling, informasikan dan lampirkan dalam penyimpangan ini.
5. Produksi  informaiskan dan lampirkan detail produk berserta nomor batch terdampak dalam penyimpangan ini agar dapat dimonitoring dan terdokumentasi.
6. Terhadap FG produk hasil filling perlu dilakukan pemeriksaan mikrobiologi dan pengambilan sampel untuk pengecekan stabilitas produk. Produksi informasikan nomor batch produk LNKKB, POSNA, LBMAV dan ambil sampel sebanyak 2 sachet/produk/batch (untuk 1 BN saja), berikan ke QA untuk registrasi pemeriksaan mikrobiologi.
6. QA lakukan FKB untuk produk POSNA dan  LBMAV sesuai nomor batch yang diinformasikan dari produksi dalam penyimpangan ini dan lakukan stabilitas on going. Lampirkan protokol dalam penyimpangan ini.
7. QA lakukan registrasi sampel sachet yang diberikan produksi untuk dianalisa mikro ke QC.
8. QC lakukan pengujian mikrobiologi untuk produk  LNKKB, POSNA, LBMAV sesuai registrasi QA. Lampirkan dan infromasikan hasil pemeriksaan dalam penyimpangan ini.
9. Produk terdampak dalam penyimpangan ini dapat dirilis apabila semua parameter sudah memenuhi syarat dan tidak ada issue kualitas lainnya yang masih open.",
2025,DEV/QPR/PLG/PR/0325/005,CLOSED,,Unplanned,Process,Kontaminan,LKMC1,HC352,Agitator storage tank terdapat bercak coklat,"1. Terkait ditemukannya kondisi batang agitator yang berwarna coklat pada ST 2 saat verifikasi oleh inspektor QA yang berisi bulk ruah LKMC1 HC352, perlu dilakukan investigasi asal noda coklat dan hitam tersebut agar difollow up sesuai rootcasuenya. Informasikan dalam penyimpangan ini.
2. Terkait bulk LKMC1 HC352 yang berasa di ST 2 lakukan pengambilan sampel ATB dan verifikasi fisik oleh QA. Pada prinsipnya, proses transfer produk dari ST ke mesin filling akan menggunakan agitasi dengan outlet dari bagian bawah tangki, sehingga hal ini akan meminimalisir potensi untuk produk kembali kontak dengan noda coklat di bagian batang atas. Jika hasil verifikasi QA oke, bulk LKMC1 dapat dilanjutkan ke proses filling.
3. Lakukan pengambilan sampel FG 2 sachet ATB untuk produk LKMC1 HC352 dan ebrikan ke Tim Quality untuk dianalisa parameter mikrobiologi.
4. QC lakukan pengujuan sampel mikro yang didaftarkan oleh QA, informasikan dan lampirkan hasil analisa dalam pnyimpangan ini.
5. Terhadap kontaminan noda hitam dan coklat, lakukan sampling dan pemastian sumber kontaminan ke QC/Andev untuk dianalisa.
4. Terhadap ST 2 lakukan proses pencucian setelah filling sampai ke bagian agitator dan minta verifikasi oleh QA. ST boleh digunakan jika hasil verifikasi QA sudah Oke. Informasikan dan lampirkan dalam penyimpangan ini.
5. Masukkan pemeriksaan area batang agitator pada checklist AM agar dapat dilakukan pemeriksaan setiap ST akan digunakan. Lampirkan AM dalam penyimpangan ini
6. Teknik cek bagian dalam agitator dan ST secara keseluruhan, infomasikan penggunaan oli pada ST apakah foodgrade atau tidak,  tindaklanjuti juga abnormalitas lampu storage pada PM sebelumnya untuk memudahkan operator memeriksa hal seperti ini agar tidak kembali berulang. Informasikan dan lampirkan dalam penyimpangan ini.
7. Produk LKMC1 HC352 dapat dirilis jika semua hasil parameter sudah memenuhi syarat dan tidak ada issue kualitas lainnya. 
",https://b7-drive.bintang7.com/?launchApp=SYNO.SDS.Drive.Application#file_id=875575522405439745
2025,DEV/QPR/PLG/PR/0325/006,OTW Closed Coor,,Planned,Process,Proses,-,-,Validasi 2 dilakukan diruang compounding,"1. Trial proses Validasi 2 dilakukan pada saat compounding diperlukan untuk meminimalkan risiko material tertinggal. Trial dapat dilakukan untuk 1 BN produk, namun jika dibutuhkan trial >1 BN produk untuk evaluasi dapat dilakukan namun tetap harus didokumentasikan dan didampngi oleh inspektor QA. Produksi informasikan produk berserta nomor batch produk yang dilakukan validasi 2 untuk materialnya pada proses compounding.
2. Lakukan sosialisasi kepada operator terkait trial ini. Lampirkan hasil sosialisasi dan materi dalam penyimpangan ini.
3. Trial proses validasi 2 ditahap compounding harus didampingi oleh inspektor QA. Informasikan hasil pendampingan dalam penyimpangan ini.
4. Agar trial ini dapat dimonitoring, produksi dokumentasikan proses validasi 2 ditahap compounding  pada PPI produk dan BN terdampak, apabila ada kendala saat trial dicatat. Catat pada catatan perubahan proses di BR. 
4. QA buatkan B7 Drive sebagai tempat hasil scan proses validasi 2. Sosialisasikan ke produksi. 
5. Pastikan hasil scan dilaporkan ke QA secara digital dengan cara diupload pada B7 Drive yang dibuat oleh QA dengan format Kode produk_Nomor batch agar dapat ditelusur oleh tim BR.
6. Evaluasi hasil trial dan informasikan dalam penyimpangan ini.",
2025,DEV/QPR/PLG/PR/0325/007,CLOSED,,Planned,Testing and analytical method,Proses,LKPT1,HB625,Hasil swab fisik bagian atap TMS di mixing tank  Tetra 1 sesudah cleaning produk LKPTA HC625,"1. Terkait dengan bagian atas MTT1 yang dari hasil swab fisik TMS bagian atas setelah proses cleaning, lakukan verifikasi dan pemastian kualitas pada produk sebelumnya yaitu LKPTA HB623, HB624 dan HB625 yang merupakan produk hasil validasi proses tim QA. Pastikan seluruh parameter kualitas memenuhi syarat, Lampirkan hasil pengujian lengkap dalam penyimpangan ini.
2. Produk LKPTA HB623, HB624 dan HB625 dapat dirilis jika seluruh parameter kualitasnya sudah menenuhi syarat.
3. Terhadap MTT1 lakukan proses cleaning dan minta verifikasi oleh QA setiap sebelum digunakan.  Pastikan hasil verifikasi swab fisik OKE baru boleh digunakan.
4. Teknik lakukan pengecekan pada MTT1 dari aspek mesin MTT1. Apabila terkait korosi SS, perlu dilakukan pasivasi dan pickling, perlu dilakukan pemeriksaan koslow juga untuk semua peralatan kontak produk untuk pemastian kondisi material selalu MS. Informasikan hasil epngecekan dan lampirkan timeline sebagai bentuk komitmen pelaksanaan proses perbaikan sesuai hasil pengecekan tersebut.
5. Lakukan pemeriksaan apakah ada anomali terhadap proses cleaningnya atau pengotornya berasal dari sisa produk yang ada. Identifikasi senyawa jika terdapat residu saat proses swab. Infromasikan dan lampirkan dalam penyimpangan ini",
2025,DEV/QPR/PLG/PC/0325/008,CLOSED,,Planned,Procedure/documentation/data integrity,Prosedur/Spec/MA tidak sesuai,LMHGA,HC084 - HC087,Jalan Produksi LMHGA pada mesin manual dan menggunakan selotip,"1. Terkait dengan kebutuhan pemenuhan target LMHGA yang akan di produksi di mesin Ilapak 11, maka proses kemas akan dilakukan secara manual menggunakan selotip berlogo pada pack. Output sachet renceng dan kemas cellotape sudah disetujui oleh Saka Farma. Terkait dengan usulan ini, TS buatkan lampiran proses PPI  dan form verifikasi formula untuk penggunaan selotip berlogo ini. Lakukan sosialisasi pada tim Produksi terkait dengan Lampiran Proses yang sudah dibuat.
2. PPIC lakukan koordinasi dan sosialisasi ke pihak terkait termasuk produksi, warehouse dan TS, lampirkan hasil koordinasi tersebut dalam penyimpangan ini. 
3. Produksi lakukan proses kemas produk LMHGA pada Ilapak 11 sesuai dengan lampiran proses yang disosialisasikan. Pastikan IPC terhadap fisik untuk pemastian produk selama kemas sekunder dilakukan. Selama proses pengemasan, pastikan tampungan dihandling dengan identitas yang jelas. Untuk kebutuhan selotip yang digunakan, tim produksi lakukan permintaan melalui FKB ke gudang sesuai dengan kebutuhan. Apabila ditemukan kendala pada saat proses, koordinasikan dengan departemen terkait dan catat pada catatan perubahan proses di PPI.  
4. Penggunaan selotip berlogo ini berlaku hanya untuk batch LMHGA HC084-HC087 sesuai penyimpangan ini. PPIC informasikan realisasi nomor batch yang dikemas dengan selotip berlogo dan jika produksi LMHGA dengan kemas manual ini sudah selesai kepada QA agar dilakukan pemusnahan lampro terkait dan tidak digunakan lagi. 
5. Produk LMHGA yang diproduksi menggunakan lampiran proses kemas manual di Ilapak 11 ini dapat dirilis apabila hasil analisa seluruh parameter produk MS dan tidak ada issue kualitas lainnya. ",https://b7-drive.bintang7.com/?launchApp=SYNO.SDS.Drive.Application#file_id=875575522405439745
2025,DEV/QPR/PLG/PR/0325/009,CLOSED,,Unplanned,Product,Kepatuhan,LMHGA ,HC082,LMHGA HC082. Mixup kemasan (ada tumpukan karton bejo di tumpukan karton mixagrip),"1. Terkait dengan adanya kasus mixed up pada tumpukan karton Mixagrip dan Bejo ex Oji berpotensi terjadi karena secara fisik (warna & dimensinya) karton tersebut mirip. Untuk karton Bejo yang sudah ada diarea produksi sebanyak 100 pcs lakukan proses retur ke Gudang dan buatkan FKM untuk pemenuhan kekurangan sisa karton tersebut. Lampirkan form retur dan FKM dalam penyimpangan ini.
2. Gudang siapkan material sesuai kebutuhan produksi untuk kekurangan karton Mixagrip sebanyak 100 Pcs. Infromasikan dan lampirkan dalam penyimpangan ini.
3. Perlu dilakukan investigasi dan genba kelapangan terkait  kesesuaian implementasi proses bongkar muatan dengan prosedur yang ada di PT Bintang Toedjoe dan aktivtas loading unloading saat kedatangan material. Informasikan hasil investigasi dalam penyimpangan ini terbitkan CAPA vendor jika dari hasil investigasi ditemukan kesalahn dari vendor. 
4.Mixed up ini juga berpotensi  terjadi saat penyusunan karton di atas palet saat kedatangan dari vendor. Pelaksanaan penyusunan karton dilakukan oleh supir / kenek vendor langsung, dimana supir atau kenek tidak menyadari untuk karton yang disusun itu berbeda nama produknya sehingga susunan karton dalam palet tercampur. Sehingga perlu dijajaki pembedaan penanda tali karton Bejo dan Mixagrip. Infromasikan hasil penjajakan dalam penyimpangan ini
5. Gudang lakukan pemastian tidak ada percampuran karton untuk produk yang berbeda ketika proses unloading dari armada. Pemastian line clearance karton saat unloading perlu dilakukan sehingga tidka bercampur dengan karton produk lainnya. ",
2025,DEV/QPR/PLG/PC/0325/010,CLOSED,,Planned,Procedure/documentation/data integrity,Prosedur/Spec/MA tidak sesuai,LNKOA,        HC279  - HC280,Jalan Produksi LNKOA pada mesin manual dan menggunakan selotip,"1. Terkait dengan kebutuhan pemenuhan target LNKOA bulan Maret yang  melebihi kapasitas mesin ilapak 9 dan 10 sehingga perlu dilakukan produksi dengan mesin ilapak 1 untuk pemenuhan target tersebut. Apabila produksi dilakukan di Ilapak 1, maka proses kemas akan dilakukan secara manual menggunakan selotip berlogo pada pack. Tim marketing sudah ACC untuk 2 BN sesuai keterangan pada deviation ini. Terkait dengan usulan ini, TS buatkan lampiran proses PPI  dan form verifikasi formula untuk penggunaan selotip berlogo ini. Lakukan sosialisasi pada tim Produksi terkait dengan Lampiran Proses yang sudah dibuat.
2. PPIC lakukan koordinasi dan sosialisasi ke pihak terkait termasuk produksi, warehouse dan TS, lampirkan hasil koordinasi tersebut dalam penyimpangan ini. 
3. Produksi lakukan proses kemas produk LNKOA pada Ilapak 1 sesuai dengan lampiran proses yang disosialisasikan. Untuk kebutuhan selotip yang digunakan, tim produksi lakukan permintaan melalui FKB ke gudang sesuai dengan kebutuhan. Apabila ditemukan kendala pada saat proses, koordinasikan dengan departemen terkait dan catat pada catatan perubahan proses di PPI.  
4. Penggunaan selotip berlogo ini hanya berlaku untuk 2 BN sesuai informasi pada deviation ini, apabila sudah selesai maka lampiran proses akan ditarik dan kembali PPI eksisting. Apabila dibutuhkan proses kemas manual tambahan lakukan pembuatan penyimpangan terencana kembali. PPIC informasikan jika produksi 2 BN dengan kemas manual ini sudah selesai. 
5. Produk LNKOA yang diproduksi menggunakan lampiran proses kemas manual di Ilapak 1 ini dapat dirilis apabila hasil analisa seluruh parameter produk MS dan tidak ada issue kualitas lainnya.",https://b7-drive.bintang7.com/?launchApp=SYNO.SDS.Drive.Application#file_id=876119566531481890
2025,DEV/QPR/PLG/QA/0325/011,OTW Closed Coor,,Planned,Product,Lain-lain,LBMAV,"HB370E
HB375L",Dilakukan proses Iradiasi pada Produk Jadi BEJO HERBAL LIQ/12SCH,"1. Terkait diperlukannya pemeriksaan Residu Radioaktif  pada produk Bejo HB370E dan HB375 hasil iradiasi material Foeniculum Vulgare, Piper retrofracti dan Mentha Arventis folium bertujuan untuk memastikan bahwa produk tetap aman dikonsumsi. Lampirkan protokol dalam penyimpangan ini.
2. Penyimpangan terencana ini disetujui, lakukan pengambilan sampel Bejo HB370E dan HB375 sesuai kebutuhan analisa dan pastikan hasil pengujian radioaktif memenuhi syarat. Informasikan dan lampirkan dalam penyimpangan ini
3. Lakukan evaluasi terhadap hasil trial, termasuk hasil analisa mikro produk dengan material yang dilakukan iradiasi. Informasikan hasil evaluasi dan lampirkan laporan trial dalam penyimpangan ini.
4. . Pastikan Produk yg diradiasi , masih aman dan memenuhi syarat minimal ambang batas kontaminan radioaktifnya sebelum direlease sehingga tidak membahayakan konsumen. Produk dapat dirilis jika semua hasil pengujian sudah memenuhi syarat.",
2025,DEV/QPR/PLG/AD/0325/012,APPROVED,,Planned,Procedure/documentation/data integrity,Prosedur/Spec/MA tidak sesuai,all produk Pharma,-,Penggunaan Storage tank baru untuk menyimpan bulk pharma tanpa menunggu hasil analisa mikro,,
2025,DEV/QPR/PLG/PR/0425/001,Cancel,,Planned,Procedure/documentation/data integrity,Prosedur/Spec/MA tidak sesuai,LKXOD,HD505 - HD507,"Perilisan FG dilakukan sebelum laporan analisa produk logam berat dan alkohol
sudah tersedia","1. Produk LKXOD Batch HD505-507 dapat dirilis untuk kebutuhan pemenuhan target bets April sebelum hasil analisa logam berat dan alkohol tersedia jika dari hasil pengecekan trend produk terhadap pemeriksaan parameter tersebut selalu memenuhi syarat. Dari hasil review QC dapat dilakukan perilisan paralel menunggu hasil analisa. QC informasikan dan lampirkan hasil trend pengujian logam berat dan alkohol untuk produk LKXOD tahun 2024 dalam penyimpangan ini.
2. Produk LKXOD Batch HD505-507 dapat dirilis untuk kebutuhan pemenuhan target bets April sebelum hasil analisa logam berat dan alkohol tersedia jika dari hasil pengecekan trend produk terhadap pemeriksaan parameter tersebut selalu memenuhi syarat. Dari hasil review QC dapat dilakukan perilisan paralel menunggu hasil analisa. QC informasikan dan lampirkan hasil trend pengujian logam berat dan alkohol untuk produk LKXOD tahun 2024 dalam penyimpangan ini.
3. Produk LKXOD Batch HD505-507 sudah direduce sampling plan namun produk LKXOD Batch HD505-507 ini juga merupakan batch valpro sehingga akan dilakukan pengembilan sampel untuk pengujian lengkap sesuai ketentuan/prosedur validasi yang berlaku. QC lakukan pengujian/analisa lengkap LKXOD Batch HD505-507 dan lampirkan hasil pengujian dalam penyimpangan ini.
4. QA sesuai ketentuan/prosedur validasi lakukan pengujian stabilitas produk dan lampirkan protokol pengujian stabilitas produk LKXOD Batch HD505-507 tersebut dalam penyimpangan ini.
5. PPIC lakukan monitoring dan pencatatan area distribusi untuk produk LKXOD Batch HD505-507 ini. Koordinasikan lebih lanjut ke pihak EPM dan team DP terkait alokasi khusus untuk batch2 produk tersebut sehingga dapat ditelusuri dengan baik jika terjadi sesuatu dengan batch2 untuk produk tersebut dan dapat ditarik secepatnya.Lampirkan dan informasikan dalam penyimpangan ini.",
2025,DEV/QPR/PLG/PR/0425/002,CLOSED,,Unplanned,Procedure/documentation/data integrity,Prosedur/Spec/MA tidak sesuai,POSN1,HC839  - 	HC840,Bin tidak di cuci ulang dan langsung dipakai untuk proses  padahal AHU OFF selama libur lebaran,"1. 	Terkait Bin pada R. Compounding Solid 4 yang tidak dicuci sebelum digunakan untuk menyimpan bulk POSN1 HC839 dan HC840 akan berpotensi menyebabkan pertumbuhan mikrobiologi. Terhadap bulk lakukan pengambilan sampel ATB pada masing-masing Bin dan sampel FG sebanyak 2 sachet ATB (Line bebas) per batch untuk dianalisa parameter mikrobiologinya. Berikan identitas dan berikan sampel kepada QA. Lampirkan foto
2. 	Bulk yang ada di bin dapat dilakukan proses filling, dilakukan pengecekan mikrobiolog untuk bulk dan produk POSNA HC839 dan HC840. Produk terdampak dapat dirilis jika hasil mikro sudah keluar dan semua parameter kualitas sudah memenuhi syarat.
3. QC lakukan analisa mikro untuk sampel yang dikirimkan oleh QA dan lampirkan dalam penyimpangan ini.
4. 	QC lakukan analisa mikro untuk sampel yang dikirimkan oleh QA dan lampirkan dalam penyimpangan ini.	I.NOVIANTA WULANDARI	-	-	-	-	-	-	-	-	-	-	-	-	-	-	-	-	-	-	-	-
4	Produksi lakukan pencucian Bin segera setelah proses filling selesai dan minta verifikasi oleh QA. Informasikan dalam penyimpangan ini",https://b7-drive.bintang7.com/?launchApp=SYNO.SDS.Drive.Application#file_id=881917214100346058
2025,DEV/QPR/PLG/WG/0425/003,CLOSED,,Unplanned,Procedure/documentation/data integrity,Kepatuhan,LPRG3,HC309,Bahan baku yang ditimbang pada label sedang proses tidak sesuai dengan aktual bahan baku yang ditimbang,"1. 	Terkait dengan penyimpangan label proses yang tertempel di pintu ruang proses berbeda dengan material yang ditimbang dikarenakan operator timbang lupa mengganti label yang sudah disiapkan sebelumnya sehingga tidak update, berikan teguran serta sosialisasikan kepada operator agar dapat melakukan line clearance sebelum memulai proses timbangan selanjunya.
2. Untuk label yang berbeda lakukan pergantian dengan label yang sesuai dan informasikan dalam penyimpangan ini
3. Untuk mencegah kejadian yang sama tidak terulang kembali maka lakukan follow up percepatan digitalisasi implementasi sistem weighing tracking di bagian penimbangan. Informasikan timeline implementasi sistem weighing tracking dalam penyimpangan ini",https://b7-drive.bintang7.com/?launchApp=SYNO.SDS.Drive.Application#file_id=881918634891466344
2025,DEV/QPR/PLG/PR/0425/004,CLOSED,,Planned,Procedure/documentation/data integrity,Prosedur/Spec/MA tidak sesuai,LKNTA,-,implementasi e-IPC diproses filling sehingga dokumentasi IPC tidak ditulis pada PPI ,"1. Terkait rencana penggunaan report IPC dari aplikasi IPC digital menggantikan halaman IPC dalam PPI eksisting dalam rangka trial piloting project IPC digital ke semua proses operasional, perlu disiapkan lampiran proses untuk menyesuaikan rencana penggunaan report IPC digital ini. Buatkan lampiran sebagai panduan report tarikan IPC digital dan sosialisasikan ke tim produksi.
2. Lakukan sosialisasi tata cara penggunaan system aplikasi IPC digital kepada seluruh operator filling line liquid sebelum IPC digital diimplementasikan, termasuk ketentuan penggunaan akses untuk masing-masing personil. Lampirkan bukti sosialisasi.
3. Informasikan juga realisasi produk dan nomor batch yang terdampak IPC digital dalam penyimpangan ini.
4. MD pastikan Monitoring sistem, pemastian data tercapture dan troubleshooting dilakukan jika terjadi masalah selama implementasi IPC Digital ini.
5. Pastikan semua penyimpangan atau bug pada saat implementasi IPC digital ini terdokumentasi, tulis pada catatan perubahan proses di PPI sehingga dapat ditelusuri.
6. Apabila terjadi masalah dan data tidak bisa ditarik maka perlu dilakukan verifikasi ulang bobot pada produk. Untuk antisipasi masalah, dapat dilakukan penarikan data yang lebih sering misal 1 jam sekali oleh tim produksi untuk monitoring
7. Report IPC Digital akan mengantikan report IPC pada PPI sehingga perilisan batch terdampak tersebut akan menyesuaikan deviation ini. QA Pastikan report IPC Digital sudah tersedia dan sesuai dengan ketentuan IPC pada PPI eksisting. Produk dapat dirilis jika semua hasil parameter memenuhi syarat dan tidak ada issue kualitas.",
2025,DEV/QPR/PLG/PR/0425/005,CLOSED,,Unplanned,Product,Justified,LKKSB ,HC068,LKKSB HC068. Sachet retained sample (line 5) ditemukan bocor pada sealing vertikal,"1. Terhadap produk LKKSB HC068 line 5 sampel retained ditemukan sachet bocor pada body sachet ketika dilihat fisik sampel sehingga produksi lakukan proses runut dan sortir untuk produk terdampak dan informasikan hasil runut dan sortir serta hidden cost dalam penyimpangan ini
2.         QA verifikasi runut sortir yang dilakukan oleh produksi dan informasikan hidden cost dalam penyimpangan ini.
3. Produksi lakukan pre-investigasi terkait potensi penyebab kebocoran ini dan informasikan hasil pre-investigasi dalam penyimpangan ini.
4.  Teknik lakukan pengecekan terhadap mesin, Periksa logbook mesin pada jam pengambilan sample, apakah ada anomali atau aktivitas penyebab potensial yang terjadi pada mesin atau tidak. Informasikan dalam penyimpangan ini
5. Produk LKKSB HC068 dapat dirilis jika seluruh hasil parameternya sudah memenuhi syarat.",https://b7-drive.bintang7.com/?launchApp=SYNO.SDS.Drive.Application#file_id=882072170606416215
2025,DEV/QPR/PLG/PR/0425/006,APPROVED,,Planned,Qualification and validation,Lain-lain,LBMAV,HD442 - HD444,diperlukan trial Komix OBH Dit Hijau segera di fasilitas produksi sementara pengembangan metode valclean produk baru farma masih on progress,"1. 	Terkait trial Komix OBH Dot Hijau di fasilitas produksi(Ilapak 5) tidak jadi dilakukan karena masih membutuhkan optimasi proses kembali, mesin Ilapak 5 tidak jadi digunakan. Sehingga terkait ST dan MT yang sudah digunakan lakukan proses pencucian dengan metode asam basa dan CIP Normal. Lakukan verifikasi oleh QA sesuai kebutuhan. Informasikan metode verifikasi yang dilakukan dan lampirkan hasil verifikasi dalam penyimpangan ini.
2. ST dan MT yang sudah diverfiikasi oleh QA dapat digunakan sesuai dengan keputusan hasil verifikasi setelah pencucian. St dan MT dapat digunakan untuk comp Komix Herbal yang mengandung succus etrlebih dahulu, karena mengecilkan resiko antar produk contains succus. Produksi informasikan dan implementasikan dilapangan bahwa ST dan MT bekas trial hanya boleh digunakan untuk produk Komix Herbal yang mengandung succus.
3. 	Sambil menunggu jadwal trial selanjutnya, Pararel andev akan mendevelop MA untuk cleaning tsb dengan marker succus. Infromasikan timeline pengembangan MA cleaning tersebut dalam penyimpangan ini
4. Terkait sisa trial yang tidak jadi difilling, RND lakukan koordinasi dengan QS dan ENG untuk proses pembuangan limbahnya. Informasikan dalam penyimpangan ini.",
2025,DEV/QPR/PLG/PR/0425/007,CLOSED,,Planned,Procedure/documentation/data integrity,Proses,LKPTA ,"HD672, HD675",proses kemas LKPTA dilakukan secara manual di line Ilapak 1,"1. 	Terkait dengan Mesin Ilapak 2 mengalami breakdown di HMI sehingga mesin tidak dapat dijalankan. Untuk memenuhi kebutuhan produk LKPTA sesuai yg dijadwalkan oleh PPIC sehingga akan dilakukan proses filling produk LKPTA dimesin Ilapak 1 dan proses kemas dilakukan secara manual. Terkait dengan usulan ini, TS buatkan lampiran proses PPI, form verifikasi formula dan penyesuaian PMFR untuk penggunaan selotip berlogo ini. Lakukan sosialisasi pada tim Produksi terkait dengan Lampiran Proses yang sudah dibuat.
2. PPIC lakukan koordinasi dan sosialisasi ke pihak terkait termasuk marketing (FYI), produksi, warehouse dan TS, lampirkan hasil koordinasi tersebut dalam penyimpangan ini.
3. Produksi lakukan proses kemas produk LKPTA pada Ilapak 1 sesuai dengan lampiran proses yang disosialisasikan. Untuk kebutuhan selotip yang digunakan, tim produksi lakukan permintaan melalui FKB ke gudang sesuai dengan kebutuhan. Apabila ditemukan kendala pada saat proses, koordinasikan dengan departemen terkait dan catat pada catatan perubahan proses di PPI.
4. Penggunaan selotip berlogo ini berlaku hanya untuk batch LKPTA batch HD672 dan HD675 sesuai penyimpangan ini. Jika nomor batch berubah mohon diinformasikan realisasi nomor batch yang dikemas dengan selotip berlogo dalam penyimpangan ini.
5. Produk LKPTA yang diproduksi menggunakan lampiran proses kemas manual di Ilapak 1 ini dapat dirilis apabila hasil analisa seluruh parameter produk MS dan tidak ada issue kualitas lainnya.",https://b7-drive.bintang7.com/?launchApp=SYNO.SDS.Drive.Application#file_id=882075197149075305
2025,DEV/QPR/PLG/PR/0425/008,CLOSED,,Unplanned,Product,Bobot TMS,LNKKB ,HC133,Ditemukan bobot sachet line 2 OTS Over,"1. Bobot sachet LNKKB HC133 ditemukan TMS Over yaitu 7.18 gram, 7.21 gram dan 7.22 gram di line 2 (syarat bobot 6.50 – 7.08 gram) dikemas Liq lt. 1 mesin chimei 6A. Berdasarkan konversi perhitungan bobot dibandingkan kadar, rekomendasi bobot yang masih memenuhi syarat (MS) yaitu 6.50 – 7.123 gram. Produksi laukan runut sortir bobot sesuai dengan prosedur. Hitung hidden cost pada kegiatan ini.
2. QA lakukan verifikasi runut sortir dengan rekomendasi bobot yaitu 6.50 – 7.123 gram. Hitung hidden cost pada kegiatan ini
3. Lakukan sosialisasi kepada operator untuk selalu memastikan kondisi dari mesin pada saat proses, dan apabila ditemukan ketidaksesuaian bobot TMS, lakukan setting volume pada line yang bermasalah, kemudian test run dan pengujian bobot kembali. Jika perlu, lakukan monitoring bobot untuk menjamin kestabilan kinerja mesin selama proses filling. Jika terjadi perubahan bobot yang cukup signifikan, perlu ditindaklajuti dengan pemeriksaan kondisi fisik part mekanikal filling pump.
4. Perlu dilakukan investigasi lebih lanjut untuk mengetahui penyebab pasti penyimpangan bobot TMS ini, apakah ada kondisi mesin yang bermasalah ataukah ada potensi yang signifikan dapat menyebabkan bobot TMS dari proses filling. Perhatikan mekanisme pengisian pada mesin, apakah ada komponen yang tersumbat atau tidak tepat posisinya. Koordinasikan dengan tim Teknik jika ditemukan ketidaksesuaian pada mesin. Lampirkan juga BA dalam penyimpangan ini
5. 	Teknik lakukan evaluasi lebih lanjut terhadap penyebab bobot sachet TMS ini, pastikan PM mesin dilakukan sesuai penjadwalan. Lakukan perbaikan apabila ditemukan ketidaksesuaian pada kondisi mesin. Informasikan perbaikan yang dilakukan pada laporan penyimpangan ini.
6. Produk LNKKB HC133 dapat dirilis jika hasil analisa terhadap semua parameter memenuhi syarat dan jika tidak terdapat issue kualitas lain nya",
2025,DEV/QPR/PLG/PC/0425/009,APPROVED,,Planned,Procedure/documentation/data integrity,Prosedur/Spec/MA tidak sesuai,LKNTA,"HD306-310
HD311-315",kebutuhan CWO LKNTA dengan foil dan pack kode baru menggunakan recipe lama,"1. Terkait dengan kebutuhan CWO LKNTA dengan pack dan foil kode baru dengan Recipe lama bertujuan untuk pemenuhan forcaset PPIC karena material kemasan pack dan foil lama tidak bisa datang tepat waktu (dampak dari sortir material) . Sehingga TS buatkan FVF dan Lampiran Proses sesuai dengan kode material kemasan (Pack dan Foil) baru, lakukan sosialisasi perbedaan kemasan lama dan baru agar produksi dapat melakukan line clearance dengan baik sehingga tidak terjadi mixed up.
2. PPIC perlu melakukan reservasi nomor batch untuk penggunaan recipe lama dengan kemasan lama (Pack dan foil) agar tidak ada bolak balik nomor batch untuk penggunaan kemasan baru tersebut. Informasikan dalam penyimpangan ini nomor batch tersebut dan pastikan tidak ada bolak balik nomor batch pergantian kemasan baru dan kemasan lama dalam proses operasional.
3. 	Informasikan juga alokasi nomor batch yang terdampak dari penyimpangan ini (penggunaan recipe lama dengan kode kemasan baru). Sosialisasikan dan koordinasikan ke pihak-pihak terkait termasuk produksi, WH, TS, Quality dan Marketing.
4. 	Lakukan pembuatan Memo terkait dengan deviation ini. Informasikan dan lampirkan nomor batch transisi tersebut sebagai dokumentasi produksi perdana penggunaan kemasan baru tersebut.
5. 	Produksi lakukan proses produksi untuk nomor batch sesuai alokasi PPIC dan lampiran proses dari TS, pastikan penggunaan material dilapangan sesuai dengan kode material yang sudah di reservasi dan dialokasikan untuk batch tersebut agar tidak terjadi mix up dan kesalahan penggunaan material.
6. 	WH sediakan material sesuai permintaa/alokasi batch dari PPIC, pastikan untuk CWO dengan recipe lama menggunakan kemasan baru ini mendapatkan material dengan kode dan jumlah yang sesuai.
7. 	TS pastikan recipe baru segera bisa digunakan, informasikan dalam penyimpangan ini. Jika recipe baru sudah bisa digunakan maka lamprian prsoes akan ditarik dan tidak digunakan lagi.
8. 	TS pastikan recipe baru segera bisa digunakan, informasikan dalam penyimpangan ini. Jika recipe baru sudah bisa digunakan maka lamprian prsoes akan ditarik dan tidak digunakan lagi.",
2025,DEV/QPR/PLG/PC/0425/010,APPROVED,,Planned,Product,Prosedur/Spec/MA tidak sesuai,LBMAT,"GK210 - GK214
  HA293 - HA297",LBMAV ( bejo isi 12 sch)  di produksi sebagai hasil repack dari 2 pack LBMAT ( bejo isi 6 sch) ,"1. Proses repack LBMAT (isi 6) menjadi LBMAV (isi 12) sesuai penyimpangan yang diajukan dapat dilakukan. PPIC buatkan email notifikasi ke DC 1 dan DC 3 untuk pemberitahuan akan ada aktivitas penarikan dan pengambilan FG dari DC 1 dan 3 ke B7 pulogadung. Lampirkan dalam penyimpangan ini dan cc ke tim WH
2. WH lakukan pengambilan FG dari DC 1 dan DC 3 sesuai triger email dari tim PPIC, lakukan penyesuaian administasi pada sistem dan dokumentasi fisik (jk ada). Informasikan dan lampirkan dalam penyimapngan ini
3.         Terkait dengan adanya keterbatasan kapasitas Gudang FG sesuai dengan hasil review dari tim WH sehingga untuk penempatan FG tarikan dari DC 1 dan DC 3 maupun FG hasil aktivitas repack dari produksi. Pastikan alokasi area penempatan diberikan penandaan yang jelas dan kondisi penyimpanan sesuai. Informasikan dan lampirkan dalam penyimpangan ini.
4.         Untuk mengakomodir aktivitas repack Bejo Herbal LBMAT (isi 6) menjadi LBMAV (isi 12) yang dikemas secara manual, TS siapkan recipe dan PPI kemas untuk aktivitas repack ini. Lampirkan PPI dan sosialisasikan ke tim produksi.
5.         PPIC lakukan proses create wo LBMAV repack, pastikan nomor batch LBMAV yang dilakukan creat WO sama dengan nomor batch sebelumnya pada LBMAT.
6.         Tim IT pastikan bahwa nomor wo yang dibuat oleh PPIC terdaftar di Oracle dan produksi bisa send Werum untuk melakukan proses penimbangan.
7. Produksi lakukan proses repack sesuai PPI kemas yang dibuat dan disosialisasikan oleh TS. Proses repack sesuai diskusi internal akan dilakukan di mesin Unifill A, produksi pastikan kondisi ruangan dan mesin mencukupi serta informasikan jika ada perubahan. Catat semua kendala atau penyimpangan dalam catatan perubahan proses di PPI dan lampirkan serta informasikan dalam penyimpangan ini.
8.         Teknik lakukan persiapan kebutuhan mesin packaging di Unifill A sesuai dengan koordinasi dari tim Produksi dan TS. Informasikan dan dokumentasikan dalam penyimpangan ini termasuk kendala2 dilapangan jika ada
9. TS buatkan valrule spec sesuai recipe dengan parameter spec eksisting LBMAV tanpa ada perubahan untuk memfasilitasi proses perilisan oleh tim Quality. Informasikan dalam penyimpangan ini Spec
10. QC lakukan analisa FG hasil repack sesuai dengan spek eksisting, untuk hasil analisa fisik dan mikrobiologi menggunakan data pada saat pelulusan LBMAT sebelumnya.
11. QA lakukan perilisan FG seperti proses eksisting pada sistem oracle dengan spek LBMAV yang sudah ada. Pastikan semua parameter memenuhi syarat dan tidak ada issue kualitas yang terjadi sebelum perilisan.
12.         Tim OMC lakukan pengiriman sesuai SO yang ada dimeeting ROFO dimana FG hasil repack akan dialokasikan dan didistibusikan ke Sumatera.
13. Proses Repack LBMAT menjadi LBMAV akan memberikan dampak perbedaan item cost pada batch yang mengalami repack. Dimana LBMAV (isi 12) akan menyerap item cost 2x LBMAT yang ter-consume, ditambah cost tambahan kemasan LBMAV, beserta manhours tambahan yang dikeluarkan untuk proses repack (bongkar & kemas ulang). Produksi kooridnasi dengan tim costing dan informasikan impact biaya tersebut dalam penyimpangan ini.",
2025,DEV/QPR/PLG/PR/0425/011,CLOSED,,Unplanned,Procedure/documentation/data integrity,Kepatuhan,LKJTA,HD955,Storage yang di pakai sudah ED masa bersih,"1. 	Terkait penyimpangan terencana ST 13 yang masa bersihnya sudah ED sampai dengan 21 April 2025 dengan estimasi end filling 03.00 WIB pada 22 April 2025 sudah disetujui dan dapat dilakukan dengan pengujian mikrobiologi pada produk akhirnya. Produk LKJTA HD955 merupakan sampling plan mikro sehingga QC lakukan pengujian Mikro sesuai spek dan prosedur eksisting, lampirkan hasil mikro dan analisa lengkap pada penyimpangan ini.
2. Produksi segera lakukan pencucian ST 13 dan ST dapat digunakan jika hasil verifikasi QA sudah MS. Informasikan dan lampirkan dalam penyimpangan ini.
3. Produk LKJTA HD955 dapat dirilis jika semua hasil parameternya sudah memenuhi syarat.",https://b7-drive.bintang7.com/?launchApp=SYNO.SDS.Drive.Application#file_id=882080067291766352
2025,DEV/QPR/PLG/PR/0425/012,CLOSED,,Unplanned,Product,Kebocoran,LKNTA ,HD291,Ditemukan sachet line 1 bocor,"1. Terkait dengan kebocoran produk LKNTA HD291 pada line 1 di Ilapak 7 lakukan runut dan sortir sesuai prosedur. Informasikan Hidden cost dalam penyimpangan ini.
2. QA lakukan verifikasi terhadap hasil runut sortir dari produksi. Infromasikan hiddent cost dari aktivitas ini.
3. Berdasarkan sampel sachet bocor terlihat bahwa sealing vertikal terlihat retak (ketika di senter dengan lampu, tembus cahaya) , kemungkinan dari over pressure saat sealing, ditambah dengan tekanan sohnle yg over sehingga sachet retak sealingnya jadi bocor. Perlu dievaluasi setting tekanannya sehingga tidak berpotensi retak dan bocor. Teknik follow up progress pemasangan Digital Position Indicator untuk memastikan setting pressure sealing dapat merata. Lampirkan timeline dalam penyimpangan ini.
4.         Follow Up dengan CAPA untuk kasus ini.
5. Produk LKNTA HD291 dapat dirilis jika semua hasil parameter sudah memenuhi syarat dan tidak ada issue kualitas lainnya.",https://b7-drive.bintang7.com/?launchApp=SYNO.SDS.Drive.Application#file_id=882083302842880429
2025,DEV/QPR/PLG/PR/0425/013,APPROVED,,Planned,Product,Lain-lain,LKXOB,HD516,pompa transfer bulk bocor,"1. Terkait dengan kebocoran Pompa Unifill B dengan kondisi proses filling LKXOB HD516 sudah berjalan 50%, proses filling dapat dilanjutkan sampai selesai. Setelah proses selesai lakukan pencucian mesin dan informasikan dalam penyimpangan ini. Catat juga penyimpangan ini pada catatan perubahan proses di PPI. Lampirkan dalam penyimpangan ini.
2. Kebocoran pada pompa dapat beresiko menyebabkan kontaminasi pada bulk produk,lakukan pemeriksaan mikrobiologi ATB composite pada produk sesuai dengan ketentuan eksisting sampling dan analisa oleh QC. Lampirkan hasil analisa dalam penyimpangan ini.
3.         Terhadap pompa yang bocor dapat terjadi karena pompa running dalam keadaan jalur kosong, sehingga mechanical seal pompa mengalami overheat dan crack, pastikan pengoperasian pompa sudah sesuai dan pastikan dilakukan pengecekan dan perwatan berkala pada pompa dengan sesuai. Segera lakukan pergantian part mekanikal seal sebelum unifill digunakan kembali. Informasikan dan dokumentasikan foto dan dokumen dalam penyimpangan ini.
4. Setelah CM dan pergantian part, unifill B dapat jalan dan digunakan kembali jika hasil verifikasi oleh QA oke. QA lakukan verifikasi terhadap pompa koordinasikan dengan Teknik, pastikan tidak ada kebocoran dan mesin dapat running dengan baik.
5. Produk LKXOB HD516 dapat dirilis jika semua hasil parameter kualitasnya sudah memenuhi syarat dan hasil mikrobiologi sudah MS.",
2025,DEV/QPR/PLG/PR/0425/014,APPROVED,,Planned,Procedure/documentation/data integrity,Lain-lain,-,-,"Peralihan penggunaan hotmelt dari ex Henkel ke ex Asiatech pada seluruh mesin cartoning secara bertahap, yang direncanakan akan dilakukan di tengah batch pada tanggal yang telah ditentukan sehingga no QC hotmelt yang digunakan berbeda dengan no QC yang dipotong stok oleh gudang (HPPI)","1. Peralihan penggunaan hotmelt dari ex Henkel ke ex Asiatech pada seluruh mesin cartoning secara bertahap, yang direncanakan akan dilakukan di tengah batch pada tanggal yang telah ditentukan sehingga no QC hotmelt yang digunakan berbeda dengan no QC yang dipotong stok oleh gudang (HPPI) dapat dilakukan. TS koordinasikan dengan produksi mengenai trial ini termasuk produk dan nomor batch terdampak. Informasikan details produk dan NB terdampak dalam penyimpangan ini.
2. Produksi lakukan FKM untuk batch peralihan (no QC hotmelt Asiatech 2K/2504/0016) sesuai kebutuhan dan alokasi nomor batch yang diinfokan oleh tim TS. Pastikan hotlmelt yang disediakan oleh gudang adalah holtmel ex Asiatech. Lampirkan FKM dan label fisik holtmelt dalam penyimpangan ini
3. Produksi lakukan peralihan hotmelt dari ex Henkel ke ex Asiatech ditengah batch sesuai dengan alokasi produk dan NB dari TS, Hotmelt eksisting diusulkan dihabiskan di mesin kartoning tertentu, sehingga tidak selang2 dan menyulitkan settingan. Catat aktivitas ini pada catatan perubahan proses serta kendala yang terjadi dilapangan (jka ada) dalam penyimpangan ini.
4. 	Gudang sediakan kebutuhan Holtmelt ex Asiatech sesuai FKM dari Produksi. Lakukan reservasi secara manual dan pastikan hotmelt yang disediakan sesuai dengan FKM dan harus ex Asiatech. Informasikan dalam penyimpangan ini
5. 	TS lakukan pendataan dan evaluasi terhadap settingan suhu dan tekanan. Sesuai informasi pada deviation request Teknisi Asiatech akan mengikuti peralihan untuk memastikan setting hotmelt sudah sesuai. Informasikan hasil evaluasi trial dan kendala (jika ada) dalam penyimpangan ini.
6. QA pastikan dilakukan verifikasi (sampling) hasil kemas trial ini sesuai dengan standar yang berlaku dan kualitas hasil pengeleman tidak berbeda dengan hasil menggunakan hotmelt ex Henkel. Dokumentasikan dalam penyimpangan ini
7. 	Jika hasil trial oke, TS koordinasikan dengan pihak-pihak terkait untuk peralihan penggunaan hotmelt dari ex Henkel ke ex Asiatech. Informasikan timeline untuk semua mesin dalam penyimpangan ini.
8. QA lakukan pengecekan BR sesuai prosedur jika ditemukan perbedaan data/No. QC Hotmelt dengan HPPI pada produk dan NB sesuai deviation ini pastikan sudah ada keterangan pada catatan perubahan proses di Batch record dan tidak dijadikan temuan BR maupun inspektor.",
2025,DEV/QPR/PLG/PR/0425/015,CLOSED,,Unplanned,Warehouse,Lain-lain,LBXT1,HD461,Karton FG basah ketetesan air ac,"1.         Terhadap FG LBXT1 HD461 yang terdampak dari tetesan air AC berdasarkan penyimpangan ini, lakukan proses pengecekan dan pengemasan ulang karton yang terdampak serta informasikan jumlah karton terdampak dalam penyimpangan ini beserta hidden cosnya (jika ada). Lampirkan dalam penyimpangan ini
2. QA lakukan verifikasi terhadap hasil pengecekan dan repack oleh produksi. Informasikan dalam penyimpangan ini
3.         Terkait tumpukan FG yang terkena tetesan air dari AC berpotensi terjadi ketika ada trip listrik PLN. Potensinya setelah trip freezing pada AC mencair dan mengakibatkan tetesan mengenai finish good. Teknik lakukan pengecekan AC pastikan masalah tertangani serta informasikan hasil npengecekan dalam penyimpangan ini
4. Untuk ke depannya hindari penempatan finish good tepat di bawah indoor AC, apa bila harus maka berikan proteksi pada Finish good. Sosialisasikan ke Operator Produksi dan pihak terkait lainnya",
2025,DEV/QPR/PLG/WG/0525/001,Cancel,,Unplanned,Procedure/documentation/data integrity,Kepatuhan,LETS1,HD119,Diketemukan ketidaksesuaian terhadap proses line clearence di ruang timbang 3,,
2025,DEV-B7PLG-05-2025-0001,CLOSED,https://eqms.kalbe.co.id/e-deviation/deviation/1fbda841-887c-416b-bcc1-54ee2395c75c/detail?tab=deviation-data&tabRemediate=issue-data&tabCapa=issue-data,Unplanned,Product,Prosedur/Spec/MA tidak sesuai,LETSB ,HD118,Filling LETSB HD118 dilakukan dengan ST yang sudah melewati masa pakainya,Terkait dgn bulk LETSB HD118 yg difilling menggunakan ST 16 yg masa pakai sudah ED perlu pengujian mikrobiologi pada FG produk. QC lakukan pengujian mikro dr sampel yg dikirim tim QA dan lampirkan hasil pengujian mikro produk dalam penyimpangan ini.,https://b7-drive.bintang7.com/?launchApp=SYNO.SDS.Drive.Application#file_id=886990298559864794
,,,,,,,,,,"Terhadap produk komersial LETSB HD118 lakukan pengujian stabilita, lampirkan protokol pengujian dalam penyimpangan ini",
,,,,,,,,,,Produk LETSB HD118 dapat dirilis jika hasil mikro sudah keluar dan memenuhi syarat serta tidak terdapat issue kualitas lainnya. Buatkan memo distibusi ke area fastmoving dan informasikan dalam penyimpangan ini,
,,,,,,,,,,"Produksi segera lakukan pencucian ST 16 setelah proses filling LETSB HD118 selesai dilakukan, ST boleh digunakan jika hasil verifikasi QA sudah memenuhi syarat.",
,,,,,,,,,,"Produk yang menggunakan ST 16 setelah dilakukan pencucian, lakukan pengambilan sampel (ATB@ 2sch line bebas) dan informasikan nama produk serta nomor batch produk tersebut dalam penyimpangan ini. Berikan sampel ke QA (up Ibu Vena).",
,,,,,,,,,,QA lakukan verifikasi terhadap hasil pencucian ST 16. Perlu dipastikan hasil pencucian storage tersebut memenuhi persyaratan untuk seluruh parameter yang ada,
2025,DEV-B7PLG-05-2025-0003,CLOSED,https://eqms.kalbe.co.id/e-deviation/deviation/a4fa5269-0732-4145-8ef4-df824158257b/detail?tab=deviation-data&tabRemediate=issue-data&tabCapa=issue-data,Unplanned,Product,Kebocoran,LKMCA,HD363,Sch line 1&3 bocor serta hasil coding menabrak pd LKMCA HD363 diIlapak 2-12,"1. Lakukan runut sortir untuk LKMCA HD363 yang bocor pada line 1 dan 3 serta coding yang menabrak redaksi. Hitung hidden cost untuk aktivitas ini.

",-
,,,,,,,,,,"2. Verifikasi hasil runut sortir, dan hitung hidden cost untuk aktivitas ini.",
,,,,,,,,,,"3. Dari hasil pre investigasi ketika proses filling berjalan, terdapat heater yang suhunya anjlok sehingga tidak menghasilkan sealing yang diinginkan dan sachet bocor. Lakukan investigasi dan informasikan dalam penyimpangan ini.",
,,,,,,,,,,"4. Terhadap coding yang menabrak redaksi lakukan proses coding ulang, minta verifikasi QA dan lakukan investigasi penyebab kejadian Informasikan dalam penyimpangan ini.",
,,,,,,,,,,5. Buatkan CAPA untuk kejadian kebocoran dan coding yang menabrak redaksi ini.,
,,,,,,,,,,Produk LKMCA HD363 dapat dirilis jika seluruh hasil parameternya sudah memenuhi syarat.,
2025,DEV-B7PLG-05-2025-0009,CLOSED,https://eqms.kalbe.co.id/e-deviation/deviation/91f74851-d5bb-4275-a6b5-1055d226e7df/detail?tab=deviation-data&tabRemediate=issue-data&tabCapa=issue-data,Unplanned,Qualification and validation,Lain-lain,LKXJA ,HD113,RM Mint Flv di produk LKXJA HD113 ditemukan rembes,"Tindakan yang perlu dikaukan : 1. Produksi lakukan pembersihan dan retur RM Mint Flavour (2R/2502/0098) ke Gudang serta buatkan FKM untuk menganti RM Mint Flavour tersebut, lampirkan dokumentasi dalam penyimpangan ini. 2. Gudang siapkan kebutuhan RM Mint Flavour (2R/2502/0098) sesuai kebutuhan produksi pastikan pengemasan dimasukan dalam ember dan tidak di timpa material lain. Dokumentasikan dalam penyimpangan ini. 3. Buatkan BA terkait kejadian ini dan sosialisasi ulang ke operator terkait handling material di penimbangan dan pada saat serah terima",
2025,DEV-B7PLG-05-2025-0004,CLOSED,https://eqms.kalbe.co.id/e-deviation/deviation/9fd8090f-88b5-41f7-8b48-bd2c65e1bc41/detail?tab=deviation-data&tabRemediate=issue-data&tabCapa=issue-data,Unplanned,Qualification and validation,Kepatuhan,LPRGP,HE046 - HE047,Comp LPRGP di MT T3 belum ada metode cleaningnya yang sudah tervalidasi,"1. Compounding LPRGP HE046 - HE047 pada MTT3 validasi cleaning sedangkan untuk LPRGP di MT T3 ini belum ada hasil validasi cleaning (validasi cleaning baru dilakukan di MT T2) dapat dilakukan. Untuk memastikan tidak ada issue pada proses, lakukan verifikasi kondisi tangki sebelum proses dan sesudah proses cleaning. 2. Pastikan setelah MT digunakan lakukan pencucian dengan metode dan marker seperti MTT2. Informasikan metode pencucian dalam penyimpangan ini 3. QA lakukan verifikasi fisik,Mikro bilasan dan swab nya sebelum digunakan untuk produk lain. Pastikan hasil MS dan lampirkan dalam penyimpangan ini 4. Produksi informasikan produk dan nomor batch produk yang menggunakan MTT3 setelah LPRGP HE046 - HE047 dalam penyimpangan ini. 5. QA lakukan pengambilan sampel dan pendataan mikro untuk produk etelah LPRGP HE046 - HE047 sesuai informasi dari produksi.",
2025,DEV-B7PLG-05-2025-0005,CLOSED,https://eqms.kalbe.co.id/e-deviation/deviation/a8577f93-e594-4cdc-9205-891d97068cec/detail?tab=deviation-data&tabRemediate=issue-data&tabCapa=issue-data,Unplanned,Product,Justified,LKNTA ,HD329,Kebocoran retained sample produk LKNTA HD329 (output Ilp 6-7),"1. Terhadap retained sample produk LKNTA HD329 yang mengalami kebocoran lakukan proses runut dan sortir. Informasikan hidden cost dari aktivitas ini. 2. QA lakukan verifikasi hasil runut sortir untuk produk LKNTA HD329, informasikan hidden cost untuk aktivitas ini. 3. Kebocoran retained sample produk LKNTA HD329 (output Ilp 6-7) terlihat memiliki indikasi sobek pada body akibat tertabrak/tergores pusher cartoner. Lakukan pemeriksaan menyeluruh pada mesin cartoning. Informasikan dalam penyimpangan ini. 4. Produksi informasikan tahapan lengkap pengambilan sampel retained untuk QA dan potensi penyebab kebocoran. Informasikan dalam penyimpangan ini. 5. QA Terbitkan CAPA untuk penyimpangan ini. Informasikan nomor CAPA dalam penyimpangan ini. 6. Produk LKNTA HD329 dapat dirilis jika semua hasil parameter sudah memenuhi syarat.",
2025,DEV-B7PLG-05-2025-0002,CLOSED,https://eqms.kalbe.co.id/e-deviation/deviation/cafa11d3-51de-4b0e-a4a5-1720dc1feb49/detail?tab=deviation-data&tabRemediate=issue-data&tabCapa=issue-data,Planned,Product,Prosedur/Spec/MA tidak sesuai,LPRGP,HE047,pemakaian label wax premium di batch komersial LPRGP HE047,Terkait trial penggunaan label jenis wax premium untuk produk LPRGP HE047 di Ilapak 11 dapat dilakukan sesuai deviation ini. Produksi catat informasi trial ini pada catatan perubahan proses di PPI. Lampirkan dalam penyimpangan ini,
,,,,,,,,,,"TS lakukan pendampingan terhadap trial yang akan dilakukan, pastikan daya lekat label dan daya cetak pada label memenuhi syarat dan tidak berbeda kualitas dengan dengan label sebelumnya. Informasikan hasil evaluasi trial dalam penyimpangan ini",
,,,,,,,,,,Monitoring dan evaluasi implementasi skala komersial ini sampai ke dampak setelah diekspedisi ke Kalbe apakah ada temuan terkait kualitas label dan printing.,
2025,DEV-B7PLG-05-2025-0006,CLOSED,https://eqms.kalbe.co.id/e-deviation/deviation/85220da8-20cb-44cb-b7ce-1c4b5a921ec2/detail?tab=pre-investigation&tabRemediate=issue-data&tabCapa=issue-data,Unplanned,Product,Kebocoran,POSNA,HD862,Ditemukan sachet bocor pada produk posna HD862 line 8,1. Terhadap produk POSNA HD862 lakukan runut dan sortir. Informasikan hidden cost dari aktivitas ini. ,
2025,DEV-B7PLG-05-2025-0006,CLOSED,https://eqms.kalbe.co.id/e-deviation/deviation/85220da8-20cb-44cb-b7ce-1c4b5a921ec2/detail?tab=pre-investigation&tabRemediate=issue-data&tabCapa=issue-data,Unplanned,Product,,,,Ditemukan sachet bocor pada produk posna HD862 line 8,"2. QA lakukan verifikasi hasil runut sortir untuk produk POSNA HD862, informasikan hidden cost untuk aktivitas ini. ",
2025,DEV-B7PLG-05-2025-0006,CLOSED,https://eqms.kalbe.co.id/e-deviation/deviation/85220da8-20cb-44cb-b7ce-1c4b5a921ec2/detail?tab=pre-investigation&tabRemediate=issue-data&tabCapa=issue-data,Unplanned,Product,,,,Ditemukan sachet bocor pada produk posna HD862 line 8,3. KebocoranPOSNA HD862 dapat disebabkan dari baut pengunci pressure sealing yang bermasalah. Pastikan investigasi menyeluruh dilakukan terhadap penyebab kebocoran ini. Informasikan dalam penyimpangan ini. ,
2025,DEV-B7PLG-05-2025-0006,CLOSED,https://eqms.kalbe.co.id/e-deviation/deviation/85220da8-20cb-44cb-b7ce-1c4b5a921ec2/detail?tab=pre-investigation&tabRemediate=issue-data&tabCapa=issue-data,Unplanned,Product,,,,Ditemukan sachet bocor pada produk posna HD862 line 8,4. QA Terbitkan CAPA untuk penyimpangan ini. Informasikan nomor CAPA dalam penyimpangan ini. ,
2025,DEV-B7PLG-05-2025-0006,CLOSED,https://eqms.kalbe.co.id/e-deviation/deviation/85220da8-20cb-44cb-b7ce-1c4b5a921ec2/detail?tab=pre-investigation&tabRemediate=issue-data&tabCapa=issue-data,Unplanned,Product,,,,Ditemukan sachet bocor pada produk posna HD862 line 8,5. Produk POSNA HD862 dapat dirilis jika semua hasil parameter sudah memenuhi syarat.,
2025,DEV-B7PLG-05-2025-0007,CLOSED,https://eqms.kalbe.co.id/e-deviation/deviation/f1a207a3-8ebe-49c2-a37b-586f2cab0516/detail?tab=deviation-data&tabRemediate=issue-data&tabCapa=issue-data,Unplanned,Process,Analisa Lab TMS,LKJTA ,"HE995
HE996",Hasil analisa ruah LKJTA HE995 dan HE996 kadar CTM TMS,"1. Terkait dengan kadar CTM yang TMS pada bulk LKJTA HE995 dan HE996 dari hasil analisa dan sensory yang dilakukan TS akan dilakukan pengenceran 5%. Lampirkan hasil laporan simulasi kadar pengenceran bulk LKJTA HE995 dan HE996 dan hasil sensory dalam penyimpangan ini 2. TS buatkan lampiran proses dan lakukan pendampingan untuk proses pengenceran bulk produk LKJTA HE995 dan HE996. lampirkan dalam penyimpangan ini 3. Produksi lakukan transfer bulk ke MT Silverson dan proses pengenceran untuk produk LKJTA HE995 dan HE996 , prosedur akan mengacu ke lampiran proses dari TS. 4. Produksi tuliskan aktivitas pengenceran produk LKJTA HE995 dan HE996 dalam catatan perubahan proses di PPI, lampirkan dalam penyimpangan ini. 5. Proses transer bulk LKJTA HE995 dan HE996 dari ST ke MT Silverson membutuhkan support selang transfer sehingg Teknik damping proses transfer dan support selang utk kebutuhan tesebut. 6. QC lakukan analisa produk ruah untuk bulk LKJTA HE995 dan HE996 hasil pengenceran, pastikan kadar MS sebelum lanjut proses. Lampirkan Hasil analisa. 7. Lakukan pengambilan sampel untuk stabilita test, lampirkan protokol dalam penyimpangan ini. 8. Penimbangan lakukan investigasi dan simulasi sesuai review untuk potensi penyebab perbedaan hasil timbang dari label dan berat aktual material. Informasikan dalam penyimpangan ini. 9. QA terbitkan CAPA untuk penyimpangan ini. Lampirkan nomor CAPA dalam penyimpangan ini. 10. Produk LKJTA HE995 dan HE996 dapat dirilis jika seluruh hasil parameter Memenuhi Syarat. Buatkan Memo Alokasi Fast Moving untuk produk tersebut",
2025,DEV-B7PLG-05-2025-0014,CLOSED,https://eqms.kalbe.co.id/e-deviation/deviation/1bdddba5-cbf9-4f0e-908b-ca39da2bd8c9/detail?tab=deviation-data&tabRemediate=issue-data&tabCapa=issue-data,Planned,Product,Lain-lain,LBMAV,-,Pemakaian mesin wrap Temach untuk proses wrapping produk repack LBMAV,Mesin Wrapping Temach untuk proses wrapping Repack BEJO tidak memerlukan speed tinggi sehingga sesuai rekomendasi dari TS boleh dijalankan dengan rekomendasi kecepatan 50 rpm namun perlu dipastikan hasil kualifikasi MS. QA Lampirkan hasil kualifikasi,
,,,,,,,,,,"Produksi lakukan proses repack dan wrapping menggunakan mesin Temach sesuai DR ini dengan kecepatan 50 RPM catat di PPI pastikan nama mesin, speed,setting suru dicatat di ppi. Lampirkan dalam penyimpangan ini",
,,,,,,,,,,"QA lakukan verifikasi terhadap output hasil wrapping mesin Temach dengan kecepatan 50 rpm, pastikan memenuhi syarat",
,,,,,,,,,,"Produksi pastikan hasil wrapping memenuhi syarat, lakukan IPC dan Pastikan juga kemasan wrap yg defect di catat dan dipisahkan untuk diwrap ulang. Lampirkan dokumentasi dalam penyimpangan ini",
2025,DEV-B7PLG-05-2025-0012,CLOSED,https://eqms.kalbe.co.id/e-deviation/deviation/b970cddd-3938-4a81-aa4c-11c16946efbf/detail?tab=deviation-data&tabRemediate=issue-data&tabCapa=issue-data,Unplanned,Testing and analytical method,Prosedur/Spec/MA tidak sesuai,,,"ST 5,7 dan 9 RCL1 hasil pemeriksaan mikro after CM TMS","Penggunaan ST 5,7 dan 9 setelah proses CM tanpa menunggu hasil mikro keluar dapat dilakukan. Pastikan metode pencucian yang digunakan sudah sesuai lampirkan dokumen pendukung dan informasikan dalam penyimpangan ini.",
,,,,,,,,,,QA lakukan pengembilan sampel Swab dan bilasan untuk pengujian mikro dan TOC. Lampirkan hasil analisa,
,,,,,,,,,,"Untuk produk yg terimpact sebelumnya namun sudah rilis, QA lakukan registrasi sampel mikro ke QC dan informasikan nomor batch produk",
,,,,,,,,,,QC akan dilakukan analisa mikro susulan dan melakukan update pada remark sampel utk memasukkan no penyimpangan dan hasil analisa produk sesuai registrasi QA. Lampirkan hasil analisa dan update remark dalam penyimpangan ini,
,,,,,,,,,,"Produksi informasikan produk dan nomor batch yang akan disimpan di ST 5,7 dan 9 dalam penyimpangan ini dan ambilkan sampel masing2 ATB @2 sch line bebas utk produk tersebut. Berikan ke QA up Ibu Vena",
,,,,,,,,,,"QA lakukan registrasi sampel yang diberikan produksi ke QC, lampirkan hasil analisa",
,,,,,,,,,,"Pastikan ST 5,7 dan 9 tidak digunakan untuk staging produk Herbal, informasikan dan lampirkan logbook dalam penyimpangan ini.",
,,,,,,,,,,"Produk dan nomor batch sesuai informasi dari produksi dapat dirilis hanya jika hasil mikro sudah keluar, MS dan tidak ada issue kualitas lainnya. Buatkan Memo fast moving.",
2025,DEV-B7PLG-05-2025-0015,CLOSED,https://eqms.kalbe.co.id/e-deviation/deviation/3308c246-da2c-47bd-bf62-96c8ab5c15b4/detail?tab=deviation-data&tabRemediate=issue-data&tabCapa=issue-data,Unplanned,Process,Prosedur/Spec/MA tidak sesuai,LKJTA,HE144,LKJTA HE144 saat proses vacum premix 1 mengalami gagal transfer RM ke MT T1,"Proses filling dapat dilanjutkan, produksi catatan penyimpangan proses ini dalam catatan perubahan proses PPI dan lampirkan dalam penyimpangan ini",
,,,,,,,,,,"2. Proses filling dapat dilanjutkan, produksi catatan penyimpangan proses ini dalam catatan perubahan proses PPI dan lampirkan dalam penyimpangan ini. ",
,,,,,,,,,,"QC lakukan pengujian untuk sampel mikro yang di registrasikan QA, lampirkan hasil uji dalam penyimpangan ini",
,,,,,,,,,,QA lakukan pemerikasaan tambahan mikro utk LKJTA HE144. Lampirkan hasil regis sampel,
,,,,,,,,,,"Produk LKJTA HE144 saat proses vacum premix 1 mengalami gagal transfer RM ke MT T1, dilanjutkan ke tahapa selanjutnya karena hasil pemeriksaan ruah LKJTA HE144 MS. QC lampirkan hasil analisa ruah LKJTA HE144 dalam penyimpangan ini.",
2025,DEV-B7PLG-06-2025-0025,CLOSED,https://eqms.kalbe.co.id/e-deviation/deviation/5ca520f0-bf88-499b-8743-94367faf09a5/detail?tab=deviation-data&tabRemediate=issue-data&tabCapa=issue-data,Planned,Procedure/documentation/data integrity,Prosedur/Spec/MA tidak sesuai,-,-,Proses validasi 2 RM dilakukan diruang compounding,1. Penyimpangan terencana proses validasi 2 di ruang compounding Farma dan Herbal sebelum FUP Implementasi disetujui dapat dilaksanakan. Lakukan sosialisasi ke tim operator compounding farma dan herbal. Lampirkan hasil sosialisasi dalam penyimpangan ini   ,
,,,,,,,,,,"2. Selama proses validasi 2 di ruangan compoudning Farma dan Herbal dilakukan sebelum FUP Implementasi, catat dan rekap semua produk dan NB produk yang terimpact. Informasikan juga dalam catatan perubahan proses di PPI produk batch yang bersangkutan termasuk jika ada deviasi selama prosesnya",
,,,,,,,,,,"3. Segera buatkan prosedur pelaksaan validasi 2 di ruangan compounding, lampirkan draft bukti submit FUPD dalam penyimpangan ini.",
,,,,,,,,,,4. Pastikan infrastruktur tersedia dan dapat menudukung proses validasi 2 di ruangan compounding ini. Informaskan dan dokumentasikan dalam penyimpangan ini,
2025,DEV-B7PLG-06-2025-0021,CLOSED,https://eqms.kalbe.co.id/e-deviation/deviation/e323e369-7527-459b-97ba-c725850da4e4/detail?tab=deviation-data&tabRemediate=issue-data&tabCapa=issue-data,Planned,Equipment/machine/instrument,Lain-lain,-,-,"Pengerjaan pengelasan pada kaki storage tank pada ruangan RCL 1, di ST 5 dan ST 7. Pengerjaan dapat menimbulkan kontaminan yang minim di ruangan tersebut","1. Pengerjaan pengelasan pada kaki storage tank pada ruangan RCL 1, di ST 5 dan ST 7 ditanggal 31 Mei 2025disetujui. Pastikan ST yg berisi bulk ditutup rapat, bisa dengan diwrap atau bagian tutup dilapisi dg plastik di area sekitar tutup. Proses pengelasan dibatasi seminimal mungkin dg melokalisir area pengelasan. Informasikan dan dokumentasikan dalam penyimpangan ini  ",
,,,,,,,,,,"2. Pastikan tidak dilakukan compounding di area sama sebelum dilakukan cleaning ruangan, mesin dan dilakukan verifikasi ruang dan mesin, utk pemastian tidak ada kontaminasi partikel di ruangan / mesin. Produksi koordinasi dengan QA terkait hal ini.",
,,,,,,,,,,3. Setelah perbaikan selesai lakukan cleaning dan pengecekan partikel ruangan. Pastikan hasi memenuhi syarat,
2025,DEV/QPR/PLG/AD/0625/001,CLOSED,https://portal.bintang7.com/B7_Deviation/DataDeviasi/Deviasi?Nomor=25060301,Unplanned,Procedure/documentation/data integrity,Prosedur/Spec/MA tidak sesuai,LRGRA,HE013,Proses filling LGRGA HE013 (Batch ke-3) dilakukan tanpa proses cleaning mesin ilapak terlebih dahulu,Proses filling LGRGA HE013 (batch ke-3) yang akan dilakukan filling tanpa proses cleaning terlebih dahulu dapat dilakukan dengan perlakukan dan tambahan sampling sesuai disposisi ini. Lakukan pencatatan pada PPI (Catatan perubahan proses) utk penyimpangan terencana ini. Lampirkan pada penyimpangan ini.,
,,,,,,,,,,QA lakukan verifikasi setelah proses cleaning campaign 3 BN. Lakukan sampling tambahan utk pemeriksaan fisik dan mikro air bilasan. Lampirkan hasil pemeriksaan verifikasi after cleaning dalam penyimpangan ini,
,,,,,,,,,,Produksi lakukan sampling tambahan ATB utk maisng2 line pada mesil ilapak 5 dan 8 masing2 2 sachet per line per ATB. Berikan ke Ibu Vena QA.,
,,,,,,,,,,QC lakukan analisa tambahan sesuai sampel yang dikirimkan oleh QA. Lampirkan hasil analisa dalam penyimpangan ini.,
,,,,,,,,,,Produk LGRGA HE013 boleh dirilis jika seluruh hasil parameter sudah memenuhi syarat dan hasil Mikro sudah keluar dan MS serta tidak ada issue kualitas lainnya.,
,,,,,,,,,,Akan dilakukan pengambilan sampe untuk uji stabilitas (Mikrobiologi) selama masa simpan produk. Lampirkan protokol dalam penyimpangan ini,
,,,,,,,,,,Perlu segera dilakukan evaluasi dan studi lanjutan terhadap masa pakai filling lebih dari 2 BN utk produk LGRGA ini. Lampirkan timeline dan informasikan dalam penyimpangan ini,
2025,DEV-B7CKR-06-2025-0063,CLOSED,https://eqms.kalbe.co.id/e-deviation/deviation/9f6287c1-55a2-49d7-96da-01fd8f65065f/detail?tab=pre-investigation&tabRemediate=issue-data&tabCapa=issue-data,Planned,Procedure/documentation/data integrity,Prosedur/Spec/MA tidak sesuai,LRGRA,-,Metode analisa Produk Ginhawa Red-G (MA-LGRG1-01-M01) ED,"Terkait Metode analisa Produk Ginhawa Red-G (MA-LGRG1-01-M01) ED dengan kondisi saat ini sudah dilakukan perpanjangan Validity Rule oleh tim Andev sampai dengan 27 Agustus 2025 dapat dilakukan dan digunakan untuk proses operasional, maka perlu dipastikan: 1. Lakukan proses update spek/MA dan WI sesuai dengan compendial/regulasi terupdate, pastikan sudah disosialisasi ke QC dan bisa digunakan sebelum 27 Agustus 2025. Lampirkan dalam penyimpangan ini.",
,,,,,,,,,,2. Lakukan monitoring berkala untuk MA dan Spesifikasi agar dapat diupdate sebelum masa berlaku habis dan tidak menganggu proses operasional.,
,,,,,,,,,,3. Dengan disetujuinya penyimpangan ini sebagai action sementara lakukan coret paraf pada masa berlaku WI analisa hardcopy perpanjang sampai 27 agustus 2025 dan tambahkan nomor penyimpangan ini.Lampirkan WI tersebut di penyimpangan ini,
2025,DEV-B7PLG-06-2025-0029,Cancel,https://eqms.kalbe.co.id/e-deviation/deviation/72dbfd57-87fc-4c0c-9b28-862b0d3626a7/detail?tab=deviation-data&tabRemediate=issue-data&tabCapa=issue-data,Planned,Procedure/documentation/data integrity,Prosedur/Spec/MA tidak sesuai,LBMAT > LBMAV ,-,proses repack LBMAT menjadi LBMAV dilakukan tanpa checkweigher,"Berdasarkan hasil review Terkait proses repack LBMAT menjadi LBMAV dilakukan tanpa checkweigher tidak diperbolehkan dari hasil diskusi terakhir (9 Juni 2025) akan dilakukan prosedur repack Bejo dari isi 6 ke isi 12 dijalankan dengan mesin cartoning Jinsung 5 dengan mekanisme bongkar karton dan pack di kelas F, sachet ditampung dalam bak biru kemudian bak biru dibawa ke dalam kelas E melalui buffer. Untuk dijalankan di Jinsung, sachet disusun 1 per satu di seluncuran mesin Ilapak 5-8 sehingga keluar langsung ke conveyor JInsung dan siap dikemas secara cartoning. Pertimbangan lainnya adalah pada line Jinsung 5 sudah dilengkapi dengan check weigher untuk memastikan berat pack isi 12 masih dalam range yang sesuai. Pertimbangan lainnya juga dikarenakan utilisasi pada line Jinsung 5 sedang turun sehingga lebih possible untuk menyerap personil di line tersebut. Sehingga deviation request ini tidak dibutuhkan kembali. Jika ternyata utilisasi mesin JS 5 sedang tinggi maka disposisi penyimpangan ini akan dilanjutkan dengan assign remediate action base on hasil review bapak/ibu manager. n

",
2025,DEV-B7PLG-06-2025-0023,CLOSED,https://eqms.kalbe.co.id/e-deviation/deviation/cb6de710-627e-46ab-91fd-6779d5ed0f7e/detail?tab=pre-investigation&tabRemediate=issue-data&tabCapa=issue-data,Unplanned,Product,Prosedur/Spec/MA tidak sesuai,LKJTA ,GD269,Proses Kemas LKJTA GD269 menggunakan Pack dengan Gramatur 270 dan 310 GSM,"Terkait dengan Proses Kemas LKJTA GD269 menggunakan Pack dengan Gramatur 270 dan 310 GSM tanpa ada kajian risiko dan penyimpangan, sebagai bentuk pengkajian dan pengendalian risiko terhadap penggunaan kemasan dengan gramatur yang berbeda perlu dilengkapi dokumentasi pada saat kerjadian berupa 1. Dokumentasi perubahan kemasan berupa FUP perubahan Gramatur 270 dan 310 GSM untuk pack LKJTA ",https://b7-drive.bintang7.com/?launchApp=SYNO.SDS.Drive.Application#file_id=891892016261157245
,,,,,,,,,, 2. Detail informasi kemasan yang digunakan untuk batch LKJTA GD268,
,,,,,,,,,,3. Dokumentasi evaluasi pemastian produk sudah memenuhi syarat berupa data penimbangan FG di 3WS Lampirkan pada penyimpangan ini,
2025,DEV-B7PLG-06-2025-0022,CLOSED,https://eqms.kalbe.co.id/e-deviation/deviation/79b3c133-46a6-4b4a-81c7-792685dbb373/detail?tab=deviation-data&tabRemediate=issue-data&tabCapa=issue-data,Unplanned,Product,Kebocoran,LBMAV ,HE520,"Ditemukan kondisi produk LBMAV HE520 tidak sesuai standar dengan details ebagai berikut : NB pada Sch ada spasi, suhu di HMI tidak sesuai PPI, bocor line 1 dan ditemukan coding luntur pada saat proses runut dan sortir. Pada saat inspektor melakukan pengecekan dimesin Ilp 5 ditemukan kode mesin pada coding inkjet di sachet terdapat spasi (standar PPI seharusnya tidak diberi spasi) & setting suhu di HMI tidak sesuai dengan di PPI aktual suhu di HMI 215 namun tertulis di PPI 225 (telampir foto). Ketika didapati penyimpangan tersebut dilakukan pending 3 karton dan dilakukan proses runut sortir ditemukan kejadian bocor dan coding luntur untul LBMAV HE520 tersebut. Kebocoran terjadi di line 1 mesin ilapak 5 di sealing Vertikal (Gambar terlampir)","1. Terkait penyimpangan adanya spasi pada coding NB produk LBMAV HE520, redaksi masih terbaca dengan jelas namun secara prosedur dilakukan ketidaksesuaian terhadap PPI. Produk dengan adanya spasi pada coding NB dapat dirilis tanpa rework namun operator perlu diberikan teguran, lakukan juga sosialisasi kepada operator lainnya. Lampirkan bukti teguran dan sosialisasi dalam penyimapangan ini  .  ",https://b7-drive.bintang7.com/?launchApp=SYNO.SDS.Drive.Application#file_id=891893024731222897
,,,,,,,,,,"2. Terkait penyimpangan adanya kebocoran dan coding luntur lakukan proses runut dan sortir, inforkasikan detail hidden cost dan time maisng2 kasus dalam penyimpangan ini.",
,,,,,,,,,, 3. QA lakukan verifikasi hasil runut dan sortir untuk produk LBMAV HE520 yang bocor dan coding luntur. Informasikan detail HC dan time masing2 kasusdalam penyimpangan ini,
,,,,,,,,,,"4. Untuk coding luntur hasil runut dan sortir lakukan coding ulang produk LBMAV HE520, lampirkan dokumentasi dan informasikan hasil coding ulang dalam penyimpangan ini. minta verifikasi QA ",
,,,,,,,,,,"5. QA lakukan verifikasi hasil coding ulang sachet LBMAV HE520 yang sudah dilakukan oleh produksi, dokumentasikan dan informasikan dalam penyimpangan ini ",
,,,,,,,,,,6. Lakukan investigasi penyebab kebocoran LBMAV HE520 dari sisi mesin dan informasikan dalam penyimpangan ini,
,,,,,,,,,,"7. QA terbitkan CAPA untuk penyimpangan LBMAV HE520 terkait kasus ini, informasikan nomor CAPA dalam penyimpangan ini.",
,,,,,,,,,,8. Produk LBMAV HE520 dapat dirilis jika tidak ada issue kualitas lainnya dan tindakan remedial lainnay sudah closed,
2025,DEV-B7PLG-06-2025-0030,CLOSED,https://eqms.kalbe.co.id/e-deviation/deviation/aded1b3e-a026-41d7-b46f-0012c41645d4/detail?tab=deviation-data&tabRemediate=issue-data&tabCapa=issue-data,Unplanned,Product,Performance hasil pengemasan,LWPGA,HE013,LWPGA HE013: Kemiringan Potongan Sachet Over,Terkait dengan LWPGA HE013 dengan kemiringan potongan sachet over sesuai dengan Spesifikasi Packaging Primer & konfirmasi dari QA-MKT KI output dapat dirilis tanpa dilakukan runut dan sortir. Dokumentasikan kejadian ini dalam catatan perubahan proses PPI,
,,,,,,,,,,Informasikan tindakan yang sudah dilakukan sebagai perbaikan terhadap settingan potongan mesin LWPGA HE013 dalam penyimpangan ini. Lampirkan WR jika ada,
,,,,,,,,,,"Teknik lakukan pemeriksaan terhadap mesin dan kejadian potongan tidak sesuai standar ini, informasikan detail perbaikan dalam penyimpangan ini",
,,,,,,,,,,Produk LWPGA HE013 dapat dirilis jika seluruh parameter sudah memenuhi syarat dan tidak ada isu kualitas lainnya,
2025,,Cancel,https://eqms.kalbe.co.id/e-deviation/deviation/12b3c79a-1c13-40d3-adb7-847bcf8d70d6/detail?tab=deviation-data&tabRemediate=issue-data&tabCapa=issue-data,Planned,Procedure/documentation/data integrity,Prosedur/Spec/MA tidak sesuai,LWPGA,-,LWPGA tanpa menggunakan Stapler 4KS001000,,
2025,DEV-B7PLG-06-2025-0026,CLOSED,https://eqms.kalbe.co.id/e-deviation/deviation/8dc67835-9ee5-44b2-8001-023b713426ac/detail?tab=deviation-data&tabRemediate=issue-data&tabCapa=issue-data,Unplanned,Product,Kebocoran,LPRGH ,HE020,"kemas li1 lt.1, ilapak 11 ada sachet line 1 bocor pada sealing horizontal","Terhadap sachet LPRGH HE020 yang bocor lakukan proses runut dan sortir, informasikan HC dan time dalam penyimpangan ini.",
,,,,,,,,,,"QA lakukan verifikasi hasil runut dan sortir yang dilakukan oleh produksi, informasikan HC dan time dalam penyimpangan ini.",
,,,,,,,,,,"LPRGH HE020 running diilapak 1 sachet line 1 bocor pada sealing horizontal berpotensi karena overpressure ada potensi karena suhu mesin yang cukup tinggi 155 DC. Lakukan investigasi pada mesin, dan lakukan perbaikan",
,,,,,,,,,,Produk LPRGH HE020 dapat dirilis jika seluruh hasil parameter sudah memenuhi syarat dan proses runut sortir sudah selesai.,
2025,DEV-B7PLG-06-2025-0031,CLOSED,https://eqms.kalbe.co.id/e-deviation/deviation/3c753b76-7d89-4df0-ad18-a89ff477b738/detail?tab=deviation-data&tabRemediate=issue-data&tabCapa=issue-data,Unplanned,Product,Performance hasil pengemasan,LKNTA ,HF363,"Sachet LKNTA HF363 di ilapak 6 tidak tercoding no batch, MFG dan ED","Terkait Sachet LKNTA HF363 di ilapak 6 tidak tercoding no batch, MFG dan ED lakukan runut & sortir,serta coding ulang utk sachet tersebut. Informasikan HC dan time dalam penyimpangan ini. Lampirkan hasil perhitungan",
,,,,,,,,,,QA verifikasi hasil runut dan sortir yang dilakukan oleh produksi. Informasikan detail HC dan time dalam penyimpangann ini,
,,,,,,,,,,Kejadian ini terjadi akibat kabel mesin inkjet yg longgar & tersenggol CS . Buatkan WR perbaikan ke teknik terkait kabel yang kendor dan sosialisasikan ke CSuntuk tidak melakukan aktivitas pembersihan saat mesin beroperasi Lampirkan dalam penyimpangan ini,
,,,,,,,,,,Teknik lakukan pengecekan sesuai WR yang dibuat oleh produksi dan lakukan pergantian kabel/model jika dimungkinkan. Informasikan perbaikan yang dilakukan dalam penyimpangan ini,
,,,,,,,,,,Produk LKNTA HF363 dapat dirilis jika coding ulang dan runut sortir sudah selesai serta tidak ada issue kualitas lainnya.,
2025,,Cancel,https://eqms.kalbe.co.id/e-deviation/deviation/a9fffe27-14d7-45ca-8612-acbd91c2f774/detail?tab=deviation-data&tabRemediate=issue-data&tabCapa=issue-data,Planned,Equipment/machine/instrument,Lain-lain,-,-,"
pemakaian mesin Temach untuk proses wrapping produk BEJO repack",,
2025,DEV-B7PLG-06-2025-0033,CLOSED,https://eqms.kalbe.co.id/e-deviation/deviation/d4d13611-6e45-42f4-b289-109f1ef2939d/detail?tab=deviation-data&tabRemediate=issue-data&tabCapa=issue-data,Unplanned,Product,Analisa Lab TMS,POSNA ,HF890,POSNA HF890 TMS caffein,Terhadap caffein dengan No. QC yaitu 2R/2506/0028 (Lot 1032409118) lakukan FPP ke QC untuk bisa di PMTMS dan reject ke vendor. Lampirkan FPP dalam penyimpangan ini.,
,,,,,,,,,,QC terhadap FPP caffein dengan No. QC 2R/2506/0028 (Lot 1032409118) lakukan PMTMS dan lampirkan dalam penyimpangan ini.,
,,,,,,,,,,QA Compliance terbitkan CAPA material terkait caffein dengan No. QC 2R/2506/0028 (Lot 1032409118) yang berbentuk bongkahan tersebut. Lampirkan nomor CAPA dalam penyimpangan ini.,
,,,,,,,,,,PPIC informasikan kecukupan kebutuhan material caffein No QC 2R/2506/0049 untuk proses produksipastikan tidak terjadi shortage material utk POSNA. Koordinasikan pembelian Caffein dengan lot MFG yang berbeda ke CPRO agar tidak terjadi hal yang sama.,
,,,,,,,,,,CPRO lakukan koordinasi ke Vendor utk FU CAPA material yang dibuat QM dan lakukan pemesanan caffein sesuai koordinasi dengan PPIC & QM.,
,,,,,,,,,,"Terhadap bulk POSNA HF890 yang difilling dengan umur bulk > standar masa simpan umur bulk, produksi dokumentasikan di PPI. Lampirkan dalam penyimpangan ini.",
,,,,,,,,,,Dilakukan pengambilan sampel tambahan ATB @11 sach utk analisa Mikrobiologi. Registrasikan ke QC lampirkan dalam penyimpangan ini.,
,,,,,,,,,,QC lampirkan hasil analisa Mikro untuk POSNA HF890 yang sudah di registrasikan oleh QA. Pastikan hasil sudah memenuhi syarat.,
,,,,,,,,,,Produk POSNA HF890 dapat dirilis jika seluruh hasil parameter sudah memenuhi syarat dan hasil mikro sudah tersedia (MS),
,,,,,,,,,,"Lakukan pengambilan sampel stabilitas, lampirkan protokol dalam penyimpangan i",
2025,DEV-B7PLG-06-2025-0032,CLOSED,https://eqms.kalbe.co.id/e-deviation/deviation/a4a84183-11af-4736-a82f-1ff1c364a7b5/detail?tab=deviation-data&tabRemediate=issue-data&tabCapa=issue-data,Unplanned,Procedure/documentation/data integrity,Prosedur/Spec/MA tidak sesuai,LKCPA ,HF708,"produk LKCPA HF708  menggunakan stempel Cambodia, seharusnya Myanmar","Terkait produk LKCPA HF708 menggunakan stempel Cambodia namun seharusnya dicap stampel Myanmar, produksi informasikan detail aktual batch dan jumlah pack yang terdampak dalam penyimpangan ini.",
,,,,,,,,,,Produksi lakukan proses retur karton yang salah Cap tersebut dan koordinasikan ke tim WH utk dilokalisir dan dialokasikan utk penggunaan batch setelahnya. Lampirkan hasil koordinasi,
,,,,,,,,,,Terhadap operator penimbang yang melakukan kesalahan stampel berikan teguran dan sosialisasikan ke operator lainnya agak tidak terjadi hal yang sama kembali. Lampirkan dalam penyimpangan ini,
,,,,,,,,,,Produk LKCPA HF708 dapat dirilis jika semua tindakan remedial sudah dilakukan dan tidak ada issue kualitas lainnya,
,,,,,,,,,,Berdasarkan diskusi produksi dengan PPIC karton yang sudah terstampel akan digunakan untuk bulan novemeber 2025. Informasikan estimasi nomor batch atau bukti alokasi RPP LKCPA dalam penyimpangan ini.,
,,,,,,,,,,"WH lakukan lokalisir dan penandaan terhadap Karton LKCPA HF708, lampirkan dokumentasi penyimpanan karton, pastikan karton yg dikembalikan perlu di ikat ulang dan di simpan dengan baik, dan dipastikan pada saat pemakaian tidak sampai terstempel double.",
2025,DEV-B7PLG-06-2025-0039,CLOSED,https://eqms.kalbe.co.id/e-deviation/deviation/11c32068-8414-47ba-9ca9-9bad7722cef3/detail?tab=deviation-data&tabRemediate=issue-data&tabCapa=issue-data,Unplanned,Testing and analytical method,Lain-lain,LBXTA,-,"Pada tahun 2024 dilakukan pengujian sensory Stabilitas Post Market (uji Petik) Bejo Extra yang diambil dari 9 kota dan dilakukan oleh panelis terlatih R& D diperoleh data hasil sensory beberapa kota TMS (terlampir pada report) Berdasarkan metode pengujian sensori A not A, kemudian dilanjutkan dengan SDT yang telah dilakukan dapat disimpulkan bahwa produk Bejo Extra dari 8 kota masih setabil dan 1 kota yang TMS (Kota Serang)","Terkait pengujian sensory Stabilitas Post Market (uji Petik) Bejo Extra perlu dilakukan pemeriksaan sampel pada batch yang TMS dan dibandingkan dengan retained sampel, untuk memastikan pengaruh penyimpanan produ. Informasikan dalam penyimpangan ini",
,,,,,,,,,,Pastikan juga dilakukan pemeriksaan pada BR batch tersebut untuk memastikan kejadian penyimpangan selama proses. Informasikan dalam penyimpangan ini,
2025,DEV-B7PLG-06-2025-0038,CLOSED,https://eqms.kalbe.co.id/e-deviation/deviation/e11dcf01-9468-4ea2-8c33-162b041f99fc/detail?tab=approval-status&tabRemediate=issue-data&tabCapa=issue-data,Unplanned,Product,Prosedur/Spec/MA tidak sesuai,LBXTA ,FE068H,Sampel Sch kosong hasil coding tersimpan di BR < ED produk + 1 Tahun,Terkait Sampel Sch kosong hasil coding yang tersimpan di BR < ED produk + 1 Tahun untuk keperluan investigasi dapat dilakukan. Lakukan dokumentasi pada sampel secara menyeluruh sehingga terbaca dengan baik.Dokumentasikan dalam penyimpangan ini,
,,,,,,,,,,"Pastikan semua sampel tidak diambil semuanya, sehingga masih terdapat sampel sebagai pembanding apabila diperlukan. Informasikan detail NB dan line yang diambil.",
,,,,,,,,,,Lakukan pengembilan sampel ke produksi utk sachet kosong control ini. Informasikan NB produk dalam penyimpangan ini,
2025,DEV-B7PLG-06-2025-0037,CLOSED,https://eqms.kalbe.co.id/e-deviation/deviation/8b283fbf-05d5-4e90-a265-58d7f8fbb012/detail?tab=deviation-data&tabRemediate=issue-data&tabCapa=issue-data,Planned,Procedure/documentation/data integrity,Lain-lain,ZKDH1,-,Trial Produk Baru Komix OBH Dot Hijau,"Terkait Trial Produk Baru Komix OBH Dot Hijau yang akan running di fasilitas herbal, informasikan detail nomor/identitas MT/ST dan Mesin filling yang akan digunakan dalam penyimpangan ini",
,,,,,,,,,,"Terkait Trial Produk Baru Komix OBH Dot Hijau yang tidak memiliki metode cleaning yang tervalidasi lakukan verifikasi dan pengambilan sampel air bilasan/swab untuk analisa parameter fisik, kimia & mikro. Lampirkan & informasikan dalam penyimpangan in",
,,,,,,,,,,"Terkait dengan metode valclean sudah di validasi Andev untuk marker succus di nilai tengah 10 ppm, maka Andev lakukan cek/analisa air bilasan dari cleaning produk Komix dot hijau tsb. lampirkan hasil analisa dalan penyimpangan i",
,,,,,,,,,,"Terkait pencucial setelah trial, Metode cleaning perlu dilakukan mengikuti metode trial sebelumnya, untuk mixing tank dan mesin fiiling dilakukan cip dengan asam basa. Produksi Informasikan aktual metode pencucian dalam penyimpangan ini",
,,,,,,,,,,Produksi informasikan detail Produk dan NB produk yang akan menggunakan MT/ST dan Mesin filling setelah trial ini. Informasikan dalam penyimpangan ini,
,,,,,,,,,,Lakukan pengambilan sampel FG produk setelah trial komix dot hijau ATB @2 sachet (line bebas) berikan ke tim QA utk registrasikan ke QC,
,,,,,,,,,,Lakukan registrasi sampel ke QC. Informasikan detail dalam penyimpangan ini.,
,,,,,,,,,,"QC lampirkan hasil analisa Mikro (Tambahan dari QA) dan kimia, fisika FG sesuai informasi NB dan produk dari Produksi.",
,,,,,,,,,,Produk dengan detail dan NB sesuai informasi dari produksi setelah trial komix dot hijau dapat dirilis jika hasil mikro sudah oke dan tidak ada issue kualitas lainnya,
2025,,Cancel,https://eqms.kalbe.co.id/e-deviation/deviation/9fe776cf-82d5-4d69-8fd8-6b4c0ed5428a/detail?tab=pre-investigation&tabRemediate=issue-data&tabCapa=issue-data,Planned,Procedure/documentation/data integrity,Prosedur/Spec/MA tidak sesuai,LKPTA ,-,Proses CWO dilakukan tidak sesuai standar,,
2025,DEV-B7PLG-07-2025-0047,CLOSED,https://eqms.kalbe.co.id/e-deviation/deviation/cf84da6a-3acd-40fc-920c-6ebcbf30c2aa/detail?tab=deviation-data&tabRemediate=issue-data&tabCapa=issue-data,Unplanned,Procedure/documentation/data integrity,Prosedur/Spec/MA tidak sesuai,"LKXJ1, LKXP1 & LBJA1",-,"LKXJ1, LKXP1 & LBJA1 MA ED","Perpanjangan ED sementara dengan Val rule selama 1 bulan dapat dilakukan, re-aktivasi disetujui sampai 31 Juli 2025. Pastikan MA baru sudah tersedia dan diupdate ke QC sebelum masa valrul terlewatu. Lampirkan dalam penyimpangan ini.",https://b7-drive.bintang7.com/?launchApp=SYNO.SDS.Drive.Application#file_id=896958181561915367
,,,,,,,,,,Pastikan pada MA spek baru sudah tersedua penambahan patrameter density internal limit yg diperketat. Lampirkan dan/atau informasikan dalam penyimpangan ini.,
2025,DEV-B7PLG-06-2025-0034,CLOSED,https://eqms.kalbe.co.id/e-deviation/deviation/fbf8ff48-3bf2-427d-b115-1391a5a15851/detail?tab=deviation-data&tabRemediate=issue-data&tabCapa=issue-data,Unplanned,Process,Bobot TMS,LKMCB ,HF405,Pack LKMCB direject checkweigher,Produk LKMCB HF405 dapat dirilis jika seluruh hasil parameter sudah memenuhi syarat.,
,,,,,,,,,,Dokumentasikan proses pengemasan tampungan Sch + Pack dengan dilewatin CWR menggunakan range 269-294 gr dalam PPI LKMCB HF405. Lampirkan dalam penyimpangan ini,
,,,,,,,,,,"Jika hasil analisa VT QC MS dan perhitungan bobot minimum sachet terhadap kadar MS, lanjutkan pengemasan tampungan Sch + Pack dengan dilewatin CWR menggunakan range 269-294 gr. TS koodinasi dgn produksi utk proses ini. Cantumkan detail perhitungannya.",
,,,,,,,,,,"TS lakukan koordinasi dengan tim Packdev terpisah dari penyimpangan ini terkait review standar bobor pack produk LKMCA, LKMCB dan LKMCC. Lampirkan email/bukti koordinasi dalam penyimpangan ini",
,,,,,,,,,,"Terhadap produk LKMCB yang belum di filling, pastikan settingan dikembalikan ke standar sesuai PPI pada Bobot Tengah sehingga range pack tetap bisa masuk. Informasikan NB produk dan lampirkan hasil settingan bobot/IPC bobot di PPI dalam penyimpangan ini",
,,,,,,,,,,"Produksi terhadap kejadian ini dokumentasikan dalan catatn perubahan proses di PPI, berikan sosialisasi kepada operator untuk setting bobot pada range standar bobot tengah. Lampirkan dalam penyimpangan ini",
,,,,,,,,,,"QC lakukan perhitungan AV dari sampel LKMCB HF405 yang diambil oleh QA, informasikan hasil perhitungan AV dalam penyimpangan ini.",
,,,,,,,,,,"Terhadap tampungan sachet dan pack pada bak untuk LKMCB HF405, lakukan pengambilan sampel tambahan agar dapat di cek AV sehingga bisa memastikan bahwa sachet/pack tampungan tersebut bisa diluluskan. Detailkan pengambilan sampel.",
2025,DEV-B7PLG-06-2025-0036,CLOSED,https://eqms.kalbe.co.id/e-deviation/deviation/c5f60156-5940-48fd-9807-4d1a8677f0d4/detail?tab=deviation-data&tabRemediate=issue-data&tabCapa=issue-data,Unplanned,Product,Kebocoran,LWPGA ,HE013,sachet bocor pada line 6 sealing horisontal,"Lakukan proses runut dan sortir untuk LWPGA HE013, informasikan detail HC dan Time dalam penyimpangan ini.",https://b7-drive.bintang7.com/?launchApp=SYNO.SDS.Drive.Application#file_id=896960069126642135
,,,,,,,,,,"QA lakukan verifikasi hasil runut sortir produksi utk produk LWPGA HE013, informasikan HC dan Time dalam penyimpangan ini",
,,,,,,,,,,"Produksi lakukan investigasi dgn teknik terkait potensial akar masalah terjadi kebocoran LWPGA HE013 ini, dari hasil review sampel ada retak pada seal sehingga lakukan pengecekan terhadap suhu dan tekanan saat sealing. Informasikan alam penyimpangan ini",
,,,,,,,,,,"Teknik lakukan investigasi pada mesin, cek semua potensi mesin yang bisa menyebabkan retak pada sachet LWPGA HE013 dan kebocoran. informasikan dalam penyimpangan ini",
,,,,,,,,,,produk LWPGA HE013 dapat dirilis jika seluruh hasil prameter sudah memenuhi syarat dan tidak ada issue kualitas lainnya.,
2025,DEV-B7PLG-06-2025-0041,CLOSED,https://eqms.kalbe.co.id/e-deviation/deviation/aa40215c-bb13-4536-be35-ce4afa1cfcb9/detail?tab=pre-investigation&tabRemediate=issue-data&tabCapa=issue-data,Planned,Procedure/documentation/data integrity,Kepatuhan,LKMCA ,HF417 - HF418,Penyimpangan perilisan paralel,Perilisan LKMCA HF417-418 tanpa hasil analisa mikro lemgkap dpt dilakukan (Data mikro 2 thn MS tanpa OOT; Tdk ada deviasi proses) namun PPIC perlu koordinasikan ke tim KI terkait penyimpangan ini serta buatkan MRM. Lampirkan dlm penyimpangan ini,
,,,,,,,,,,QC lakukan input nilai 0 pada oracle agar produk bisa dirilis jika sudah ada MRM. Dokumentasikan dalam penyimpangan ini.,
,,,,,,,,,,Produk LKMCA HF417-418 dapat dirilis jika semua parameter sudah memenuhi syarat dan MRM serta hasil koordinasi PPIC dengan KI sudah tersedia.,
,,,,,,,,,,Gudang lakukan tracking terhadap pengiriman produk agar dapat diupdate secara berkala jika diperoleh hasil mikro TMS sehingga bisa langsung ditarik.,
,,,,,,,,,,PPIC koordinasi dengan QC terkait estimasi tanggal hasil mikro produk LKMCA HF417-418 tersedia. Informasikan dalam penyimpangan ini dan monitoring hasil analisa produk sampai selesai.,
,,,,,,,,,,QC lampirkan hasil pemeriksaan mikro produk LKMCA HF417-418 dalam penyimpangan ini jika hasil sudah tersedia,
2025,"
DEV-B7PLG-07-2025-0045",CLOSED,https://eqms.kalbe.co.id/e-deviation/deviation/e9bab1d6-4875-4057-8c1b-2a449d30e5fb/detail?tab=deviation-data&tabRemediate=issue-data&tabCapa=issue-data,Unplanned,Procedure/documentation/data integrity,Kepatuhan Dokumentasi,LKNTA ,HF376,Label nondispen LKNTA HF376 tertera di PPI LKNTA HF377,"Terkait Label nondispen LKNTA HF376 tertera di PPI LKNTA HF377, lakukan perbaikan dan lampirkan dalam penyimpangan ini",
,,,,,,,,,,Berikan teguran ke Opr bersangkutan dan sosialisasi kepada semua operator agar lebih teliti dan mindfull.,
,,,,,,,,,,Produk LKNTA HF376 dan HF377 dapat dirilis jika semua hasil sudah memenuhi syarat dan perbaikan sudah dilakukan,
2025,,Cancel,https://eqms.kalbe.co.id/e-deviation/deviation/6eb8ce5a-5abf-4f17-ba64-bdf1687004c6/detail?tab=pre-investigation&tabRemediate=issue-data&tabCapa=issue-data,Unplanned,Equipment/machine/instrument,Proses,-,-,roses Produksi di MT Tetra 3 menggunakan seal tidak sesuai dengan standar,,
2025,DEV-B7PLG-07-2025-0050,CLOSED,https://eqms.kalbe.co.id/e-deviation/deviation/542a99dd-8dbc-468a-aa0a-299c38414256/detail?tab=deviation-data&tabRemediate=issue-data&tabCapa=issue-data,Unplanned,Product,Prosedur/Spec/MA tidak sesuai,PWSNH,HF217,Bulk PWSNH HF217 melewati masa simpannya (lebih dari 7 hari),"Terkait Bulk PWSNH HF217 melewati masa simpannya, proses dapat dilanjutkan dengan pertimbangan hasil staging bulk H14 dari TS masih memenuhi syarat. Pastikan all parameter fisik dan kimia bulk MS sebelum filling. Lampirkan dalam penyimpangan ini",https://b7-drive.bintang7.com/?launchApp=SYNO.SDS.Drive.Application#file_id=896962703411698778
,,,,,,,,,,"Lakukan pemeriksaan Mikro untuk FG produk, lakukan registrasi FG PWSNH HF217 ke QC",
,,,,,,,,,,"QC lampirkan hasil analisa mikro PWSNH HF217 jika sudah selesai, lampirkan dalam penyimpangan ini",
,,,,,,,,,,Produk PWSNH HF217 dapat dirilis jika seluruh hasil parameter sudah MS dan hasil mikro sudah keluar,
,,,,,,,,,,Produksi informasikan penyebab terjadinya kejadian Bulk PWSNH HF217 melewati masa simpannya (lebih dari 7 hari) dalam penyimpangan ini dan action yang akan dilakukan untuk mencegah hal ini terjadi kembali,
2025,DEV-B7PLG-07-2025-0044,CLOSED,https://eqms.kalbe.co.id/e-deviation/deviation/1d8c15d4-8a49-42d0-bba3-f7cc09f16672/detail?tab=pre-investigation&tabRemediate=issue-data&tabCapa=issue-data,Planned,Procedure/documentation/data integrity,Lain-lain,LMHGA HF128 - HF139,HF128 - HF139,Proses wrapping menggunakan mesin yang belum terkualifikasi,"Proses kemas LMHGA HF128-HF139 menggunakan mesin temach yang belum terkualifikasi dapat dilakukan sekaligus untuk kebutuhan optimasi. TS buatkan lampro untuk aktivitas ini pastikan setting suhu terdokumentasi di PPI, sosialisasikan ke produksi. Lampirkan",
,,,,,,,,,,Produksi lakukan proses kemas dengan speed mesin disesuaikan dengan hasil eksisting OQ pada BEJO isi 6 jika ada perubahan ditulis dalam catatan perubahan proses PPI speed yang digunakan untuk setiap batchnya. Lampirkan dalam penyimpangan in,
,,,,,,,,,,Teknik lakukan optimasi selama proses kemas LMHGA HF128-HF139 sesuai penyimpangan ini pastikan hasil optimasi sudah diperoleh sebelum lanjut kualifikasi dan informasikan hasil optimasi dalam penyimpangan ini.,
,,,,,,,,,,"Penyimpangan ini hanya berlaku untuk produk LMHGA HF128 - HF139 Apabila mesin temach akan digunakan diluar nomor batch LMHGA HF128 -HF139 maka mesin perlu di kualifikasi terlebih dahulu, jika belum maka perlu dibuatkan penyimpangan terencana kembali",
2025,DEV-B7PLG-07-2025-0051,CLOSED,https://eqms.kalbe.co.id/e-deviation/deviation/69990871-196b-4e84-a3db-5686e85733fd/detail?tab=pre-investigation&tabRemediate=issue-data&tabCapa=issue-data,Unplanned,Process,Kontaminan,LKPTA ,HF719,temuan label sampling QC di RM dalam bak kuning produk LKPTA HF719,"Terkait dengan ditemukannya label sampling QC di RM dalam bak kuning produk LKPTA HF719 sudah dilakukan pemisahan label, berikan label ke tim QA (Vena) dan dokumentasikan kejadian ini pada catatan perubahan proses PPI",
,,,,,,,,,,QA lakukan pengambilan sampel untuk uji mikro untuk produk LKPTA HF719. Lampirkan registrasi sampel dalam penyimpangna ini,
,,,,,,,,,,"QC lakukan pemeriksaan terhadap produk LKPTA HF719, lampirkan hasil analisa dalam penyimpangan ini",
,,,,,,,,,,Produk LKPTA HF719 dapat dirilis jika seluruh hasil parameternya sudah memenuhi syarat dan hasil mikro sudah keluar,
,,,,,,,,,,Terkait kejadian ini perlu ditindaklanjuti dengan penggunaan perekat label dengan daya lekat yang lebih kuat (lakban). QC pastikan label sampling ditempel dengan perekat yang memadai,
,,,,,,,,,,"Tim WH, pastikan operator timbang melakukan proses penimbangan dengan mindfullness dan memastikan dilakukan pengecekan material yang ditimbang dalam kondiri baik dan tidak terkontaminasi. Sosialisasikan ke operator penimbangan.",
2025,DEV-B7PLG-07-2025-0052,CLOSED,https://eqms.kalbe.co.id/e-deviation/deviation/f97a1f80-abe1-4144-93da-b3a6b31b928b/detail?tab=pre-investigation&tabRemediate=issue-data&tabCapa=issue-data,Unplanned,Process,Lain-lain,LKNTA,HF391,Ditemukan perbedaan tanggal timbang pada RM,"Terkait ditemukannya perbedaan tanggal pada Label RM dan ODR, terhadap produk dan NB terdampak dan yang sedang proses lakukan pendataan dan lakukan coret paraf (Label dan ODR) agar dapat ditelusuri dan terdokumentasi. Lampirkan list dalam penyimpangan ini",
,,,,,,,,,,Lakukan sosialisasi ke operator timbang untuk melakukan pengecekan rutin terhadap label dan ORD yang dihasilkan selama belum ada perbaikan yang dilakukan. lampirkan hasil sosialisasi,
,,,,,,,,,,"Selama belum dilakukan tindakan perbaikan pada PC/sistem, jika terjadi hal abnomalitas yang sama kembali perlu merubah tanggal pada PC oleh penimbangan dan diverifikasi oleh QA. Buatkan penyimpangan terencana untuk perihal ini dan lampirkan timeline",
,,,,,,,,,,Lakukan follow up ke IT B7 dan informasikan potensi penyebab ternyadinya masalah perbedaan tanggal tersebut.,
,,,,,,,,,,QA lakukan verifikasi dan pengecekan rutin ke area penimbangan (R. Timbang 4 dan 5) sesuai kebutuhan,
2025,DEV-B7PLG-07-2025-0056,CLOSED,https://eqms.kalbe.co.id/e-deviation/deviation/6da157e4-ae54-40b5-a927-2e7571ff33bc/detail?tab=pre-investigation&tabRemediate=issue-data&tabCapa=issue-data,Unplanned,Process,Performance hasil pengemasan,LKPTA ,HF725,LKPT1 HF725 (kemasan RM CMC dan Sodium Cyclamate bocor),"Terkait kemasan RM CMC dan Sod. Cyclamate yang bocor pada produk LKPT1 HF725, untuk material terdampak sudah dilakukan FPP dan dilakukan pergantian dengan melakukan penimbangan ulang. Buatkan WR untuk mencegah kejadian berulang",
,,,,,,,,,,"Kerangkeng yang bermasalah tidak boleh digunakan, lakukan proses penyegelan dan Pastikan kerangkeng sudah diperbaiki dahulu dan sebelum digunakan minta verifikasi QA terlebih dahulu.",
2025,DEV-B7PLG-07-2025-0053,CLOSED,https://eqms.kalbe.co.id/e-deviation/deviation/a9d66d8d-500b-4d8d-a467-d1ef2a3c37d2/detail?tab=pre-investigation&tabRemediate=issue-data&tabCapa=issue-data,Planned,Qualification and validation,Prosedur/Spec/MA tidak sesuai,LHRBA ,-,LHRBA menggunakan mesin wrapping Temach yang belum terkualifikasi,QA Kualifikasi dampingin proses sesuai kebutuhan dan lakukan kualifikasi jika optimasi tim teknis sudah selesai. Infromasikan dalam penyimpangan ini,
,,,,,,,,,,"Sesuai hasil review, tim teknik akan tetap menyiapkan Chimei sebagai backup plan, untuk lampro yang dibuat oleh TS tidak mengangtikan PPI eksisting namun menambahkan, jika dilakukan wrapping menggunakan chimei maka lembar PPI eksisting tetap diisi.",
,,,,,,,,,,Minta verifikasi QA pada saat awal jalan mesin temach koordinasikan juga ke QA bagian kulifikasi dan tim inspektor,
,,,,,,,,,,Teknik lakukan optimasi selama proses kemas LHRBA HG841-HG855 (15 Batch) sesuai penyimpangan ini pastikan hasil optimasi sudah diperoleh sebelum lanjut kualifikasi dan informasikan hasil optimasi dalam penyimpangan ini.,
,,,,,,,,,,"Penyimpangan ini hanya berlaku untuk produk LHRBA HG841-HG855 (15 Batch). Apabila mesin temach akan digunakan diluar nomor batch tersebut maka mesin perlu di kualifikasi terlebih dahulu, jika belum maka perlu dibuatkan penyimpangan terencana kembali",
,,,,,,,,,,QA inspektor pastikan dilakukan pengecekan rutin terdahap aktivitas wrapping menggunakan mesin temach ini. Pastikan hasil Memenuhi Syarat. Informasikan dalam penyimpangan,
,,,,,,,,,,"Proses kemas LHRBA HG841-HG855 menggunakan mesin temach yang belum terkualifikasi dapat dilakukan sekaligus untuk kebutuhan optimasi dan kualifikasi untuk produk isi 12 sch. TS buatkan lampro, serta sosialisasikan ke produksi",
2025,DEV-B7PLG-07-2025-0057,CLOSED,https://eqms.kalbe.co.id/e-deviation/deviation/11c2e0c8-8604-4d11-911b-a13664fab24b/detail?tab=pre-investigation&tabRemediate=issue-data&tabCapa=issue-data,Unplanned,Process,Kontaminan,LNKOA ,HF412,Adanya temuan logam pada saat proses compounding LNKO1 HF412,"Lakukan pengujian mikro dan Fe pada produk, lampirkan hasil analisa dan jika hasil oke hold produk LNKOA HF412 dapat ditarik.",
,,,,,,,,,,Produksi lakukan briefing kepada operator dan admin BR terkait kejadian ini agar tidak terjadi lagi kejadian ayng sama sehingga batch penyimpangan bisa lolos untuk di rilis.,
,,,,,,,,,,"Jika hasil analisa Mikro dan Fe sudah memenuhi syarat, informasikan ke tim DC untuk menarik hold produk dan produk dapat didistribusikan",
,,,,,,,,,,"Terhadap bak gula dengan stainless yang tersedia, lakukan segel dan tidak boleh digunakan kembali.",
2025,DEV-B7PLG-07-2025-0059,CLOSED,https://eqms.kalbe.co.id/e-deviation/deviation/20ba2c33-2b67-4491-9660-b78d83bbe0ed/detail?tab=pre-investigation&tabRemediate=issue-data&tabCapa=issue-data,Unplanned,Process,Kepatuhan,LNKOA ,"HG426
HG425",Adanya 2 no batch HG426 DAN HG425 pada 1 pallet untuk RM produk LNKOA,"Terhadap Adanya 2 no batch HG426 DAN HG425 pada 1 pallet untuk RM produk LNKOA, terjadi karena proses penempatan RM dilakukan oleh personil delivery bukan tim penimbang. Berikan terguran, minta buatkan BA dan lampirkan dalam penyimpangan ini.",https://b7-drive.bintang7.com/?launchApp=SYNO.SDS.Drive.Application#file_id=897464720072692413
,,,,,,,,,,"Terhadap RM yagn tertukar, lakukan pengecekan dan penyesuaian kembali penempatan RM sesuai nomor batch produk. Lampirkan bukti penukaran",
,,,,,,,,,,"Terhadap produk LNKOA HG426 DAN HG425 dapat dirlis jika hasil evaluasi BR sudah sesuai, label material sudah sesuai, material sesuai peruntukan batchnya dan tidak ada issue kualitas lainnya",
2025,DEV-B7PLG-07-2025-0055,CLOSED,https://eqms.kalbe.co.id/e-deviation/deviation/c7f5f0e8-7fce-46bb-8193-2cee0b484282/detail?tab=pre-investigation&tabRemediate=issue-data&tabCapa=issue-data,Unplanned,Product,Kebocoran,LKJTA ,HG246,Adanya kebocoran sachet LKJTA HG246 line 3 sealing vertikal,"Terhadap produk LKJTA HG246 yang Bocor Line 3 dan coding menabrak redaksi, lakukan runut sortir dan informasikan detail Hidden Cost (beserta total reject) dan Time dalam penyimpangan ini",https://b7-drive.bintang7.com/?launchApp=SYNO.SDS.Drive.Application#file_id=897471617408490697
,,,,,,,,,,"Verifikasi hasil runut sortir yang dilakukan produksi untuk LKJTA HG246 , lampirkan detail HC dan time dalam penyimpangan ini",
,,,,,,,,,,Terhadap hasil runut sortir untuk kasus coding menabrak redaksi lakukan coding ulang untuk produk LKJTA HG246 tersebut. Minta verifikasi QA lampirkan dokumentasi output hasil settingan dalam penyimpangan ini,
,,,,,,,,,,Produksi informasikan adnormalitas yang terjadi dan investigasi penyebab dari kasus bocor dan coding menabrak redaksi tersebut. Informasikan dalam penyimpangan ini,
,,,,,,,,,,https://eqms.kalbe.co.id/document/e-action/916b96db-e6ce-4cff-ae15-f234c287b4da/action-plan/d7db1e06-3325-4aa4-9e11-9d8ee972ebd4/detail?tab=info-data,
,,,,,,,,,,Produk LKJTA HG246 dapat dirilis jika tidak ada issue kualitas lainnya dan proses runut sortir sudah selesai dilakukan.,
2025,DEV-B7PLG-07-2025-0058,CLOSED,https://eqms.kalbe.co.id/e-deviation/deviation/ec0a276f-f5d9-4bcb-9834-3708f092e9aa/detail?tab=pre-investigation&tabRemediate=issue-data&tabCapa=issue-data,Unplanned,Process,Kepatuhan,LPRG3,HG395,Proses mixing LPRG3 HG395 saat vacuum RM premix 2 keluar busa,Lakukan pemusnahan untuk bulk produk dan material premix 2 produk LPRG3 HG395. Informasikan proses pemusnahan bulk dan material tersebut dalam penyimpangan ini.,
,,,,,,,,,,Lakukan FKM kembali untuk premix 1 dan 2 serta reproses produk LPRG3 GH395.Dokumentasikan di catatan perubahan proses PPI Informasikan dalam penyimpangan ini,
,,,,,,,,,,Lakukan pengambilan sampel ATB @6 sachet line 1-6 dan registrasikan sampel ke QC utk melakukan analisa mikro,
,,,,,,,,,,"QC lakukan analisa mikro utk LPRG3 HG395, lampirkan hasil dalam penyimpangan ini",
,,,,,,,,,,Lakukan sosialisasi ke operator produksi lainnya agar kejadian yang sama tidak terulang kembali. Lampirkan dalam penyimpangan ini,
,,,,,,,,,,Ambil sampel stabilita penyimpangan dan buatkan CAPA untuk kejadian ini. Lampirkan protokol dan nomor CAPA,
,,,,,,,,,,Produk LPRG3 HG395 dapat dirilis jika seluruh hasil parameter termasuk mikro sudah memenuhi syarat dan tidak ada issue kualitas lainnya. Buat Memo fast moving untuk produk ini. Lampirkan dalam penyimpangan ini,
2025,DEV-B7PLG-07-2025-0060,CLOSED,https://eqms.kalbe.co.id/e-deviation/deviation/a0b6b50a-9874-474e-9e22-f6164678a758/detail?tab=pre-investigation&tabRemediate=issue-data&tabCapa=issue-data,Planned,Procedure/documentation/data integrity,Prosedur/Spec/MA tidak sesuai,"LKXOD, LKXJA, LKXNA, LBMAV",-,"Mesin wrapping temach hasil optimasi teknik untuk jalan 3 pack (triple) hasil kualifikasinya MS, sedangkan untuk jalan 1 pack (single) hasil kualifikasi masih TMS di speed 65 rpm. Sehingga diusulkan untuk produk"" yang jalan 3 pack di mesin temach (LKXOD, LKXJA, LKXNA) dapat dijalankan, sedangkan untuk LBMAV karena teknik masih perlu optimasi dan QA juga butuh untuk kualifikasi temach jalan 1 pack (single) maka diusulkan untuk dijalankan juga.","Proses kemas LKXOD, LKXJA, LKXNA, LBMAV menggunakan Mesin Temach disetujui dengan pertimbangan hasil kualifikasi untuk 3 pack (Triple) sudah Ok. Produksi informasikan NB aktual produk terdampak, dokumentasikan di catatan perubahan proses PPI",
,,,,,,,,,,"TS buatkan Lampro untuk Proses kemas LKXOD, LKXJA, LKXNA, LBMAV menggunakan Mesin Temach, koordinasikan dengan QA Kualifikasi apakah maish dibutuhkan data suhu atau tidak. Sosialisasikan dan informasikan dalam penyimpangan ini",
,,,,,,,,,,Selama proses berjalan pastikan dilakukan verfiikasi oleh QA Inspektor/QA Kualifikasi untuk memastikan hasil sudah sesuai. Pastikan juga ditambahkan monitoring atau pendataan terhadap defect visual.,
,,,,,,,,,,Jika mesin akan dijalankan untuk kemasan single pack isi 12 perlu dibuatkan penyimpangan terencana baru kembali.,
,,,,,,,,,,"Teknik lakukan pendampingan dan evaluasi sebagai penambahan data jika dibutuhkan untuk Proses kemas LKXOD, LKXJA, LKXNA, LBMAV menggunakan Mesin Temach yang belum terkualifikasi",
2025,DEV-B7PLG-07-2025-0064,CLOSED,https://eqms.kalbe.co.id/e-deviation/deviation/6078f93e-a0f5-40a7-a6d4-e5a1f32ee6a3/detail?tab=pre-investigation&tabRemediate=issue-data&tabCapa=issue-data,Unplanned,Product,Kepatuhan,LPRG3 ,HG402,"Pada saat inspeksi di ruang staging RM 1 oleh inspektor QA ditemukan plastik sobek pada RM Annanas tanggal timbang 10-07-2025 yang diletakan diatas pallet, sehingga dari sobekan tersebut menyebabkan RM Keluar","Terkait RM Ananas LPRG3 HG402 yang sobek sudah dilakukan Retur ke WH dan FKM ulang. WH sudah melakukan FPP ke QC untuk pemastian kualitas, QC lakukan pengujian terhadap RM Ananas tersebut. Jika hasl masih memenuhi syarat material dapat digunakan kembali",
,,,,,,,,,,Potensial kejadian dari wadah plastik yang melukai kemasan plastik lainnya dan sudah diberikan cellotape serta dibuatkan WR. Lampirkan bukti tindakan yang sudah dilakukan.,
,,,,,,,,,,Produksi lakukan investigasi dan buatkan BA kronologis kejadian untuk memastikan tidak ada abnormalitas saat proses penarikan RM dari R. Staging oleh tim produksi. Lampirkan,
2025,DEV-B7PLG-07-2025-0074,CLOSED,https://eqms.kalbe.co.id/e-deviation/deviation/8e8a3177-3a56-443e-9d6c-2111c954f802/detail?tab=pre-investigation&tabRemediate=issue-data&tabCapa=issue-data,Planned,Procedure/documentation/data integrity,Lain-lain,"LKXOD, LKXJA, LKXNA",-,"Proses wraping LKXOD, LKXJA, LKXNA menggunakan Mesin Chimei dan Temach","Penyimpangan ini dibuat sebagai backup plan proses pengemasan produk LKXOD, LKXJA, LKXNA menggunakan chimei, jika dilakukan wrapping menggunakan chimei maka lembar PPI eksisting isi seperti biasa. Tulis aktifitas ini dalam catatan perubahan proses",
,,,,,,,,,,Minta verifikasi QA/teknik pada selama proses pengemasan dengan menggunakan 2 mesin tersebut,
,,,,,,,,,,"Penyimpangan ini hanya berlaku untuk produk-produk LKXOD, LKXJA, LKXNA. Informasikan aktualisasi nomor batch dan produk ayng dikemas dengan 2 mesin berbeda",
2025,DEV-B7PLG-07-2025-0073,CLOSED,https://eqms.kalbe.co.id/e-deviation/deviation/6bb51647-e476-485a-8417-696d0a03ee14/detail?tab=pre-investigation&tabRemediate=issue-data&tabCapa=issue-data,Planned,Procedure/documentation/data integrity,Lain-lain,"LKKSB 
LNKKB ",-,Produk LKKSB dan LNKKB jalan tanpa valpro (FUP perpindahan fasilitas),"Terkait dengan Produk LKKSB dan LNKKB yang belum di validasi proses ulang karena adanya perpindahhan mesin dari lantai 2 ke lantai 1, koordinasikan dengan PPIC Jadwal validasi proses, lampirkan timeline lengkap dan protokol dalam penyimpangan ini.",
,,,,,,,,,,"Terhadap aktivitas yang berjalan selama belum dilakukan validasi proses, buatkan kajian risiko dan mitigasi risiko yang dilakukan etrhadap proses cleaning yang berjalan dalam penyimpangan ini termasuk kajian untuk produk2 terdampak.",
,,,,,,,,,,"Produksi lakukan pengecekan dan informasikan produk produk lain yang juga dijalankan pada Ilapak 1 tsb yg sebelumnya dilakukan di lantai 2 dan pindah ke lantai 1 selain produk LKKSB dan LNKKB, koordinasikan dengan QA Validasi",
,,,,,,,,,,"Lakukan pemastian kualitas pada produk-produk yang sudah berjalan setelah pemindahan mesin namun belum dilakukan valpro ulang (bisa melalui pemeriksaan batch record, retain sample, dsb). Lampirkan hasil verifikasi dalam penyimpangan ini",
,,,,,,,,,,"Lakukan Valpro Produk LKKSB dan LNKKB, lampirkan report dalam penyimpangan ini",
2025,DEV-B7PLG-07-2025-0067,CLOSED,https://eqms.kalbe.co.id/e-deviation/deviation/67eb3291-e97b-41ae-8e82-05bcda6cc352/detail?tab=pre-investigation&tabRemediate=issue-data&tabCapa=issue-data,Unplanned,Product,Prosedur/Spec/MA tidak sesuai,LKJTA ,HG272,Penggunaan Storage 11 di RCL 1 melebihi waktu masa pakai,Produk LKJTA HG272 dapat dirilis jika seluruh hasil parameter sudah memenuhi syarat dan hasil mikro sudah keluar (dengan hasil MS).,
,,,,,,,,,,Terhadap produk LKJTA HG272 sudah lakukan pengambilan sampel ATB @ 2 sachet line bebas oleh produksi dan diregistrasikan ke QC. Lampirkan hasil analisa Mikro,
,,,,,,,,,,"Terkait masa pakai ST 11 yang melebihi ED ketika proses filling masih berjalan untuk bulk LKJT1 HG272, produksi berikan teguran kepada operator dan sosialisasi ke tim lainnya. Buatkan BA dan lampirkan",
2025,DEV-B7PLG-07-2025-0071,CLOSED,https://eqms.kalbe.co.id/e-deviation/deviation/dc849337-085c-4af7-ab93-9dc318c18dd1/detail?tab=pre-investigation&tabRemediate=issue-data&tabCapa=issue-data,Planned,Procedure/documentation/data integrity,Prosedur/Spec/MA tidak sesuai,LMHGA ,HG145,Trial Eliminasi heating cooling pada produk Mixagrip (LMHG1) Batch HG145,"Trial Eliminasi Heating Colling pada produk Mixagrip (LMHG1) dapat dilakukan untuk 1 BN HG145. Jika trial diluar batch tersebut harus membuat DR kembali. Informasikan aktualisasi Nomor batch, Buat Lampro, sosialisasik & buatkan protokol tria. Lampirkan",
,,,,,,,,,,"TS lakukan pendampingan selama proses, informasikan hasil trial dalam penyimpangan ini",
,,,,,,,,,,Lakukan pengambilan sampel pengujian stabilitas untuk trial eliminasi heating colling ini lampirkan protokol,
,,,,,,,,,,TS koordinasikan dengan QA Validasi untuk lakukan verifikasi atau pendampingan trial Eliminasi Heating Colling pada produk Mixagrip HG145 sesuai kebutuhan. Informasikan dalam penyimpangan ini,
,,,,,,,,,,Produk LMHGA HG145 dapat di rilis jika seluruh hasil parameter sudah memenuhi syarat. Produk LMHGA HG145 dapat di rilis jika seluruh hasil parameter sudah memenuhi syarat.,
2025,DEV-B7PLG-08-2025-0090,CLOSED,https://eqms.kalbe.co.id/e-deviation/deviation/b766c507-296d-4b98-adee-526517756b8f/detail?tab=pre-investigation&tabRemediate=issue-data&tabCapa=issue-data,Planned,Process,Lain-lain,POSNA ,-,Usulan penambahan proses Tatung utk Caffeine sebelum Compounding POSNA,"Planed deviation penambahan proses tatng untuk caffein sebelum proses compounding POSNA dapat dilakukan, TS buatkan lampro untuk aktivitas ini, sosialisasikan ke tim produksi. Penyimpangan dan lampro ini hanyak berlaku untuk proses selama bulan agustus",
,,,,,,,,,,"Produksi lakukan proses Tatung untuk caffein sesuai lampro dari TS, catatn aktualisasi nomor batch dan produk terdampak selama trial",
,,,,,,,,,,"TS lakukan pendataan dan pendampingan trial, catat detail batch produk dan no, QC caffein yang terlibat selama proses dalam trial ini. Lakukan evaluasi dan informasikan dalam penyimpangan ini",
,,,,,,,,,,"Teknik lakukan persiapan unit mesin tatung dan mesh, lakukan test run dan pemastian kondisi mesin dan mesh sebelum digunakan sesuai dengan proses yang akan dijalankan.",
2025,DEV-B7PLG-07-2025-0070,CLOSED,https://eqms.kalbe.co.id/e-deviation/deviation/97062791-1e3e-4e8d-8c74-23940fdfeb1f/detail?tab=pre-investigation&tabRemediate=issue-data&tabCapa=issue-data,Unplanned,Process,Kontaminan,LNKOA ,HG445,Ditemukan serpihan kuning di hopper ilapak 9-10,"Terhadap kasus ditemukannya serpihan kuning pada hopper ilapak 9-10, QA lakukan pemastian pemeriksaan fisik dengan FKB ATB produk LNKOA 445dan HG443 & 444. Informasikan dalam penyimpangan",
,,,,,,,,,,Lakukan pemeriksaan potensi serpihan kontaminan serpihan kuning pada mesin ilapak 9-10 dan sepanjang jalur yang berkatan. Jika potensi terjadi karena terkikis bibir vakum silverson yang tajam buatkan WR utk di modifikasi,
,,,,,,,,,,Teknik koordinasi dengan Produksi terkait efektifitas penggunaan strainer karena serpihan bisa lolos sampai ke hopper ilapak 9-10.,
,,,,,,,,,,QA terbitkan CAPA utk kasus serpihan kuning di jalur hopper Ilapak 9-10,
,,,,,,,,,,Produk LNKOA HG445 dapat diluluskan jika hasil tambahan pemeriksaan fisik sudah MS dan tidak ada issue kualitas lainnya.,
,,,,,,,,,,Penarikan diputuskan jika hasil kajian risiko dari QA sudah tersedia. Informasikan dalam penyimpangan ini,
2025,DEV-B7PLG-07-2025-0076,CLOSED,https://eqms.kalbe.co.id/e-deviation/deviation/1bbf9bef-119c-40ef-8c62-11f74cdf058d/detail?tab=pre-investigation&tabRemediate=issue-data&tabCapa=issue-data,Unplanned,Process,Kontaminan,LKMCB ,HG452.,swab EHM mesin Ilp 2-12 dibagian hopper ditemukan kontaminan,Terkait kontaminasi yang ditemukan pada hopper mesin ilapak 2-12 lakukan pengambilan sampel 3 BN untuk pemastian pemeriksaan fisik tambahan untuk produk LKMCB HG450-451 dan LKMCA HG452. Informasikan hasil pemeriksaan fisik dalam penyimpangan ini,
,,,,,,,,,,Lakukan penelusuran terhadap supply air PW yang digunakan untuk pencucian termasuk air demin panas. Lampirkan hasil penelusuran dalam penyimpangan ini,
,,,,,,,,,,"Lakukan pemeriksaan pompa jalur dan jalur pengisian ilapak termausk Filling Block, Conus Valve, Piston, Nozzle. Laporkan dalam penyimpangan ini",
,,,,,,,,,,Terhadap hopper ilapak 2-12 lakukan cleaning dan minta verifikasi QA sebelum jalan produk selanjutnya. Informaiskan dalam penyimpangan ini,
,,,,,,,,,,Terkait kontaminasi bak kuning sedang dilakukan modifikasi stick vakum menjadi bentuk cicin dan tidak tajam oleh teknik. QA kordinasikan investigasi untuk ditindaklanjuti menjadi CAPA. Informaskan hasil investigasi dan nomor CAPA,
,,,,,,,,,,"Saat disposisi ini dibuat, semua hasil mikro produk 3 Bn sudah keluar dan hasil sudah MS. Produk LKMCB HG540-451 dan LKMCA HG452 dapat di rilis jika seluruh hasil pemeriksaan dan kualitas tidak ada issue",
2025,DEV-B7PLG-07-2025-0072,CLOSED,https://eqms.kalbe.co.id/e-deviation/deviation/49160896-a5e6-4b3c-bcae-8877e65b1c96/detail?tab=pre-investigation&tabRemediate=issue-data&tabCapa=issue-data,Unplanned,Process,Kepatuhan,POSNA ,HG920,Bulk starch tumpah setelah proses drying FBD,Produksi FKM kekurangan material strach untuk POSNA GH920 dilebihkan 50% dari kekurangan material. Lampirkan FKM dalam penyimpangan ini,
,,,,,,,,,,Sesuai hasil review POSNA GH920 baru akan di proses di 28 Juli 2025 sehingga lakukan penyimpanan material di ruang staging RM selama belum di proses. Lampirkan dokumentasi.,
,,,,,,,,,,"Sebelum proses compounding lakukan pengujian ATB kiri kanan (total 6 titik) utk masing2 tong starch yang disimpan sebelum compounding, dokumentasikan di catatan perubahan proses PPI. Proses compounding boleh dilanjutkan jika LOD MS",
,,,,,,,,,,"Untuk kekurangan strach sebanyak 2,4 kg akan didrying bersamaan dengan batch POSNA GH920. Catat hasil pengujian LOD Pada BR POSNA batch GH920",
,,,,,,,,,,Jika hasil LOD Strach POSNA GH920 tidak Memenuhi Syarat maka dibutuhkan proses pengeringan tambahan sehingga perlu dibuatkan lampro oleh TS. Lampirkan dan sosialisasikan. Jika hasil MS tindakan ini silahkan diisi keterangan LOD MS.,
,,,,,,,,,,"Produksi lakukan pengambilan sampel FG POSNA GH920 ATB @ 1 renceng Line 1, 3 dan 6 utk dilakukan pemeriksaan mikro composite oleh QA-QC.",
,,,,,,,,,,QA lakukan registrasi sampel POSNA GH920 composite 1 titik saja dari sampel yang disediakan produksi. Informasikan hasil pengujian dalam penyimpangan ini,
,,,,,,,,,,"
Produk POSNA GH920 dapat dirilis jika seluruh hasil parameter sudah memenuhi syarat dan hasil mikro MS",
2025,"
DEV-B7PLG-07-2025-0075",CLOSED,https://eqms.kalbe.co.id/e-deviation/deviation/d376a960-5013-4d38-a1b7-f704b4ea2f71/detail?tab=deviation-data&tabRemediate=issue-data&tabCapa=issue-data,Planned,Procedure/documentation/data integrity,Prosedur/Spec/MA tidak sesuai,"LKXOD
LBMAV
LMHGA 
LKXPA ",-,Produk di JS5 pakai mesin temach yang belum selesai kualifikasinya,Penyimpangan terencana penggunaan mesin temach yang belum terkualifikasi untuk pengemasan produk selama bulan Agustus 2025 dapat dilakukan. Produksi informasikan detail aktualisasi produk dan NB produk yang diproduksi dan dikemas menggunakan temach ini.,
,,,,,,,,,,"TS lakukan pembuatan lampro untuk produk LMHGA, LKXOD, LKXPA dan LBMAV sesuai deviation ini. Lampirkan dan sosialisasikan (pastikan nomor devol tertera di lampro)",
,,,,,,,,,,Mesin chimei akan disiapkan sebagai backup sehingga lampro tidak mengantikan PPI eksisting tapi menambahkan dan harus tetap diisi jika chimei digunakan. Produksi sosialisasikan ke tim terkait hal ini,
,,,,,,,,,,Terkait penggunaan mesin temach ini segera lakukan optimasi agar segera dapat di kualifikasi oleh QA. Lampirkan timeline optimasi dan kualifikasi dalam penyimpangan ini koordinasi dengan QA.,
,,,,,,,,,,"QA Kualifikasi pastikan selama penyimpanan terencana ini dibuat, teknik sudah melakukan optimasi terhadap temach yang digunakan dan dapat segera dilakukan kualifika",
,,,,,,,,,,Lakukan verifikasi terhadap output yang dihasilkan dari mesin temach untuk produk-produk yang di produksi selama bulan agustus. QA Lakukan sampling dan informasikan dalam penyimpangan ini,
,,,,,,,,,,Penyimpangan ini hanya berlaku untuk produk yang dikemas menggunakan JS 5 (Mesin Temach) di Ilapak 5-8 selama bulan agustus . Jika kualifikasi belum selesai dan akan dilakukan pengemasan kembali menggunakan temach perlu dibuatkan penyimpangan kembali,
2025,DEV-B7PLG-08-2025-0101,CLOSED,https://eqms.kalbe.co.id/e-deviation/deviation/a00dc6ec-2cc0-4224-b709-204580d87934/detail?tab=pre-investigation&tabRemediate=issue-data&tabCapa=issue-data,Planned,Procedure/documentation/data integrity,Lain-lain,"LPRGQ
LKXOB
LBMAV 
LKXPA 
LKXOD ",-,perubahan perhitungan selisih add PW di MT T3,"TS buatkan lampro utk trial Perubahan perhitungan selisih add PW di MT T3 terhadap produk-produk yang dimixing di MTT3, sesuai diskusi terpisah dari devol ini trial akan dilakukan dahulu terhadap produk LPRGQ. Lampirkan Lampro dalam penyimpangan ini",
,,,,,,,,,,"TS lakukan sosialisasi Lampro trial Perubahan perhitungan selisih add PW di MT T3 kepada operator compounding. Pastikan operator mengerti, lampirkan daftar hadir",
,,,,,,,,,,"Lakukan pendampingan proses perdana penggunaan Lampro Perubahan perhitungan selisih add PW di MT T3, Data bobot tambahan yang dicatat selama campaign akan dievaluasi untuk menghitung % penambahan terhadap total qty FG.",
,,,,,,,,,,Produksi pastikan trial perdana yang diikuti TS untuk Perubahan perhitungan selisih add PW di MT T3 dilakukan di shift 1. Informasikan aktualisasi produk dan NB yang di trial dalam penyimpangan ini,
,,,,,,,,,,"Lakukan pendataan sisa produk pada MTT3 untuk setiap produk, kemudian bandingkan dengan kondisi MTT2 utk produk yang sama. Jika sisa terjadi di keduanya → kaji kemungkinan perubahan nilai limit Zero sesuai kebutuhan produk. Koordinasi dengan Prod & Eng",
,,,,,,,,,,"TS lakukan evaluasi terhadap trial Perubahan perhitungan selisih add PW di MT T3, jika trial di produk LPRGQ berhasil dan akan dilakukan terhadap produk lainnya lakukan hal yang sama dengan disposisi penyimpangan ini. Lampirkan hasil evaluasi",
,,,,,,,,,,Produksi lakukan proses compounding sesuai koordinasi trial dari TS untuk Perubahan perhitungan selisih add PW di MT T3. Jika terjadi ketidaksesuaian selama proses buatkan laporan penyimpangan.,
,,,,,,,,,,Implementasi Perubahan perhitungan selisih add PW di MT T3 dapat dilakukan di batch komersial jika hasil trial dan evaluasi baik dan FUP sudah disposisi.,
2025,DEV-B7PLG-07-2025-0077,CLOSED,https://eqms.kalbe.co.id/e-deviation/deviation/8562b121-c39f-45fd-b0c7-0fee4f3a2653/detail?tab=pre-investigation&tabRemediate=issue-data&tabCapa=issue-data,Unplanned,Process,Kontaminan,LKJTA ,HG287,Ditemukan kontaminan pada hoper mesin ilapak 3 dan 4,"Terhadap kontaminan pada mesil ilapak 3-4 QA melakukan pengambilan sampel utk produk LKJTA HG285-287, informasikan hasil pemeriksaan fisik dalam penyimpangan ini.",
,,,,,,,,,,Potensi kontaminasi benang dan plastik dari aktivitas penimbangan di WH sehingga WH perlu lakukan rekonsiliasi terhadap jumlah kemasan yang masuk dan keluar setelah selesai penimbangan. investigasi dan informasikan tindakan ayng dilakukan,
,,,,,,,,,,Perlu di review juga kompetensi operator penimbangan terkait preparasi handling kemasan oleh WH. Informasikan dalam penyimpangan ini,
,,,,,,,,,,QA lakukan registrasi sampel mikro 1 titik utk tiap batch sebagai pendataan dan investigasi terkait rekomendasi ukuran maupun guideline. infromasikan dalam penyimpangan ini,
,,,,,,,,,,Terhadap LKJTA HG285-286 dapat dilakukan perilisan tanpa menunggu hasil mikro jika hasil pemeriksaan fisik sudah memenuhi syarat (trend Mikro 2023-2025 MS) dan tidak ada issue kualitas lainnya,
,,,,,,,,,,Terhadap LKJTA HG287 dapat dilakukan perilisan jika hasil mikro MS dan tidak ada issue kualitas lainnya,
2025,DEV-B7PLG-08-2025-0080,CLOSED,https://eqms.kalbe.co.id/e-deviation/deviation/d2770384-9594-4a9a-aa88-58d3957884b1/detail?tab=pre-investigation&tabRemediate=issue-data&tabCapa=issue-data,Unplanned,Product,Performance hasil pengemasan,LKMCB ,"HG450
HG451
",Coding nabrak redaksi dan coding luntur pada LKMCB,"Terkait produk LKMCB HG450-451 dan LKMCA HG452 yang mengalami defect coding luntur, menabrak redaksi dan miring. Lakukan runut sortir dan coding ulang, informasikan HC dan HT untuk aktivitas ini.",
,,,,,,,,,,"QA lakukan verifikasi hasil runut sortir dan coding ulang dari tim produksi, informasikan HC dan HT dalam penyimapangan ini.",
,,,,,,,,,,Produksi lakukan investigasi terkait potensial defect coding yang terjadi pada produk LKMCB/A dimesin ilapak 2-12. Infromasikan dalam penyimpangan ini,
,,,,,,,,,,"Teknik lakukan pengecekan roller foil, moving, inkjet, breakdance ilp. 2-12, dan pastikan roller tidak bengkok. Koordinasi dengan produksi untuk timeline pengecekan. Informasikan dalam penyimpangan ini",
,,,,,,,,,,QA terbitkan CAPA untuk kejadian defect coding di mesin ilapak 2-12 dengan produk LKMCA/B. Infromasikan nomor CAPA dalam penyimpangan ini,
,,,,,,,,,,"Produk LKMCA HG452 dan LKMCB HG450-451 dapat dirilis jika proses runut sortir sudah selesai, tidak ada issue kualitas lainnya.",
2025,,Drafting Disposition,https://eqms.kalbe.co.id/e-deviation/deviation/2dbe67e5-aa58-4bd2-aaaa-6233123b7faa/detail?tab=pre-investigation&tabRemediate=issue-data&tabCapa=issue-data,Planned,Procedure/documentation/data integrity,Prosedur/Spec/MA tidak sesuai,"LKMCB 
LMHGA 
LKJTA 
LKNTA 
LNKOA ",-,sachet hasil settingan sebelum IPC rutin dijadikan output,,
2025,DEV-B7PLG-08-2025-0081,CLOSED,https://eqms.kalbe.co.id/e-deviation/deviation/6781f029-63be-47bb-8b6a-6bb55e914540/detail?tab=pre-investigation&tabRemediate=issue-data&tabCapa=issue-data,Unplanned,Process,Kontaminan,LNKOA ,HG461,Adanya pengotor di hopper ilapak 9-10,QA lakukan analisa logam berat dan Mikro (jika sampel cukup) terhadap sampel pertinggal/retained sampel sebagai verifikasi terhadap produk. Lampirkan hasil pengujian dalam penyimpangan ini.,
,,,,,,,,,,"Teknik lakukan Periksa pompa jalur dan jalur pengisian Ilapak terutama pada titik-titik yang possible mengumpulkan residu (Filling Block, Conus Valve, Piston, Nozzle) terhadap mesin Ilapak 9-10, MT & ST yang terkait. Informaiskan dalam devol ini.

",
,,,,,,,,,,"Produksi informasikan detail lokasi compounding LNKOA HG458,460 dan 461 dilakukan di ruang compounding mana, cek kondisi strainer dan informasikan potensial sumber kontaminan dalam penyimpangan ini",
,,,,,,,,,,"Terkait stick vakum utk R. compounding Tetra 1,2,3 dan Silverson segera lakukan modifikasi menjadi tidak tajam/runcing. Informaiskan dalam penyimpangan ini",
,,,,,,,,,,"QA terbitkan CAPA untuk penyimpangan kontaminan berulang ini, lampirkan nomor CAPA dalam penyimpangan ini",
2025,DEV-B7PLG-08-2025-0097,CLOSED,https://eqms.kalbe.co.id/e-deviation/deviation/105356f1-8301-4ebb-8ce7-a80b6d859a89/detail?tab=pre-investigation&tabRemediate=issue-data&tabCapa=issue-data,Planned,Procedure/documentation/data integrity,Lain-lain,1. LEJSD 3 BN 2. LEJSE 4 BN 3. LEJOB 3 BN 4. LEJOD 3 BN,-,Produksi Perdana EJ sport sachet banana & orange,"Andev pastikan ke2 parameter tsb di spec Oracle di-set optional shg bisa dilakukan paralel release hanya untuk kebutuhan perilisan produk LEJSD 3 BN, LEJSE 4 BN, LEJOB 3 BN, LEJOD 3 BN. Lampirkan",
,,,,,,,,,,"Spek Alkohol dan Logam berat akan kembali dibuat mandatory setelah produk LEJSD 3 BN, LEJSE 4 BN, LEJOB 3 BN, LEJOD 3 BN sesuai penyimpangan ini dirilis. Jika butuh perubahan kembali QC perlu melakukan pendataan ulang untuk produk-produk utk operasional",
,,,,,,,,,,"Perilisan produk LEJSD 3 BN, LEJSE 4 BN, LEJOB 3 BN, LEJOD 3 BN tanpa menunggu analisa logam berat dan alkohol dapat dilakukan, pastikan hasil analisa fisik, kimia dan mikrobiologi memenuhi syarat. QC Lampirkan RAP",
,,,,,,,,,,"QA lakukan perilisan sesuai dengan penyimpangan dan MRM yang terlampir untuk produk LEJSD 3 BN, LEJSE 4 BN, LEJOB 3 BN, LEJOD 3 BN tanpa menunggu analisa logam berat dan alkohol. Buatkan Memo distribusi pada area terbatas untuk memudahkan penelusuran.",
,,,,,,,,,,"QC Pastikan analisa Logam Berat dan Alkohol tetap dilakukan dan sudah memenuhi syarat, lampirkan hasil analisa lengkap dalam penyimpangan ini.",
,,,,,,,,,,"Perilisan produk LEJSD 3 BN, LEJSE 4 BN, LEJOB 3 BN, LEJOD 3 BN dilakukan paralel tanpa report Valpro lengkap tersedia. Pastikan Valpro tetap dilakukan dan report tersedia sesuai kebutuhan dokumen mutu produk. Lampirkan report approved",
,,,,,,,,,,"Perlu dilakukan pengujian stabilita untuk produk LEJSD 3 BN, LEJSE 4 BN, LEJOB 3 BN, LEJOD 3 BN yang akan di produksi dan rilis dengan penyimpangan ini. Lampirkan protokol",
,,,,,,,,,,QA lakukan Verifikasi cleaning bets campaign & studi staging bulk pada ST juga perlu dipastikan hasilnya & diharapkan bisa mengakomodir actual bulk di staging oleh produksi. Informasikan dalam penyimpangan ini,
,,,,,,,,,,"PPIC sesuai Memo distribusi terbatas untuk produk LEJSD 3 BN, LEJSE 4 BN, LEJOB 3 BN, LEJOD 3 BN dari QA, koordinasikan dengan tim EPM dan informasikan lokasi distribusi produk tersebut dalam penyimpangan ini",
,,,,,,,,,,"Produksi lakukan proses produksi produk LEJSD 3 BN, LEJSE 4 BN, LEJOB 3 BN, LEJOD 3 BN sesuai dengan jadwal produksi dan MRM terlampir. Jika terjadi ketidaksesuaian selama proses produksi perlu dibuatkan laporan penyimpangan",
2025,DEV-B7PLG-08-2025-0089,CLOSED,https://eqms.kalbe.co.id/e-deviation/deviation/2aa69d87-90e3-4084-8191-6e11102fc4be/detail?tab=pre-investigation&tabRemediate=issue-data&tabCapa=issue-data,Unplanned,Process,Kontaminan,LKJTA ,HG292,wadah pertama RM Ginger ditemukan serangga,Terhadap RM Ginger no QC 2R/2505/0098-0 sudah dilakukan Retur dan FKM material baru ke WH agar proses dapat dilanjutkan. Lampirkan form retur dan FKM,-
,,,,,,,,,,Terkait ditemukannya serangga pada proses produksi harus diinfikan ke pihak GA secepatnya saat kejadian terjadi sehingga langsung bisa menghubungi pihak rentokil dan menginvestigasi agar tidak bias. Sosialisasikan ke Supv dan all oeprator produksi/site,
,,,,,,,,,,"Saat preparasi tidak ditemukan serangga selama proses, bisa jadi serangga masuk saat proses mobilitas atau penyimpanan di RM Staging/proses compounding. GA koordinasikan dengan tim Pest kontrol utk melakukan investigasi. Lammpirkan",
,,,,,,,,,,"Terhadap produk LKJTA HG292 tidak perlu dilakukan hold rilis karena materiak FKM baru, utk RM Ginger no QC 2R/2505/0098-0 lakukan FPP ke QC utk dicek kembali. Jika hasil pengujian RM Ginger MS, material dapat digunakan kembali",
2025,DEV-B7PLG-08-2025-0088,CLOSED,https://eqms.kalbe.co.id/e-deviation/deviation/c309aafd-25c9-4cbf-89ef-08a94bbe4420/detail?tab=pre-investigation&tabRemediate=issue-data&tabCapa=issue-data,Unplanned,Process,Kepatuhan,POSNA ,HG921,Bin POSNA HG921 ED masa pakainya,"Terhadap Bin POSNA HG921 ED masa pakainya dapat digunakan dengan catatan dilakukan pengujian mikro pada FG produk. QA lakukan pengujian tambahan, lampirkan hasil Mikro dalam penyimpangan ini",-
,,,,,,,,,,"Produksi informasikan penyebab BIN POSNA ED masa pakai, buatkan BA utk kejadian ini, berikan teguran kepada operator dan sosialisasikan agar kejadian yang sama tidak terjadi lagi.",
,,,,,,,,,,"Untuk produk POSNA HG921 lakukan FKB sampel stabilitas untuk pengujian mikrobiologi, lampirkan FKB dan protokol stabtes dalam penyimpangan ini",
,,,,,,,,,,Produk POSNA HG921 dapat dirilis jika seluruh hasil parameter sudah memenuhi syarat dan tidak ada issue kualitas lainnya (Hasil mikro MS),
2025,DEV-B7PLG-08-2025-0084,CLOSED,https://eqms.kalbe.co.id/e-deviation/deviation/d225e724-e932-4775-a9bc-43c0051e9be5/detail?tab=pre-investigation&tabRemediate=issue-data&tabCapa=issue-data,Planned,Procedure/documentation/data integrity,Kepatuhan,LEJSC,HH140 - HH143,Proses comp E jell dilakukan non heating cooling,TS buatkan lampiran proses untuk produksi LEJSC tanpa proses heating cooling dan lampirkan nomor pernyimpangan ini. Sosialisasikan dan informasikan timeline revisi PPI,-
,,,,,,,,,,"Mengacu pada hasil trial 10 BN yang dilakukan oleh TS, trial komersil sudah dilakukan dengan hasil analisa mikro sesuai spec MS sehingga dapat menjadi acuan reduce sampling Mikro. Untuk FG produk LEJSC HH140-142 lakukan pengujian FG tanpa mikro produk.",
,,,,,,,,,,Produksi informasikan aktualisasi NB produk yang dijalankan tanpa heating cooling dan lakukan proses produksi sesuai dengan lampiran proses dari tim TS,
,,,,,,,,,,Produk LEJSC HH140-142 dapat dirilis jika seluruh hasil parameter sudah memenuhi syarat,
2025,DEV-B7PLG-08-2025-0091,CLOSED,https://eqms.kalbe.co.id/e-deviation/deviation/4814353d-a3b8-407f-9c82-6891c5152fe1/detail?tab=pre-investigation&tabRemediate=issue-data&tabCapa=issue-data,Planned,Procedure/documentation/data integrity,,LBMAT ,,Adanya request marketing repack bejo 6 menjadi isi 12 sebanyak 8 bn,WH lakukan penarikan FG dari DC ke B7 sesuai jadwal repack yang dialokasikan oleh PPIC untuk mencegah penumpukan dan over kapasitas di OMC. Koordinasikan dengan PPIC dan informasikan detail proses penarikan dalam penyimpangan ini,
,,,,,,,,,,"Sesuai konfirmasi dengan tim Produksi, Repack akan dilakukan menggunakan JS 5 (kemas ilapak 5-8), lakukan koordinasi dengan teknik terkait settingan mesin Jingsung dan Temach agar proses berjalan lancar. Informasikan hasil koordinasi",
,,,,,,,,,,"Teknik lakukan change over dan setting mesin Jingsung dan Temach sesuai kebutuhan proses repack, pastikan dilakukan penyesuaian terhadap format sediaan, ukuran pack dan kecepatan mesin utk jalan semi manual",
,,,,,,,,,,"TS sudah menyiapkan recipe khusus: formula, routing, recipe dan PPI kemas baru tanpa PPI primer dan lampro repack temach. Lampirkan dalam penyimpangan ini dan sosialisasikan ke pihak terkait",
,,,,,,,,,,"Produksi lakukan line clearance sebelum dan sesudah proses untuk mencegah potensi Mix-up. Sosialisasikan dan lakukan sesuai prosedur, catat/dokumentasikan jika ada kendala diproses.",
,,,,,,,,,,Produksi minta QA Verifikasi hasil wrapping dilakukan di awal jalan untuk memastikan hasil memenuhi spesifikasi.,
,,,,,,,,,,QA Kualifikasi & Inspektor lakukan Verifikasi hasil wrapping dilakukan di awal jalan untuk memastikan hasil memenuhi spesifikasi (additional note mesin temach belum terkualifikasi). Lampirkan hasil verifikasi hasil repack.,
,,,,,,,,,,Proses repacking kemas sekunder dengan perubahan sku membutuhkan data hasil analisa QC utk perilisan. QC akan menggunakan data hasil analisa batch tsb yg sudah ada sebelumnya utk di entry ulang pada sku yg beda dgn No batch yg sama.,
,,,,,,,,,,Batch Repack dapat dirilis jika tidak ada issue kualitas lainnya dan hasil analisa QC sudah sesuai.,
,,,,,,,,,,"PPIC lakukan alokasi FG untuk pengiriman setelah proses repack selesai. Koordinasikan dengan pihak-pihak terkait, lampirkan alokasi pengiriman dan realisasi detail batch dan jumlah batch repack LBMAT dalam penyimpangan ini",
2025,DEV-B7PLG-08-2025-0098,CLOSED,https://eqms.kalbe.co.id/e-deviation/deviation/6ff45d79-8bac-46ab-9c2d-c4885292e4b9/detail?tab=pre-investigation&tabRemediate=issue-data&tabCapa=issue-data,Planned,Procedure/documentation/data integrity,,PWSNH ,"HF212
HF214","
rework sachet PWSNH umur 3 bulan",Penyimpangan Rework sachet PWSNH umur 3 bulan hanya boleh dilakukan untuk bulk mixing PWSNH HH221 saja. Infromasikan aktualisasi NB produk. Jika terdapat bulk rework umur 3 bulan yang mau digunakan perlu dibuatkan penyimpangan terencana selanjutnya.,
,,,,,,,,,,Produksi pastikan PPI dan WI handling bulk rework segera tersedia sesuai timeline FUP CC-B7PLG-06-2025-0014/05 dibulan oktober 2025.,
,,,,,,,,,,"Pastikan sebelum sachet dengan umur 3 bulan di rework, lakukan pemeriksaan Kadar Air bulk sebelum proses mixing tidak lebih dsri UCL utk kadar air. Ambil sampel 1 botol (steril) berikan ke QA (up Ibu Vena). Dokumentasikan di catatan perubahan proses PPI",
,,,,,,,,,,QC pastikan analisa bulk after mixing PWSNH (NB menyusul sesuai informasi Produksi) yang dicompounding dgn bulk rework > 3 bulan Memenuhu Syarat all parameter sebelum dilanjutkan ke proses filling. Lampirkan,
,,,,,,,,,,Produk PWSNH (NB sesuai konfirmasi Produksi) dapat dirilis jika seluruh hasil parameternya sudah memenuhi syarat (termasuk pengujian Mikro FG tambahan pengujian dari QA Deviation) dan tidak ada issue kualitas lainnya.,
,,,,,,,,,,"QA lakukan pengambilan Sampel stabilitas analisa PWSNH (NB sesuai confirm Produksi) utk analisa lengkap parameter fisik, mikro dan kimia dengan suhu TK ATB @10 pack. Lakukan pengujian sampel mikro FG juga. Lampirkan hasil analisa dan protokol stabilitas",
2025,DEV-B7PLG-08-2025-0096,CLOSED,https://eqms.kalbe.co.id/e-deviation/deviation/297ff2ae-65c2-4d9d-9667-09a245c6dbdd/detail?tab=pre-investigation&tabRemediate=issue-data&tabCapa=issue-data,Planned,Procedure/documentation/data integrity,,LEJSD dan LEJSE,-,Comp EJ Sport tidak sesuai dengan yang diregistrasikan ke BPOM,"Terkait Comp EJ Sport tidak sesuai dengan yang diregistrasikan ke BPOM, penyimpangan ini memberikan risiko yang berdampak besar terutama pada produk dan regulasi, buatkan MRM dan lampirkan MRM Approved dalam penyimpangan ini",
,,,,,,,,,,"Proses Compounding EJ Sport pada batch LEJSD HH143 dan HH145 dapat dilakukan jika MRM Approved sudah tersedia. Untuk LEJSD HH143 dan HH145 yang sudah terlanjur di cwo dengan recipe heating cooling, buatkan lampro oleh TS. Lampirkan dan sosialisasikan",
,,,,,,,,,,TS lakukan aktivasi VR recipe Non Heating Cooling agar dapat digunakan PPIC utk CWO dan proses produksi dapat berjalan dengan PPI normal tanpa Lampro,
,,,,,,,,,,Penyimpangan ini berlaku untuk produk EJ Sport (LEJSD dan LEJSE) sachet sampai proses registrasi ke BPOM selesai dilakukan. QM koordinasikan dengan RA dan dept terkait timeline registrasi EJ Sport (LEJSD dan LEJSE) dengan flow Non Heating Cooling,
,,,,,,,,,,TS siapkan data registrasi perubahan proses Major untuk LEJSD dan LEJSE termasuk juga untuk tube (E gel banana) supaya bisa segera mendapatkan persetujuan registrasi dan comply dengan aktual proses di lapangan.,
,,,,,,,,,,"QA lakukan valpro untuk EJ Sport (LEJSE) sachet terkait proses non heating cooling mulai bacth HH143 dengan recipe tanpa heating cooling, lakukan pengambilan data stabilitas. Lampirkan protokol Valpro dan Stabtest.",
,,,,,,,,,,"Terkait perilisan FG hasil valpro sudah ada penyimpangan dan MRM terpisah, perilisan FG mengacu ke MRM MRM-BD-OTS-0125-002.",
2025,DEV-B7PLG-08-2025-0103,CLOSED,https://eqms.kalbe.co.id/e-deviation/deviation/cbd817f2-e338-4989-b818-006f1a5644a9/detail?tab=pre-investigation&tabRemediate=issue-data&tabCapa=issue-data,Unplanned,Product,Kebocoran,LEJSD,HH142,Sachet line 1 LEJSD HH142 bocor diarea neck sealling,"Produksi lakukan runut dan sortir untuk produk LEJSD HH142, informasikan HC dan HT untuk aktivitas ini",
,,,,,,,,,,"QA lakukan verifikasi runut dan sortir produksi untuk produk LEJSD HH142, informasikan HC dan HT aktivitas ini",
,,,,,,,,,,Produksi koordinasi bersama teknik dan QA terkait faktor penyebab kebocoran ini karena status mesin Joyea memang belum lulus kualifikasi dan masih tahap SAT besama vendor. Informasikan dalam penyimpangan ini,
,,,,,,,,,,Teknik cek faktor mesin termausk terkait Sealing yang cepat kotor atau ada defect part mesin kritikal. Informasikan dalam penyimpangan ini,
,,,,,,,,,,TS koordinasi dengan packdev utk cek juga terkait Material (potensi Foil yang crack/delaminasi) dan Metode (Pengujian Sohnle yang overpressure/dimensi alat sohnle terlalu sempit). Informasikan dalam penyimpangan ini,
,,,,,,,,,,"QA Lakukan analisa pada kejadian ini, dan jadikan bagian dari catatan yang harus diperbaiki untuk proses PQ mesin dan Validasi Produk. Terbitkan CAPA",
,,,,,,,,,,Produk LEJSD HH142 dapat dirilis jika tidak ada issue kualitas lainnya,
2025,DEV-B7PLG-08-2025-0100,CLOSED,https://eqms.kalbe.co.id/e-deviation/deviation/b5390ff4-f647-4883-81f7-79f4e11ee2cf/detail?tab=pre-investigation&tabRemediate=issue-data&tabCapa=issue-data,Planned,Product,,LPRG1,-,Urutan scan material validasi 2 dilakukan per tahapan proses (premix),"TS buatkan lampro dengan urutan sesuai dengan kebutuhan proses dan perintah validasi 2 sesuai urutan masuk bahan dari preparasi sampai proses mixing. Lampirkan Lampro approved dalam penyimpangan ini, lakukan sosialisasi.",
,,,,,,,,,,"Penyimpangan ini sekaligus untuk trial perubahan PPI LPRG1 menyesuaikan proses validasi 2, evaluasi dan lakukan pendampingan oleh TS untuk sejumlah 5 BN produk. Informasikan dalam penyimpangan ini",
,,,,,,,,,,"Jika hasil evaluasi trial sesuai penyimapngan ini berhasil, lakukan pembuatan FUP untuk perubahan PPI dengan penyesuaian proses validasi 2 produk ruah LPRG1 dan timeline perubahan ke produk lainnya secara bertahap",
,,,,,,,,,,"Produksi lakukan juga analisa dan perbandingan proses before dan after berupa selisih LT proses, tingkat kemudahan implementasi bagi operator, serta potensi kesalahan yang tidak tercapture atau muncul akibat perubahan ini. Laporkan dan dokumentasikan",
,,,,,,,,,,"QA lakukan pendampingan untuk proses trial penyesuaian validasi 2 di produk LPRG1, laporankan detail hasil pendampingan dalam penyimpangan ini",
,,,,,,,,,,Produksi informasikan detail produk dan NB yang terdampak dari pernyesuaian proses validasi 2 dalam penyimpangan ini,
2025,DEV-B7PLG-08-2025-0102,CLOSED,https://eqms.kalbe.co.id/e-deviation/deviation/1e4a5170-5e2a-4338-a08d-d2470730779f/detail?tab=pre-investigation&tabRemediate=issue-data&tabCapa=issue-data,Unplanned,Product,Kebocoran,LKXOB ,HH576,Ditemukan adanya tube LKXOB HH576 pada line 1 sebanyak 1 tube,"Terkait Ditemukan adanya tube LKXOB HH576 pada line 1 sebanyak 1 tube, lakukan runut dan sortir. Informasikan dalam penyimpangan ini HC dan HT aktivitas tesebut",
,,,,,,,,,,"QA lakukan verifikasi runut dan sortir produksi untuk Produk LKXOB HH576, informasikan HC dan HT dalam penyimpangan ini",
,,,,,,,,,,"Produksi investigasi penyebab kebocoran Produk LKXOB HH576 ini dari sisi mesin, man dan Metode. Perlu di cek pada setting mesin dan selama proses apakah ada outlayer pd setting suhu dan pressure mesin sealing. Infrormasikan dalam devol ini",
,,,,,,,,,,Teknik cek abnormalitas pada mesin saat produksi Produk LKXOB HH576 dan informasikan dalam penyimpangan ini,
,,,,,,,,,,"QA terbitkan CAPA untuk kebocoran tube LKXOB HH576 , informasikan nomor CAPA",
,,,,,,,,,,Produk LKXOB HH576 dapat dirilis jika seluruh hasil parameter sudah memenuhu syarat dan tidak ada issue kualitas lainnya,
2025,DEV-B7PLG-08-2025-0106,CLOSED,https://eqms.kalbe.co.id/e-deviation/deviation/4aa27822-c39a-4d45-bf10-7f0351197be2/detail?tab=pre-investigation&tabRemediate=issue-data&tabCapa=issue-data,Unplanned,Product,Kebocoran,LEJSE ,HH146 ,Stickpack line 1 LEJSE HH146 bocor di area sealing vertikal body stickpack,"Produksi lakukan runut dan sortir untuk produk LEJSE HH146, informasikan HC dan HT untuk aktivitas ini",
,,,,,,,,,,"QA lakukan verifikasi runut dan sortir produksi untuk produkLEJSE HH146, informasikan HC dan HT aktivitas ini",
,,,,,,,,,,Produksi koordinasi bersama teknik dan QA terkait potensial rootcause penyebab kebocoran ini dari sisi proses. Informasikan dalam penyimpangan ini jika ditemukan abnormalitas,
,,,,,,,,,,"Teknik cek faktor mesin, potensi penyebab dari hasi review adalah kabel heater tegang dan dijadwalkan penggantian heater dengan kabel. Informasikan hasil epngecekan dalam penyimpangan ini",
,,,,,,,,,,TS koordinasi dengan packdev utk cek juga terkait Material (potensi Foil yang crack/delaminasi) dan Metode (Pengujian Sohnle yang overpressure/dimensi alat sohnle terlalu sempit). Informasikan dalam penyimpangan ini,
,,,,,,,,,,"QA Lakukan analisa pada kejadian ini, dan jadikan bagian dari catatan yang harus diperbaiki untuk proses PQ mesin dan Validasi Produk. Terbitkan CAPA",
,,,,,,,,,,Produk LEJSE HH146 dapat dirilis jika tidak ada issue kualitas lainnya,
2025,DEV-B7PLG-08-2025-0109,CLOSED,https://eqms.kalbe.co.id/e-deviation/deviation/1778dbd3-06fe-4a73-bfd3-0697cf5f41f8/detail?tab=pre-investigation&tabRemediate=issue-data&tabCapa=issue-data,Unplanned,Product,Performance hasil pengemasan,LNKKB ,HF147,ProdukLNKKB HH147 No batch sachet kena redaksi,"Terkait Produk LNKKB HH147 No batch sachet kena redaksi, produksi lakukan proses runut dan sortir. Infromasikan HC dan HT dalam penyimpangan ini",
,,,,,,,,,,QA lakukan verifikasi runut sortir yang dilakukan oleh produksi untuk Produk LNKKB HH147 No batch sachet kena redaksi. Informasikan HC dna HT dalam penyimpangan ini,
,,,,,,,,,,Produksi lakukan pre-investigasi dan informasikan penyebab potensial Produk LNKKB HH147 No batch sachet kena redaksi dalam penyimpangan ini,
,,,,,,,,,,"Teknik cek sensor eyemark dan mesin, informasikan hasil pengecekan dan abnormalitas yang terjadi dalam penyimpangan ini",
,,,,,,,,,,Produk LNKKB HH147 No batch sachet kena redaksi dapat dirilis jika semua hasil parameter sudah memenuhi syarat dan tidak ada issue kualitas lainnya,
,,,,,,,,,,QA terbitkan CAPA untuk LNKKB HH147 No batch sachet kena redaksi. Lampirkan nomor CAPA,
2025,DEV-B7PLG-08-2025-0108,CLOSED,https://eqms.kalbe.co.id/e-deviation/deviation/a7e30962-5252-442a-8004-b1085489c596/detail?tab=pre-investigation&tabRemediate=issue-data&tabCapa=issue-data,Unplanned,Product,Kebocoran,LETSB ,HH134,LETSB HH134 bocor line 1 di sealing vertikal,"Terkati produk LETSB HH134 bocor line 1 di sealing vertikal, produksi lakukan runut dan sortir untuk kejadian kebocoran ini. Informasikan HC dan HT dalam deviation ini",
,,,,,,,,,,"QA lakukan verifikasi hasil runut dan sortir LETSB HH134 bocor line 1 di sealing vertikal, infromasikan HC dan HT dalam penyimpangan ini",
,,,,,,,,,,Produksi lakukan pengecekan suhu dan tekanan serta faktor dari proses yang dapat menyebabkan LETSB HH134 bocor line 1 di sealing vertikal. informasikan dalam penyimpangan ini,
,,,,,,,,,,"Teknik lakukan pengecekan terhadap mesin untuk kasus LETSB HH134 bocor line 1 di sealing vertikal, informasikan abnormalitas dalam penyimpangan ini",
,,,,,,,,,,"QA terbitkan CAPA untuk kejadian LETSB HH134 bocor line 1 di sealing vertikal, informasikan nomor CAPA",
,,,,,,,,,,Produk LETSB HH134 bocor line 1 di sealing vertikal dapat dirilis jika seluruh hasil parameter sudah memenuhi syarat dan tidak ada issue kualitas lainnya,
2025,DEV-B7PLG-08-2025-0110,CLOSED,https://eqms.kalbe.co.id/e-deviation/deviation/c0682dd1-40c4-4c9a-bb56-f1f4955326c5/detail?tab=pre-investigation&tabRemediate=issue-data&tabCapa=issue-data,Planned,Product,,POSNA ,-,Penggantian sistem CIJ menjadi TIJ,"Trial perubahan sistem inkjet dilakukan bertahap, dimulai dengan 1 batch komersial untuk nuji coba terlebih dahulu. Produksi informasikan Produk dan NB terdampak.",-
,,,,,,,,,,"Pastikan saat trial Hasil coding harus memenuhi kriteria: jelas, terbaca, tidak blur, tidak miring, dan tahan lama (Minta Verifikasi QA saat awal jalan). Lampirkan bukti coding dan berikan sampel ATB @1 renceng sachet tiap line dan ATB @1 Pack ke QA",
,,,,,,,,,,"Lakukan stress test & pembandingan hasil coding mengunakan sistem CIJ vs TIJ, serta review histori penggunaan TIJ. Infromasikan dalam penyimpangan ini (Hasna)",
,,,,,,,,,,"Siapkan contingency plan jika terjadi coding defect, segera lakukan coding ulang dan minta verifikasi QA jika perlu.",
,,,,,,,,,,"Lakukan Evaluasi Efisiensi biaya, durasi pemakaian cartridge, after sales service, serta kecepatan produksi, lampirkan dalam penyimpangan ini",
,,,,,,,,,,"Jika hasil trial tidak efektif atau menimbulkan defect, sistem CIJ tetap dipertahankan sampai ada solusi teknis memadai. Informasikan hasil trial dalam penyimpanan ini",
,,,,,,,,,,QA akan cek hasil coding selama masa simpan ED+1 Produk sebagai pendataan dari sampel yang diberikan oleh produksi.,
2025,DEV-B7PLG-08-2025-0107,CLOSED,https://eqms.kalbe.co.id/e-deviation/deviation/73b4f73f-838c-4126-9037-c85eb2c4c8e4/detail?tab=pre-investigation&tabRemediate=issue-data&tabCapa=issue-data,Unplanned,Process,Kontaminan,LEJS1 ,HH149,ditemukan label RM di dalam bak RM maltodextrin produk LEJS1 HH149,"Terhadap ditemukannya label RM di dalam bak RM maltodextrin produk LEJS1 HH149, lakukan pemisahan label dan berikan label ke QA",-
,,,,,,,,,,Proses compounding produk LEJS1 HH149 dapat dilanjutkan dengan catatan dilakukan pengujian mikro terhadap FG produk. Lakukan registrasi uji mikro produk dan lampirkan hasil analisa dalam penyimpangan ini,
,,,,,,,,,,WH lakukan review kembali terhadap proses preparasi dan penimbangan bahan baku termasuk proses rekonsiliasi yang tidak efektif karena masih ditemukan label RM di dalam bak RM maltodextrin produk LEJS1 HH149. Informasikan dalam penyimpangan ini,
,,,,,,,,,,Produk LEJS1 HH149 dapay dirilis jika semua hasil parameter kualitas sudah memenuhi syarat dan tidak ada issue kualitas lainnya,
2025,DEV-B7PLG-09-2025-0122,CLOSED,https://eqms.kalbe.co.id/e-deviation/deviation/c132ca97-08ea-42ad-b13a-75a014460b29/detail?tab=pre-investigation&tabRemediate=issue-data&tabCapa=issue-data,Planned,Qualification and validation,,LEJSD ,"HH142, HH143, HH145, HH146,",Kualifikasi PQ Mesin Filling Pouch Joyea belum lulus,"Pada saat disposisi ini dibuat, kualifikasi mesin JOYEA sudah selesai. QA segera FU report dan label kualifikasi mesin agar dapat segera digunakan",
,,,,,,,,,,"Teknik lakukan koordinasi dengan vendor JOYEA terkait issue2 mesin, lakukan koordinasi dengan Pakdev, QA dan TS terkait issue dari foil juga. Jika memungkinkan saat vendor JOYEA ke Pulogadung pertemukan dengan vendor Panverta dijadwal selanjutnya.",
,,,,,,,,,,"TS koordinasikan dengan Packdev terkait issue foil, lakukan koordinasi dengan vendor Panverta arrange meeting bersama vendor JOYEA bila perlu terkait settingan2 mesin related to issue foil ini",
2025,DEV-B7PLG-09-2025-0121,APPROVED,https://eqms.kalbe.co.id/e-deviation/deviation/62bfe8e7-e61f-43a7-a767-23db8880b377/detail?tab=pre-investigation&tabRemediate=issue-data&tabCapa=issue-data,Planned,Procedure/documentation/data integrity,Lain-lain,LKJTA,HA092,CWO nomor batch yang sama dengan batch 2017 sehingga ED juga mengikat 2019,Penyimpangan terencana untuk Generate Nomor Batch manual oleh PPIC akibat kendala sistem yang mengikat NB tahun 2019 disetujui. PPIC informasikan nomor batch dan produk yang di generat manual dalam penyimpangan ini,
,,,,,,,,,,PPIC segera FU pembuatan dan perbaikan sistem melalui FUP ke IT. Informasikan nomor FUP dan timeline dalam penyimpangan ini,
2025,DEV-B7PLG-09-2025-0113,CLOSED,https://eqms.kalbe.co.id/e-deviation/deviation/98ddabaa-129f-4ceb-a2d3-2a92a65a67ff/detail?tab=pre-investigation&tabRemediate=issue-data&tabCapa=issue-data,Unplanned,Product,Kebocoran,LETSB ,HH135,Sealing horizontal LETSB HH135 line 5 bergelembung / tidak rapat,"Terkati produk LETSB HH135 dengan sealing tidak rapat, produksi lakukan pending dan verifikasi 3 karton untuk kejadian ini. Informasikan HC dan HT dalam deviation ini.",-
,,,,,,,,,,"QA lakukan verifikasi hasil runut dan sortir LETSB HH135, infromasikan HC dan HT dalam penyimpangan ini",
,,,,,,,,,,Produksi lakukan pengecekan suhu dan tekanan serta faktor dari proses yang dapat menyebabkan LETSB HH135 tidak terseal dengan baik yang dapat berpotensi menyebabkan kebocoran. Informasikan dalam penyimpangan ini,
,,,,,,,,,,"Teknik lakukan pengecekan terhadap mesin untuk kasus LETSB HH135 dengan kondisi sealing tidak rapat ini, informasikan abnormalitas dalam penyimpangan ini",
,,,,,,,,,,Produk LETSB HH135 dapat dirilis jika seluruh hasil parameter sudah memenuhi syarat dan tidak ada issue kualitas lainnya,
,,,,,,,,,,TS koordinasi dengan Packdev terkait kondisi produk LETSB HH135 dengan seal tidak rapat ini dari sisi kemasan dan faktor settingan mesin.,
,,,,,,,,,,Packdev informasikan faktor2 yang mempengaruhi kejadian seal tidak rapat dan potensi kebocoran dari sisi kemasan dan settingan mesin saat skala piloting,
2025,DEV-B7PLG-09-2025-0114,CLOSED,https://eqms.kalbe.co.id/e-deviation/deviation/a6f233f0-4827-43c2-89c1-503784191178/detail?tab=pre-investigation&tabRemediate=issue-data&tabCapa=issue-data,Unplanned,Product,Kebocoran,POSNA ,HH937,Ditemukan adanya sachet POSNA HH937 yang tidak gembung sempurna pada line 1,"Produksi lakukan proses runut dan sortir untuk POSNA HH937 bocor di SIG 6, informasikan HC dan HT dalam penyimapangan ini",-
,,,,,,,,,,"QA lakukan verifikasi hasil proses runut dan sortir yang dilakukan produksi, informasikan HC dan HT dalam penyimpangan ini",
,,,,,,,,,,"Produksi lakukan pre-investigasi, cek upnormalitas dari sisi mesin dan proses yang berpotensi untuk menyebabkan kebocoran. Informasikan dalam penyimpangan ini",
,,,,,,,,,,Teknik lakukan preinvestigasi cek abnormalitas dari sisi mesin dan informasikan dalam penyimpangan ini,
,,,,,,,,,,Produk POSNA HH937 dapat di rilis jika seluruh hasil parameter sudah memenuhi syarat,
2025,DEV-B7PLG-07-2025-0078,CLOSED,https://eqms.kalbe.co.id/e-deviation/deviation/d1213a6c-9d39-4c89-aad3-988bac594f96/detail?tab=pre-investigation&tabRemediate=issue-data&tabCapa=issue-data,Planned,Product,,,,Trial OPP ex Panverta yang belum ada di MPN pada batch komersial,"Terkait dengan trial OPP ex Panverta yang berlum ada di MPN pada batch komersial dapat dilakukan. TS koordinasikan dengan tim produksi, WH dan Teknik untuk aktivitas ini pastikan tim site tersosialisasi.",-
,,,,,,,,,,"Penggunaan material sample untuk trial 1 roll sementara kebutuhan 1,75 roll maka perlu ada proses administrasi retur pengembalian 1 roll opp eksisting dari prod ke WH. Lampirkan form retur dan dokumentasikan di BR.",
,,,,,,,,,,"TS lakukan pendampingan untuk trial di batch komersil, informasikan aktualisasi produk dan NB, lakukan pendataan settingan dan jumlah NC dan informasikan hasil trial dalam penyimpangan ini",
,,,,,,,,,,"Produksi lakukan proses trial ini sesuai dengan hasil sosialisasi dari TS, informasikan nomor karton mulai trial dalam catatan perubahan proses PPI, lampirkan.",
,,,,,,,,,,"
Jika hasil trial memenuhi syarat pastikan dibuatkan FUP untuk perubahan OPP ini. Sertakan timeline implementasi",
2025,DEV-B7PLG-08-2025-0111,CLOSED,https://eqms.kalbe.co.id/e-deviation/deviation/8caa5c47-09df-4a99-8131-1ffe8593dcc3/detail?tab=pre-investigation&tabRemediate=issue-data&tabCapa=issue-data,Planned,Procedure/documentation/data integrity,,LEJO1,-,Comp EJ Sport LEJO1 tidak sesuai dgn yg diregistrasikan ke BPOM,"Proses Compounding EJ Sport LEJOB & LEJOD dapat dilakukan dengan metode Non Heating Cooling, PPIC informasikan detail Nomor batch yang akan di CWO dengan lampro dan minta Lampro ke QA",-
,,,,,,,,,,"Produksi lakukan proses compounding LEJOB & LEJOD sesuai lampro, informasikan aktualisasi nomor batch dalam penyimpangan ini yang menggunakan lampro.",
,,,,,,,,,,TS lakukan aktivasi VR recipe Non Heating Cooling agar dapat digunakan PPIC utk CWO dan proses produksi dapat berjalan dengan PPI normal tanpa Lampro sesuai dengan Disposisi dan timeline FUP LEJO1. Informasikan dalam penyimapangan ini.,
,,,,,,,,,,Penyimpangan ini berlaku untuk produk EJ Sport (LEJOB & LEJOD) sachet/Pouch sampai proses registrasi ke BPOM selesai dilakukan. QM koordinasikan dengan RA dan dept terkait timeline registrasi EJ Sport (LEJOB & LEJOD) dengan flow Non Heating Cooling.,
,,,,,,,,,,TS siapkan data registrasi perubahan proses Major untuk LEJOB & LEJOD termasuk juga untuk tube (EJ Banan Orange) supaya bisa segera mendapatkan persetujuan registrasi dan comply dengan aktual proses di lapangan.,
,,,,,,,,,,Stabtest sebaiknya dilakukan pada batch worstcase (batch terakhir sebelum dilakukan cuci mesin) bila dilakukan campaign batch. QA ambil sampel stabilitas. Lampirkan Protokol,
,,,,,,,,,,QA lakukan valpro untuk EJ Sport (LEJOB & LEJOD) terkait perubahan kemasan pouch dengan proses non heating cooling setelah mesinterkualifikasi. Informasikan timeline kualifikasi mesin dalam penyimpangan ini.,
,,,,,,,,,,"Terkait perilisan FG LEJOB & LEJOD sudah ada penyimpangan dan MRM terpisah, perilisan FG mengacu ke MRM MRM-BD-OTS-0125-002.",
2025,DEV-B7PLG-09-2025-0120,CLOSED,https://eqms.kalbe.co.id/e-deviation/deviation/a22e686f-6948-4f22-b752-84885452bc6b/detail?tab=pre-investigation&tabRemediate=issue-data&tabCapa=issue-data,Unplanned,Product,Kebocoran,LEJOB ,HH029,"Pada saat kualifikasi mesin joyea ,pada produk LEJOB HH029 ditemukan sachet bocor pada line 2 di ruang filling liquid 9 pada tanggal 01 September 2025 jam 22.45","Produksi lakukan runut dan sortir untuk LEJOB HH029 Line 2 bocor, informasikan HC dan HT dalam penyimpangan ini",
,,,,,,,,,,"QA lakukan verifikasi runut sortir LEJOB HH029 Line 2 bocor yang dilakukan oleh produksi, informasikan HC dan HT dalam penyimpangan ini",
,,,,,,,,,,"Sachet bocor LEJOB HH029 Line 2 diduga karena overpressure, teknik diskusikan dengan vendor Joyea terkait perbaikan yang harus dilakukan serta lakukan optimasi settingan tekanan. Informasikan dalam penyimpangan ini",
,,,,,,,,,,"RND informasikan apakah terdapat kejadian bocor yang sama pada saat SAT, lakukan koordinasi dengan vendor foil dan informasikan dalam penyimpangan ini. Segera lakukan transtech terkait produk baru ini ke tim operasional, informasikan jadwal transtech.",
,,,,,,,,,,CAPA sudah diterbitkan dengan nomor CAPA CAPA-DEV-B7PLG-09-2025-0017. Produk LEJOB HH029 dapat dirilis jika seluruh hasil parameter sudah memenuhi syarat dan tidak ada issue kualitas lainnya,
2025,DEV-B7PLG-09-2025-0112,CLOSED,https://eqms.kalbe.co.id/e-deviation/deviation/08b15ce0-55f8-4391-a649-cd3818408461/detail?tab=pre-investigation&tabRemediate=issue-data&tabCapa=issue-data,Planned,Qualification and validation,,"(LKXOD : 6 BN, LHRBA : 13 BN, LBMAT : 8 BN, LBMAV : 7 BN, LKXPA : 4 BN) m",-,Produk jalan september di JS5 pakai temach yang belum lolos kualifikasi,"Kemas LKXOD, LHRBA, LBMAT , LBMAV , LKXPA menggunakan Mesin Temach yang belum terkualifikasi disetujui. Produksi informasikan NB aktual produk terdampak sampai mesin selesai dikualifikasi, dokumentasikan di catatan perubahan proses PPI batch terdampak.",
,,,,,,,,,,"TS buatkan Lampro untuk Proses kemas LKXOD : 6 BN, LHRBA : 13 BN, LBMAT : 8 BN, LBMAV : 7 BN, LKXPA : 4 BN (jika belum tersedia) menggunakan Mesin Temach. Sosialisasikan dan informasikan dalam penyimpangan ini",
,,,,,,,,,,"QA sediakan lampro sesuai kebutuhan PPIC dan Produksi, jika lampro untuk produk LKXOD : 6 BN, LHRBA : 13 BN, LBMAT : 8 BN, LBMAV : 7 BN, LKXPA : 4 BN yang jalan dengan Temach belum tersedia koordinasikan ke TS.",
,,,,,,,,,,Selama proses berjalan pastikan dilakukan verfiikasi oleh QA Inspektor/QA Kualifikasi untuk memastikan hasil sudah sesuai. Pastikan juga ditambahkan monitoring atau pendataan terhadap defect visual.,
,,,,,,,,,,"Teknik lakukan pendampingan dan evaluasi sebagai penambahan data jika dibutuhkan untuk Proses kemas LKXOD, LHRBA, LBMAT , LBMAV , LKXPA menggunakan Mesin Temach yang belum terkualifikasi. Informasikan dalam penyimpangan ini",
,,,,,,,,,,"Penyimpangan ini hanya berlaku untuk produk LKXOD : 6 BN, LHRBA : 13 BN, LBMAT : 8 BN, LBMAV : 7 BN, LKXPA : 4 BN selama bulan SEP-25 atau sampai setelah mesih terkualifikasi. Segera koordinasikan dengan pihak terkait agar kualifikasi segera dilakukan",
2025,DEV-B7PLG-09-2025-0125,CLOSED,https://eqms.kalbe.co.id/e-deviation/deviation/bb98aaa3-ba52-484e-892e-848881dab523/detail?tab=pre-investigation&tabRemediate=issue-data&tabCapa=issue-data,Planned,Procedure/documentation/data integrity,,LPRGQ,-,Trial komersial pack LPRGQ/Promag Herbal dg drawing baru tanpa naik kode,Penyimpangan Trial komersial pack LPRGQ/Promag Herbal dg drawing baru tanpa naik kode dapat dilakukan. TS koordinasikan dengan vendor material pack yang datang tanpa naik kode harus diberi penanda agar tidak digunakan oleh WH utk batch non trial.,
,,,,,,,,,,"Lakukan tracking dan informasikan nomor QC material pack yang akan digunakan dan alokasi BN produk trial 2 BN yang akan dilakukan. Koordinasikan dengan PPIC, WH dan Produksi. Informasikan dalam devol ini",
,,,,,,,,,,WH lakukan reservasi manual Pack Promag Herbal Trial sesuai infromasi BN dari TS. Lampirkan bukti reservasi manual tersebut,
,,,,,,,,,,"TS lakukan pendampingan 2 BN trial Pack Promag Herbal, informasikan evaluasi trial dalam devol ini jika hasil sesuai maka lanjutkan dengan FUP.",
2025,DEV-B7PLG-09-2025-0116,CLOSED,https://eqms.kalbe.co.id/e-deviation/deviation/52e03b23-ae1c-421c-ab81-bf6ed0a6b1e6/detail?tab=pre-investigation&tabRemediate=issue-data&tabCapa=issue-data,Planned,Procedure/documentation/data integrity,,LEJOD,-,proses filling mesin JOYEA campaign 3 batch,Penyimpangan terencana untuk studi proses filling LEJOD di Mesin JOYEA campagn 3 BN disetujui untuk studi selama 3 siklus (9 BN). Produksi informasikan realisasi 9 BN untuk proses ini,
,,,,,,,,,,QA Validasi lampirkan protokol studi untuk tudi proses filling LEJOD di Mesin JOYEA campagn 3 BN dan lakukan pengambilan sampel sesuai kebutuhan,
,,,,,,,,,,"Penyimpangan Studi proses filling LEJOD di Mesin JOYEA campagn 3 BN ini hanya berlaku untuk 3 siklus (9 BN) saja, implementasi campagn 3 BN dapat dilakukan jika report studi dan revisi prosedur terkait sudah tersedia. Koordinasi dengan QA",
,,,,,,,,,,QA Lakukan evaluasi Studi proses filling LEJOD di Mesin JOYEA campagn 3 BN dan lampirkan report dalam penyimpangan ini,
,,,,,,,,,,"Setiap selesai batch ke 3 Studi proses filling LEJOD di Mesin JOYEA campagn 3 BN, produksi tulis di catatan perubahan proses PPI bahwa filling dilakukan studi camapign 3 BN. Lampirkan 3 bukti foto",
,,,,,,,,,,Lakukan pengambilan sampel stabilitas batch ke 3 produk LEJOD HJ036 sesuai konfirmasi realisasi BN dari produksi. lampirkan protokol uji stabtest (parameter Mikro),
2025,DEV-B7PLG-09-2025-0126,CLOSED,https://eqms.kalbe.co.id/e-deviation/deviation/ec15d2d9-355b-41cb-9287-495c3c267919/detail?tab=pre-investigation&tabRemediate=issue-data&tabCapa=issue-data,Unplanned,Process,Kontaminan,LEJO1,HJ034,RM Dextrose diduga ada serpihan kemasan sekunder (kertas coklat),"Terkait adannya serpihan kemasan sekunder pada RM Dextrose LEJO1 HJ034 lot 2 yang sudah ditimbang, WH sudah melakukan pergantian material, FPP & RM saat ini berada di ruang staging. Lakukan penyisiran dengan menggunakan ayakan utk material tersebut.",-
,,,,,,,,,,QA lakukan pendampingan proses pengecekan material Dextrose yang diduga terdapat serpihan kertas. Informasikan dalam penyimpangan ini,
,,,,,,,,,,WH lakukan pengecekan kemasan-kemasan yang berpotensi sobek dan terbawa kedalam kemasan,
,,,,,,,,,,Jika sudah dipastikan tidak terdapat kontaminan maka material dapat digunakan sesuai hasil verifikasi tim QA dan QC terlebih dahulu melalui jalur rilis FPP,
2025,DEV-B7PLG-02-2026-0034,CLOSED,https://eqms.kalbe.co.id/e-deviation/deviation/773ca302-d5a8-4ec3-97c7-b2b304ccab59/detail?tab=pre-investigation&tabRemediate=issue-data&tabCapa=issue-data,Planned,Product,,LETSB ,-,Trial foil untuk cek kebocoran filling LETSB,"Trial foil untuk cek kebocoran filling LETSB disetujui untuk dilakukan, lampirkan Protokol dan koordinasikan dengan QA utk sekaligus trial produk lainnya yang berissue serta sampling plan dan acuan jalan proses. Lampirkan dalam penyimpangan ini",
,,,,,,,,,,Teknik lakukan Trial foil untuk cek kebocoran filling LETSB sesuai pendampingan dan protokol dari TS. Informasikan settingan dan kendala selama trial,
,,,,,,,,,,"Hasil trial tidak boleh dijadikan output, informasikan detail nomor batch terdampak dan report Trial dalam penyimpangan ini",
2025,DEV-B7PLG-09-2025-0128,CLOSED,https://eqms.kalbe.co.id/e-deviation/deviation/a4d24daf-f13f-4c7b-a58e-7155749ed527/detail?tab=pre-investigation&tabRemediate=issue-data&tabCapa=issue-data,Planned,Product,,LBMAV,HJ558,Proses wrapping menggunakan OPP ukuran 190 mm,"Terkait penyimpangan terencana Proses wrapping LBMAV HJ558 menggunakan OPP ukuran 190 mm (standar 205 mm) dapat dilakukan, pastikan trial dilakukan di awal batch jika menghambat proses produksi segera hentikan trial dan kembali ke 205 mm",
,,,,,,,,,,"Produksi informasikan aktualisasi Produk dan BN, minta verifikasi QA pada awal jalan proses trial, catat pada catatan perubahan proses PPI. Lampirkan dalam devol ini",
,,,,,,,,,,"Apabila trial dengan OPP 190 mm gagal dan kembali ke 205 mm, teknik informasikan perbaikan yang dilakukan untuk optimasi mesih temach sehinggal bisa mencapai target kualifikasi yang diinginkan.",
2025,DEV-B7PLG-09-2025-0130,CLOSED,https://eqms.kalbe.co.id/e-deviation/deviation/1d6c69c6-fae2-48ec-ba3e-d5ec2c791aa8/detail?tab=pre-investigation&tabRemediate=issue-data&tabCapa=issue-data,Planned,Procedure/documentation/data integrity,,LBMAV ,-,LBMAV jalan Produksi Manual di Ilapak 11,Penyimpangan terkait proses LBMAV jalan Produksi Manual di Ilapak 11 untuk 7 BN produk disetuju (telampir juga email konfirmasi dari tim marketing). TS buatkan lampro terkait proses ini sosialisasikan ke pihak terkait,
,,,,,,,,,,"PPIC lakukan sosialisasi ke pihak terkait termasuk produksi dan marketing, informasikan aktualisasi NB terdampak dari proses LBMAV jalan Produksi Manual di Ilapak 11",
,,,,,,,,,,"Produksi lakukan perhitungan cost dan konsolidasi ke tim costing finance akibat dari proses LBMAV jalan Produksi Manual di Ilapak 11, informasikan dalam penyimpangan ini",
,,,,,,,,,,Produksi minta verifikasi QA tekait hasil kemas produk LBMAV jalan Produksi Manual di Ilapak 11 pada saat awal jalan agar standar penerimaan memenuhi syarat. Catat di catatan perubahan proses PPI.,
,,,,,,,,,,"QA lakukan verifikasi setiap awal, tengah, akhir atau sesuai kebutuhan dan jadwal inspeksi rutin terkait perubahan proses LBMAV jalan Produksi Manual di Ilapak 11, untuk memastikan hasil kemas dengan selotipe memenuhi syarat. Informasikan dalam devol ini.",
2025,DEV-B7PLG-09-2025-0133,CLOSED,https://eqms.kalbe.co.id/e-deviation/deviation/9b992481-5956-45b8-aa11-9e008888ff7e/detail?tab=pre-investigation&tabRemediate=issue-data&tabCapa=issue-data,Unplanned,Product,Kebocoran,LKMCA ,HJ516,Sachet LKMCA HJ516 line 1 bocor mesin ilapak 10,"Terkait produk LKMCA HJ516 Line 1 bocor pada mesil ilapak 10 , produksi lakukan proses runut dan sortir. Informasikan HC dan HT aktivitas ini dalam penyimpangan",
,,,,,,,,,,"QA lakukan verifikasi runut dan sortir untuk CA HJ516 Line 1 bocor pada mesil ilapak 10, informasikan HC dan HT dalam penyimpangan",
,,,,,,,,,,Produksi lakukan investigasi dan informasikan potensial penyebab terjadinya kebocoran tersebut dalam penyimpangan ini,
,,,,,,,,,,Teknik lakukan pengecekan pada mesin terutama alarm suhu karena terdapat drop suhu sealing dari 190 DC ke 175 DC dengan kondisi alarm menyala tanpa mesin mati. Informasikan perbaikan yang dilakukan dan hasil pengecekan.,
,,,,,,,,,,Produk LKMCA HJ516 dapat dirilis jika hasil parameter lainnya sudah memenuhi syarat dan tidak ada issue kualitas yang muncul.,
2025,DEV-B7PLG-09-2025-0131,Cancel,https://eqms.kalbe.co.id/e-deviation/deviation/b6e441d1-1422-4664-906c-6a30155bbc2b/detail?tab=pre-investigation&tabRemediate=issue-data&tabCapa=issue-data,Unplanned,Procedure/documentation/data integrity,,LBMAV ,-,Job supply bejo isi 12 sebanyak 6 bets,,
2025,DEV-B7PLG-10-2025-0142,CLOSED,https://eqms.kalbe.co.id/e-deviation/deviation/665968e1-172f-4c52-85cc-3d55bed2dd9b/detail?tab=pre-investigation&tabRemediate=issue-data&tabCapa=issue-data,Unplanned,Process,Kepatuhan,LNKOA,-,Pemakaian ST tanpa CM normal kembali,"Terhadap Pemakaian ST tanpa CM normal kembali utn ST3 after trial, berikan teguran ke operator produksi dan tanyakan penyebab kejadian ini. Pastikan hal yang sama tidak terjadi lagi.",-
,,,,,,,,,,Terhadap produk terdampak LNKKB HJ153 lakukan pengambilan sampel dan berikan ke QA untuk dilakukan analisa,
,,,,,,,,,,"QA lakukan registrasi sampel LNKKB HJ153 akibat penyimpangan Pemakaian ST tanpa CM normal kembali utk ST3 after trial ke QC, lampirkan dokumentasi registrasi sampel",
,,,,,,,,,,"QC lakukan pengujian mikro untuk LNKKB HJ153 akibat penyimpangan Pemakaian ST tanpa CM normal kembali utk ST3 after trial, lampirkan hasil uji dalam penyimpangan ini",
,,,,,,,,,,Produk LNKKB HJ153 akibat penyimpangan Pemakaian ST tanpa CM normal kembali utk ST3 after trial dapat dirilis jika seluruh hasil parameter sudah memenuhi syarat dan tidak ada issue kualitas lainnya,
,,,,,,,,,,Produksi segera lakukan cuci mesin dengan metode eksisting setelah pengguaan ST3 after tial dan proses produk LNKKB HJ153. Informasikan dalam penyimpangan ini,
2025,DEV-B7PLG-09-2025-0135,CLOSED,https://eqms.kalbe.co.id/e-deviation/deviation/22a5092e-9bcc-41de-9d8e-fdf89612bdb2/detail?tab=pre-investigation&tabRemediate=issue-data&tabCapa=issue-data,Unplanned,Procedure/documentation/data integrity,Kepatuhan,LKMCA ,HJ531,Label non dispense foil LKMCA HJ531 yang tertempel di PPI tidak sesuai,"Terkait penyimpangan Label non dispense foil LKMCA HJ531 yang tertempel di PPI tidak sesuai, segera lakukan tukar guling untuk foil LKMCA HJ532 dan catat di catatan perubahan proses PPI. Lampirkan dalam devol ini",-
,,,,,,,,,,Berikan teguran kepada opr dan sosialisasikan kepada seluruh operator terkait agar maindfullness menggunakan material sesuai peruntukan batchnya,
,,,,,,,,,,"Lakukan pengecekan kondisi alufoil LKMCA HJ531 yang ada di koridor, dalam kondisi utuh dan jumlah sesuai. Informasikan dalam penyimpangan ini",
2025,DEV-B7PLG-09-2025-0136,CLOSED,https://eqms.kalbe.co.id/e-deviation/deviation/aa32b1da-df6f-46e7-977d-2937b50eed4e/detail?tab=pre-investigation&tabRemediate=issue-data&tabCapa=issue-data,Unplanned,Product,Kebocoran,POSNA ,HJ956,POSNA HJ956 sachet line 1 bocor sealing horixontal,"Terkait produk POSNA HJ956 Line 1 dan 4 lakukan proses runut dan sortir, informasikan HT dan HC dalam penyimpangan ini",
,,,,,,,,,,"QA lakukan verifikasi hasil runut sortir untuk POSNA HJ956 Line 1 dan 4 , informasikan dalam penyimpangan ini HT dna HC",
,,,,,,,,,,"Produksi lakukan investigasi terkait kebocoran POSNA HJ956 Line 1 dan 4, cek dan informasikan detail abnormalitas pada proses dan settingan yang menyebabkan kebocoran ini",
,,,,,,,,,,"Teknik lakukan pengecekan pada mesin, amati performa bantalan dan pisau potong horizontal, lakukan penggantian bila perlu. Evaluasi efektifitas CAPA SIG yang sudah pernah dilakukan sebelumnya",
,,,,,,,,,,"
Produk POSNA HJ956 Line 1 dan 4 dapat dirilis jika runut sortir sudah selesai dan tidak ada issue kualitas lainnya.",
,,,,,,,,,,"Terbitkan CAPA Produk POSNA HJ956 Line 1 dan 4, informasikan nomor CAPA",
2025,DEV-B7PLG-09-2025-0138,CLOSED,https://eqms.kalbe.co.id/e-deviation/deviation/80865453-6e1f-4a0c-a490-414b251028ed/detail?tab=pre-investigation&tabRemediate=issue-data&tabCapa=issue-data,Unplanned,Product,Kebocoran,LBMAV, HJ557,Sachet line 1 LBMAV HJ557 bocor saat cek kebocoran sohnle,"Terkait Sachet line 1 LBMAV HJ577 bocor lakukan proses runut dan sortir, informasikan HT dan HC dalam penyimpangan ini",
,,,,,,,,,,"QA lakukan verifikasi hasil runut sortir untuk Sachet line 1 LBMAV HJ577, informasikan dalam penyimpangan ini HT dna HC",
,,,,,,,,,,"Produksi lakukan investigasi terkait kebocoran Sachet line 1 LBMAV HJ577, cek dan informasikan detail abnormalitas pada proses dan settingan serta faktor man yang menyebabkan kebocoran ini",
,,,,,,,,,,"Teknik lakukan pengecekan pada mesin, informasikan apabila ada abnormalitas dan perbaikan yang dilakukan",
,,,,,,,,,,Produk LBMAV HJ577dapat dirilis jika runut sortir sudah selesai dan tidak ada issue kualitas lainnya.,
2025,DEV-B7PLG-10-2025-0140,CLOSED,https://eqms.kalbe.co.id/e-deviation/deviation/2e25be54-7de8-4569-92db-de6fc4a81d66/detail?tab=pre-investigation&tabRemediate=issue-data&tabCapa=issue-data,Planned,Product,,"LBXT1, LMHG1, LPRG3",-,Trial Komersil Foeniculi Pasterisasi Ex. NSP,"Trial Komersil Foeniculi Pasterisasi Ex. NSP pdl LBXT1, LPRG3 & LMHG1 (3 batch) serta Herbasip bila ada jadwal produksi dpt dilakukan hanya untuk batch sesuai penyimpangan. Koordinasikan dgn PPIC utk alokasi jadwal dan Informasikan aktualisasi NB produk",
,,,,,,,,,,CPRO lakukan PO 40 kg material Trial Komersil Foeniculi Pasterisasi Ex. NSP sesuai informasi dari tim QM dan TS. Informasikan ETA dan lampirkan PO,
,,,,,,,,,,"TS lakukan studi stabilitas produk jadi, studi in use material (bandingkan dgn material eksisting) & koordinasikan ke Vendor utk lakukan pengamatan stabilitas pd extract utk melihat kualitas extract s.d ED +1 . Lampirkan protokol dan koodinasi ke CPRO",
,,,,,,,,,,"Evaluasi trial dan Trial komersil Foeniculi Pasteurisasi dapat dilanjutkan dengan FUP jika syarat seluruh data uji mutu, mikrobiologi, stabilitas, serta studi in use dikumpulkan, dievaluasi serta MS. Informasikan dan lampirkan menjadi data pendukugn FUP",
,,,,,,,,,,QC lakukan pengujian terkait Trial Komersil Foeniculi Pasterisasi Ex. NSP sesuai dengan protokol sampling dan pengujian dari TS. Informasikan dalam penyimpangan ini,
,,,,,,,,,,"Produk LBXT1, LPRG3 & LMHG1 (3 batch) serta pada Herbasip sesuai informasi TS dan PPIC dapat dirilis jika semua parameter mikro sudah MS dan utk QOTR dapat tetap dijalankan apabila ada kebutuhan utk pelulusan pararel.",
2025,DEV-B7PLG-10-2025-0139,CLOSED,https://eqms.kalbe.co.id/e-deviation/deviation/e23365ee-1cff-4347-91cd-adb5606c8536/detail?tab=pre-investigation&tabRemediate=issue-data&tabCapa=issue-data,Planned,Product,,LWPGA,-,Penyesuaian jumlah line IPC bobot pada PPI LWPGA&frekuensi IPC kebocoran,"Terkait penyimpangan terencana Penyesuaian jumlah line IPC bobot pada PPI LWPGA & frekuensi IPC kebocoran disetujui, TS buatkan Lampro untuk aktifitas ini sosialisasikan ke pihak terkait.",
,,,,,,,,,,Lampro hanya boleh digunakan sampai Mid Oktober sesuai timeline PPI update oleh TS. TS lakukan update PPI dan lampirkan dalam penyimpangan ini,
,,,,,,,,,,PPIC lakukan CWO setelah lampro TS terkait penyimpangan Penyesuaian jumlah line IPC bobot pada PPI LWPGA & frekuensi IPC kebocoran. Infromasikan Nomor Batch terdampak,
,,,,,,,,,,"Produksi lakukan proses IPC Bobot sesuai lampro dari TS, pastikan lampro dipahami dan dilakukan sesuai prosedur",
2025,DEV-B7PLG-10-2025-0145,CLOSED,https://eqms.kalbe.co.id/e-deviation/deviation/c4c4d8ac-d392-42f8-a533-5fe279fc3766/detail?tab=pre-investigation&tabRemediate=issue-data&tabCapa=issue-data,Unplanned,Process,Lain-lain,LKXPA ,HJ069,Ruang filling 7-8 ada bau saat mau filling LKXPA HJ069,"Terhadap Ruang filling 7-8 ada bau saat mau filling LKXPA HJ069, sudah dilakukan pengecekan tim pest tidak ditemukan jejak hama/binatang. Teknik Lakukan pemeriksaan mesin, Grease & part2 lainnya, lampirkan bukti pengecekan dan informasikan dlm devol ini",
,,,,,,,,,,"Teknik terkait penyimpangan Ruang filling 7-8 ada bau saat mau filling LKXPA HJ069 lakukan pengecekan juga terhadap AHU beserta jalur-jalurnya, serta jalur drain yang ada di ruangan & CA. Lampirkan bukti pengecekan & informasikan dalam penyimpangan ini",
,,,,,,,,,,Produksi koordinasikan dengan teknik utk waktu pengecekan mesin dan AHU terhadap ruangan terdampak. Pastikan pengecekan dilakukan didiperoleh sumber bau. Informasikan dalam penyimpangan ini,
,,,,,,,,,,QA Lakukan pengecekan terhadap produk HJ069 secara sensory/bau koordinasikan dengan TS. Lampirkan,
,,,,,,,,,,"Produksi segera lakukan pembersihan/sanitasi ruangan dan pencucian mesin, minta verifikasi QA setelah proses pembersihan terkait Ruang filling 7-8 ada bau saat mau filling LKXPA HJ069.",
,,,,,,,,,,"QA Inspektor lakukan verifikasi bau ruangan pada saat awal, tengah dan akhir proses produksi berjalan setelah ruangan dan mesin dilakukan sanitasi. Informasikan dan lampirkan bukti verifikasi dalam penyimpangan ini",
2025,DEV-B7PLG-10-2025-0146,CLOSED,https://eqms.kalbe.co.id/e-deviation/deviation/a769c3af-c65b-42a5-8d2f-45cb302cc659/detail?tab=pre-investigation&tabRemediate=issue-data&tabCapa=issue-data,Planned,Procedure/documentation/data integrity,,LBMAV ,-,LBMAV jalan Produksi Manual di Ilapak 11,Penyimpangan terkait proses LBMAV jalan Produksi Manual di Ilapak 11 untuk 8 BN produk disetuju. TS buatkan lampro terkait proses ini sosialisasikan ke pihak terkait sesuaikan nomor penyimpangan.,
,,,,,,,,,,"PPIC lakukan sosialisasi ke pihak terkait termasuk produksi, informasikan aktualisasi NB terdampak dari proses LBMAV jalan Produksi Manual di Ilapak 11.",
,,,,,,,,,,"Produksi lakukan perhitungan cost dan konsolidasi ke tim costing finance akibat dari proses LBMAV jalan Produksi Manual di Ilapak 11, informasikan dalam penyimpangan ini",
,,,,,,,,,,Produksi minta verifikasi QA tekait hasil kemas produk LBMAV jalan Produksi Manual di Ilapak 11 pada saat awal jalan agar standar penerimaan memenuhi syarat. Catat di catatan perubahan proses PPI.,
,,,,,,,,,,"QA lakukan verifikasi setiap awal, tengah, akhir atau sesuai kebutuhan dan jadwal inspeksi rutin terkait perubahan proses LBMAV jalan Produksi Manual di Ilapak 11, untuk memastikan hasil kemas dengan selotipe memenuhi syarat. Informasikan dalam devol ini.",
2025,DEV-B7PLG-10-2025-0144,CLOSED,https://eqms.kalbe.co.id/e-deviation/deviation/401f3c47-2095-48ed-ab7b-5c5d2f7aefa0/detail?tab=pre-investigation&tabRemediate=issue-data&tabCapa=issue-data,Planned,Equipment/machine/instrument,,-,-,Penggunaan ink jet CIJ menjadi TIJ di SIG 5 selama bulan Oktober 2025,"Penggunaan Inkjet TIJ utk proses produksi selama bulan Okt-25 di SIG 5 disetujui. penyimpangan ini hanya berlaku utk mesin SIG 5 di Bulan Okt. Lakukan evaluasi terkait flow proses pengumpulan Inkjet, setting, dan penghematan yang diperoleh",
,,,,,,,,,,"Lakukan training kepada operator terkait penggunaan Inkjet TIJ, lampirkan daftar hadir sosialisasi dan materi",
,,,,,,,,,,Lakukan dokumentasi semua kejadian breakdown/kendala proses akibat penggunaan Inkjet TIJ sebagai bahan evaluasi dan lampirkan dalam penyimpangan ini,
,,,,,,,,,,"Jika sudah akan diputuskan untuk implementasi penggunaan Inkjet TIJ, implementasi perubahan dapat dilakukan jika FUP sudah diajukan dan disposisi. Buatkan FUP jika hasil trial TIJ sudah oke.",
2025,DEV-B7PLG-10-2025-0148,CLOSED,https://eqms.kalbe.co.id/e-deviation/deviation/5cf5f69f-22d1-4180-8c3a-1a525913b00f/detail?tab=pre-investigation&tabRemediate=issue-data&tabCapa=issue-data,Planned,Procedure/documentation/data integrity,,LEJS1 dan LEJO1,-,Campaign proses filling bulk LEJS1 dan LEJO1 dimesin Joyea,Studi Campaign proses filling bulk LEJS1 dan LEJO1 dimesin Joyea sebanyak 5 batch/3 hari dapat dilakukan. Hitungan hari berdasarkan waktu 24 Jam dari waktu filling. Produksi informasikan nomor batch produk terdampak dalam penyimpangan ini,
,,,,,,,,,,Lakukan pengambilan sampel produk sebelum CM ATB sebanyak 1 sachet per line. Berikan ke QA (up Ibu Vena). Informasikan NB,
,,,,,,,,,,Segera lakukan pencucian setelah waktu trial 5 BN/ 3 hari selesai (mana yang lebih dulu). Informasikan waktu pencucian dalam devol ini lampirkan logbook,
,,,,,,,,,,Lakukan pengambilan sampel ATB sebanyak 1 sachet per line untuk produk setelah CM after trial Studi Campaign proses filling bulk LEJS1 dan LEJO1 dimesin Joyea sebanyak 5 batch/3 hari Berikan ke QA (up FVL) informasikan NB,
,,,,,,,,,,"QA Validasi lakukan pengembilan sampel bilasan/swab sesuai keutuhan studi, informasikan sampling plan dalam penyimpangan ini",
,,,,,,,,,,"Lakukan verifikasi after CM setelah trial Studi Campaign proses filling bulk LEJS1 dan LEJO1 dimesin Joyea sebanyak 5 batch/3 hari , mesin dapat dipakai jika verifikasi QA MS",
,,,,,,,,,,QC lakukan analisa mikro untuk sampel yang di registrasikan QA terkait Studi Campaign proses filling bulk LEJS1 dan LEJO1 dimesin Joyea sebanyak 5 batch/3 hari. Lamoirkan hasil analisa,
,,,,,,,,,,"Penyimpangan ini berlaku untuk 3 siklus trial/sesuai kebutuhan namun tidak lebih dari 3 siklus. Segera lakukan evaluasi dan buatkan FUP. Jika FUP belum disposisi , proses jalan dengan dibuatkan devol kembali. Lampirkan report trial dan evaluasi",
,,,,,,,,,,Produk dengan nomor batch terkait sesuai informasi produksi dari hasil trial Studi Campaign proses filling bulk LEJS1 dan LEJO1 dimesin Joyea sebanyak 5 batch/3 hari dapat di rilis jika seluruh hasil parameter + Mikro sudah memenuhi syarat.,
2025,DEV-B7PLG-10-2025-0150,CLOSED,https://eqms.kalbe.co.id/e-deviation/deviation/cd3d8237-4da3-42fc-969d-f6793dad34cf/detail?tab=pre-investigation&tabRemediate=issue-data&tabCapa=issue-data,Unplanned,Product,Kebocoran,POSNA ,HJ964,Adanya kebocoran produk POSNA HJ964 di line 4 & 5,Terkait kebocoran POSNA HJ964 pada SIG 5 line 4 dan 5 produksi lakukan runut dan sortir untuk kebocoran ini. Informasikan HC dan HT dalam penyimpangan ini,
,,,,,,,,,,"QA lakukan verifikasi runut sortir untuk kebocoran POSNA HJ964 pada SIG 5 line 4 dan 5, informasikan HC dan HT dalam penyimpangan ini.",
,,,,,,,,,,"Produksi informasikan settingan yang dilakukan dan potensi penyebab terjadinya kebocoran POSNA HJ964 pada SIG 5 line 4 dan , lakukan investigasi dan informasikan dalam penyimpangan ini",
,,,,,,,,,,"Teknik lakukan investigasi pada mesin, informasikan setting yang dilakukan dan potensi terjadinya kebocoran POSNAHJ964 pada SIG 5 line 4 dan dalam penyimpangan ini",
,,,,,,,,,,"TS lakukan pengecekan terkait adanya issue foil yang bermasalah mengenai kebocoran POSNA HJ964 pada SIG 5 line 4, informasikan dalam penyimpangan ini",
,,,,,,,,,,Produk POSNA HJ964 dapat dirilis jika seluruh hasil parameter sudah memenuhi syarat,
,,,,,,,,,,QA terbitkan CAPA untuk kebocoran POSNA HJ964 pada SIG 5 line 4 dan 5,
2025,DEV-B7PLG-10-2025-0152,CLOSED,https://eqms.kalbe.co.id/e-deviation/deviation/ade40dd7-2a36-457a-b567-5ac514f0a5fe/detail?tab=deviation-data&tabRemediate=issue-data&tabCapa=issue-data,Planned,Procedure/documentation/data integrity,,-,-,"
Penyimpangan Penggunaan Kemasan Bejo","Keputusan penyimpangan ini dapat dilakukan sesuai disposisi MRM. Marketing buatkan MRM terkait penyimpangan grace periode penggunaan kemasan lama Bejo Herbal (Lampirkan cut off kemasan, jumlah batch dll). Lampirkan MRM Approved sampai Presdir.",
,,,,,,,,,,"Jika MRM Approved PPIC hitung dan koordinasikan dengan marketing, Produksi, WH, Quality terkait cutt off dan alokasi NB yang akan menggunakan kemasan lama dengan MRM tersebut. Informasikan dalam penyimpangan ini",
,,,,,,,,,,QA lakukan perilisan produk bejo yang diproduksi dengan kemasan lama > tanggal 24 oktober 2025 sesuai hasil pemeriksaan dan pastikan dialokasi ke area fastmoving. Buatkan Memo dan lampirkan,
,,,,,,,,,,"Warehouse lakukan supply PM sesuai disposisi MRM dan hasil koordinasi PPIC terkait penggunaan Kemasa Lama Bejo Herbal > 24 Oktober 2025, lakukan support reservasi manual jika diperlukan. Informasikan dalam penyimpangan ini",
2025,DEV-B7PLG-10-2025-0151,CLOSED,https://eqms.kalbe.co.id/e-deviation/deviation/39d0cce5-fc3e-42c6-bcf4-277d5dbe3ab4/detail?tab=pre-investigation&tabRemediate=issue-data&tabCapa=issue-data,Planned,Procedure/documentation/data integrity,,LEJSD 4 Bn LEJOD 3 Bn LEJOB 3 Bn,-,Release sachet fast,"Terkait perilisan untuk batch: LEJSD 4 Bn LEJOD 3 Bn LEJOB 3 Bn tanpa menunggu hasil analisa alkohol dan logam berat dpt dilakukan. Pastikan analisa Mikro tetap dilakukan, lampirkan hasil analisa mikro tiap batch dan trend analisa logam berat+Alkohol",
,,,,,,,,,,"Produk LEJSD 4 Bn LEJOD 3 Bn LEJOB 3 Bn dapat dirilis jika hasil pemeriksaan parameter fisik, RSD zat aktif sesuai perysaratan valpro dan mikro sudah tersedia dan Memenuhi syarat",
,,,,,,,,,,Lampirkan report Produk LEJSD 4 Bn LEJOD 3 Bn LEJOB 3 Bn lengkap dengan hasil analisa logam berat dan alkohol dalam penyimpangan ini jika sudah selesai.,
2025,DEV-B7PLG-10-2025-0153,CLOSED,https://eqms.kalbe.co.id/e-deviation/deviation/6cd2248e-d8ff-4e30-a036-b84e682ccf01/detail?tab=pre-investigation&tabRemediate=issue-data&tabCapa=issue-data,Unplanned,Product,Kebocoran,LWPGA ,HJ016,Sachet line 6 LWPGA HJ016 bocor di bagian sealing horizontal,"Terhadap Sachet line 6 LWPGA HJ016 bocor lakukan runut dan sortir, informasikan HC dan HT dalam penyimpangan ini",
,,,,,,,,,,"QA Lakukan verifikasi Sachet line 6 LWPGA HJ016 yang bocor dari hasil runut sortir produksi, informasikan HC dan HT dalam penyimpangan ini",
,,,,,,,,,,"Produksi lakukan investigasi, koordinasikan juga dengan teknik terkait optimasi penggunaan selaing ruster yang baru dipasang agar dapat ditemukan settingan optimal sehingga kebocoran ini tidak terjadi lagi. Informasikan planning trial",
,,,,,,,,,,Teknik lakukan investigasi pada mesin dan informasikan faktor2 terkait yang mempengaruhi kebocoran dan rendemen < 90%. Koordinasikan dengan PPIC dan Produksi jika butuh trial optimasi.,
,,,,,,,,,,"Produk LWPGA HJ016 dapat dirilis jika seluruh hasil parameter sudah memenuhi syarat, tidak ada issue kualitas lainnya.",
,,,,,,,,,,QA buatkan CAPA untuk kasus LWPGA HJ016 bocor. Lampirkan nomor CAPA.,
2025,DEV-B7PLG-10-2025-0155,CLOSED,https://eqms.kalbe.co.id/e-deviation/deviation/8ce3134f-01eb-4f20-9f8e-7ada69ee7106/detail?tab=pre-investigation&tabRemediate=issue-data&tabCapa=issue-data,Unplanned,Process,Lain-lain,-,-,"Terdapat bau menyengat diruangan filling Ilapak 11, Joyea dan Unifill B","GA lakukan follow up ke pihak pest control (Rentokill) untuk investigasi bau, lampirkan laporan bukti laporan investigasi pada penyimpangan ini",
,,,,,,,,,,"Utiliy ENG perlu lakukan investigasi dan pengecekan pada sistem penunjang pada yang supply ke ruangan/mesin tersebut, misal AHU & CA, lampirkan hasil investigasi",
,,,,,,,,,,TS mengambil sample untuk dilakukan sensory test pengaruh bau tersebut ke kualitas produk yang terdampak. Lampirkan hasil sensory test,
,,,,,,,,,,Produksi pastikan syarat DPG ruangan memenuhi persyaratan sebelum proses berlangsung . Lmapirkan dan informasikan dalam penyimpangan ini,
,,,,,,,,,,"QA lakukan pengecekan DPG, air flow serta verifikasi pada produk terdampak yang sedang berjalan dengan melakukan verifikasi pada atas, tengah, dan bawah. Lampirkan hasil verifikasi DPG, air flow, dan verifikasi produk",
2025,DEV-B7PLG-10-2025-0157,CLOSED,https://eqms.kalbe.co.id/e-deviation/deviation/e294be10-f185-42f8-82e5-5188ae74863d/detail?tab=pre-investigation&tabRemediate=issue-data&tabCapa=issue-data,Planned,Procedure/documentation/data integrity,,LBMAV ,HK593,Optimasi temach dengan OPP ukuran 198 mm pada LBMAV HK593,"Penyimpangan terencana terkait Optimasi temach dengan OPP ukuran 198 mm disetujui hanya utk Produk LBMAV HK593. Koordinasi dengan Teknik, QA dan TS utk trial ini. Minta verifikasi QA saat awal jalan, trial boleh lanjut jika hasil verifikasi QA OK",
,,,,,,,,,,"QA lakukan verifikasi Proses ATB untuk trial OPP ukuran 198 mm pada LBMAV HK593, pastikan hanya produk dengan hasil wrapping OK yang jadi output. Informasikan dan dokumentasikan hasil verifikasi",
,,,,,,,,,,"Jika terjadi GT dan hasil optimasi NOK, Teknik segera lakukan pegantian dengan OPP eksisting (205 mm). Infromasikan dalam penyimpangan ini",
,,,,,,,,,,"TS siapkan kebutuhan OPP sesuai PMFR utk wrapping LBMAV HK593, lakukan pendampingan trial dan informasikan dalam penyimpangan ini",
2025,DEV-B7PLG-10-2025-0162,CLOSED,https://eqms.kalbe.co.id/e-deviation/deviation/4a0f4263-3028-4b08-8add-4727cf50229e/detail?tab=pre-investigation&tabRemediate=issue-data&tabCapa=issue-data,Planned,Procedure/documentation/data integrity,,-,-,Trial gasket Sinogreen di Ilapak 11 dan 9,"Trial Gasket Sinogreen di Ilapak 11 dan 9 disetujui untuk dilakukan sesuai protokol terlampir. Teknik pastikan MSDS/ CoA / material/ dimensi dari Gasket Sinogreen = Gasket SKF. Lampirkan MSDS, Spek, foodgrade certificate dan dokumen PO kedua gasket",
,,,,,,,,,,"Produksi lakukan sosialisasi ke Operator Ilaoak 11 dan 9 terkait trial ini, pastikan semua settingan pada mesin akibat trial Gasket Sinogreen ini di catat",
,,,,,,,,,,"Teknik lakukan evaluasi terhadap trial ini mulai dari usia pakai, kejadian kebocoran, kejadian GT dan kesusahan implementasi. Lampirkan protokol",
,,,,,,,,,,"Jika trial berhasil dan Gasket Sinogreen akan digunakan, buatkan FUP dan SMI. Implementasi dapat dilakukan jika FUP dan SMI sudah disposisi",
2025,DEV-B7PLG-10-2025-0161,CLOSED,https://eqms.kalbe.co.id/e-deviation/deviation/881f4f97-d354-450a-aeb4-dce2487f01fa/detail?tab=pre-investigation&tabRemediate=issue-data&tabCapa=issue-data,Unplanned,Qualification and validation,Kebocoran,LNKKB ,HK157,Adanya kebocoran pada produk LNKKB HK157 line 6,"Terhadap kebocoran LNKKB HK157 line 6 area sealing horizontal, produksi lakukan proses runut dan sortir utk produk dan lampirkan perhitungan HC dan HT dalam penyimpangan ini",
,,,,,,,,,,QA lakukan verifikasi hasil runut dan sortir terhadap kasus kebocoran LNKKB HK157 line 6. Informasikan HC dan HT dalam penyimpangan ini,
,,,,,,,,,, ,
,,,,,,,,,,Teknik informasikan settingan yang dilakukan untuk kebocoran LNKKB HK157 dan lakukan pengamatan efektivitas perbaikan yang dilakukan agar settingan pergantian sealing ilapak 1 bisa optimal,
,,,,,,,,,,Produk LNKKB HK157 dapat diluluskan jika seluruh hasil parameter sudah MS dan proses runut sortir sudah selesai,
,,,,,,,,,,"Terbitkan CAPA untuk Produk LNKKB HK157 , lampirkan nomor CAPA",
2025,DEV-B7PLG-10-2025-0166,CLOSED,https://eqms.kalbe.co.id/e-deviation/deviation/2b836344-ca40-4712-b32c-fcc6194c3a20/detail?tab=pre-investigation&tabRemediate=issue-data&tabCapa=issue-data,Planned,Procedure/documentation/data integrity,,LBMAV ,-,LBMAV jalan Produksi Manual di Ilapak 11,"Penyimpangan terkait proses LBMAV jalan Produksi Manual di Ilapak 11 untuk 7 BN produk disetuju. TS sudah buatkan lampro terkait proses ini dan sudah disosialisasikan ke pihak terkait, sesuaikan nomor penyimpangan terupdate.",
,,,,,,,,,,"PPIC lakukan sosialisasi ke pihak terkait termasuk produksi, informasikan aktualisasi NB terdampak dari proses LBMAV jalan Produksi Manual di Ilapak 11.",
,,,,,,,,,,"Produksi lakukan perhitungan cost dan konsolidasi ke tim costing finance akibat dari proses LBMAV jalan Produksi Manual di Ilapak 11, informasikan dalam penyimpangan ini",
,,,,,,,,,,Produksi minta verifikasi QA tekait hasil kemas produk LBMAV jalan Produksi Manual di Ilapak 11 pada saat awal jalan agar standar penerimaan memenuhi syarat. Catat di catatan perubahan proses PPI.,
,,,,,,,,,,"QA lakukan verifikasi setiap awal, tengah, akhir atau sesuai kebutuhan dan jadwal inspeksi rutin terkait perubahan proses LBMAV jalan Produksi Manual di Ilapak 11. Informasikan dalam devol ini.",
2025,DEV-B7PLG-10-2025-0164,CLOSED,https://eqms.kalbe.co.id/e-deviation/deviation/02bcab65-baf6-4f4a-ada8-8f0e3a154fd8/detail?tab=pre-investigation&tabRemediate=issue-data&tabCapa=issue-data,Unplanned,Process,Lain-lain,LBMAV ,HK597,"Bau tidak sedap menyengat di ruangan filling Ilapak 5,8","Terhadap bau tidak sedap menyengat di ruangan filling Ilapak 5,8 dicurigai dari material ebonit sealing. Koor dgn purchasin& vendor terkait perubahan spesifikasi material & ketahanan panas pd ebonit, lampirkan MSDS, spek & dokumenlainnya",
,,,,,,,,,,"Terhadap produk yg terdampak, lakukan sensory test aroma. Informasikan dalam penyimpangan ini",
,,,,,,,,,,"Produksi tetap lakukan pengecekan terhadap ruangan dan proses pada ruang dilling ilapak 5-8, infromasikan jika ada anomali pada proses produksi",
,,,,,,,,,,Produk produk terdampak dari penyimpangan ini dapat dirilis jika hasil mikro eksisting (sampling QC memenuhi syarat).,
,,,,,,,,,,"QA terbitkan CAPA untuk kejadian Bau tidak sedap menyengat di ruangan filling Ilapak 5,8,",
2025,DEV-B7PLG-10-2025-0160,CLOSED,https://eqms.kalbe.co.id/e-deviation/deviation/88e68849-d394-43d8-b043-14be69273616/detail?tab=pre-investigation&tabRemediate=issue-data&tabCapa=issue-data,Unplanned,Product,Kebocoran,LNKOA,HK597,Sachet bocor line 1 sealling vertika,"Terhadap kebocoran LNKOA HK597 line 1 sealing vertikal, produksi lakukan proses runut dan sortir utk produk dan lampirkan perhitungan HC dan HT dalam penyimpangan ini",
,,,,,,,,,,QA lakukan verifikasi hasil runut dan sortir terhadap kasus kebocoran LNKOA HK597 line 1 sealing vertikal. Informasikan HC dan HT dalam penyimpangan ini,
,,,,,,,,,,Lakukan pengecekan tdp proses & informasikan detail settingan yang dilakukan terkait settingan tekanan seperti apa yang dilakukan untuk kasus LNKOA HK597 line 1 sealing vertikal. Segera lengkapi CAPA sebelumnya agar kejadian yang sama tidak terjadi lagi,
,,,,,,,,,,"Teknik lakukan pengecekan mesin ilapak 10 terkait kasus LNKOA HK597 line 1 sealing vertikal, informasikan upnormalitas yang terjadi dari sisi mesin",
,,,,,,,,,,Produk LNKOA HK597 line 1 sealing vertikal dapat diluluskan jika seluruh hasil parameter sudah MS dan proses runut sortir sudah selesai,
,,,,,,,,,,"Terbitkan CAPA untuk Produk LNKOA HK597 line 1 sealing vertikal , lampirkan nomor CAPA",
2025,DEV-B7PLG-10-2025-0163,CLOSED,https://eqms.kalbe.co.id/e-deviation/deviation/743fe0c9-86bf-4091-a44e-1c9661233b76/detail?tab=pre-investigation&tabRemediate=issue-data&tabCapa=issue-data,Planned,Procedure/documentation/data integrity,,"LBMAT 
LBMAV 
LGRGA
LHRBA
LKXJA 
LKXNA 
LKXOD 
LKXPA 
LMHGA 
LMHGB 
LPRGR
LPRGQ
PWSNH ",-,Trial OPP 198 mm dan 205 mm di Waisan dan Herbal isi 6,Penyimpangan terencana terkait Trial OPP 198 mm dan 205 mm di Waisan dan Herbal isi 6 disetujui hanya untuk trial dibulan Okt-Nov 2025. TS informasikan detail Produk dan NB Produk terdampak,
,,,,,,,,,,"Produksi terkait Trial OPP 198 mm dan 205 mm di Waisan dan Herbal isi 6 Minta verifikasi QA saat awal jalan, trial boleh lanjut jika hasil verifikasi QA OK. Tulis di catatan perubahan proses PPI",
,,,,,,,,,,"Jika terjadi GT (setting > 1 jam) dan hasil optimasi NOK, Teknik koordinasi dengan TS segera lakukan pegantian dengan OPP eksisting (205 mm). Dokuemntasikan setting OPP dna Infromasikan dalam penyimpangan ini",
,,,,,,,,,,"TS siapkan kebutuhan OPP sesuai PMFR utk wrapping untuk trial ini, lakukan pendampingan trial dan informasikan dalam penyimpangan ini",
,,,,,,,,,,TS buatkan protokol dan pastikan tersedia report untuk bukti trial ini sebagai lampiran FUP jika nanti trial akan didilanjutkan dengan implementasi operasional,
,,,,,,,,,,Jika akan dilakukan optimasi kembali untuk setelah bulan Nov-25 perlu dibuatkan penyimpangan kembali. Implementasi OPP 198 mn boleh dilakukan jika FUP sudah disposisi,
2025,DEV-B7PLG-11-2025-0168,CLOSED,https://eqms.kalbe.co.id/e-deviation/deviation/1a496fe6-3a1f-4db0-a67e-d2fc3c646383/detail?tab=pre-investigation&tabRemediate=issue-data&tabCapa=issue-data,Unplanned,Product,Kepatuhan,LNKKB,HK160,Proses filling LNKKB HK160 dengan kondisi ST melewati masa pakai,"Terkait proses filling LNKKB HK160 dengan kondisi ST melewati masa pakai boleh dilanjutkan, produksi sudah memberikan sampel ATB LNKKB HK160. Lakukan registrasi dan lampirkan hasil analisa dalam penyimpangan ini",-
,,,,,,,,,,"Setelah filling LNKKB HK160 selesai, segera jadwalkan untuk pencucian mesin sesuai prosedur yang berlaku. Lampirkan dalam penyimpangan ini",
,,,,,,,,,,"Produk LNKKB HK160 dapat dirilis paralel karena ada kebutuhan output produksi dan marketing, hasil trend analisa Mikro Produk LNKKB selalu memenuhi syarat. Informasikan dalam penyimpangan ini",
2025,DEV-B7PLG-10-2025-0167,CLOSED,https://eqms.kalbe.co.id/e-deviation/deviation/d8223f83-486b-4b4f-918e-dd34ff8bdab3/detail?tab=pre-investigation&tabRemediate=issue-data&tabCapa=issue-data,Unplanned,Product,Kebocoran,LNKKB ,HK159,Ditemukan adanya kebocoran pada sampel VT LNKKB HK159,"Terhadap kebocoran LNKKB HK159 line 1, produksi lakukan proses runut dan sortir utk produk dan lampirkan perhitungan HC dan HT dalam penyimpangan ini",
,,,,,,,,,,QA lakukan verifikasi hasil runut dan sortir terhadap kasus kebocoran LNKKB HK159 line 1. Informasikan HC dan HT dalam penyimpangan ini,
,,,,,,,,,,"Produksi lakukan pengecekan history penggantian gasket, penggunaan mesin dan log book lainnya yang berpotensi terhadap kebocoran tersebut. Informasikan dalam penyimpangan ini",
,,,,,,,,,,"Teknik lakukan pengecekan mesin ilapak 1 terkait kasus LNKKB HK159 line 1 yang bocor, cek terkait bubble pada jalur pengisian dan informasikan upnormalitas yang terjadi dari sisi mesin",
,,,,,,,,,,Produk LNKKB HK159 line 1 dapat diluluskan jika seluruh hasil parameter sudah MS dan proses runut sortir sudah selesai,
,,,,,,,,,,"Terbitkan CAPA untuk Produk LNKKB HK159 line 1, lampirkan nomor CAPA",
2025,DEV-B7PLG-11-2025-0169,CLOSED,https://eqms.kalbe.co.id/e-deviation/deviation/fa4f718c-6477-40f1-90fb-98b5f0314ef0/detail?tab=pre-investigation&tabRemediate=issue-data&tabCapa=issue-data,Unplanned,Product,Kebocoran,LBMAV ,HK635,Line 1 bocor pada sealing vertikal,"Sachet produk LBMAV batch HK635 ditemukan bocor di line 1 area sealing vertikal, Terhadap sachet yang bocor, produksi lakukan runut sortir untuk FG dijam kejadian sesuai dengan prosedur. Hitung hidden cost dan Hidden Time pada kegiatan ini",
,,,,,,,,,,QA lakukan verifikasi runut sortir kebocoran untuk line 1 sesuai dengan prosedur. Hitung hidden cost dan HT pada aktivitas ini,
,,,,,,,,,,Berdasarkan BA sachet tdk tersealing sempurna disebabkan baut pengunci sealing vertikal kendur. Lakukan investigasi terhadap potensi lainnya penyebab adanya kebocoran sachet ini. Lakukan pengecekkan juga pada kondisi gasket nformasikan hasil investigasi,
,,,,,,,,,,"Teknik lakukan evaluasi lebih lanjut terhadap penyebab bocor pada mesin Ilapak 8 ini, pastikan PM mesin dilakukan sesuai penjadwalan. Perlu dilakukan perbaikan untuk mencegah kejadian berikut berulang. Informasikan perbaikan yang dilakukan.",
,,,,,,,,,,Produk LBMAV batch HK635 dapat dirilis jika hasil analisa terhadap semua parameter memenuhi syarat (MS) dan jika tidak ada issue kualitas lain nya,
2025,,Revise Deviation,https://eqms.kalbe.co.id/e-deviation/deviation/d31734dd-3155-4ef7-99b7-9de7af6f3141/detail?tab=deviation-data&tabRemediate=issue-data&tabCapa=issue-data,Unplanned,Procedure/documentation/data integrity,,LKPTA,HK795,Printer label release ruah tidak berfungsi (tidak bisa print label),,
2025,DEV-B7PLG-11-2025-0174,CLOSED,https://eqms.kalbe.co.id/e-deviation/deviation/41a8004f-149e-47b0-acc9-a2845fe508ea/detail?tab=pre-investigation&tabRemediate=issue-data&tabCapa=issue-data,Unplanned,Product,Kebocoran,PWSNH ,HL240,Ditemukan adanya kebocoran sachet pada PWSNH HL240,"Terhadap kebocoran sachet pada PWSNH HL240 produksi segera lakukan runut dan sortir, informasikan HC dan HT dalam penyimpangan ini",
,,,,,,,,,,"QA lakukan verifikasi hasil runut dan sortir untuk produk PWSNH HL240 yang dilakukan oleh produksi, informasikan HC dna HT dalam penyimpangan ini",
,,,,,,,,,,"Produksi lakukan pengecekan implementasi AM dilapangan, trend data suhu selama proses, data kejadian GT dan potensial dari mesin, proses dan fator man yang dapat menyebabkan kebocoranPWSNH HL240. Lampirkan",
,,,,,,,,,,"Teknik lakukan pengecekan pada mesin, cek PM mesin, heater, data suhu koordinasi dengan tim OT utk penarikan data sata proses produksi PWSNH HL240. Informasikan jika ada abnormalitas. Lampirkan bukti",
,,,,,,,,,,Produk PWSNH HL240 dapat di risil jika proses runut sortir sudah selesai dan tidak ada issue kualitas lainnya. Informasikan dalam penyimpangan ini,
,,,,,,,,,,Buatkan CAPA untuk kasus kebocoran PWSNH HL240. Lampirkan nomor CAPA,
2025,DEV-B7PLG-12-2025-0182,CLOSED,https://eqms.kalbe.co.id/e-deviation/deviation/c8c31b46-547c-40d0-939b-3339db4ebd0b/detail?tab=pre-investigation&tabRemediate=issue-data&tabCapa=issue-data,Planned,Procedure/documentation/data integrity,,-,-,masa bersih mesin idle sabtu-minggu,Penyimpangan Implementasi Studi Masa bersih Mesin Ilapak 11 dan Unifill B sebelum report tersedia sesuai review di setujui. Lampirkan timeline implementasi project sampai penyelesaian laporan.,
,,,,,,,,,,Segera lakukan Finalisasi laporan studi masa bersih dan update prosedur terkaitnya. Lampirkan,
,,,,,,,,,,"Produksi segera Follow Up dengan FUP untuk perubahan ini, koordinasikan dengan TS dan QA terkait Penyusunan timeline revisi dokumen (PPI & dok terkait). Lampirkan nomor FUP",
,,,,,,,,,,Sementara prosedur belum tersedia lakukan Sosialisasi ke operator dan pihak terkait. Lampirkan materi dan daftar hadir sosialisasi,
,,,,,,,,,,Tetap lakukan Pengumpulan data evaluasi mutu pada masa bersih ke-3 dan tren mikro FG sesuai kebutuhan. Lampirkan,
2025,DEV-B7PLG-11-2025-0175,CLOSED,https://eqms.kalbe.co.id/e-deviation/deviation/7adedcff-ac4e-4efc-9d94-b7284135166e/detail?tab=pre-investigation&tabRemediate=issue-data&tabCapa=issue-data,Planned,Procedure/documentation/data integrity,,LBMAV ,-,LBMAV jalan produksi manual di ilapak 11,Proses LBMAV jalan Produksi Manual di Ilapak 11 7 BN disetuju. TS sudah buatkan lampro. Koordinasi dengan TS-PPIC Lakukan coret paraf pada lampro eksisting utnuk penyesuaian No Devol dan aktualisasi NB produk. Lampirkan,
,,,,,,,,,,"Produksi lakukan perhitungan cost dan konsolidasi ke tim costing finance akibat dari proses LBMAV jalan Produksi Manual di Ilapak 11, informasikan dalam penyimpangan ini pastikan sesuai dengan kondisi lapangan",
,,,,,,,,,,"QA lakukan verifikasi setiap awal, tengah, akhir atau sesuai kebutuhan dan jadwal inspeksi rutin terkait perubahan proses LBMAV jalan Produksi Manual di Ilapak 11 Informasikan dalam devol ini.",
2025,DEV-B7PLG-11-2025-0177,CLOSED,https://eqms.kalbe.co.id/e-deviation/deviation/9b21c24f-fd2a-41d2-81d9-ae797f11583e/detail?tab=pre-investigation&tabRemediate=issue-data&tabCapa=issue-data,Unplanned,Product,Kebocoran,LKJTA ,HL518,Ditemukan adanya kebocoran pada sachet LKJTA HL518 line 3 sealing vertikal,"Terkait sachet LKJTA HL518 line 3 sealing vertikal bocor, produksi lakukan proses runut dan sortir, informasikan HC dan HT dalam penyimpangan ini",
,,,,,,,,,,"QA lakukan verifikasi runut dan sortir terhadap LKJTA HL518 line 3, informasikan HC dan HT dalam penyimpangan ini",
,,,,,,,,,,"Produksi lalu periksa parameter setting Nip Roller (Servo timbangan), ambil data untuk tiap produk dan nilai normalnya 3 bulan terakhir, tambahkan informasi jam mulai batch dan ganti foil. Informasikan dalam penyimpangan ini",
,,,,,,,,,,"Teknik lakukan pemeriksaan pada kondisi mesin, cek settingan Nip Roller dan infromasikan dalam penyimapangan ini",
,,,,,,,,,,LKJTA HL518 dapat dirilis jika runut sortir sudah selesai dan seluruh hasil parameter sudah MS.,
,,,,,,,,,,Buatkan CAPA untuk kasus LKJTA HL518 yang bocor pada line 3 dimesin ilapak 3. Infromasikan nomor CAPA,
2025,DEV-B7PLG-02-2026-0033,CLOSED,https://eqms.kalbe.co.id/e-deviation/deviation/42696bc3-d912-48d2-ba03-564f44adcfc4/detail?tab=deviation-data&tabRemediate=issue-data&tabCapa=issue-data,Unplanned,Testing and analytical method,Prosedur/Spec/MA tidak sesuai,LNKOA ,"HL653
HL654",Hasil analisa kadar Glycyrrhizic Acid pada LNKOA HL653 dan HL654 TMS,"Terkait Hasil analisa kadar Glycyrrhizic Acid pada LNKOA HL653 dan HL654 TMS, sudah dilakukan analisa ulang dengan hasil MS dan dari hasil pengecekan NOAEL penggunaan pada anak2 dan dewasa masih aman. Produk dapat di rilis",
,,,,,,,,,,"Lakukan evaluasi terhadap kadar GA yang diperbolehkan, koordinasi dengan tim medical. Informasikan dalam penyimpangan ini",
,,,,,,,,,,"Evaluasi Spek GA pada FG produk, jika perlu dilakukan penyesuaian/perubahan buatkan CC utk perubahan tersebut. lampirkan nomor CC",
2025,DEV-B7PLG-11-2025-0179,CLOSED,https://eqms.kalbe.co.id/e-deviation/deviation/bfffcf79-335c-489d-a6b9-e225dab861a9/detail?tab=deviation-data&tabRemediate=issue-data&tabCapa=issue-data,Unplanned,Product,Kepatuhan,LNKOE,HL679,Pada saat sedang prefarasi RM succus pada produk LNKOE HL679 ada sebagian RM yang tumpah sehingga proses di hentikan untuk di investigasi lebih lanjut,"Jumlah Succus yang tumpah tidak diketahui sehingga proses Compounding LNKO1 HL679 dilanjutkan sampai final mixing terlebih dahulu, produksi lanjutkan proses dan musnahkan sisa succus yang tumpah.",
,,,,,,,,,,"Pengujian terhadap ruah LNKO1 HL679 sesuai prosedur, lampirkan hasil analisa ruah jika TMS koordinasikan koordinasikan dengan TS, QC dan Produksi informasikan tindakan dalam penyimpangan ini",
,,,,,,,,,,Jika kadar GA TMS maka TS akan lakukan lakukan kalkulasi adjustment didampingi produksi dan QA dengan tambahan material dan proses usulan yang dituliskan pada lembar catatan perubahan proses pada PPI.,
,,,,,,,,,,"Lakukan pengambilan sampel stabilitas LNKO1 HL679, lampirkan protokol",
,,,,,,,,,,Produk LNKOE HL679 dapat dirilis jika seluruh hasil parameter sudah memenuhi syarat dan tidak ada issue kualitas lainnya,
,,,,,,,,,,Berikan teguran kepada operator terkait Preparasi RM succus yang Tumpah saat preparasi produk LNKO1 HL679. Sosialisasikan ke operator lainnya. Lampirkan materi dan daftar hadir,
2025,DEV-B7PLG-11-2025-0180,CLOSED,https://eqms.kalbe.co.id/e-deviation/deviation/784bf450-fe9b-42fe-bf25-d18a0d48fe9e/detail?tab=pre-investigation&tabRemediate=issue-data&tabCapa=issue-data,Unplanned,Product,Kebocoran,LNKOE ,HL679,Sachet LNKOE HL679 bocor pada line 1,Produk LNKOE HL679 dapat dirilis jika hasil analisa terhadap semua parameter memenuhi syarat (MS) dan jika tidak ada issue kualitas lain nya,
,,,,,,,,,,"Teknik lakukan evaluasi lebih lanjut terhadap penyebab bocor pada mesin Ilapak 1 ini, pastikan PM mesin dilakukan sesuai penjadwalan. Perlu dilakukan perbaikan untuk mencegah kejadian berikut berulang. Informasikan perbaikan yang dilakukan",
,,,,,,,,,,"Lakukan investigasi terhadap potensi penyebab adanya kebocoran sachet ini. Lakukan pengecekkan juga pada log book pemakaian mesin, log book AM serta history PM yang dilakukan berkala dan informasikan hasil investigasi",
,,,,,,,,,,"Sachet produk LNKOE batch HL679 ditemukan bocor di line 1 area sealing horizontal, Terhadap sachet yang bocor, produksi lakukan runut sortir untuk FG dijam kejadian sesuai dengan prosedur. Hitung hidden cost dan Hidden Time pada kegiatan ini",
,,,,,,,,,,QA lakukan verifikasi runut sortir kebocoran untuk line 1 sesuai dengan prosedur. Hitung hidden cost dan HT pada aktivitas ini,
2025,,Cancel,https://eqms.kalbe.co.id/e-deviation/deviation/12215949-aaec-4dba-86dc-61f131249747/detail?tab=pre-investigation&tabRemediate=issue-data&tabCapa=issue-data,Unplanned,Product,,LNKOA ,HL696,"Pada saat proses compounding LNKOA HL696, pompa motor vakum ngetrip",,
2025,DEV-B7PLG-12-2025-0191,CLOSED,https://eqms.kalbe.co.id/e-deviation/deviation/aaed349d-1981-4c50-9d67-b125465f36fd/detail?tab=pre-investigation&tabRemediate=issue-data&tabCapa=issue-data,Unplanned,Qualification and validation,Kepatuhan,PWSNH ,"HL248
HL250",Bin no 7 yang digunakan PWSNH HL248 dan HL250 TMS mikro,Terhadap Produk HL248 (produk pertama penggunaan ST dengan hasil TMS) lakukan pengambilan sampel dan pengujian mikro produk. Lampirkan Hasil,
,,,,,,,,,,"Terhadap Produk HL248 & HL250 dapat di rilis jika hasil mikro Produk HL248 sudah keluar dan MS,serta tidak ada issue kualitas lainnya",
,,,,,,,,,,"Terhadap Bin No. 7 segera lakukan pembersihan ulang sesuai prosedur, lampirkan logbook dan bukti pembesihan",
,,,,,,,,,,Lakukan verifikasi setelah pembersihan Bin No. 7 oleh produksi. Informasikan hasil verifikasi. Jika Oke Bin 7 boleh digunakan kembali,
,,,,,,,,,,"Koordinasikan dengan QC agar update data lebih cepat dan jelas, sehingga tidak terjadi miss-komunikasi kembali",
2025,DEV-B7PLG-12-2025-0190,CLOSED,https://eqms.kalbe.co.id/e-deviation/deviation/7293c982-773b-439a-9c14-d82170ad1150/detail?tab=pre-investigation&tabRemediate=issue-data&tabCapa=issue-data,Planned,Procedure/documentation/data integrity,,-,-,Trial Farma Produk RnD di Line Herbal,Lakukan line clearance sebelum dan sesudah trial Trial Produk Farma (Komix OBH Dot Hijau 15 mL) di Line Herbal. Lampirkan bukti Line clearance dan lampirkan,
,,,,,,,,,,"Lampirkan protokol Trial Produk Farma (Komix OBH Dot Hijau 15 mL) di Line Herbal, sosialisasikan ke pihak2 terkait dan dampingi proses trial dari awal sampai selesai. Lampirkan FKB material dan bukti dokumen sesuai poin ini",
,,,,,,,,,,WH lakukan persiapan material sesuai MoM dan koordinasi/FKB dari RND. Lampirkan dan informasikan dalam penyimpangna ini,
,,,,,,,,,,"Selama trial lakukan pendampingan oleh QA Validasi, pastika metode pencucian dan proses yang dilakukan sesuai dengan prosedur/protokol yang berlaku. Lampirkan dan informasikan dalam penyimpangan ini",
,,,,,,,,,,"Produksi lakukan pencucian MT, ST, mesin filling sesuai syarat dari QA Validasi (Metode asam-basa). Lampirkan bukti pencucian dalam penyimpangan ini",
,,,,,,,,,,Andev lakukan pengujian Trial Produk Farma (Komix OBH Dot Hijau 15 mL) di Line Herbal sesuai kebutuhan (Produk dan air bilasan). Lampirkan dan informasikan hasil dalam penyimpangna ini,
,,,,,,,,,,"Produk trial RND tidak untuk di komersialisasikan, Pelaporan batch trial dan review hasil analisa oleh R&D. Informasikan hasil trial lampirkan report",
2025,DEV-B7PLG-12-2025-0187,CLOSED,https://eqms.kalbe.co.id/e-deviation/deviation/ba488a6c-6b21-4023-befe-08bf78a7bd62/detail?tab=pre-investigation&tabRemediate=issue-data&tabCapa=issue-data,Planned,Equipment/machine/instrument,,-,-,Penggantian Nozzle Ilapak 1,"Penggantian Nozzle Ilapak 1 dilakukan paralel menunggu hasil mikro keluar disetujui, lakukan pencucian sebelum pemasangan minta verfiikasi fisik oleh QA. Nozzel boleh dipakai jika hasil verifikasi fisik MS. Lampirkan",
,,,,,,,,,,"Lakukan penyesuaian terhadap settingan Nozzel, bila diperlukan pemotongan dilakukan diluar R. Filling. Sebelum dipakai perlu di cuci kembali dan pengambilan sampel Mikro. Informasikan",
,,,,,,,,,,"QA lakukan pengambilan sampel untuk pemasangan Nozzle Ilapak 1 sesuai kebutuhan, informasikan hasil pengujian dalam penyimpangan ini",
,,,,,,,,,,"Produksi lakukan pengambilan sampel mikro ATB @2 sachet pada saat pemasangan nozzel sebagai pendataan. Koordinasikan dengan teknik, informasikan produk dan NB",
,,,,,,,,,,QA lakukan registrasi sampel yang di ambil oleh produksi. Lampirkan hasil pengujian 6. Produk terdampak akibat Penggantian Nozzle Ilapak 1 paralel menunggu dapat dirilis jika hasil pemeriksaan mikro MS. Informasikan dalam penyimpangan ini,
2025,DEV-B7PLG-12-2025-0188,CLOSED,https://eqms.kalbe.co.id/e-deviation/deviation/a1361db4-53db-4906-b7de-a2ba6a19bc13/detail?tab=pre-investigation&tabRemediate=issue-data&tabCapa=issue-data,Unplanned,Product,Kebocoran,LKXNA ,HM124,Sachet LKXNA HM124 mesin ilapak 5 line 5 bocor,Terkait dengan Sachet LKXNA HM124 mesin ilapak 5 line 5 bocor terjadi pada saat settingan mesin. Produksi lakukan sosialisasi kepada operator agar tidak meneruskan output pada saat melakukan settingan mesin. Lamprikan,-
,,,,,,,,,,Terhadap karton terdampak produk LKXNA HM124 sudah dilakukan verfikasi 3 karton sebelum dan sesudah namun tidak ditemukan kebocoran sehingga untuk penyimpangan ini tidak dihitung sebagai BRFT. Tidak diterbitkan CAPA,
,,,,,,,,,,"Investigasi tetap dilakukan, produksi cek aktivitas pengecekan AM, pergantian gasket rutin dan posisi postion indikator, lampirkan foto pengecekan dan informasikan terkait issue kebocoran Produk LKXNA HM124",
,,,,,,,,,,"Teknik tetap lakukan pengecekan terhadap mesin, cek timing pengisian dan potensi bulk terjebak. Informasikan jika ada abnormalitas pada mesin terkait issue kebocoran LKXNA HM124",
,,,,,,,,,,Produk LKXNA HM124 dapat dirilis jika tidak ada issue kualitas lainnya,
2025,DEV-B7PLG-12-2025-0186,CLOSED,https://eqms.kalbe.co.id/e-deviation/deviation/b267530b-2d1d-488a-a33c-e86376f2cd9c/detail?tab=pre-investigation&tabRemediate=issue-data&tabCapa=issue-data,Unplanned,Warehouse,Kepatuhan,LNKOA ,HL694,2 Karton Produk LNKOA HL694 (rusak) tersodok Garpu Forklif,Produk LNKOA HL694 (rusak) tersodok Garpu Forklif dr hasil verifikasi QA ada 16 pack terdampak. Terhadap produk rusak lakukan pemusnahan. WH FKB 16 Pack utk dimusnahkan lampirkan FKB dan bukti pemusnahan pack dalam penyimpangan ini,
,,,,,,,,,,"Terhadap sisa pack produk LNKOA HL694 dengan kondisi yang masih baik lakukan pengemasan ulang kedalam karton, timbang ulang dan lakukan pengemasan karton kembali. Proses didampingi QA, informasikan dalam penyimpangan ini.",
,,,,,,,,,,"Inspektor QA lakukan verifikasi proses pengemasan ulang karton produk LNKOA HL694 , pastikan tidak ada mix-up, proses berjalan lancar dan informasikan jumlah terkahir produk yang sudah dikemas",
,,,,,,,,,,WH lakukan FKB kebutuhan karton untuk produk LNKOA HL694 sebanyak 2lembar karton (MB). Koordinasi dengan produksi. Lampirkan FKB,
,,,,,,,,,,Terhadap Operator yang bersangkutan lakukan pemberian teguran dan sosialisasi kepada seluruh op WH agar kejadian yang sama tidak terulang kembali.,
,,,,,,,,,,WH lakukan pemastian jumlah Karton dan Pack produk LNKOA HL694 dan lanjutkan dengan proses administratif pengiriman jika hasil sudah sesuai. Pemusnahan pack/produk terdampak menjadi beban WH. Lampirkan Bukti,
2025,DEV-B7PLG-12-2025-0185,CLOSED,https://eqms.kalbe.co.id/e-deviation/deviation/14c58aa9-9e01-4caa-a770-e51bee005d4a/detail?tab=pre-investigation&tabRemediate=issue-data&tabCapa=issue-data,Unplanned,Warehouse,Kepatuhan,LKJTA ,HL533,Karton FG Komix Jahe HL533 pallet 4 terjatuh saat loading FG,"LJKTA HL533 pallet 4 terjatuh saat loading FG sudah di verifikasi ada total 285 Pack (No karton : 22,3,6,23,16,1,17,24,18,7,2,12,11) perlu di repack. Buatkan lampro proses repack LKJTA HL533 yg rusak,lakukan timbang ulang FG. Lampirkan&sosialisasikan",
,,,,,,,,,,"Produksi lakukan repack sesuai lampro untuk LKJTA HL533 sebanyak 285 pack (No karton : 22,3,6,23,16,1,17,24,18,7,2,12,11) . Timbang ulang, reprint & coret paraf berat karton, Hitung HC&HT, koordinasi dengan inspektor utk verifikasi proses.",
,,,,,,,,,,"Inspektor QA lakukan verifikasi proses repack FG Komix Jahe HL533 sebanyak 285 pack di produksi pastikan seluruh identitas sesuai. Berikan verifikasi pada label timbang karton, Hitung HC dan HT. Lampirkan",
,,,,,,,,,,"WH lakukan FKB kebutuhan repack FG Komix Jahe HL533 sebanyak 285 pack dengan detail sebanyak 285 pack dan 5 lembar karton (MB). Koordinasi dengan produksi, lampirkan FKB",
,,,,,,,,,,Terhadap Operator yang bersangkutan lakukan pemberian teguran dan sosialisasi kepada seluruh op WH agar kejadian yang sama tidak terulang kembali. Pastikan semua operator yang mengoperasikan forklift,
,,,,,,,,,,WH lakukan pemastian jumlah Karton dan Pack hasil repack sesuai dan lanjutkan dengan proses administratif pengiriman jika hasil sudah sesuai. Pemusnahan pack/produk terdampak menjadi beban WH. Lampirkan Bukti,
2025,DEV-B7PLG-12-2025-0189,CLOSED,https://eqms.kalbe.co.id/e-deviation/deviation/e946c4ba-95f8-4c1f-8e99-f506a1bc9f68/detail?tab=pre-investigation&tabRemediate=issue-data&tabCapa=issue-data,Unplanned,Warehouse,Kebocoran,LNKOA ,HL675,Ditemukan sch bocor dan sch sambungan foil dalam kemasan FG,"Terkait Ditemukan sch bocor dan sch sambungan foil dalam kemasan FG LNKOA HL675, produksi lakukan runut dan sortir. Infromasikan HC dan HT dalam penyimpangan ini",
,,,,,,,,,,"QA lakukan verifikasi proses runut dan sortir untuk FG LNKOA HL675, informasikan HC dan HY dalam penyimpangan ini",
,,,,,,,,,,Produksi koordinasi dgn teknik utk optimasi pemasangan sensor sambungan foil agar tdk menganggu operasional & sosialisasi ke opr jika ada kendala harus menghubungi supv atau teknisi agar kejadian kebocoran FG LNKOA HL675 tidak terjadi lagi. Lampirkan,
,,,,,,,,,,"Teknik lakukan pengecekan alt solusi seperti reposisi sensor, pergantian sensor dan atau perbaikan sensor untuk optimasi sensor sambungan foil tersebut agar kejadian kebocoran FG LNKOA HL675 tidak terjadi lagi",
,,,,,,,,,,Produk FG LNKOA HL675 dapat dirilis jika tidak ada issue kualitas lainnya. Terbitkan CAPA terkait kasus ini,
2025,DEV-B7PLG-12-2025-0193,CLOSED,https://eqms.kalbe.co.id/e-deviation/deviation/0b5bb8d7-1e21-4903-8642-c890a6b737a7/detail?tab=pre-investigation&tabRemediate=issue-data&tabCapa=issue-data,Unplanned,Product,Kebocoran,LNKOA ,HM716,Sachet bocor LNKOA HM716,"Terhadap Sachet bocor LNKOA HM716, produksi lakukan runut dan sortir. Informasikan HC dan HT dalam penyimapngan ini",
,,,,,,,,,,"QA lakukan verifikasi Sachet bocor LNKOA HM716, informasikan HC dan HT dalam penyimpangan ini",
,,,,,,,,,,Terhadap produk LNKOA HM716 dapat dirilis jika runut sortir sudah selesai dan hasil pemeriksaan MS semua. Informasikan,
,,,,,,,,,,"Teknik Lakukan investigasi kondisi rubber dan setting tarikan foil pada seaing vertikal, pastikan tidak melintir.Informasikan dalam penyimpangan Sachet bocor LNKOA HM716i ni",
,,,,,,,,,,"Produksi terhadap LNKOA HM716, cek settingan kondisi pengosongan hopper di akhir batch normal dan tidak mengganggu timing pengisian, cek kondisi tekanan seliang dan semua pemeriksaan AM sudah dilakukan atau belum. informasikan",
2025,DEV-B7PLG-01-2026-0002,CLOSED,https://eqms.kalbe.co.id/e-deviation/deviation/eaf7365f-f928-4ae5-ad86-40bc803cb648/detail?tab=pre-investigation&tabRemediate=issue-data&tabCapa=issue-data,Unplanned,Product,Kebocoran,LBMAV ,"HK580, HK632, HK633, HK634,","LBMAV Batch HK580, HK632, HK633, HK634, ditemukan bocor saat proses di JS","Untuk semua produk LBMAV yang mengalami kebocoran saat proses preparasi di marketing, segera lakukan FKB. Lampirkan FKB dalam penyimpangan ini",
,,,,,,,,,,"QA lakukan pemeriksaan fisik sampel LBMAV yang mengalami kebocoran, lampirkan hasil pemeriksaan dan pendataan NB terdampak dalam penyimpangan ini",
,,,,,,,,,,"Terbitkan CAPA untuk kejadian kebocoran LBMAV Batch HK580, HK632, HK633, HK634, ditemukan bocor saat pengiriman",
,,,,,,,,,,"Untuk produk yang bocor tidak perlu dilakukan penarikan akan dievaluasi dari retur kualitas atau keluhan pelanggan yang terjadi di tahun 2026 (jika ada), untuk sampel bocor dimusnah jika sudah selesai investigasi",
2025,DEV-B7PLG-12-2025-0198,CLOSED,https://eqms.kalbe.co.id/e-deviation/deviation/0403408c-d3dc-4ddc-a1ff-d0711f17905f/detail?tab=pre-investigation&tabRemediate=issue-data&tabCapa=issue-data,Planned,Qualification and validation,,-,-,Pembersihan filling block Ilapak 2 tanpa metode yang sudah tervalidasi,Produksi setelah filling block lakukan pencucian dengan metode yang valid dan meminta verifikasi hasil bilasan cuci ke QA. Lampirkan bukti aktivitas cleaning pada mesin Ilapak 2,
,,,,,,,,,,"Teknik melakukan pemasangan pada mesin Ilapak 2, secara tepat sehingga tidak berdampak lain pada mesin atau produk. Lampirkan bukti pemasangan Filling Block Ilapak 2 dan perbaikan lainnya",
,,,,,,,,,,Produksi infokan batch perdana setelah filling block diganti dan digunakan untuk produk komersil serta hasil parameter batch perdana Lampirkan bukti produksi perdana setelah dilakukan penggantian filling block dan pastikan hasil MS,
,,,,,,,,,,Teknik lakukan evaluasi terhadap hasil perbaikan. Lampirkan hasil evaluasi Ilapak 2,
,,,,,,,,,,"QA lakukan verifikasi hasil cuci setelah penggantian filling block Ilapak 2, pastikan hasil nya MS. Lampirkan bukti hasil verifikasi fisik & mikro",
,,,,,,,,,,QA lakukan pendataan hasil mikro terhadap batch perdana (jika ada) setelah dilakukan Penggantian & Pembersihan filling block Ilapak 2 tanpa metode yang sudah tervalidasi. Lampirkan hasil uji analisa mikro.,
2025,DEV-B7PLG-12-2025-0197,CLOSED,https://eqms.kalbe.co.id/e-deviation/deviation/4ac672a3-d2e0-4cbd-8f5b-49a28b645d22/detail?tab=pre-investigation&tabRemediate=issue-data&tabCapa=issue-data,Unplanned,Procedure/documentation/data integrity,Kepatuhan,LEJSE ,HM163,Bulk LEJSE HM163 tersisa 940kg di ST,1. Teknik lakukan pengamatan dan pengecekan pompa. Serta penutupan jalur drain pompa dengan blind ferulle. Lampirkan bukti pengecekan pompa (termasuk area lain) dan bukti penutupan jalur drain pompa,
,,,,,,,,,,2. Produksi lakukan sosialisasi atau reminder apabila terdapat kesalahan berdasarkan dari Man/personil. Lampirkan bukti sosialisasi,
,,,,,,,,,,3. Teknik dan produksi lakukan studi atau trial terkait penjajakan sistem yang memungkinkan mengurangi potensi kesalahan open valve ke drain. Lampirkan bukti studi atau trial atau diskusi penjajakan,
,,,,,,,,,,4. Tim IPAL lampirkan trend data pembuangan data limbah ke WWTP saat kejadian berlangsung terkait peningkatan jumlah limbah,
,,,,,,,,,,5. Tim QS lampirkan hasil uji lab eksternal yang sampling dilakukan saat kejadian terjadi,
,,,,,,,,,,6. QA lakukan perilisan produk terdampak jika seluruh hasil parameter kualitas sudah MS serta tidak ada isu kualitasi lainnya,
2025,DEV-B7PLG-01-2026-0001,CLOSED,https://eqms.kalbe.co.id/e-deviation/deviation/98ad0dba-f39e-498c-98b0-1e67fc06ada2/detail?tab=pre-investigation&tabRemediate=issue-data&tabCapa=issue-data,Unplanned,Product,Kebocoran,LKXOB ,HM664,output tube line 8 bocor produk LKXOB HM664,"Terhadap Unifill B output tube line 8 bocor produk LKXOB HM664, produksi lakukan runut dan sortir. Informasikan HC dan HT dalam penyimpangan ini",
,,,,,,,,,,"QA lakukan verifikasi runut dan sortir yang dilakukan produksi untuk Unifill B output tube line 8 bocor produk LKXOB HM664, informasikan HC dan HT",
,,,,,,,,,,Produksi cek history logbook AM dan kendala selama proses serta penggunaan mesin untuk running produk. Lakukan koordinasi dengan tim teknik untuk LKXOB HM664. Informaiskan,
,,,,,,,,,,"Thd LKXOB HM664 lakukan pemeriksaan kondisi neck sealing, insulasi, heater, dan per serta penggerak sealing, pastikan tidak ada masalah.Lakukan standarisasi pada proses setting, dan perbaikan terhadap part yang sudah tidak optimal. Informasikan",
,,,,,,,,,,Produk tube line 8 bocor produk LKXOB HM664 dapat dirilis jika proses runut sortir sudah selesai dan tidak ada issue kualitas lainnya,
,,,,,,,,,,"Buatkan CAPA LKXOB HM664 yang mengalami kebocoran, lampirkan nomor CAPA",
2025,DEV-B7PLG-01-2026-0009,CLOSED,https://eqms.kalbe.co.id/e-deviation/deviation/5d36eee1-ebd1-4728-b4bb-7c39f84bb607/detail?tab=pre-investigation&tabRemediate=issue-data&tabCapa=issue-data,Unplanned,Product,Kebocoran,LPRFQ ,HM467,produk LPRGQ HM467 bocor line 4 disealing horizontal,"Lakukan runut dan sortir produk LPRGQ HM467 bocor line 4 disealing horizontal, informasikan HC dan HT dalam penyimpangan ini",
,,,,,,,,,,"QA lakukan verifikasi hasil runut dan sortir Produk produk LPRGQ HM467 bocor line 4 disealing horizontal, informasikan HC dan HT dalam penyimpangan ini",
,,,,,,,,,,"Produksi lakukan pengecekan terhadap pelaksanaan pengisian form AM, pengecekan temperature dari data logger, speed mesin dan kompetensi operator yang menjalankan mesin terkait LPRGQ HM467 bocor line 4 disealing horizontal. Informasikan abnormalitas",
,,,,,,,,,,"Teknik lakukan pemeriksaan pada mesin terkait issue produk LPRGQ HM467 bocor line 4 disealing horizontal, lakukan pembongkaran mesin jika perlu (lakukan pada saat PM jika memungkinkan). Informasikan dalam penyimpangan ini",
,,,,,,,,,,"Terbitkan CAPA dan koordinasikan dengan TS terkait pemeriksaan nilai sealing strength pada sachet yang ditemukan mengalami kebocoran, dan bandingkan dengan sachet yang tidak bocor (bisa dari sampel retain). Infromasikan nomor CAPA dan bukti email",
,,,,,,,,,,Produk LPRGQ HM467 dapat dirilis jika seluruh hasil parameter sudah MS dan proses runut sortir sudah selesai,
2025,DEV-B7PLG-01-2026-0010,APPROVED,https://eqms.kalbe.co.id/e-deviation/deviation/a90ed922-3ad3-4bc3-8e7e-2ee7c5530e6c/detail?tab=pre-investigation&tabRemediate=issue-data&tabCapa=issue-data,Planned,Product,-,-,-,Trial Foil Improve Easy Tear di Produk Komix Herbal Jahe,Trial dilakukan menggunakan lampiran proses / protokol trial resmi dari R&D / PackDev sebagai panduan operator. Lampirkan lampro & Daftar hadir sosialisasi ke Produksi,
,,,,,,,,,,RND koordinasikan dengan PPIC jadwal trial informasikan realisasi NB dalam penyimpangan ini.,
,,,,,,,,,,Produksi lakukan Line clearance sebelum & setelah trial Produk Komix Herbal Jahe (LKXJA) Batch untuk mencegah mix-up dengan produk komersial.,
,,,,,,,,,,"Lakukan pemantauan Kelancaran filling & sealing, Waktu setup mesin (dibandingkan foil eksisting), Kebocoran sachet, Konsistensi bobot, Seal integrity&sealing strength. Evaluasi sampai sisi harga sebelum implementasi lampirkan dalam Laporan hasil Trial",
,,,,,,,,,,IPC dan hasil proses Produk Komix Herbal Jahe (LKXJA) Batch Trial wajib MS seluruh spesifikasi. Produk tidak boleh rilis QOTR. Produk dapat dirilis jika seluruh hasil parameter sudah memenuhi syarat (Rilis Oracle),
,,,,,,,,,,RND lakukan pengambilan sampel stabilitas untuk trial Foil Improve Easy Tear pada Produk Komix Herbal Jahe (LKXJA). Lampirkan protokol,
,,,,,,,,,,"Jika seluruh hasil trial, IPC, stabilitas, performa proses, dan biaya dinyatakan MS serta risiko dapat diterima, buatkan FUP/CC. Implementasi komersial dapat dilakukan jika FUP sudah disetujui. Lampirkan dan informasikan nomor CC dlaam penyimpangan ini",
2026,DEV-B7PLG-01-2026-0005,CLOSED,https://eqms.kalbe.co.id/e-deviation/deviation/55136342-21e4-4354-8a35-087c34b85719/detail?tab=pre-investigation&tabRemediate=issue-data&tabCapa=issue-data,Unplanned,Product,Proses,PWSNH ,HM256,"Pada saat proses compounding PWSNH HM256, bulk hasil mixer menggumpal","Bulk PWSNH HM256 lot 6 lanjutkan driying dgn lot 5 sambil dibantu dgn pengadukan sebelum di drying (jika ada bongkahan sambil di hancurkan), drying menggunakan settingan eksisting sesuai PPI dokumentasikan dalam catatan perubahan proses PPI. Lampirkan",
,,,,,,,,,,"Setelah Drying campuran lot 5-6, lakukan pengecekan LOD dengan titik diperbanyak menjadi 5 titik jika memungkinkan AB. Lampirkan hasil pengecekan",
,,,,,,,,,,"Sebelum dilakukan final mixing lakukan pemeriksaan kembali untuk LOD hasil pencampuran Lot 1-2 dan 3-4 titiknya (Jumlah titik koordinasi dengan TS utk data), tulis di catatan perubahan proses PPI, lampirkan.",
,,,,,,,,,,"QA lakukan pendampingan reproses Bulk PWSNH HM256 lot 6, pastikan dilakukan sesuai disposisi. Lampirkan dan informasikan.",
,,,,,,,,,,Perilisan ruah dilakukan dengan penambahan titik sampling menjadi 5 titik ATB diagonal untuk perilisan (Gambar terlampir tandai titik dengan nomor sesuai gambar). QC lampirkan hasil analisa,
,,,,,,,,,,"Lakukan pengambilan sampel ATB per line @2sachet dengan total 48 sachet, Registrasi oleh QA. Lampirkan hasil Pemeriksaan Mikro",
,,,,,,,,,,Produk PWSNH HM256 dapat dirilis jika seluruh hasil parameter sudah memenuhi syarat termasuk tambahan pengujian dari QA. Informasikan.,
,,,,,,,,,,"Produksi lakukan wawancara dan investigasi ke operator terkait proses compounding yang berjalan dan penyebab PWSNH HM256, bulk hasil mixer menggumpal . Informasikan abnormalitas",
,,,,,,,,,,"Terbitkan CAPA untuk PWSNH HM256, bulk hasil mixer menggumpal. Lampirkan nomor CAPA",
2026,DEV-B7PLG-01-2026-0016,APPROVED,https://eqms.kalbe.co.id/e-deviation/deviation/b4169b83-4ddb-427c-aea8-6c7bd8f91032/detail?tab=pre-investigation&tabRemediate=issue-data&tabCapa=issue-data,Unplanned,Qualification and validation,Prosedur/Spec/MA tidak sesuai,LPRGQ ,-,Validasi Proses LPRGQ dilakukan setelah melewati masa validitas (07 Jan 26),Terkait penyimpangan Validasi Proses LPRGQ dilakukan setelah melewati masa validitas (07 Jan 26) disetujui dengan menggunakan material yang tidak sesuai spesifikasi. Lampirkan Protokol dalam penyimpangan ini,
,,,,,,,,,,"Pastikan keterlambatan jadwal Valpro, penggunaan material tidak sesuai speksifikasi dan stabilitas Valpro direview dalam laporan validasi proses LPRGQ tersebut. Lampirkan Laporan",
,,,,,,,,,,Terkait dengan rencana kebutuhan perubahan/divers material kembali perlu dilakukan validasi proses untuk LPRGQ sesuai timeline dan jadwal regsitrasi. Koordinasikan dengan pihak terkait dan informasikan est timeline dalam penyimpangan ini,
2026,DEV-B7PLG-01-2026-0013,CLOSED,https://eqms.kalbe.co.id/e-deviation/deviation/c6eb6a60-5af9-453b-81be-aa244fba3664/detail?tab=pre-investigation&tabRemediate=issue-data&tabCapa=issue-data,Planned,Procedure/documentation/data integrity,Prosedur/Spec/MA tidak sesuai,"LKMCA, LKMCB, LKMCC.",-,sachet sisa uji kebocoran (Sohnle) dijadikan output untuk produk export,Penyimpangan sachet sisa uji kebocoran (Sohnle) dijadikan output untuk produk export disetujui hanya sampai FUP approved dan dapat implementasi maksimal sampai END Maret 2026. Lampirkan Lampro dan sosialisasikan (Lampirkan daftar hadir),
,,,,,,,,,,QA Lakukan verifikasi oleh inspektor rutin berkala sampling untuk aktivitas sachet sisa uji kebocoran (Sohnle) dijadikan output untuk produk export selama bulan Januari -Maret informasikan dalam penyimpangan ini,
,,,,,,,,,,"Lampirkan nomor FUP untuk closed penyimpangan ini, jika setelah bulan maret FUP belum disposisi dan ttp mau dijalankan perlu dibuatkan penyimpangan kembali.",
2026,DEV-B7PLG-01-2026-0015,CLOSED,https://eqms.kalbe.co.id/e-deviation/deviation/aec2bd0d-ba4d-498c-9ca6-f0cbdac60c11/detail?tab=pre-investigation&tabRemediate=issue-data&tabCapa=issue-data,Unplanned,Product,Kebocoran,POSNA ,HM055,sachet line 1 POSNA HM055A output SIG 5 bocor saat PQ,"Terhadap sachet line 1 POSNA HM055A output SIG 5 bocor saat PQ, lakukan proses runut dan sortir informasikan HC dan HT dalam penyimpangan ini",
,,,,,,,,,,Lakukan verifikasi runut dan sortir yang dilakukan oleh produksi thdp sachet line 1 POSNA HM055A output SIG 5 bocor saat PQ. Lampirkan dalam penyimpangan ini,
,,,,,,,,,,"Teknik lakukan pengecekan mekanik penggerak sealing, potensi masalah terletak pada mekanisme eksentrik yang tidak presisi. Informasikan pengaruh pergantian sealing terhadap kasus kebocoran ini",
,,,,,,,,,,Produksi koordinasi dengan teknik cek penyebab kebocoran informasikan dari sisi proses produksi jika ada abnormalitas.,
,,,,,,,,,,"Penyimpangan ini jika dari hasil pengecekan teknik akibat proses pemasangan sealing yang belum optimal saat PQ, tidak dihitung BRFT dan kejadian bocor di Januari. Produk dapat dirilis jika hasil runut sortir sudah selesai. Informasikan",
2026,DEV-B7PLG-01-2026-0008,CLOSED,https://eqms.kalbe.co.id/e-deviation/deviation/0f76d57f-42a5-487a-9ef2-133d0be6e2a8/detail?tab=deviation-data&tabRemediate=issue-data&tabCapa=issue-data,Unplanned,Procedure/documentation/data integrity,Kepatuhan Dokumentasi,LKJTA ,HM626,Adanya penebalan data pada hal 3/20 terkait bobot sachet pada PPI,"Produk LKJTA HM626 dengan issue adanya penebalan data pada hal 3/20 terkait bobot sachet pada PPI, sudah dilakukan pembongkaran dan diverifikasi oleh QA dengan hasil verifikasi OK. Lampirkan hasil verifikasi karton dalam penyimpangan ini",
,,,,,,,,,,Terhadap personil an Ryan berikan teguran dan sosialisasikan ke seluruh operator produksilainnya agar kejadian yang sama tidak etrulang kembali.,
,,,,,,,,,,Produk LKJTA HM626 dapat dirilis jika semua parameter kualitas sudah MS dan hasil verifikasi sudah OK.,
2026,DEV-B7PLG-01-2026-0017,CLOSED,https://eqms.kalbe.co.id/e-deviation/deviation/a5f6c4e7-9cfa-4bac-afd4-249ee0ecae5a/detail?tab=pre-investigation&tabRemediate=issue-data&tabCapa=issue-data,Planned,Procedure/documentation/data integrity,Prosedur/Spec/MA tidak sesuai,POSNA ,-,perubahan otorisasi sachet POSNA dari 3 box (360 sch) menjadi 60 sch,"Trial Otorisasi POSNA disetujui, qty sampling terbaru AQL general level 2 menjadi 60 sachet (20 sachet/box). Ketika range bobot karton TMS maka bisa dihitung AQL per karton dibagi terhadap 3 box sebagai keterwakilan sampling. Koord dgn TS sebelum trial.",
,,,,,,,,,,"Trial otorisasi sachet POSNA dari 3 box (360 sch) menjadi 60 sch hanya sampai Mar 2026, segera FU pengajuan FUP dan revisi WI disertai data lengkap jika trial berhasil. Jika setelah Feb 26 masih dilakukan tanpa FUP approved =temuan audit/penyimpangan.",
,,,,,,,,,,TS lakukan pendampingan proses trial Trial perubahan otorisasi sachet POSNA dari 3 box (360 sch) menjadi 60 sch bersama dengan QA. Koordinasi dengan produksi,
,,,,,,,,,,"QA lakukan pendampingan Trial perubahan otorisasi sachet POSNA dari 3 box (360 sch) menjadi 60 sch, informasikan hasil verifikasi koordinasi dengan produksi",
2026,"
DEV-B7PLG-01-2026-0019",CLOSED,https://eqms.kalbe.co.id/e-deviation/deviation/4271a17c-9906-408a-ac94-91982637168f/detail?tab=pre-investigation&tabRemediate=issue-data&tabCapa=issue-data,Unplanned,Qualification and validation,Kebocoran,POSNA ,JA059,POSNA JA059 bocor line 1 saat kualifikasi,"Terhadap POSNA JA059 bocor line 1 saat kualifikasi, lakukan proses runut dan sortir informasikan HC dan HT dalam penyimapangan ini",
,,,,,,,,,,Lakukan verifikasi runutk dan sortir yang dilakukan oleh produksi thdp POSNA JA059 bocor line 1 saat kualifikasi. Lampirkan dalam penyimpangan ini,
,,,,,,,,,,Teknik lakukan pengecekan seluruh mekanik sealing hasil buatan vendor dan pastikan sudah sesuai. Jadwalkan konsultasi bersama vendor untuk menindaklanjuti issue yang terjadi.. Informasikan dalam penyimpangan ini,
,,,,,,,,,,"Penyimpangan ini jika dari hasil pengecekan teknik akibat proses pemasangan sealing yang belum optimal saat PQ, tidak dihitung BRFT dan kejadian bocor di Januari. Produk dapat dirilis jika hasil runut sortir sudah selesai. Informasikan",
2026,DEV-B7PLG-01-2026-0018,CLOSED,https://eqms.kalbe.co.id/e-deviation/deviation/23ac38c7-47f0-4335-a4a8-3f4484627c91/detail?tab=pre-investigation&tabRemediate=issue-data&tabCapa=issue-data,Planned,Procedure/documentation/data integrity,Prosedur/Spec/MA tidak sesuai,LBMAV,-,LBMAV Jalan Manual Ilapak 11,Planned Devol 4 BN LBMAV kemas manual di Ilapak 11 disetujui utk 4 BN tersebut. TS buatkan Lampro PPI & form verifikasi formula untuk penggunaan selotip berlogo ini. Lakukan sosialisasi pada tim Produksi terkait dengan Lampiran Proses yang sudah dibuat.,
,,,,,,,,,,"Produksi Untuk kebutuhan selotip yang digunakan, tim produksi lakukan FKB ke WH sesuai dengan kebutuhan. Apabila ditemukan kendala pada saat proses, koordinasikan dengan departemen terkait dan catat pada catatan perubahan proses di PPI dokumentasikan NB.",
,,,,,,,,,,Produk LBMAV yang diproduksi menggunakan lampiran proses kemas manual di Ilapak 11 ini dapat dirilis apabila hasil analisa seluruh parameter produk MS dan tidak ada issue kualitas lainnya.,
2026,DEV-B7PLG-01-2026-0020,CLOSED,https://eqms.kalbe.co.id/e-deviation/deviation/b4555477-f918-46f5-8324-9126ea07d37e/detail?tab=pre-investigation&tabRemediate=issue-data&tabCapa=issue-data,Unplanned,Product,Kebocoran,PWSNH ,JA266,kebocoran sachet output SIG 6 produk PWSNH JA266,Terhadap produk sachet output SIG 6 produk PWSNH JA266 lakukan runut dan sortir. Informasikan hidden cost dari aktivitas ini.,
,,,,,,,,,,"QA lakukan verifikasi hasil runut sortir untuk produkPWSNH JA266, informasikan hidden cost untuk aktivitas ini.",
,,,,,,,,,,Kebocoran PWSNH JA266 lakukan pengecekan terhadap mesin. Informasikan dalam penyimpangan ini.,
,,,,,,,,,,Produksi lakukan pengecekan terhadap proses dan mesin untuk kasus Kebocoran PWSNH JA266. infromasikan dalam penyimpangan ini.,
,,,,,,,,,,"QA FU email ke TS utk melakukan pengecekan foil (bila perlu, sampel sudah diambil oleh inspektor), Terbitkan CAPA untuk penyimpangan kebocoran PWSNH JA266. Informasikan nomor CAPA dalam penyimpangan ini.",
,,,,,,,,,,Produk PWSNH JA266dapat dirilis jika semua hasil parameter sudah memenuhi syarat.,
2026,,Cancel,https://eqms.kalbe.co.id/e-deviation/deviation/d6615610-fc0e-42f3-b8fc-40787f7c3233/detail?tab=pre-investigation&tabRemediate=issue-data&tabCapa=issue-data,Planned,Product,Lain-lain,LBMAV ,-,Pengiriman FG tanpa menunggu mikro lengkap,,
2026,DEV-B7PLG-01-2026-0021,CLOSED,https://eqms.kalbe.co.id/e-deviation/deviation/6364f9f9-71bd-4fba-8eb3-c5c7ec896ae8/detail?tab=pre-investigation&tabRemediate=issue-data&tabCapa=issue-data,Planned,Procedure/documentation/data integrity,Prosedur/Spec/MA tidak sesuai,LBMAV ,"JA677, 678, 683",Pengiriman FG tanpa menunggu mikro lengkap ( Rilis Paralel),"Pengiriman FG LBMAV Rilis Paralel tanpa menunggu mikro lengkap LBMAV JA677, 678, 683 untuk di kirim direct disetujui dengan pertimbangan trend analisa selalu MS. QC lakukan analisa mikro dengan simplet untuk laporan analisa di oracle di entry angka 0",
,,,,,,,,,,"2. QA lakukan perilisan BN LBMAV JA677, 678, 683 sesuai penyimpangan ini",
,,,,,,,,,,Apabila hasil analisa tidak = 0 QC akan cancel no id sample dan melakuikan input ulang utk sampel tersebut. Infromasikan nomor Sampel baru dan RAP lengkap ke (QA ESO).,
2026,DEV-B7PLG-02-2026-0029,CLOSED,https://eqms.kalbe.co.id/e-deviation/deviation/d6e9991d-5e4d-456f-b326-415f9fcb8720/detail?tab=pre-investigation&tabRemediate=issue-data&tabCapa=issue-data,Unplanned,Testing and analytical method,Analisa Lab TMS,PWSNH,JA270,Hasil cleaning validasi mesin FBD Glatt ex produk Waisan batch JA270 TMS,Lakukan pengecekan produk jadi yg running dari tanggal kualifikasi dari tanggal 3 Januari s.d FBD terakhir digunakan. Lampirkan Logbook dan justifikasi hasil analisa,
,,,,,,,,,,"SU titik Badan Tengah Kanan dan Mesh Bak Tengah yang TMS sudah dilakukan, lampirkan hasil analisa dalam penyimpangan ini",
,,,,,,,,,,"Produksi informasikan jadwal penggunaan FBD Glatt ke QA, koordinasikan sehingga jika FBD Glatt mau digunakan harus dicuci dahulu dan minta verifikasi QA. Ambilkan produk Jadi awal jalan ATB 2 renceng.",
,,,,,,,,,,QC buatkan OOS dan lakukan investigasi dari aspek Analisa terhadap hasil Pemeriksaan Mikro yang TMS before dan after SU sesuai penyimpangan ini. Koordinasikan dengan QA. lampirkan hasil investigasi,
,,,,,,,,,,"QA lakukan koordinasi ke ENG, Produksi dan QC terkait potensi TMS hasil verifikasi FBD Glatt sesuai penyimpangan ini, pastikan metode pencucian/verifikasi/pengambilan sampel dll sesuai prosedur. Informasikan.",
2026,DEV-B7PLG-02-2026-0024,CLOSED,https://eqms.kalbe.co.id/e-deviation/deviation/13e5bf60-8018-47b4-973c-9edb62d9a845/detail?tab=pre-investigation&tabRemediate=issue-data&tabCapa=issue-data,Planned,Product,Lain-lain,LBMAV ,-,LBMAV Jalan Manual Ilapak 11,Penyimpangan proses kemas secara manual menggunakan selotip berlogo pada pack LBMAV sebanyak 18 BN. TS buatkan lampiran proses PPI dan form verifikasi formula untuk penggunaan selotip berlogo ini. Lakukan sosialisasi lampirkan,
,,,,,,,,,,"PPIC lakukan koordinasi dan sosialisasi ke pihak terkait termasuk produksi, warehouse dan TS, lampirkan hasil koordinasi tersebut dalam penyimpangan ini dan informasikan Aktualisasi NB produk.",
,,,,,,,,,,Produksi lakukan proses kemas produk LBMAV pada Ilapak 11 sesuai dengan lampiran proses yang disosialisasikan. Lakukan permintaan selotape melalui FKB Apabila ditemukan kendala Catatan perubahan proses di PPI.,
,,,,,,,,,,Produk LBMAV yang diproduksi menggunakan lampiran proses kemas manual di Ilapak 11 ini dapat dirilis apabila hasil analisa seluruh parameter produk MS dan tidak ada issue kualitas lainnya. Alokasikan produk untuk didistribusi di area fast moving,
2026,DEV-B7PLG-02-2026-0027,APPROVED,https://eqms.kalbe.co.id/e-deviation/deviation/91104698-98da-425f-84ef-f2a85afe7721/detail?tab=pre-investigation&tabRemediate=issue-data&tabCapa=issue-data,Planned,Procedure/documentation/data integrity,Prosedur/Spec/MA tidak sesuai,LMHGA ,JB159 - JB168,Trial Eliminasi heating cooling produk Mixagrip (LMHG1) Batch JB159 - JB168,"Trial Eliminasi heating cooling produk Mixagrip (LMHG1) Batch JB159 - JB168 disetujui, TS buatkan lampro koordinasi dengan QA dan sosialisasi ke Produksi. Lampirkan",
,,,,,,,,,,Trial Eliminasi heating cooling produk Mixagrip (LMHG1) dilakukan sampai dengan 3 siklus bersamaan dengan studi Validasi Cleaning dan masa pakai mesin. TS ambil sampel stabilitas lampirkan protokol stabtest dan protokol trial dalam penyimpangan ini,
,,,,,,,,,,"Lampirkan protokol validasi cleaning untuk Trial Eliminasi heating cooling produk Mixagrip (LMHG1), informasikan metode yang digunakan.",
,,,,,,,,,,"TS lakukan trial sesuai protokol, koordinasi ke pihak terkait dan informasikan hasil trial dalam penyimpangan ini. Lampirkan Report Trial 3 siklus dan buatkan CC sebelum implementasi",
,,,,,,,,,,"QA lakukan studi dan trial validasi cleaning sekaligus Trial Eliminasi heating cooling produk Mixagrip (LMHG1). Infromasikan aktualisasi NB Trial dan hasil trial dalam penyimpangan ini, lampirkan report",
,,,,,,,,,,QA lakukan penambahan review ke QS manager terkait Trial Eliminasi heating cooling produk Mixagrip (LMHG1) Batch JB159 - JB168 karna akan berdampak ke pengurangan energi. Lampirkan hasil review,
,,,,,,,,,,Produk Trial Eliminasi heating cooling produk Mixagrip (LMHG1) Batch JB159 - JB168 dapat dirilis jika seluruh hasil parameternya sudah memenuhi syarat. Lampirkan dan informasikan,
2026,DEV-B7PLG-02-2026-0025,CLOSED,https://eqms.kalbe.co.id/e-deviation/deviation/b8043916-1919-48ed-9408-f08298560544/detail?tab=pre-investigation&tabRemediate=issue-data&tabCapa=issue-data,Planned,Procedure/documentation/data integrity,Prosedur/Spec/MA tidak sesuai,POSNA,JB082,Pack Campuran POSNA,"Terkait penyimpangan POSNA JB082 menggunakan pack lama 2DP008130 qty 4030 ea dan pack baru 2DP008140 qty 736 ea disetujui hanya utk 1 BN tanpa perubahan proses. TS Buatkan PMFR dan Lampro, sosialisasikan ke area. Lampirkan",
,,,,,,,,,,"Produksi terkait produksi POSNA JB082 menggunakan pack campuran tulis di catatan perubahan proses PPI, lakukan rekonsiliasi dengan benar sesuai kebutuhan dan SOP, lampirkan dalam devol ini",
,,,,,,,,,,"Inspektor lakukan verifikasi (sampling) ke lapangan saat proses produksi POSNA JB082 berjalan, pastikan tidak ada mixup dan kendala di lapangan. Informasikan dan dokumentasikan dalam cc ini",
2026,DEV-B7PLG-02-2026-0031,CLOSED,https://eqms.kalbe.co.id/e-deviation/deviation/2a548ccd-9019-4ad3-ae1d-148143f30bc3/detail?tab=pre-investigation&tabRemediate=issue-data&tabCapa=issue-data,Unplanned,Product,Kebocoran,LKJTA ,JB690,LKJTA JB690 Sachet Bocor Line 6J dan Line 1 K,Terhadap produk LKJTA JB690 Sachet bocor line 6 J dan Line 1 K lakukan runut dan sortir. Informasikan hidden cost dari aktivitas ini.,
,,,,,,,,,,"QA lakukan verifikasi hasil runut sortir untuk produk LKJTA JB690 Sachet bocor line 6 J dan Line 1 K, informasikan hidden cost untuk aktivitas ini.",
,,,,,,,,,,"KebocoranLKJTA JB690 Sachet bocor line 6 J dan Line 1 K, Teknik perlu lakukan pengecekan terhadap mesin. Informasikan abnormalitas dalam penyimpangan ini.",
,,,,,,,,,,Produksi lakukan pengecekan terhadap proses dan mesin untuk kasus Kebocoran LKJTA JB690 Sachet bocor line 6 J dan Line 1 K. infromasikan dalam penyimpangan ini.,
,,,,,,,,,,Produk LKJTA JB690 Sachet bocor line 6 J dan Line 1 dapat dirilis jika semua hasil parameter sudah memenuhi syarat.,
,,,,,,,,,,Terbitkan CAPA untuk Produk LKJTA JB690 Sachet bocor line 6 J dan Line 1,
2026,DEV-B7PLG-02-2026-0036,CLOSED,https://eqms.kalbe.co.id/e-deviation/deviation/ca077972-3eaa-4604-8b4c-216753309387/detail?tab=pre-investigation&tabRemediate=issue-data&tabCapa=issue-data,Unplanned,Product,Lain-lain,"LKXJA, LKXNA, LNKOE",-,MB Komix Basah,"Saat Action ini dibuat sudah dilakukan FKM dan pengiriman Label, Lampro ke EPM. Bukti sudah di QA, lampirkan",
,,,,,,,,,,"Terhadap produk LKXJA, LKXNA, LNKOE yang pada MB nya terdampak basah krn kebocoran armada saat pengiriman, lakukan repack sesuai review. Buatkan Lampro, lampirkan Lampro dan sosialisasi ke pihak terkait",
,,,,,,,,,,"Proses Repack disaksikan oleh APJ QA B7 Pg secara online, maka keduanya harus memberikan ttd di kolom di ppi repack sbg bentuk verifikasi sah. Lampirkan link rekaman/hasil witness dalam penyimapngan ini",
,,,,,,,,,,"Terkait hal ini, perlu dibuatkan CAPA sebagai bentuk follow up epm agar proses tidak kejadian lagi, termasuk tindakan mitigasi pemeriksaan kendaraan yang comprehensif sebelum pengiriman. CAPA diterbitkans ecara hardcopy di FU by email",
2026,DEV-B7PLG-02-2026-0030,CLOSED,https://eqms.kalbe.co.id/e-deviation/deviation/65764dc5-22e9-4fea-9bd1-5023352a07e4/detail?tab=pre-investigation&tabRemediate=issue-data&tabCapa=issue-data,Unplanned,Procedure/documentation/data integrity,Kepatuhan,LBMAV ,JB716,Adanya ketidaksesuaian nomor JO Karton yg digunakan dengan no JO pada PPI,Produksi lakukan penulisan di catatan perubahan proses untuk penggunaan karton dengan nomor JO yang tidak sesuai ini di PPI LBMAV 716 dan 714 sesuai kronologi diatas agar tetap terdokumentasi,
,,,,,,,,,,"Lakukan Sosialisasi ke operator/packer agar aware sehingga tidak terjadi mix up penggunaan karton yang tidak sesuai alokasinya, jikapun harus menggunakan karton tidak sesuai karena cito harus di tulis di catatan perubahan proses supaya bisa di telusuri.",
,,,,,,,,,,Produk LBMAV 716 dan 714 dapat dirilis jika catatan perubahan proses sudah di tulis. Informasikan,
2026,DEV-B7PLG-02-2026-0035,CLOSED,https://eqms.kalbe.co.id/e-deviation/deviation/f98d2988-d413-438f-98fc-df58d9fcc89a/detail?tab=pre-investigation&tabRemediate=issue-data&tabCapa=issue-data,Unplanned,Product,Performance hasil pengemasan,PWSNH ,JB273,Foil PWSNH JB273 mengelupas dan coding memudar saat di cek di chamber QC,"Terkait Foil PWSNH JB273 mengelupas dan coding memudar saat di cek di chamber QC, lakukan runut dan sortir 3 Kartons ebelum dan sesudah dari MB 10 Pallet 1. Informasikan HC dan HT dalam penyimpangan ini",
,,,,,,,,,,"QA Lakukan verifikasi runut Sortir untuk Foil PWSNH JB273 mengelupas dan coding memudar saat di cek di chamber QC, informasikan HC dan HT dalam penyimpangan ini",
,,,,,,,,,,"Cek Nomor QC dan nomor JO Foil yang digunakan untuk PWSNH JB273, lihat alokasi penggunaan foil diproduk lainnya, lakukan pengecekan terhadap sampel retained. Infromasikan dalam penyimpangan ini",
,,,,,,,,,,"Terbitkan CAPA untuk kejadian ini, lampirkan nomor CAPA",
,,,,,,,,,,Produk PWSNH JB273 dapat dirilis jika hasil runut sortir sudah selesai dan tidak ada issue kualitas lainnya,
2026,DEV-B7PLG-02-2026-0037,CLOSED,https://eqms.kalbe.co.id/e-deviation/deviation/1ea991be-b426-4e6f-9b2f-590cc5bdc4b8/detail?tab=pre-investigation&tabRemediate=issue-data&tabCapa=issue-data,Unplanned,Product,Kebocoran,LKJTA ,JB695,"Sachet bocor di bagian sealing horizontal output Ilapak 10, LKJTA JB695","Terhadap Sachet bocor di bagian sealing horizontal output Ilapak 10, LKJTA JB695 lakukan runut dan sortir. Informasikan hidden cost dari aktivitas ini.",
,,,,,,,,,,"QA lakukan verifikasi hasil runut sortir untuk Sachet bocor di bagian sealing horizontal output Ilapak 10, LKJTA JB695, informasikan hidden cost untuk aktivitas ini.",
,,,,,,,,,,"Kebocoran Sachet bocor di bagian sealing horizontal output Ilapak 10, LKJTA JB695, Teknik perlu lakukan pengecekan terhadap mesin. Informasikan abnormalitas dalam penyimpangan ini.",
,,,,,,,,,,"Produksi lakukan pengecekan proses dan mesin utk Kebocoran horizontal output Ilapak 10, LKJTA JB695 (mesin dan operator, anomali proses, IPC , cek thd trend suhu seal & pressure pd tiap line. infromasikan di penyimpangan ini.",
,,,,,,,,,,"Produk Sachet bocor di bagian sealing horizontal output Ilapak 10, LKJTA JB695 dapat dirilis jika semua hasil parameter sudah memenuhi syarat.",
,,,,,,,,,,"Terbitkan CAPA untuk Sachet bocor di bagian sealing horizontal output Ilapak 10, LKJTA JB695",
2026,DEV-B7PLG-02-2026-0038,CLOSED,https://eqms.kalbe.co.id/e-deviation/deviation/d3b10a5d-5791-4c73-a501-ea74865d17fb/detail?tab=pre-investigation&tabRemediate=issue-data&tabCapa=issue-data,Planned,Procedure/documentation/data integrity,Prosedur/Spec/MA tidak sesuai,"LNKOA
LNKKB ",-,"Trial adjustment titik tengah LNKOA (mjd 7,3 mL) &LNKKB (mjd 5,20 mL)","Penyimpangan Trial adjustment titik tengah LNKOA (mjd 7,3 mL) &LNKKB (mjd 5,20 mL) diizinkan sampai diperoleh data untuk perhitungan std loss aktual dari perubahan, buatkan lampro sosialisasikan ke produksidan PPIC utk cut off penggunaan Lampro",
,,,,,,,,,,"Lakukan koordinasi ke RND terkait data 3WS jika ada perubahan range bobot, ke OT dan Project leader aplikasi IPC digital agar dilakukan penyesuaian dalam prsoes IPC. Lampirkan hasil koordinasi",
,,,,,,,,,,"Lakukan trial min sampai 10 BN atau lebih, evaluasi hasil trial, lampirkan report trial dan infromasikan dalam penyimpangan ini",
2026,DEV-B7PLG-03-2026-0051,APPROVED,https://eqms.kalbe.co.id/e-deviation/deviation/694e3b52-ab55-4647-9904-6e386ce235aa/detail?tab=pre-investigation&tabRemediate=issue-data&tabCapa=issue-data,Unplanned,Testing and analytical method,Analisa Lab TMS,"LNKOA
LNKKB ","FK003
FK004",Data stabilitas pada PQR produk Komix OBH kids dan OBH PE TMS,"Penyimpangan terkait Data stabilitas pada PQR produk Komix OBH kids dlakukan OBH PE TMS perlu dibuatkan MRM Non Rutin, lampirkan MRM Approved dalam penyimpangan ini",
,,,,,,,,,,"Lakukan Pengontrolan Stock yang beredar di Market. Kontrol stock Komix OBH di pasar dijaga agar umur produk beredar < 18 bulan, untuk produk dengan usia > 12 bulan dilakukan perpindahan ke area fast moving, untuk usia >18 bulan diretur ke B7. Lampirkan",
,,,,,,,,,,"Koordinasi di EPM terkait Pengontrolan Kondisi Penyimpanan di EPM, buatkan Memo suhu rekomendasi <25 DC atau disimpan di rak bawah atau maksimal di rak ketiga dari rak paling atas (tidak ditempatkan di rak paling atas). Lampirkan Memo dan email ke EPM",
,,,,,,,,,,"RND lakukan Reformulasi – optimasi excipient dan atau perubahan komposisi zat aktif terkait Data stabilitas pada PQR produk Komix OBH kids dlakukan OBH PE TMS, informasikan action/timeline dalam penyimpangan ini",
,,,,,,,,,,Lakukan Riset kompatibilitas kemasan thd produk &alternatif komposisi kemasan bila ditemukan adanya interaksi produk dengan kemasan dari Data stabilitas pada PQR produk Komix OBH kids dlakukan OBH PE TMS. Infromasikan dalam penyimpangan ini,
,,,,,,,,,,ANDEV lakukan Optimasi dan validasi metode analisa PE terhadap hasil reformulasi FD melalui Stability Indicating Method dan Forced Degradation Study,
2026,DEV-B7PLG-02-2026-0041,CLOSED,https://eqms.kalbe.co.id/e-deviation/deviation/7d2064e2-a705-4f1e-86cf-af438fc9ab7c/detail?tab=pre-investigation&tabRemediate=issue-data&tabCapa=issue-data,Unplanned,Product,Kebocoran,LKMCA,JB625,LKMCA JB625 bocor pada line 2 (ilapak 6) dan line 5 (ilapak 7),"Terkait LKMCA JB625 bocor pada line 2 (ilapak 6) dan line 5 (ilapak 7) produksi lakukan runut dan sortir, informasikan HC dan HT dalam penyimpangan ini",
,,,,,,,,,,"QA lakukan verifikasi runut sortir produksi terkait LKMCA JB625 bocor pada line 2 (ilapak 6) dan line 5 (ilapak 7), infromasikan HC dan HT dalam penyimpangan ini.",
,,,,,,,,,,"Produksi lakukan investigasin pada mesin ilapak 6 dan 7, infromasikan abnormalitas dan kendala saat proses produksi informasikan dalam penyimpangan ini",
,,,,,,,,,,"Teknik lakukan pengecekan terhadap mesin, informasikan setting yang dilakukan dalam penyimpangan ini",
,,,,,,,,,,Terbitkan CAPA untuk LKMCA JB625 bocor pada line 2 (ilapak 6) dan line 5 (ilapak 7),
,,,,,,,,,,Produk LKMCA JB625 bocor pada line 2 (ilapak 6) dan line 5 (ilapak 7) dapat dirilis jika proses runut sortir sudah selesai dan tidak ada issue kualitas yang terjadi,
2026,DEV-B7PLG-03-2026-0044,CLOSED,https://eqms.kalbe.co.id/e-deviation/deviation/46b31bfa-d39d-4dcb-9b64-b279d779915e/detail?tab=pre-investigation&tabRemediate=issue-data&tabCapa=issue-data,Unplanned,Product,Kebocoran,LKJTA,JB726,"Sachet bocor pada bagian sealing vertikal output Ilapak 9, LKJTA JB726","Terhadap Sachet bocor pada bagian sealing vertikal output Ilapak 9, LKJTA JB726, produksi lakukan runut dan sortir (termasuk BN sebelumnya yang terdampak). Informasikan HC dan HT dalam penyimpangan ini",
,,,,,,,,,,"QA lakukan verifikasi runtu dan sortir untuk penyimpangan Sachet bocor pada bagian sealing vertikal output Ilapak 9, LKJTA JB726, informasikan HT dan HC (termasuk BN sebelumnya yang terdampak).",
,,,,,,,,,,Produksi lakukan pengencekan terhadap kondisi sealing tempetature seal (cek stabilitas suhu slma proses) dan periksa apakah ada abnormalitas pada kejadian dan riwayat setting/ganti foil terdekat sebelum kejadian. Informaiskan dalam penyimpangan ini,
,,,,,,,,,,"Teknik lakukan pengecekan terhadap mesin, lakukan pembongkaran jika perlu informasikan hasil pengecekan dalam penyimpangan ini",
,,,,,,,,,,"TS lakukan pengecekan thd pressure sealing (cek value pressure) sachet etrdampak dibandingkan dengan sachet tidak bocor, informasikan data dalam penyimpangan ini",
,,,,,,,,,,"Produk Sachet bocor pada bagian sealing vertikal output Ilapak 9, LKJTA JB726 (termasuk BN sebelumnya yang terdampak) dapat dirilis jika hasil parameter sudah MS dan tidak ada issue Kualitas lainnya",
,,,,,,,,,,"Terbitkan CAPA untuk Sachet bocor pada bagian sealing vertikal output Ilapak 9, LKJTA JB726 , lampirkan",
2026,DEV-B7PLG-03-2026-0045,CLOSED,https://eqms.kalbe.co.id/e-deviation/deviation/a288bd3f-ccdd-42f2-8817-ea3972342031/detail?tab=pre-investigation&tabRemediate=issue-data&tabCapa=issue-data,Planned,Procedure/documentation/data integrity,Prosedur/Spec/MA tidak sesuai,LBMAV ,-,LBMAV jalan manual di ilapak 11,Penyimpangan terencana 15 BN LBMAV kemas manual di Ilapak 11 disetujui terbatas pada 15 BN tersebut. TS sudah buatkan lampiran proses PPI dan form verifikasi formula untuk penggunaan selotip berlogo ini. Lakukan revisi nomor Devol pada Lampro.,
,,,,,,,,,,"Lakukan proses kemas produk LBMAV pada Ilapak 11 sesuai lampiran prose. Untuk kebutuhan selotip yang digunakan, lakukan FKB ke gudang. Apabila ditemukan kendala, koordinasikan dengan departemen terkait dan catat pada catatan perubahan proses.",
,,,,,,,,,,PPIC informasikan aktualisasi NB produk terdampak yang dikemas secara manual pada mesin ilapak 11. Lampirkan,
,,,,,,,,,,Produk LBMAV yang diproduksi menggunakan lampiran proses kemas manual di Ilapak 11 ini dapat dirilis apabila hasil analisa seluruh parameter produk MS dan tidak ada issue kualitas lainnya.,
2026,DEV-B7PLG-03-2026-0046,APPROVED,https://eqms.kalbe.co.id/e-deviation/deviation/195462d4-6381-434e-8c2a-dce467f0cd62/detail?tab=pre-investigation&tabRemediate=issue-data&tabCapa=issue-data,Planned,Procedure/documentation/data integrity,Prosedur/Spec/MA tidak sesuai,LKXOB ,-,Interval pemerksaan fisik tube menjadi per 30 menit di PPI primer,Trail Interval pemerksaan fisik tube menjadi per 30 menit di PPI primer dapat dilakukan sampai dengan kebutuhan data trial TS tercukupi/PPI terupdate atau maksimal dibulan Juli sampai update PPI. TS buatkan Lampiran proses dan sosialisasikan,
,,,,,,,,,,"Produksi koordinasikan dengan TS lakukan evaluasi dan perlu memastikan bahwa dengan interval pengujian fisik yg makin jarang, tidak ada isu kualitas (misal bentuk potekan tajam / NOK). Apabila trial oke, buatkan FUPdan informasikan report evaluasi trial",
,,,,,,,,,,"Implementasi Interval pemerksaan fisik tube menjadi per 30 menit boleh dilakukan jika FUP sudah approved dan PPI sudah update, jika tidak maka perlu dibuatkan penyimpangan kembali. TS informasikan timeline perubahan PPI",
,,,,,,,,,,"Inspektor lakukan sampling/pengecekan rutin pada saat trial Interval pemerksaan fisik tube menjadi per 30 menit di PPI primer, pastikan tidak ada issue kualitas saat trial berjalan baru produk boleh di rilis",
,,,,,,,,,,Informasikan realisasi NB dan produk yang terdampak dari trial Interval pemerksaan fisik tube menjadi per 30 menit di PPI primer. Informasikan dalam penyimpangan ini,
2026,DEV-B7PLG-03-2026-0049,APPROVED,https://eqms.kalbe.co.id/e-deviation/deviation/9d39d8e0-01d2-4f8d-8ad0-24279ce5cff2/detail?tab=pre-investigation&tabRemediate=issue-data&tabCapa=issue-data,Planned,Procedure/documentation/data integrity,Lain-lain,-,-,Pemakaian injet TIJ (Catridge) diline SIG 6 dan Ilapak 11,"Trial Pemakaian injet TIJ (Catridge) diline SIG 6 dan Ilapak 11 disetujui sampai dgn kecukupan data terpenuhi/selama maks 6 bln. Lakukan evaluasi selama trial dilakukan pada setiap mesin, lampirkan hasil trial dan perhitungan COGS dan saving",
,,,,,,,,,,"Jika data 6 bulan sudah tercukupi dan trial oke untuk dijalankan ke mesin lainnya, buatkan FUP implementasi dan timeline lengkap per mesin. lampirkan nomor FUP",
,,,,,,,,,,Minta verifikasi QA terkait kualitas hasil coding yang terbentuk sebagai rekomendasi coding yang di ACC sebagai output. Lampirkan dan informasikan dalam penyimpangan ini,
,,,,,,,,,,"QA lakukan verifikasi sampling hasil coding pada ilapak 11 dan SIG 6, pastikan tidak ada issue coding/mudah terhapus dan coding tidak jelas. Lampirkan dalam penyimpangan ini",
2026,DEV-B7PLG-03-2026-0050,APPROVED,https://eqms.kalbe.co.id/e-deviation/deviation/0b69be1c-aa81-4a6b-9272-5c1518eb2e24/detail?tab=pre-investigation&tabRemediate=issue-data&tabCapa=issue-data,Planned,Procedure/documentation/data integrity,Lain-lain,LBMAV ,-,Trial Optimasi Temach,"Trial Optimasi Temach dengan menggunakan OPP198 pada produk LBMAV disetujui sebanyak 3 BN pada mesin Temach. TS siapkan dan koordinasikan penggunaan OPP 198, dokumentasikan di PPI, Informasikan aktualitasi Nomor Batch produk dalam penyimpangan ini",
,,,,,,,,,,"Lakukan pendampingan selama trial, evaluasi Waste Opp dan kualitas pengemasan, lakukan pengecekan tiap 10 menit output/sesuai dengan ketentuan sampling tim kalkual. Koordinasikan dengan tim kalkual, minta verifikasi QA Lampirkan report hasil trial",
,,,,,,,,,,"Lakukan verifikasi saat awal jalan atau sesuai kebutuhan utk optimasi Temach dengan OPP 198, lakukan kualifikasi mesin jika hasil trial optimasi Temach dengan opp 198 sudah optimal, koordinasi dengan teknik dan lampirkan report",
,,,,,,,,,,"Produksi lakukan retur OPP 205 pada batch LBMAV sesuai koordinasi TS untuk penukaran OPP 198, catat pada catatan perubahan proses PPI dan lampirkan dalam penyimpangan ini",
,,,,,,,,,,"QA Inspektor lakukan verifikasi ATB proses saat proses Trial OPP 198 untuk optimasi Temach berjalan, sampling pack dan pastikan hasil wrapping sesuai kualitas yang ditetapkan. Lampirkan dan informasikan dalam penyimpangan ini",
2026,DEV-B7PLG-03-2026-0047,CLOSED,https://eqms.kalbe.co.id/e-deviation/deviation/ffb66967-f04b-439c-bfe1-c2dad9e78472/detail?tab=pre-investigation&tabRemediate=issue-data&tabCapa=issue-data,Unplanned,Product,Performance hasil pengemasan,POSNA ,JC116,Tidak ada kode mesin pada coding sachet POSNA JC116,Terkait Penyimpangan Tidak ada kode mesin pada coding sachet POSNA JC116 di pallet 2 dan Pallet 2 (3 Karton). Produk dapat dirilis dengan kondisi tanpa kode mesin tersebut namun perlu di catat pada catatan perubahan Proses PPI dan buatkan BA. Lampirkan,-
,,,,,,,,,,"Pastikan Sachet, pack dan kemasan lainnya pada produk POSNA JC116 sudah dicoding sesuai kaidah pada PPI, Pastikan metode get buddy dilkerjakan secara konsisten dan juga dimonitor oleh supervisor area. Lampirkan dan infromasikan",
,,,,,,,,,,"Terhadap personil terlibat berikan teguran dan sanksi agar tidak mengulangi kejadian yang sama kembali, lakukan sosialisasi ke operator/personil lainnya. Lampirkan daftar hadir",
,,,,,,,,,,"Produk POSNA JC116 dapat dirilis jika tidak ada issue kualitas lainnya, penyimpangan sudah ditulis di catatan perubahan prsoes PPI. Informasikan",
2026,,Cancel,https://eqms.kalbe.co.id/e-deviation/deviation/caa8cfcc-cb4b-4569-864b-df92bc1873fd/detail?tab=pre-investigation&tabRemediate=issue-data&tabCapa=issue-data,Unplanned,Product,Kebocoran,LPRGQ ,JC503,retaiined sample bocor line 1 sealing horizontal produk LPRGQ JC503,,
2026,DEV-B7PLG-03-2026-0060,CLOSED,https://eqms.kalbe.co.id/e-deviation/deviation/9f58cef0-f133-4406-8c4e-7b2dc00611ca/detail?tab=pre-investigation&tabRemediate=issue-data&tabCapa=issue-data,Planned,Procedure/documentation/data integrity,Lain-lain,LEJSD,-,Egel curah untuk kebutuhan sample MKT,"Penyimpangan Egel berbentuk Curah untuk kebutuhan sample MKT 1 bets LEJOB April & 1 bets LEJOB & 2 bets LEJSD di Mei disetujui, TS buatkan lampro yang mengakomodir penyimpangan ini. Koordinasi dengan QA, sosialisasikan dan lampirkan",
,,,,,,,,,,"Produksi lakukan proses pengemasan sesuai Lampro TS, lakukan returm kemasan dan FKM MB jika dibutuhkan. Informasikan aktualisasi NB produk dalam penyimpangan ini",
,,,,,,,,,,QA lakukan verifikasi/IPC rutin ke lapangan terkait proses pengemasan manual ch ke dalam MB untuk EGel curah sesuai penyimpangan ini. Infromasikan dan pastikan tidak ada kualitas yang dilanggar. Informasikan,
,,,,,,,,,,"Produk 1 bet LEJOB April & 1 bets LEJOB & 2 bets LEJSD di Mei dengan penyimpangan pengemasan curah ini dapat dirilis jika seluruh hasil pemeriksaan sudah MS, jika ada keluhan pelanggan tidak dihitung sebagai capaian RKI.",
,,,,,,,,,,"Kebutuhan retained/referance sampel QA dan QC tetap diambil sejumlah sampel pengemasan normal didalam kemasan sesuai spesifikasi, lakukan rekonsiliasi untuk kebutuhan Pack sampel retained dan reference tersebut.",
2026,DEV-B7PLG-04-2026-0062,APPROVED,https://eqms.kalbe.co.id/e-deviation/deviation/423363a7-4b8c-4db8-b419-ed735ca61ff7/detail?tab=pre-investigation&tabRemediate=issue-data&tabCapa=issue-data,Planned,Procedure/documentation/data integrity,Lain-lain,LKJTA,-,Trial Perubahan IPC Kebocoran LKJTA 3 sachet per line tiap 30 menit,"Trial Perubahan IPC Kebocoran LKJTA 3 sachet per line tiap 30 menit disetujui maksimal sampai Bulan April 2026 atau sampai kebutuhan 6 BN trial tercukupi. TS buatkan Protokol (jika perlu) dan Lampro,sosialisasi dan lampirkan dalam penyimpangan ini",
,,,,,,,,,,"Koordinasikan dgn prod timeline trial, Catat aktivitas yang terjadi, termasuk mesin, parameter, produk, no bets, operator, dll serta kendala yang terjadi selama trial agar dapat dijadikan bahan evaluasi. Lampirkan hasil evaluasi trial",
,,,,,,,,,,Jika hasil trial oke buatkan FUP untuk implementasi Perubahan IPC Kebocoran LKJTA 3 sachet per line tiap 30 menit,
,,,,,,,,,,Produksi lakukan dan sosialisasikan ke OP terkait Trail IPC LKJTA 3 sach per 30 menit ini sesuai Lampro dari TS. Informasikan dalam penyimpangan ini untuk ilapak 3-4 dan 6-7 (Perwakilan PIC Line tolong dibantu ya pak Nur),
2026,,Cancel,https://eqms.kalbe.co.id/e-deviation/deviation/47f86943-7068-4f8d-9642-21d8e07ae66f/detail?tab=pre-investigation&tabRemediate=issue-data&tabCapa=issue-data,Planned,Product,Prosedur/Spec/MA tidak sesuai,-,-,Contigency Perilisan Produk,,
2026,DEV-B7PLG-03-2026-0061,CLOSED,https://eqms.kalbe.co.id/e-deviation/deviation/c3b14e1f-7fc1-4c5a-bda6-7e7525d5a216/detail?tab=pre-investigation&tabRemediate=issue-data&tabCapa=issue-data,Unplanned,Product,Performance hasil pengemasan,LKJTA,JC787,Ditemukan adanya kondisi coding sachet ED yang tidak jelas,"Terhadap Produk LKJTA JC787 coding tidak jelas dan Bocor LKJTA JC783 pada Mesin Il 4 lakukan runut-sortir serta coding ulang terhadap produk terdampak termasuk LKJTA JC789, informasikan HC dan HT untuk aktivitas ini termasuk untuk batch terdampak lainnya",
,,,,,,,,,,"Lakukan verifikasi runut dan sortir LKJTA JC787 coding tidak jelas dan Bocor LKJTA JC783 pada Mesin Ilapak 4 yang dilakukan oleh produksi, informasikan HC dan HT dalam penyimpangan ini termasuk LKJTA 789",
,,,,,,,,,,"Produksi lampirkan BA kejadian coding NOK dan Bocor dalam penyimpangan ini, berikan teguran dan sanksi kepada personil yang terlibat jika perlu",
,,,,,,,,,,"Produksi cek CCTV terkait proses IPC Fisik dan bocor yang dilakukan operator, lakukan pengecekan pada head inkjet, koordinasi dengan vendor jika perlu. Lakukan investigasi penyebab coding NOK dan bocor dalam penyimpangan ini",
,,,,,,,,,,"Teknik lakukan pengecekan terhadap mesin dan inkjet, informasikan abnormalitas dalam penyimpangan ini koordinasikan dengan produksi",
,,,,,,,,,,"QA buatkan CAPA terkait issue LKJTA JC787 coding tidak jelas dan Bocor LKJTA JC783 pada Mesin Ilapak 4 ini, lampirkan nomor CAPA terbitkan ke Presdir line TPM Ilapak 3-4",
,,,,,,,,,,"Produk LKJTA 787 dan 783 serta Batch lainnya yang terdampak dari issue Coding NOK dan Kejadian Bocor (LKJTA 789) dapat dirilis jika seluruh hasil parameter sudah MS, Coding ulang sudah dilakukan dan tidak ada issue bocor. Lampirkan",
2026,DEV-B7PLG-04-2026-0063,CLOSED,https://eqms.kalbe.co.id/e-deviation/deviation/e82f6f1f-b218-46b4-9dee-8df2c913a97d/detail?tab=pre-investigation&tabRemediate=issue-data&tabCapa=issue-data,Unplanned,Product,Performance hasil pengemasan, LPRGT ,JD060 - JD062,Coding sachet bergelombang pada line 1 produk LPRGT JD060 - JD062,"Coding LPRGT JD060 - JD062 masih terbaca dengan jelas dan tidak menabrak redaksi, proses bisa dilanjutkan dengan inspeksi IPC intens pada proses dgn memperhatikan Produksi. Lakukan setting Inkjet agar coding sesuai standar PPI",
,,,,,,,,,,"Teknik lakukan pemeriksaan pada perangkat Moving Device Inkjet dan tarikan foil pada mesin, lampirkan dan informasikan hasil pengecekan dalam penyimapngan ini",
,,,,,,,,,,"QA lakukan pengecekan rutin IPC Inspektor pada mesin ilapak 11, informasikan hasil pengecekan tersebut jika hasil coding tidak sesuai. Produk dapat dirilis jika seluruh hasil parameter sudah memenuhi syarat.",
,,,,,,,,,,Jika ada keluhan terkait coding tidak dihitung sebagai Keluhan Pelanggan pada RKI Customer Complaint karena sudah diterima melalui penyimpangan ini.,
2026,DEV-B7PLG-04-2026-0070,CLOSED,https://eqms.kalbe.co.id/e-deviation/deviation/698583db-ddfd-455d-b92b-895683ed055a/detail?tab=pre-investigation&tabRemediate=issue-data&tabCapa=issue-data,Planned,Procedure/documentation/data integrity,Prosedur/Spec/MA tidak sesuai,"1. ST 14 LNKOA JD866
2. ST 4 LKMCA JD661 
3. ST 13 LKJTA JD812",-,Rencana penggunaan ST setelah pengerjaan vendor tanpa menunggu hasil mikro,"Penyimpangan terencana penggunaan Storage Tank silverson no 4,13, dan 14 disetujui dengan mitigasi pengambilan sampel FG pertama ATB @2sch. Lakukan registrasi dan analisa mikro, Lampirkan hasil analisa all FG terdampak dalam cc ini",
,,,,,,,,,,"Segera lakukan pengujian trhadap data mikro Storage Tank silverson no 4,13, dan 14, lampirkan hasil analisa dan lampirkan RAP ST tersebut dalam penyimpangan ini",
,,,,,,,,,,Produk terdampak dapat dirilis jika seluruh hasil parameter sudah memenuhi syarat termasuk analisa Mikrobiologi atau jika hasil analisa ST sudah ada dan MS. Informasikan dalam penyimpangan ini,
2026,DEV-B7PLG-04-2026-0069,CLOSED,https://eqms.kalbe.co.id/e-deviation/deviation/5cedf56f-eb73-4c91-9803-29abb700f1f9/detail?tab=pre-investigation&tabRemediate=issue-data&tabCapa=issue-data,Unplanned,Process,Proses,PWSNH,JD280,Nilai pressure gauge tahap 2 di FBD glatt tidak sesuai PPI,"Terkait Nilai pressure gauge tahap 2 di FBD glatt tidak sesuai PPI yaitu 0.7 Kgf/cm2 (standar 0,6 Kgf/cm2). Produksi lakukan pemeriksaan LOD Produk kembali, pastikan MS, tulis di catatan perubahan PPI Waisan JD280 dan lampirkan dalam penyimpangan ini",
,,,,,,,,,,"Teknik lakukan investigasi terkait issue Nilai pressure gauge tahap 2 di FBD glatt tidak sesuai PPI, infromasikan hasil investigasi dan perbaikan yang dilakukan dalam penyimpangan ini",
,,,,,,,,,,"Lakukan verfiikasi perbaikan teknik terkait Nilai pressure gauge tahap 2 di FBD glatt tidak sesuai PPI, pastikan hasil verifikasi QA OKE sebelum FBD Glatt digunakan kembali. Lakukan evaluasi juga terhadap kebutuhan kalibrasi Pressure Gauge. Lampirkan",
,,,,,,,,,,Pastikan Produk WAISAN JD280 memenuhi syarat mutu kualitas sebelum dirilis. Infromasikan dalam penyimpangan ini,
,,,,,,,,,,"TS lakukan evaluasi terhadap parameter pressure gauge di PPI, jika parameter tersebut kritikal koordinasi dengan QA, Teknik dan produksi sehingga dapat dilakukan kalibrasi terhadap alat tersebut",
2026,DEV-B7PLG-04-2026-0067,APPROVED,https://eqms.kalbe.co.id/e-deviation/deviation/201b029c-dd8e-48e3-a5ac-0acc0752f382/detail?tab=pre-investigation&tabRemediate=issue-data&tabCapa=issue-data,Unplanned,Testing and analytical method,Analisa Lab TMS,PWSNH,JD277 & JD279,verif peralatan compounding after lebaran TMS mikro,"Terkait penyimpangan hasil verif peralatan compounding (FBD Glatt) after lebaran TMS mikro, Koordinasi sampling dan analisa ulang, Lampirkan hasil SU dalam penyimpangan ini",
,,,,,,,,,,"Lakukan pengambilan sampel pertama yang menggunakan FBD Glatt dengan hasil TMS mikro yaitu PWSNH JD277, lakukan analisa dan lampirkan RAP dalam penyimapangan ini",
,,,,,,,,,,Produk PWSNH JD277 dapat dirilis jika seluruh hasil parameter sudah MS dan hasil mikro sudah keluar dan MS. Informasikan dalam penyimapangan ini,
,,,,,,,,,,"QC lakukan pembuatan report OOS, investigasi dari sisi analisa apakah ada abnormalitas atau tidak. Lampirkan dan informasikan",
,,,,,,,,,,"Produksi lakukan investigasi terhadap proses pencucian FBD Glatt ayng TMS Mikro koordinasi dengan tim validasi, jika belum ada standar pencucian atau tidak efektif lakukan perubahan. Informasikan dalam penyimpangan in",
2026,,Cancel,https://eqms.kalbe.co.id/e-deviation/deviation/f1e6276a-1cd6-4944-8697-dc1f9390d257/detail?tab=pre-investigation&tabRemediate=issue-data&tabCapa=issue-data,Unplanned,Product,Kebocoran,LKNTA ,JD762,LKNTA JD762 ilapak 12 line 2 bocor pada body sachet,,
2026,DEV-B7PLG-04-2026-0068,CLOSED,https://eqms.kalbe.co.id/e-deviation/deviation/cbbfd1c6-5db5-40bb-820e-5077e26a7104/detail?tab=pre-investigation&tabRemediate=issue-data&tabCapa=issue-data,Unplanned,Product,Performance hasil pengemasan,LNKOA,JD863,Coding sachet tercetak mirror (terbalik) pada sachet LNKOA JD863 Ilapak 9,"Terkait penyimpangan Coding sachet tercetak mirror (terbalik) pada sachet LNKOA JD863 Ilapak 9, lakukan runut sortir dan coding ulang. Lampirkan HC dan HT produksi dalam devol ini",
,,,,,,,,,,"Verifikasi Coding sachet tercetak mirror (terbalik) pada sachet LNKOA JD863 Ilapak 9 hasil runut dan sortir produksi, lampirkan HC dan HT dalam devol ini",
,,,,,,,,,,"Produksi terhadap operator terkait berikan sanksi, teguran dan sosialisasikan kepada seluruh OP lainnya agar kejadian yang sama tidak terjadi lagi. Lakukan koordinasi dengan ENG utk Poka-Yoke. Lampirkan",
,,,,,,,,,,"Produk Coding sachet tercetak mirror (terbalik) pada sachet LNKOA JD863 Ilapak 9 dapat dirilis jika sudah selesai coding ulang, hasil verifikasi OKE dan tidak ada issue kualitas lainnya. Informasikan",
,,,,,,,,,,Terbitkan CAPA untuk penyimpangan LNKOA JD863 Ilapak 9 jika HC > 1 jt koordinasikan dengan QA Spv,
,DEV-B7PLG-04-2026-0076,APPROVED,https://eqms.kalbe.co.id/e-deviation/deviation/effbc836-6f41-4224-9007-03c3a29be531/detail?tab=pre-investigation&tabRemediate=issue-data&tabCapa=issue-data,Planned,Procedure/documentation/data integrity,Prosedur/Spec/MA tidak sesuai,LKXO1,-,Penambahan Produk Komix Herbal Original (LKXO1) dengan system Autorilis,"Trial Produk Komix Herbal Original (LKXO1) dengan system Autorilis, disetujui maksimal Max 3 BN/END May 26. TS aktifkan Recipe LKXO1 02v2-04 v0 (keterangan preference 2) dgn IRB hanya akan digunakan utk kebutuhan trial sesuai devol saja. Lampirkan",
,,,,,,,,,,"PPIC lakukan CWO Manual sebanyak Max 3 BN/END May 2026 menggunakan Recipe LKXO1 02v2-04 v0 (keterangan preference 2) untuk trial ini sesuai kebutuhan yang dikoordinir oleh QA, jika sudah selesai CWO selanjutnya menggunakan recipe eksisting. Lampirkan",
,,,,,,,,,,"QA koordinasi dgn TS, PPIC dan Prod terkait project autorilis ini untuk dilakukan terbatas saja Max 3 BN/END May 26. Sosialisasi ke tim QC, PPIC, Prod terkait pelaksanaan trial ini. Jika Trial sudah selesai CWO PPIC menggunakan Recipe eksisting",
,,,,,,,,,,"Lakukan evaluasi terhadap trial LKXO1 dengan system Autorilis ini, buatkan perbandingan data aktivitas before/after beserta waktu/LT compounding agar bisa dievaluasi dampak autorilis terhadap LT Comp Produksi. Informasikan NB terdampak",
,,,,,,,,,,"Jika LKXO1 dgn system Autorilis 3 BN/Maks May 2026 sudah oke, koordinasi dengan TS dan PPIC utk melakukan aktivasi recipe LKXO1 02v2-04 v0 menjadi preferance 1 yang sudah menggunakan system Autorilis & validasi 2 untuk proses operasional rutin",
,,Cancel,https://eqms.kalbe.co.id/e-deviation/deviation/e2c169b3-1fd1-4079-a815-467bbe7d621d/detail?tab=pre-investigation&tabRemediate=issue-data&tabCapa=issue-data,Planned,Procedure/documentation/data integrity,Prosedur/Spec/MA tidak sesuai,LNKOA ,JD889,Dalam 1 bn menggunakan 2 kode item karton,,
2026,DEV-B7PLG-04-2026-0072,CLOSED,https://eqms.kalbe.co.id/e-deviation/deviation/5e1ddc48-033e-4b98-b0cf-289d3bc0abaf/detail?tab=pre-investigation&tabRemediate=issue-data&tabCapa=issue-data,Planned,Procedure/documentation/data integrity,Prosedur/Spec/MA tidak sesuai,LNKOA ,JD900,Dalam 1 bn menggunakan 2 kode item karton,"Penyimpangan terencana terkait produk LNKOA yang menggunakan 2 kode item karton disetujui terbatas pada 1 BN, TS buatkan lampro dan FVF pastika tidak boleh bercampur dalam 1 pallet 2 nomor karton. Lakukan sosialisasi, lampirkan",
,,,,,,,,,,PPIC koordinasikan dengan produksi dan TS pastikan astikan kemasan campuran di 1 BN saja sehingga tidak ada sisa stok kemasan lagi dan tidak ada write off kemasan karton 3MK044010. Laampirkan dan informasikan NB terkait,
,,,,,,,,,,Inspektor lakukan verifikasi ke lapangan pastikan proses produksi/pengemasan sesuai Lampro dan tidak boleh ada 2 kode item karton berbeda dalam 1 pallet yang sama. Informasikan,
,,,,,,,,,,"Produksi lakukan sosialisasi ke Tim Operator kemas, lakukan sesuai lampro, tidak boleh ada 2 kode item karton berbeda dalam 1 pallet yang sama.",
,,,,,,,,,,"QA koordinasi dengan PPIC informasikan ke EPM terkait penyimpangan ini, koordinasikan agar tidak bingung terkait perbedaan karton tersebut. Lakukan perilisan jika tidak ada issue kualitas lainnya",
2026,DEV-B7PLG-04-2026-0079,APPROVED,https://eqms.kalbe.co.id/e-deviation/deviation/515a6c6a-2a0d-4587-a60a-0f8de1791b1f/detail?tab=pre-investigation&tabRemediate=issue-data&tabCapa=issue-data,Planned,Product,Lain-lain,"LKXOB 
LKXLA ",-,Reduce halaman yang tidak terpakai di PPI primer tube (LKXOB dan LKXLA),"PPIC lakukan takeout halaman PPI sesuai penyimpangan ini saat CWO (LKXOB dan LKXLA : take out Hal 6, 11,12,13, 16, 23), aktivitas ini dilakukan sampai maksimal END Agustus 2026/setelah ada PPI terupdate. Informasikan",
,,,,,,,,,,Produksi segera buatkan FUP untuk perubahan PPIC LKXOB dan LKXLA takeout halaman ini dan perubahan durasi IPC Fisik tube. Lampirkan nomor FUP,
,,,,,,,,,,TS segera lakukan revisi PPI LKXOB dan LKXLA bersamaan dengan perubahan lainnya maksimal END AGT 2026. Lampirkan,
,,,,,,,,,,"Lakukan sosialisasi ke tim OP Produksi terkait perubahan ini dan koordinasi dengan PPIC, pastikan PPI yang diterima sesuai dengan penyimpangan (LKXOB dan LKXLA : take out Hal 6, 11,12,13, 16, 23). Jika tidak sesuai catatn dicatatan perubahan proses PPI",
,,,,,,,,,,"Aktivitas reduce ini berlaku sampai END Agustus 2026/sampai PPI terupdate tersedia oleh TS, pls note tim QA untuk tidak dijadikan temuan BR. Sosialisasikan ke Tim BR",
2026,DEV-B7PLG-04-2026-0086,APPROVED,https://eqms.kalbe.co.id/e-deviation/deviation/9b59ae6a-5ef2-460d-a9df-2176f7845b6b/detail?tab=pre-investigation&tabRemediate=issue-data&tabCapa=issue-data,Unplanned,Qualification and validation,Analisa Lab TMS,LPRGU ,"JD001 
JD002",Storage before valpro LPRGU TMS TPC (JD001 dan JD002),"Terhadap Storage before valpro LPRGU TMS TPC (JD001 dan JD002), verifikasi FG MS produk dapat dirilis jika tidak ada issue kualitas lainnya",
,,,,,,,,,,"Produksi lakukan pengecekan terhadap ST 16 dan 17, cek prosedur pencucian, kompetensi operator untuk melakukan pencucian ST dan cek potensial rootcause penyebab TMS ini dari sisi produksi",
,,,,,,,,,,"QA lakukan evaluasi dan pengecekan terhadap metode cleaning ST, sampling analis QA dan handling sampel sampai ke QC untuk dianalisa. Cek terkait penetapan masa bersih ST, Informasikan abnormalitas",
,,,,,,,,,,"QC terkait Storage before valpro LPRGU TMS TPC (JD001 dan JD002), lampirkan OOS dalam penyimpangan ini dan investigasi dari proses handling sampel sampai analisa. Informasikan jika ada abnormalitas atau potensi penyebab TMS ini",
2026,DEV-B7PLG-04-2026-0073,APPROVED,https://eqms.kalbe.co.id/e-deviation/deviation/d259b79c-74c8-477d-bc46-5c9434585da5/detail?tab=deviation-data&tabRemediate=issue-data&tabCapa=issue-data,Unplanned,Procedure/documentation/data integrity,Prosedur/Spec/MA tidak sesuai,LKXLA ,JD072,Pemeriksaan fisik tube dilakukan per 30 menit (LKXLA JD072),"Terkait penyimpangan Pemeriksaan fisik tube dilakukan per 30 menit (LKXLA JD072) seharusnya tiap 15 menit,berikan teguran dan sanksi kepada operator lampirkan bukti teguran dan sosialisasikan ke OP lainnya. Lampirkan daftar hadir dan materi",
,,,,,,,,,,"Terhadap produk LKXLA JD072, QA lakukan verifikasi output (Sampling) dari rentang jam 13.30 - 19.00 untuk melihat fisik dari tube, infromasikan hasil verfikasi jika ditemukan NOK minta produksi untuk melakukan runut dan sort",
,,,,,,,,,,"Produksi koordinasi dengan QA utk melakukan verifikasi produk LKXLA JD072 jam 13.30 - 19.00, jika ditemukan NOK lakukan runtu sortir dan isi HC-HTnya. Jika OK dapat disi NA pada action ini",
,,,,,,,,,,QA apabila dari hasil verfiikasi NOK maka produksi perlu lakukan runut sortir dan di verif QA isi HC-HTnya. Jika OK Produk dapat dirilis dengan catatan tidak ada issue kualitas lainnya,
,,,,,,,,,,"TS koordinasi dengan Produksi terkait kebutuhan Lampro pemeriksaan fisik tube LKXLA dari 15 menit menjadi 30 menit mengacu pada PPI LKXOB, implementasi perlu dibuatkan planned deviation terpisah oleh produksi",
,,,,,,,,,,Produksi Koordinasi terkait Pembuatan FUP untuk mengakomodir bbrp plan devol yg dbuat produksi untuk penghilangan bbrp halaman pd PPI LXKOB dan LKXLA serta perubahan interval IPC fisik sebagai trigger untuk revisi PPI di TS. Lampirkan nomor FUP,
2026,DEV-B7PLG-04-2026-0080,CLOSED,https://eqms.kalbe.co.id/e-deviation/deviation/d5b8c39e-9ce9-4c68-a6e0-83b9e31ea2ad/detail?tab=pre-investigation&tabRemediate=issue-data&tabCapa=issue-data,Unplanned,Product,Performance hasil pengemasan,LKPTA ,JD892,coding di sachet produk LKPTA JD892 tidak jelas,"Produksi lakukan proses runut sortir dan coding ulang terhadap penyimpangan coding di sachet produk LKPTA JD892 tidak jelas, lampirkan perhitungan HC dan HT dalam penyimpangan ini, terhadap operator terlibat berikan teguran dan sosialisasikan",
,,,,,,,,,,"QA lakukan verifikasi hasil runut dan sortir produksi terhadap produk LKPTA JD892 tidak jelas, lampirkan perhitungan HC dan HT dalam penyimpangan ini",
,,,,,,,,,,"Produksi lakukan investigasi, koordinasi dengan vendor Citronik terhadap sistem coding citronix perlu dilakukan evaluasi dan perunutan apakah ada isu pd sistem nya atau ada part yg aus dan harus diganti. Informasikan",
,,,,,,,,,,Produk LKPTA JD892 dapat dirilis jika proses runtu sortir sudah selesai dan tidak ada issue kualitas lainnya.,
2026,DEV-B7CKR-04-2026-0111,APPROVED,https://eqms.kalbe.co.id/e-deviation/deviation/1a462364-4b41-4d18-8e5d-4a7328b0f0d6/detail?tab=pre-investigation&tabRemediate=issue-data&tabCapa=issue-data,Unplanned,Testing and analytical method,Analisa Lab TMS,-,-,Microbial Habitat Sampling Result – TBUD Observation,ANDEV lakukan koordinasi dengan QA Validasi untuk detail titik-titik yang TMS dan informasikan pelaksanaan sampling yang dilakukan pada saat proses/tidak dengan kondisi area/mesin sedang kotor/sudah bersih. Informasikan dan lampirkan dalam cc ini,
,,,,,,,,,,"QA Validasi lakukan koordinasi dengan ANDEV utk titik TMS, lakukan pengecekan data EHM pada titik tersebut/yang mewakili, lampirkan hasil analisa EHM terdekat dalam penyimpangan ini",
,,,,,,,,,,"QA lakukan pengecekan FG sampling pada rentang pengambilan sampel ANDEV, lampirkan dan informasikan dalam penyimpangan ini terutama produk pada area2 proses/mesin yang TMS",
,,,,,,,,,,Lakukan evaluasi terhadap hasil analisa ANDEV berikut terhadap metode/prosedur clenaing/sanitasi area/alat serta titik EHM rutin maupun valclean QA. Informasikan dalam penyimpangan ini tindaklanjut yang akan dilakukan,
2026,DEV-B7PLG-04-2026-0077,CLOSED,https://eqms.kalbe.co.id/e-deviation/deviation/bbdc0bd5-8977-47c9-9f25-b4b34c396221/detail?tab=pre-investigation&tabRemediate=issue-data&tabCapa=issue-data,Planned,Procedure/documentation/data integrity,Prosedur/Spec/MA tidak sesuai,PWSNH ,JD294 sd 296,Waisan CWO terlebih dulu dengan pack belum ada,"Penyimpangan terencana terkait proses CWO Waisan JD294–JD296 dilakukan sebelum PM tersedia diperbolehkan dengan pertimbangan est filling 27 April dan PM datang serta rilis 26 Apr 2026. PPIC lakukan CWO, koordinasi dengan Produksi dan Dept terkait",
,,,,,,,,,,"PPIC segera FU kedatangan material ke CPRO, dan analisa ke QC agar PM yang datang pada 26 Apr 2026 dapat segera rilis. Informasikan",
,,,,,,,,,,"WH lakukan penerimaan material kemas sesuai prosedur yang berlaku, pastikan segera alokasi untuk kebutuhan PM sesuai PMFR untuk penggunaan filling Waisan JD294–JD296 di produksi.",
,,,,,,,,,,QC segera lakukan analisa dan perilisan PM Waisan yang datang pada 26 April 2026. Lampirkan RAP,
,,,,,,,,,,"Produksi lakukan proses compounding sesuai PPI, update berkala est jadwal filling ke PPIC utk koordinasi penyediaan kemasan (PM).",
,,,,,,,,,,Produk Waisan JD294–JD296 dapat dirilis jika seluruh hasil pemeriksaan sudah MS dan tidak ada issue kualitas lainnya,
2026,DEV-B7PLG-04-2026-0083,APPROVED,https://eqms.kalbe.co.id/e-deviation/deviation/38f4a9bb-58d1-4d68-926d-137bb0594bb5/detail?tab=pre-investigation&tabRemediate=issue-data&tabCapa=issue-data,Unplanned,Qualification and validation,Analisa Lab TMS,PWSNH ,ex JD290,hasil valclean FBD ex PWSNH JD290 TMS TAMC,"Terhadap Hasil valclean FBD Siklus 2 dan 3 TMS dan Granulator TMS Siklus 3 pada bagian Mika, Produksi lakukan evaluasi terhadap proses pembersihan FBD dan Granulator. Informasikan abnormalitas dan kesulitan ataupun potensi yang mungkin terjadi dilapangan",
,,,,,,,,,,"QA lakukan review terhadap Metode pembersihan Granulator dan FBD yang hasilnya TMS, cek secara Prosedur bandingkan dengan POSNA dan informasikan potensial proses yang bisa diimprove",
,,,,,,,,,,"QC lakukan evaluasi dan infromasikan proses penerimaan, handling dan analisa sampel Valclean dari QA, infromasikan potensi cemaran dan lampirkan OOS",
,,,,,,,,,,"Metode sampling EHM masih menggunakan simplo jajakin kebutuhan menggunakan sampling duplo, lakukan evaluasi dan wawancara terhadap personil an DIPO dan ADIT ttg cara sampling. Informasikan dalam penyimpangan ini",
,,,,,,,,,,"Lakukan pengambilan sampel Mikro dan stabtest Waisan 291 (FKB) , registrasikan dan lampirkan hasil analisa dan protokol dalam cc ini",
,,,,,,,,,,Akan diterbitkan CAPA bersamaan dengan hasil Valclean/EHM yang TMS pada periode yang sama. Informasikan nomor CAPA,
2026,DEV-B7PLG-04-2026-0082,APPROVED,https://eqms.kalbe.co.id/e-deviation/deviation/40b6eb3a-503f-493a-929a-297adf83f86e/detail?tab=pre-investigation&tabRemediate=issue-data&tabCapa=issue-data,Unplanned,Product,Kebocoran,LKJTA,JD838,LKJTA JD838 sachet line 1 bocor di bagian sealing horisontal,"Terhadap LKJTA JD838 sachet line 1 bocor di bagian sealing horisontal, produksi lakukan proses runut dan sortir, informasikan HC dan HT dalam penyimpangan ini",
,,,,,,,,,,"QA lakukan verifikasi runut dan sortir yang dilakukan produksi, hitung HC dan HT dalam penyimpangan ini",
,,,,,,,,,,"Produksi lakukan pengecekan potensial rootcause terjadinya LKJTA JD838 sachet line 1 bocor di bagian sealing horisontal, kebocoran akibat gelembung ini, cek dari sisi proses dan mesin, informasikan dalam penyimpangan ini penyebab kebocoran",
,,,,,,,,,,"Teknik lakukan pemeriksaan pada mesin untuk LKJTA JD838 sachet line 1 bocor di bagian sealing horisontal, infromasikan abnormalitas pada mesin dalam penyimpangan ini",
,,,,,,,,,,"Produk LKJTA JD838 sachet line 1 bocor di bagian sealing horisontal, dapat dirilis dan kirim jika runut sortir sudah selesai dan tidak ada issue kualitas lainnya",
2026,DEV-B7PLG-04-2026-0085,CLOSED,https://eqms.kalbe.co.id/e-deviation/deviation/da8574df-a827-416c-8e33-588e7d2e5e7e/detail?tab=pre-investigation&tabRemediate=issue-data&tabCapa=issue-data,Unplanned,Product,Kebocoran,PWSNH ,JD294,sachet line 3 dan 4 produk PWSNH JD294 bocor,"Terhadap sachet line 3 dan 4 produk PWSNH JD294 bocor, produksi lakukan runut dan sortir terhadap produk terdampak, lampirkan HC, HT dan BA dari Operator dalam penyimpangan ini",
,,,,,,,,,,"QA lakukan verifikasi terhadap hasil runut dan sortir Produksi, informasikan HC dan HT dalam penyimpangan ini",
,,,,,,,,,,"Produksi lakukan investigasi pada mesin dan proses, wawancara operator terkait setting yang dilakukan sebelum teknik datang kelapangan. Informasikan dalam penyimpangan ini",
,,,,,,,,,,"Teknik lakukan pengecekan pada mesin, cek kejadian GT, informasikan dalam penyimapangan ini",
,,,,,,,,,,"QA sudah melakukan pengecekan pada vakum hood dan antistatik, lampirkan hasil pengecekan dalam penyimpangan ini",
,,,,,,,,,,"Produk sachet line 3 dan 4 produk PWSNH JD294 bocor, dapat dirilis jika runut dan sortir sudah selesai dan tidak ada issue kualitas lainnya.",
,,,,,,,,,,Terbitkan CAPA untuk kasus sachet line 3 dan 4 produk PWSNH JD294 bocor. Lampirkan nomor CAPA,
2026,DEV-B7PLG-05-2026-0091,APPROVED,https://eqms.kalbe.co.id/e-deviation/deviation/c3204613-1558-4ab2-861f-9514ae3b63ed/detail?tab=pre-investigation&tabRemediate=issue-data&tabCapa=issue-data,Unplanned,Procedure/documentation/data integrity,Kepatuhan,LMHGB,JD174 - 176,"Adanya kesalahan posisi stempel ""SAMPLE"" pada karton LMHGB","Karton LMHGB dengan penyimpangan salah posisi Stampel "" SAMPEL"" sebanyak 80 pcs dapat digunakan, produksi informasikan NB Produk terdampak yang menggunakan karton tersebut. Jika tidak digunakan lakukan pemusnahan dan lampirkan bukti",
2026,DEV-B7PLG-05-2026-0090,CLOSED,https://eqms.kalbe.co.id/e-deviation/deviation/f530b76f-7440-4698-a967-eb4809fd5839/detail?tab=pre-investigation&tabRemediate=issue-data&tabCapa=issue-data,Planned,Procedure/documentation/data integrity,Prosedur/Spec/MA tidak sesuai,LPRGQ ,JD545 - JD548,Create WO Promag Herbal tanpa pack dan karton,"Terkait proses CWO LPRGQ JD545, JD546 dan JD528 dilakukan sebelum PM tersedia diperbolehkan dengan pertimbangan est filling selesai tanggal 9 Mei shift 3 dan PM datang serta rilis 9 Mei 2026 pagi/siang. PPIC lakukan CWO, koordinasi dengan Dept terkait",-
,,,,,,,,,,"PPIC segera FU kedatangan material ke CPRO, dan analisa ke QC agar PM yang datang pada 9 Mei 2026 dapat segera rilis. Koordinasikan kebutuhan reservasi manual ke WH jika diperlukan Informasikan",
,,,,,,,,,,"WH lakukan penerimaan material kemas sesuai prosedur yang berlaku, pastikan segera alokasi untuk kebutuhan PM sesuai PMFR untuk penggunaan filling LPRGQ JD545, JD546 dan JD528 di produksi.",
,,,,,,,,,,QC segera lakukan analisa dan perilisan PM LPRGQ yang datang pada 9 Mei 2026. Lampirkan RAP,
,,,,,,,,,,"Produksi lakukan proses compounding sesuai PPI, update berkala est jadwal filling ke PPIC utk koordinasi penyediaan kemasan (PM) jika ada proses penampungan mohon korodinasikan dengan QA utk verifikasi dan handlingnya.",
,,,,,,,,,,"Produk LPRGQ JD545, JD546 dan JD528 dapat dirilis jika seluruh hasil pemeriksaan sudah MS dan tidak ada issue kualitas lainnya",
2026,DEV-B7PLG-05-2026-0089,APPROVED,https://eqms.kalbe.co.id/e-deviation/deviation/cdbed0ec-bb64-4e80-9f67-027e1f323db9/detail?tab=pre-investigation&tabRemediate=issue-data&tabCapa=issue-data,Planned,Equipment/machine/instrument,Lain-lain,-,-,Penggunaan gasket pneumatic dari dari sinogreen (PT Ruga),Penyimpangan terencana Penggunaan gasket pneumatic dari sinogreen (PT Ruga) disetujui sampai FUP dan SMI full approved. Teknik koordinasi ke Produksi untuk melakukan pendataan mesin2 terdampak yang menggunakan gasket Sinogreen. Lampirkan,
,,,,,,,,,,"Segera follow up FUP dan SMI Gasket Sinogreen, lampirkan nomor FUP",
,,,,,,,,,,Lakukan evaluasi kembali jika terjadi kasus kebocoran selama penggunaan Gasket Sinogreen pada mesin terkait.,
2026,DEV-B7PLG-05-2026-0092,APPROVED,https://eqms.kalbe.co.id/e-deviation/deviation/661d6fcb-cb9e-42bb-83ae-6cddab76d8bd/detail?tab=pre-investigation&tabRemediate=issue-data&tabCapa=issue-data,Unplanned,Process,Proses,LBMAV ,JD828,Label timbang Honey liquid daouble,"WH lakukan investigasi terkait Label Double tersebut, informasikan penyebab double print label tersebut dalam penyimpangan ini",
,,,,,,,,,,WH lakukan reprint label yang kurang agar Produksi dapat melakukan Validasi 2 susulan terhadap kekurangan tersebut. Lampirkan,
,,,,,,,,,,"Produksi investigasi proses validasi 2 yang dilakukan OP, cek abnormalitas mengapa kekurangan label (label 01 double) baru disadari saat akhir proses compunding bukan saat proses validasi 2. Berikan teguran, lakukan validasi 2 susulan dan lampirkan",
,,,,,,,,,,"Proses filling LBMAV JE828 dapat dilanjutkan jika hasil pemeriksaan bulk ruah oleh QC sudah MS. Lakukan verifikasi inspektor QA, lampirkan label rilis dan produk bisa dirilis jika tidak ada issue kualitas lainnya",
2026,DEV-B7PLG-05-2026-0093,CLOSED,https://eqms.kalbe.co.id/e-deviation/deviation/054da880-a5ca-48cd-bbeb-ea7e310488af/detail?tab=pre-investigation&tabRemediate=issue-data&tabCapa=issue-data,Unplanned,Product,Kebocoran,PWSNH,JD297,Bocor line 1 Waisan JD297 saat proses filling,"Terhadap penyimpangan Bocor line 1 Waisan JD297 saat proses filling, Produksi lakukan runut dan sortir informasikan HC dan HT dalam penyimpangan ini",
,,,,,,,,,,"QA lakulkan verifikasi runut sortir yang dilakukan oleh produksi, informasikan HC dan HT",
,,,,,,,,,,"Produksi lakukan investigasi terhadap penyebab kebocoran Waisan JD297, lakukan pengkajian perlu dilakukan aktivitas penampungan di dalam area filling untuk hasil settingan, sehingga tidak menjadi output yang bermasalah. Informasikan",
,,,,,,,,,,"Teknik lakukan pengecekan terhadap mesin SIG 6 terkait kasus kebocoran berulang ini, koordinasi dengan PPIC dan Produksi utk pengecekan dan bongkar mesin",
,,,,,,,,,,"Produk Waisan JD297 dapat dirilis jika hasil semua pengecekan sudah MS dan tidak ada issue kualitas lainnya, penerbitan CAPA disesuaikan dengan prosedur yang berlaku",
2026,DEV-B7PLG-05-2026-0094,APPROVED,https://eqms.kalbe.co.id/e-deviation/deviation/a4746180-73be-4aa3-b934-cca728446eae/detail?tab=pre-investigation&tabRemediate=issue-data&tabCapa=issue-data,Planned,Product,Prosedur/Spec/MA tidak sesuai,-,-,Trial Diversifikasi Pack CSG,"Penyimpangan terencana Trial Diversivikasi Pack CSG disetujui untuk trial 3000 pcs pada 1 BN komersial. TS lakukan koordinasi dengan produksi, infromasikan relaisasi Produk dan NB dalam penyimpangan ini",
,,,,,,,,,,"Koordinasikan tahapan trial ke Produksi, catat jam mulai & selesai dari output yang dikemas dengan pack polos dan Output yang dikemas tersebut ditampung dalam bak secara berurutan (bak diberi nomor). Catat aktivitas ini pada catatan perubahan proses PPI",
,,,,,,,,,,"Produksi lakukan proses repack sesuai urutan bak tampungan, pastikan pengemasan ulang dilakukan sesuai urutan dan catat pada catatan perubahan proses PPI, koordinasikan ke FA terkait trial ini yang akan berpengaruh terhadap capaian output/manhour produk",
2026,DEV-B7PLG-05-2026-0095,APPROVED,https://eqms.kalbe.co.id/e-deviation/deviation/c715cc22-cb19-4448-9861-af5daacc4cd4/detail?tab=pre-investigation&tabRemediate=issue-data&tabCapa=issue-data,Planned,Procedure/documentation/data integrity,Prosedur/Spec/MA tidak sesuai,LBMAV ,-,Trial reduce durasi cleaning mesin Ilapak 5-8 ex produk BEJO,"Penyimpangan terencana Trial reduce durasi cleaning ilapak 5-8 dapat dilakukan sekaligus validasi cleaning, QA lakukan pendampingan selama proses trial. Informasikan metode trial dan lampirkan protokol valclean dalam penyimpangan ini.",
,,,,,,,,,,Produksi lakukan trial lakukan pencucian dengan Metode Cleaning sesuai prosedur yang berlaku sebelum proses cleaning batch komersil. Jika tidak dilakukan cleaning ulang lakukan pengambilan sampel ATB 2 sachet per line. berikan Up Ibu Vena,
,,,,,,,,,,"Lakukan evaluasi terhadap hasil cleaning, penyimpangan trial ini brlaku untuk 3 siklus. Lampirkan report trial/valclean dalam penyimpangan ini",
,,,,,,,,,,"Jika hasil trial/Valclean oke maka Produksi buatkan FUP terkait perubahan metode pencucian ini, koordinasi dengan QA. Lampirkan nomor FUP",
2026,DEV-B7PLG-05-2026-0097,CLOSED,https://eqms.kalbe.co.id/e-deviation/deviation/90394e3d-178b-423e-a6f7-b4c83c52bd17/detail?tab=pre-investigation&tabRemediate=issue-data&tabCapa=issue-data,Unplanned,Product,Kebocoran,POSNA,JE172,Sachet POSNA JE172 output SIG 6 bocor pd line 1 bagian sealing horizontal,"Terhadap Sachet POSNA JE172 output SIG 6 bocor pd line 1 bagian sealing horizontal, Produksi lakukan runut dan sortir, informasikan details HC dan HT dalam penyimpangan",
,,,,,,,,,,"QA lakukan verifikasi runut dan sortir terhadap Sachet POSNA JE172 output SIG 6 bocor pd line 1 bagian sealing horizontal, informasikan HT dan HC dalam penyimpangan in",
,,,,,,,,,,Produk POSNA JE172 menggunakan foil ex PV TS cek no JO foil yang digunakan apakah yg belum dilakukan improvement / sudah improve untuk pemastian perbaikan dari vendor PV. Lakukan pengecekan dan FU ke vendor koordinasi dengan CPRO,
,,,,,,,,,,QA terbitkan CAPA untuk Sachet POSNA JE172 output SIG 6 bocor pd line 1 bagian sealing horizontal. Lampirkan nomor CAPA,
,,,,,,,,,,"Teknik lakukan pengecekan pada mesin, informasikan perbaikan pada WO yang dilakukan, lampirkan WO dan potensi dari sisi mesin yang menyebabkan kebocoran tersebut",
,,,,,,,,,,"Produksi lakukan pengecekan dari faktor Men apakah komeptensi sesuai, metode IPC dilakukan sesuai prosedur (lampirkan hasil IPC bocor before/after kejadian), dan lingkungan, informasikan hasil investigasi dalam penyimpangan ini",
,,,,,,,,,,"QA lakukan pengecekan terhadap batch sebelum dan sesudah kejadian kebocoran, apakah ada terdampak atau issue serupa yang harus menjadi perhatian untuk POSNA JE172 output SIG 6 bocor pd line 1 bagian sealing horizontal. Informasikan",
,,,,,,,,,,Produk POSNA JE172 output SIG 6 bocor pd line 1 bagian sealing horizontal dapat dirilis jika seluruh hasil parameter sudah memenuhi syarat,
2026,DEV-B7PLG-05-2026-0099,APPROVED,https://eqms.kalbe.co.id/e-deviation/deviation/bde72889-899c-4d70-b42b-06aa9f5bf0d0/detail?tab=pre-investigation&tabRemediate=issue-data&tabCapa=issue-data,Unplanned,Product,Lain-lain,POSNA ,JE176,POSNA JE176 akan ED bulk ditanggal 19 Mei 2026,Untuk penyimpangan POSNA JE176 akan ED bulk ditanggal 19 Mei 2026 boleh tetap lanjut proses produksi dengan dilakukan pemeriksaan mikro pada produk terdampak. Lampirkan hasil Mikro,
,,,,,,,,,,Produk POSNA JE176 akan ED bulk ditanggal 19 Mei 2026 dapat dirilis jika seluruh hasil parameter sudah MS dan tidak ada issue kualitas lainnya,
,,,,,,,,,,"Tidak perlu dilanjutkan CAPA, tidak perlu melakukan pengambilan sampel stabtest karena pernah ada penyimpangan serupa. cek batch sebelum dan setelahnya, Infromasikan update sementara sampel stabtest yang pernah diambil untuk kasus serupa dan hasilnya.",
2026,DEV-B7PLG-05-2026-0102,APPROVED,https://eqms.kalbe.co.id/e-deviation/deviation/b8657373-d358-4d1c-a13c-8acba83d1469/detail?tab=pre-investigation&tabRemediate=issue-data&tabCapa=issue-data,Planned,Product,Lain-lain,POSNA,JE185,pindah bulk POSNA JE185 dari mesin SIG 5 ke SIG 6 karena mesin GT,"Produksi lakukan dokumentasi pada catatan perubahan proses PPI terkait perpindahan mesin ini, lakukan line clreance kembali di SIG 6 saat perpindahan, informasikan cut off karton. Lampirkan",
,,,,,,,,,,"QA lakukan pengambilan sampel retained dan sachet POSNA JE185 dengan kode mesin SIG 6, lakukan perilisan jika tidak ada issue kualitas lainnya dan hasil pemeriksaan MS. Buatkan FKB jika perlu, lampirkan",
,,,,,,,,,,"Teknik segera lakukan perbaikan terhadap SIG 5, informasikan detail perbaikan dan WO, tentukan PICAPA agar kejadian tidak berulang",
2026,,Approval Manager Area,https://eqms.kalbe.co.id/e-deviation/deviation/04a162e0-8306-4eac-96b7-066ec29f468a/detail?tab=pre-investigation&tabRemediate=issue-data&tabCapa=issue-data,Planned,Product,Lain-lain,LNKOA,-,Penggunaan Foil OBH ex Supernova Sample untuk Produksi Komersial,,
2026,DEV-B7PLG-06-2026-0111,APPROVED,https://eqms.kalbe.co.id/e-deviation/deviation/23f698cd-608b-4b1c-a62b-440677819df1/detail?tab=pre-investigation&tabRemediate=issue-data&tabCapa=issue-data,Unplanned,Testing and analytical method,Analisa Lab TMS,PWSNH ,JE300,Verifikasi terhadap filter FBD Glatt yang baru dan didapatkan hasil TMS,"QA Lampirkan hasil analisa Mikro duplo terhadap Verifikasi filter FBD Glatt baru, lakukan penelusuran penyebab TMS dan informasikan dalam penyimpangan ini",
,,,,,,,,,,"QA Penyimpangan lampirkan hasil analisa FG Waisan JE300 dalam penyimpangan ini, cek produk sebelum dan setelah Waisan JE300 informasikan jika terdapat abnormalitas",
,,,,,,,,,,"Produksi sudah melakukan pencucian ulang terhadap filter FBD sebelum digunakan, koordinasi dengan Teknik, QA dan QC untuk melakukan investigasi terhadap penyimpangan ini lampirkan dan informasikan",
2026,DEV-B7PLG-06-2026-0107,APPROVED,https://eqms.kalbe.co.id/e-deviation/deviation/dc9c9b5a-9a43-4db9-902d-4b9ff75cb15d/detail?tab=pre-investigation&tabRemediate=issue-data&tabCapa=issue-data,Planned,Procedure/documentation/data integrity,Prosedur/Spec/MA tidak sesuai,PWSNH ,-,Penggunaan IPC 4 sachet per line untuk Waisan,"TS buatkan lampro untuk Proses IPC Waisan 4 sachet per line/30 menit, sosialisasikan ke PPIC, site dan dept terkait etrmasuk produksi, lampirkan Lampro dan daftar hadir dalam cc ini",
,,,,,,,,,,Penyimpangan ini hanya berlaku sampai dengan terbitnya PPI WAISAN terupdate setelah evaluasi evaluasi sealing strength atau modifikasi metode uji kebocoran. Lampirkan timeline Sealing strenght dan Modifikasi metode Uji Kebocoran dalam penyimpangna ini,
,,,,,,,,,,"Produksi lakukan Proses IPC Waisan 4 sachet per line/30 menit sesuai lampro dari TS, lakukan pendataan rendemen dan kendala dilapangan jika ada. Informasikan implementasi perdana NB produk tersebut",
,,,,,,,,,,Produksi buatkan FUP perubahan PPI IPC 4 sachet per line untuk Waisan bersamaan dengan perubahan lainnya jika hasil evaluasi untuk sealing strenght dan Metode Uji Kebocoran disetujui. Lampirkan CC koordinasi dengan TS,
2026,DEV-B7PLG-06-2026-0112,APPROVED,https://eqms.kalbe.co.id/e-deviation/deviation/0f2c9345-f303-493a-a8d1-ae4b1e4584fc/detail?tab=pre-investigation&tabRemediate=issue-data&tabCapa=issue-data,Unplanned,Procedure/documentation/data integrity,Prosedur/Spec/MA tidak sesuai,-,-,Validasi Cleaning FBD Glatt ex PWSNH terlewat masa validitas (25 Feb 2026),"Terhadap Validasi Cleaning FBD Glatt ex PWSNH terlewat masa validitas (25 Feb 2026) sejak bulan februari, QA segera lakukan validasi cleaning maksimal bulan Juli koordinasi dengan PPIC. Lampirkan report",
,,,,,,,,,,"QA Penyimpangan lakukan pengambilan sampel utk produk terdampak PWSNH (Sampling) selama Feb-Juni 2026, lampirkan dan informasikan",
,,,,,,,,,,"QA koordinasikan dengan QC, Teknik dan produksi terkait validitas Metode Pencucian FBD Glatt ex PWSNH terlewat akibat ada issue TMS. Segera FU action dan informasikan dalam penyimpangan ini",
2026,DEV-B7PLG-06-2026-0113,APPROVED,https://eqms.kalbe.co.id/e-deviation/deviation/6925b5f3-af3b-457a-b580-9537ca333f69/detail?tab=pre-investigation&tabRemediate=issue-data&tabCapa=issue-data,Unplanned,Process,Kontaminan,LKXO1,JF775,Ada serpihan plastik di bak kuning berisi gula dan premix 1 (LKXO1 JF775),QA Lakukan pengambilan sampel LKXO1 JF775 ATB @2 Tube dan registrasi ke QC untuk analisa mikro produk. Lampirkan hasil analisa dalam penyimpangan ini,
,,,,,,,,,,"Kontaminan plastik diduga berasal dari plastik material, QA sudah melakukan investigasi bersama tim WH. Lampirkan hasil investigasi dari faktor 5W dan 1 H",
,,,,,,,,,,"QM informasikan hasil audit Vendor PDSU sebelumnya karena material di curigai berasal dari plastik gula yang ikut terjahit pada kemasa sekunder oleh vendor, terbitkan CAPA Material ke Vendor bila perlu",
,,,,,,,,,,Produk LKXO1 JF775 dapat diluluskan jika hasil mikro MS dan tidak ada issue kualitas lainnya,
2026,DEV-B7PLG-06-2026-0108,CLOSED,https://eqms.kalbe.co.id/e-deviation/deviation/c7bc92ee-3d96-486e-a6af-daf1ae030b94/detail?tab=pre-investigation&tabRemediate=issue-data&tabCapa=issue-data,Unplanned,Process,Proses,LKXOB,JF777,LKXO1 JF777. Ditemukan label timbang citric Acid batch JF780,"Produksi lanjutkan proses compounding LKXO1 JF777 dengan pendampingan inspektor, tulis di catatan perubahan proses di PPI. Lampirkan",
,,,,,,,,,,"QC lakukan pemeriksaan fisik 9 titik dan Analisa Kimia ATB 3 titik untuk ruah LKXO1 JF777. Lampirkan hasil pengujian fisik dan kimia Ruah dalam penyimpangan ini, Bulk ruah dapat dirilis jika hasil pengecekan sensory untrained panelist MS.",
,,,,,,,,,,"Produk FG LKXOB JG777 tetap bisa dirilis jika seluruh hasil parameter MS, perilisan TIDAK QOTR dan boleh rilis jika tidak ada issue kualitas lainnya, buatkan memo alokasi fastmoving",
,,,,,,,,,,"TS lakukan pengecekan sensory FG termasuk sensory ke Untrained Panelist, informasikan hasil sensory terhadap Bulk LKXOB JF777 atau justifikasi hasil pemeriksaan TS. Lampirkan",
,,,,,,,,,,"Terhadap Operator Penimbangan dan team delivery, WH lakukan investigasi aktivitas dari penimbangan sd validasi 1. Informasikan abnormalitas dan potensi RCA dari sisi penimbangan, lampirkan BA",
,,,,,,,,,,"Terhadap operator Compounding, Produksi lakukan investigasi, cek CCTV dan proses validasi 2 dilapangan kepada operator. Berikan teguran dan sanksi sesuai hasil investigasi dan informasikan potensi RCA terhadap kasus LKXOB JF777 ini.",
,,,,,,,,,,"QA lakukan pengecekan terhadap batch/material terdampak lainnya terutama batch sebelum dan sesudah comp LKXO1 JF777, pastikan tidak ada abnormalitas, cek BR dan koordinasi dengan inspektor untuk melakukan investigasi. Lampirkan dalam penyimpangan ini",
,,,,,,,,,,"Lakukan pengambilan sampel Stabilitas untuk LKXOB JF777, lampirkan protokol approved dalam penyimpangan ini",
,,,,,,,,,,QA terbitkan CAPA terkait kasus LKXO1 JF777 tidak dilakukan sesuai proses comp di PPI. Lampirkan nomor CAPA,
,,,,,,,,,,"Produksi lakukan sosialisasi ulang tahapan penerimaan material dan proses compounding termasuk proses validasi 2, lampirkan materi dan daftar hadir",
2026,,Cancel,https://eqms.kalbe.co.id/e-deviation/deviation/63fe428f-47f1-4a52-9198-44c2dd77b1e2/detail?tab=pre-investigation&tabRemediate=issue-data&tabCapa=issue-data,Unplanned,Product,Kebocoran,LKNTA ,JF886,Sachet line 5 bocor di ilapak 12,,
2026,DEV-B7PLG-06-2026-0109,APPROVED,https://eqms.kalbe.co.id/e-deviation/deviation/3020ca6c-9cfa-440c-9944-987bbd1af89f/detail?tab=pre-investigation&tabRemediate=issue-data&tabCapa=issue-data,Planned,Product,Prosedur/Spec/MA tidak sesuai,"LBXT1 JF872-874 (LBMAV), JF875-877 (LBMAT)",,"Create WO LBXT1 JF872-874 (LBMAV), JF875-877 (LBMAT) tanpa PM lengkap","TS buatkan FVF dan Lampro untuk mengakomodir penggunaan pack kode baru (Bejo isi 6 : 2DB017000 , isi 12 : 2DB018000), Sosialisasikan dan lampirkan dalam penyimapangan ini",
,,,,,,,,,,"PPIC diizinkan untuk melakukan CWO Bulk LBXT1 dengan NB JF872-874 (LBMAV), JF875-877 (LBMAT), tanpa PM lengkap dan kode yang berbeda dengan Spek/PPI. Informasikan tanggal CWO dan lampirkan",
,,,,,,,,,,"TS naikan Kode Item baru, FU PK ke vendor dan develop kemasan & aktivasi spec baru di ORACLE untuk mengakomodir kode baru tsb. Lampirkan all bukti, koordinasi dengan packdev utk CR approved sebagai acuan QC rilis",
,,,,,,,,,,"Dari hasil meeting mingguan Pack akan datang tanggal 13 Juni 2026, PPIC koordinasikan dengan QC utk proses perilisan Pack/Kemasan tersebut. Informasikan",
,,,,,,,,,,"QC lakukan perilisan Pack kemasan baru (Bejo isi 6 : 2DB017000 , isi 12 : 2DB018000), sesuai kebutuhan SAT Mesin Joyea. Lampirkan RAP dalam penyimapangan ini",
,,,,,,,,,,"Produksi lakukan proses compounding, filling dan kemas sesuai lampro dari TS, cek kendala selama proses informasikan dalam penyimapangan ini",
,,,,,,,,,,"QA lakukan pendampingan bersama dengan teknik untuk proses SAT JOYEA menggunakan kemasan baru ini, informasikan hasil SAT dalam penyimpangan ini",
,,,,,,,,,,"TS evaluasi kelancaran proses di Joyea menggunakan desain dan Gramasi 270, isi 6 mewakili semua produk isi 15mL; dan ke depan akan diharmonisasi desain & kode item Jinsung isi 6 & isi 12 menyesuaikan Joyea. Lampirkan hasil evaluasi dan timeline",
,,,,,,,,,,"Produk JF872-874 (LBMAV), JF875-877 (LBMAT) akan dikomersialisasikan sehingga produk tersebut dapat dirilis jika hasil pemeriksaan all parameter sudah MS, tidak ada issue kualitas lainnya. Informasikan",
,,,,,,,,,,QA Staff minta review susulan dari QC Manager untuk aktivitas penyimpangan ini by email. Lampirkan,
2026,DEV-B7PLG-06-2026-0110,APPROVED,https://eqms.kalbe.co.id/e-deviation/deviation/5cf48f69-7d75-4eb7-918e-71ee7775ce59/detail?tab=pre-investigation&tabRemediate=issue-data&tabCapa=issue-data,Unplanned,Equipment/machine/instrument,Lain-lain,LKNTA,JF895,"perbaikan pipa chiller bocor diperlukan aktivitas matikan AHU 211, 206, 213","Teknik koordinasi dengan produksi untuk melakukan proteksi bulk dengan mengunakan plastic wrap, pastikan dilakukan relokasi RM yang berada pada Ruangan Staging RM. Lampirkan dokumentasi proses tersebut (Pak Didit)",
,,,,,,,,,,"Teknik lakukan perbaikan segera lakukan perbaikan AHU, koordinasi dengan purchasing dan QS, usahakan perbaikan under 2 jam dengan mitigasi dilakukan pemantauan suhu dan RH. Lampirkan hasil tarikan data monitoring EMS pada area terdampak. (Pak Didit)",
,,,,,,,,,,"Investigasi penyebab kebocoran chiller tersebut, cek dari faktor 4M+E, informasikan dalam penyimpangan ini (Pak Didit)",
,,,,,,,,,,Produksi ambilkan sampel FG ATB@2sch LNKK1 JF196 dan LKNT1 JF895 utk cek mikro FG & sample stabtes untuk FG LKNT1 JF895 40 sch utk stabtest. Berikan ke Maya/Vena QA (AMT). Ambilkan sampel retained 2 kali jumlah eksisting all produk up ke ESO QA,
,,,,,,,,,,"QA buatkan protokol stabtest untuk LKNT1 JF895, lampirkan protokol dan hasil mikro sampel tambahan(AMT)",
,,,,,,,,,,"Terbitkan CAPA untuk kejadia Chiller bocor , lampirkan nomor CAPA (Renan)",
,,,,,,,,,,"QA lakukan verifikasi terhadap ruangan setelah selesai perbaikan oleh Teknik, pastikan hasil MS sebelum mulai proses.",
,,,,,,,,,,"Semua produk terdampak akan dilakukan penahanan rilis sampai hasil mikro produk sampling sudah tersedia, pastikan tidak ada issue kualitas. Koordinasi dengan produksi untuk mengambil retain sebanyak 2 kali jumlah dari kebutuhan eksisting. Informasikan",
2026,DEV-B7PLG-06-2026-0117,APPROVED,https://eqms.kalbe.co.id/e-deviation/deviation/9b19fb89-803e-47a2-9629-29e598a8220a/detail?tab=pre-investigation&tabRemediate=issue-data&tabCapa=issue-data,Planned,Product,Lain-lain,LBMAV,JF872 dan JF873,Perpindahan mesin filling bulk LBMAV JF872 dan JF873,"Terhadap LBMAV JF873 lakukan proses filling ke Ilapak 5-8, lakukan line clearance dan dokumentasi PPI sesuai prosedur, pastikan IPC dilakukan, lampirkan",
,,,,,,,,,,"Terhadap LBMAV JF872 untuk output dari ilapak 11, koordinasi dengan QA Inspektor (ESO) utk dilakukan verifikasi terhadap ouput tersebut sebelum dijadikan produk komersial, pastikan hasil MS dan dapat ditelusuri, rekap, data dan lampirkan",
,,,,,,,,,,"Inspektor QA lakukan verifikasi terhadap LBMAV JF872, pastikan dilakukan verifikasi sesuai prosedur, informasikan hasil dan rekapan data koordinasikan dengan Produksi",
,,,,,,,,,,"Terhadap sisa bulk LBMAV JF872 yang masih di ST, sudah dipindahkan ke ilapak 5-8, lakukan line clearance, tulis di PPI (minta contigency jika perlu), koordinasi dengan QA, lakukan proses produksi sesuai PPI. Lampirkan dan informasikan",
,,,,,,,,,,"LBMAV JF874 difilling diIL11: IPC filling sesuai periode IPC PPI, jika GT< periode IPC tdk wajib IPC bobot & bocor, cek fisik dilakukan tiap after GT & catat diPPI, jika GT>periode IPC, wajib IPC bobot, fisik & bocor. Sosialisasikan, ctt periode GT diPPI",
,,,,,,,,,,"LBMAV 874 diIL11 : IPC kemas sesuai periode IPC, jk GT< periode IPC PPI tidak IPC pack dlm wrapping&karton, verifikasi fisik pack dilakukan tiap after GT&catat diPPI, jk GT> periode IPC wajib lkukan semua IPC kemas, ctt diPPI. Sosialisasi, catat GT diPPI",
,,,,,,,,,,"Terhadap tampungan sachet LBMAV JF874, berikan identitas jelas NB, Produk, dan jam output tampungan sehingga jika nanti akan dikemas ketelusuran ke karton pengemsan bisa ditelusuri, rekap dan data serta dokumentasikan di catatan perubahan PPI",
,,,,,,,,,,"Terhadap kejadian GT/setting Mesin Kartoning JOYEA dalam proses SAT/PQ ini lakukan dokumentasi kendala dan problem solving yang dilakukan koordinasikan dengan QA untuk report, rekap dan lampirkan dalam penyimpangan ini",
,,,,,,,,,,"Terdapat perbedaan Range bobot 3WS di PPI dan panel 3WS, lakukan pencatatan di catatan perubahan proses PPI TTD TS, dan buatkan kajian risiko utk aktivitas ini",
,,,,,,,,,,"Evaluasi data Produktivity&kerugian akibat GT/setting Mesin Kartoning Joyea pada saat SAT bersamaan dengan PQ di produk komersial ini, justifikasi capaian Produktivity ditentukan dan diputuskan oleh Produksi Mgr dgn Site Head. Lampirkan data",
,,,,,,,,,,"QA lakukan evaluasi SAT/PQ Mesin Kartoning JOYEA, jika SAT/PQ pada LBMAV JF872,873 dan 874, jika gagal lakukan koordinasi dengan tim site dan SAT/PQ ulang. Evaluasi dari hasil SAT/PQ yang sudah dilakukan.",
,,,,,,,,,,"Produk LBMAV JF872,873,874 boleh dirilis jika seluruh hasil parameter kualitas sudah MS, tidak ada issue kualitas dan verifikasis udah selesai dilakukan.",
,,,,,,,,,,"Terdapat aktivitas pengemasan LBMAV 874 menggunakan Pack LBMAT utk Trial SAT, Produksi lakukan pemisahan yang jelas agar tidak mixup, lakukan repacking ulang, minta verifikasi inspektor dan tulis di PPI",
,,,,,,,,,,"Inspektor lakukan verifikais untuk aktivitas pengemasan LBMAV 874 menggunakan Pack LBMAT utk Trial SAT, Produksi akan lakukan pemisahan yang jelas agar tidak mixup, lakukan repacking ulang, Verifikasi dan lampirkan",
2026,DEV-B7PLG-06-2026-0119,APPROVED,https://eqms.kalbe.co.id/e-deviation/deviation/3705bdf3-b0f0-4a04-bf1f-1daf3045e94e/detail?tab=pre-investigation&tabRemediate=issue-data&tabCapa=issue-data,Unplanned,Procedure/documentation/data integrity,Kepatuhan,LKXNA, JF151,Tidak dilakukan IPC pemeriksaan bobot rata2 10 sch LKXNA JF151 sesuai PPI,"Produk LKXNA JF151 dapat dirilis jika tidak ada issue kualitas lainnya, informasikan",
,,,,,,,,,,"Produksi koordinasi dengan TS untuk melakukan sosialisasi ulang pemahaman Operator terhadap Instruksi IPC PPI, Lampirkan materi dan Daftar Hadir (Wajib di dampingi TS)",
,,,,,,,,,,"QA koordinasi dengan TS dan Produksi untuk pembuatan standar/ketentuan terkait kasus IPC terlewat yang selama ini diperbolehkan verifikasi ulang dengan TTD Supv Prod namun secara WI wajib verifikasi inspektor. Tetapkan standar, revisi WI. Lampirkan",
2026,DEV-B7PLG-06-2026-0120,APPROVED,https://eqms.kalbe.co.id/e-deviation/deviation/89e44345-0d9c-47eb-b537-db3ada0a3d22/detail?tab=pre-investigation&tabRemediate=issue-data&tabCapa=issue-data,Planned,Procedure/documentation/data integrity,Lain-lain,-,-,perubahan sistem ad air di Mixing tank T1 dan T3,"TS segera lakukan perubahan PPI memuat otomatisasi Perubahan Interlock dan add air pada Mixing Tank Tetra 1 dan 3 serta Silverson sesuai FUP, lampirkan timeline to all PPI yang akan di revisi bersamaan perubahan lainnya",
,,,,,,,,,,"Untuk operasional Proses Compounding, TS sosialisasikan perubahan tata cara pengisian PPI dengan details seperti pada Disposisi Devol ini (Tidak mua), lakukan pendampingan sampai operator mengerti, ajak QA. Lampirkan Materi sosialisasi dan daftar hadir",
,,,,,,,,,,"Produksi Comp. Herbal koordinasi dengan TS untuk tatacara pengisian PPI selama PPI belum diubah, pastikan operator dilapangan mengerti dan tidak melakukan kesalahan. Informasikan .",
,,,,,,,,,,"Produksi Comp. Farma koordinasi dengan TS untuk tatacara pengisian PPI selama PPI belum diubah, pastikan operator dilapangan mengerti dan tidak melakukan kesalahan. Informasikan .",
,,,,,,,,,,"QA lakukan verifikasi rutin terkait penyimpangan ini, sampling per bulan min 1 diluar sampling operator untuk proses compounding di MTT1, MTT2 dan Silverson dengan aktivitas pada penyimpangan ini. Informasikan ketidaksesuaian jika ada",
,,,,,,,,,,"TS Informasikan kepada QA penyimpangan apabila semua PPI sudah berubah agar penyimpangan ini bisa di closed, penyimpangan ini berlaku sesuai dengan timeline perubahan PPI atau maksimal sampai Juni 2027",
2026,,Cancel,https://eqms.kalbe.co.id/e-deviation/deviation/cbff628e-7c3c-4bc2-b82d-bb1d558fd458/detail?tab=pre-investigation&tabRemediate=issue-data&tabCapa=issue-data,Unplanned,Product,Kebocoran,LKJTA,JF102,LKJTA JF102 ilapak 2 line 1 bocor di sealling vertikal,,
2026,DEV-B7PLG-06-2026-0122,APPROVED,https://eqms.kalbe.co.id/e-deviation/deviation/a8b79a97-6d86-41f2-8e6a-ecbc3b8be2c4/detail?tab=pre-investigation&tabRemediate=issue-data&tabCapa=issue-data,Planned,Product,Lain-lain,LEJOB,JF067,Perilisan paralel EGEL Banana isi 5,"QC lakukan pengisian hasil analisa KK dengan angka <10 atau 0 sesuai dengan trend pada oracle sehingga produk bisa diluluskan, lampirkan data oracle mikro LEJOB JF067",
,,,,,,,,,,"QA lakukan perilisan sesuai dengan Disposisi penyimpangan ini, pastikan tidak ada issue kualitas lain utk LEJOB JF067. Koordinasi dengan PPIC utk hold pengiriman sampai DC 1 saja, boleh kirim jika mikro sudah MS",
,,,,,,,,,,"PPIC koordinasikan pengiriman LEJOB JF067 hanya sampai DC 1 saja, LEJOB JF067 boleh dikirim ke konsumen/cabang jika hasil mikro sudah MS. Koordinasikan ke pihak terkait dan lampirkan",
,,,,,,,,,,"PPIC Site lakukan monitoring dan FU ke QC utk hasil Mikro KK LEJOB JF067, pastikan segera keluar dan koordinasikan ke pihak terkait utk pengiriman",
,,,,,,,,,,"QC segera informasikan hasil kk LEJOB JF067 jika sudah keluar, lampirkan RAP dan jika ada hasil analisa TMS lakukan prosedur penarikan produk kembali ke B7 koordinasikan dengan QA dan PPIC",
2026,DEV-B7PLG-07-2026-0126,APPROVED,https://eqms.kalbe.co.id/e-deviation/deviation/d70d8149-02c6-4c73-b0dd-9e3e64da1da3/detail?tab=pre-investigation&tabRemediate=issue-data&tabCapa=issue-data,Unplanned,Product,Kebocoran,LBMAV ,JF874,"Sachet bocor dan potongan miring output Ilapak 11, produk LBMAV JF874","Terhadap Sachet bocor dan potongan miring output Ilapak 11, produk LBMAV JF874, lakukan runut dan sortir oleh produksi, informasikan HC dan HT",
,,,,,,,,,,"QA lakukan verifikasi runut dan sortir yang dilakukan produksi, informasikan HC dan HT dalam penyimpangan ini",
,,,,,,,,,,"Produksi lakukan investigasi 5W + 1 H terkait Sachet bocor dan potongan miring output Ilapak 11, produk LBMAV JF874. Informasikan dan lampirkan hasil investigas",
,,,,,,,,,,"Tekniks cek dari sisi mesin terkait Sachet bocor dan potongan miring output Ilapak 11, produk LBMAV JF874, informasikan abnormalitas dalam penyimpangan ini",
,,,,,,,,,,"QA terbitkan CAPA untuk Sachet bocor dan potongan miring output Ilapak 11, produk LBMAV JF874. CAPA Owner Presdir ilapak 11. Lampirkan nomor dan link CAPA",
,,,,,,,,,,Produk LBMAV JF874 dapat dirilis jika semua hasil parameter sudah MS dan tidak ada issue kualitas lainnya serta issue bocor dan potongan sudah selesai di runut sortir. Lampirkan,
2026,DEV-B7PLG-07-2026-0124,APPROVED,https://eqms.kalbe.co.id/e-deviation/deviation/03bc9aa3-9d4a-430c-a7d4-f334f9b059ee/detail?tab=pre-investigation&tabRemediate=issue-data&tabCapa=issue-data,Unplanned,Procedure/documentation/data integrity,Prosedur/Spec/MA tidak sesuai,"LPRGT, LPRGU, LPRGQ dan LETSB.",-,Penambahan Checkweigher pada Proses Kemas Manual Ilapak 11,"Penambahan Checkweigher pada Proses Kemas Manual Ilapak 11 untuk Produk LPRGT, LPRGU, LPRGQ dan LETSB disetujui, TS buatkan lampro filling (dariRenceng menjadi Per Sachet) dan Lampro Kemas (Penambahan CWR). Lampirkan dan sosialisasikan Lampro",
,,,,,,,,,,Produksi lakukan proses sesuai PPI dan Lampro dari TS apabila ada ketidaksesuaian range bobot koordinasikan ke TS dan QA lakukan otorisasi manual catatan di PPI,
,,,,,,,,,,"QA lakukan kalibrasi terhadap CWR yang akan digunakan pada mesin ilapak 11, pastikan CWR sudah terkalibrasi baru boleh digunakan di produksi. Lampirkan Report dan label kalibrasi",
,,,,,,,,,,"PPIC lakukan CWO sesuai kebutuhan untuk Produk LPRGT, LPRGU, LPRGQ dan LETSB, koordinasi permintaan Lampro dengan QA dan TS.Data NB produk2 terdampak",
,,,,,,,,,,"Penyimpangan ini berlaku hanya untuk Produk LPRGT, LPRGU, LPRGQ dan LETSB sesuai kebutuhan target PPIC, Produk dapat dirilis jika all parameter MS, tidak ada issue kualitas. Buatkan memo ke Marketing Brand dan PPIC agar ternotice, lampirkan.",
,,,,,,,,,,Perlu diterbitkan CAPA terkait kendala pada mesin JOYEA sehingga segala perubahan dan perbaikan yang dilakukan bisa didokumentasikan dengan baik,
,,,,,,,,,,"Apabila akan permanen dilakukan, maka TS perlu melakukan revisi PPI sesuai FUP terkait dan timeline cutoff",
2026,DEV-B7PLG-07-2026-0128,CLOSED,https://eqms.kalbe.co.id/e-deviation/deviation/6797540a-35f1-41f2-85f3-7bfe2761cbf1/detail?tab=pre-investigation&tabRemediate=issue-data&tabCapa=issue-data,Unplanned,Product,Prosedur/Spec/MA tidak sesuai,POSNA,JF216,ED masa pakai Bin,"Sudah dilakukan pengambilan sampel analisa POSNA JF216 dengan hasil mikro MS, lampirkan RAP lengkap",-
,,,,,,,,,,"Perlu dirunut root cause pnyebab SIG 5 mengalami breakdown (apakah faktor mesin, manusia , sealing, material atau maintenance (AM PM) yg terlewat) yg mengakibatkan kemunduran jdwl filling informasikan",
,,,,,,,,,,"Produk POSNA JF216 dapat dirilis jika hasil analisa Mikro MS, informasikan",
2026,,Cancel,https://eqms.kalbe.co.id/e-deviation/deviation/2ec16233-4a16-41e7-9df8-54d61cf05ad5/detail?tab=pre-investigation&tabRemediate=issue-data&tabCapa=issue-data,Unplanned,Product,Proses,POSNA,JF217,Bulk POSNA JF217 akan ED bulk tgl 2 JuLi,,
2026,DEV-B7PLG-07-2026-0129,APPROVED,https://eqms.kalbe.co.id/e-deviation/deviation/efaca9f4-579a-4b6d-a207-4074f3f44d66/detail?tab=pre-investigation&tabRemediate=issue-data&tabCapa=issue-data,Unplanned,Product,Kebocoran,PWSNH,JF310,Sachet waisan JF310 bocor line 1,"Terhadap Sachet waisan JF310 bocor line 1, lakukan runut dan sortir oleh produksi, informasikan HC dan HT",
,,,,,,,,,,"QA lakukan verifikasi runut dan sortir yang dilakukan produksi untuk Sachet waisan JF310 bocor line 1, informasikan HC dan HT dalam penyimpangan ini",
,,,,,,,,,,Produksi lakukan investigasi 5W + 1 H terkait Sachet waisan JF310 bocor line 1. Informasikan dan lampirkan hasil investigasi,
,,,,,,,,,,"Teknik cek dari sisi mesin terkait Sachet waisan JF310 bocor line 1, informasikan abnormalitas dalam penyimpangan in",
,,,,,,,,,,QA terbitkan CAPA untukSachet waisan JF310 bocor line 1. CAPA Owner Presdir SIG 6 . Lampirkan nomor dan link CAPA,
,,,,,,,,,,"TS lakukan koordinasi dengan Teknik dan Produksi terkait potensial rootcause terkait switching foil tiap batch antara PC dan IG tidak smooth dan perlu distandarkan suhu sealingnya, lakukan trial. Lampirkan hasil koordinasi dan rencana trial",
,,,,,,,,,,Produk Waisan JF310 dapat dirilis jika semua hasil parameter sudah MS dan tidak ada issue kualitas lainnya serta issue bocor dan potongan sudah selesai di runut sortir. Lampirkan,
2026,DEV-B7PLG-07-2026-0133,APPROVED,https://eqms.kalbe.co.id/e-deviation/deviation/8e3717da-f8a1-4776-b3af-41215e5ccafe/detail?tab=pre-investigation&tabRemediate=issue-data&tabCapa=issue-data,Planned,Procedure/documentation/data integrity,Prosedur/Spec/MA tidak sesuai,"LEJOD JG069.
 LEJOD JG070-072
LEJOB JG074
LEJOB JG075-076",,CWO EJ Sport Gel paralel tanpa menunggu rilis Mikro Maltodextrin,"QC lakukan perilisan paralel Maltodextrin 2R/2607/0028 qty 1800 kg yang datang tanggal 7 Juli menggunakan hasil analisa Fisik dan Kimia, lampirkan Report analisa material dan cantumkan nomor devol pada oracle.",
,,,,,,,,,,Jika hasil analisa Mikro Malto 2R/2607/0028 Qty 1800kg sudah keluar segera lakukan update data dan revisi Report analisa material. Lampirkan,
,,,,,,,,,,"PPIC lakukan CWO LEJOB JG070, 071 dan 072 saat hasil analisa mikro sudah MS oleh QC, koordinasi dengan QC. Produksi, WH dan QA, produk ini akan dilakukan perilisan jika hasil mikro malto yang digunakan MS dan FG MS.",
,,,,,,,,,,"Utk CWO dengan menggunakan malto kedatangan tanggal 16 Juli, informasikan produk dan NB terdampak, akan dilakukan action yang sama utk produk terdampak tersebut.",
,,,,,,,,,,"QA perilisan LEJOB JG070, 071 dan 072 serta produk tersampak dapat dilakukan jika hasil analisa Malto sudah MS dan all parameter FG MS (Mikro FG diambil utk pendataan tidak menahan perilisan jika Malto MS).",
2026,DEV-B7PLG-07-2026-0137,APPROVED,https://eqms.kalbe.co.id/e-deviation/deviation/573122df-dac4-437f-a1c2-ab0e7c3b294e/detail?tab=pre-investigation&tabRemediate=issue-data&tabCapa=issue-data,Planned,Procedure/documentation/data integrity,Prosedur/Spec/MA tidak sesuai,LPRGT,JG069,Perubahan Output Potongan Sachet jadi Renceng (6 Sch/Renceng) di Ilapak 11,"Produksi koordinasi dengan Teknik, TS dan PPIC utk Perubahan Output Potongan Sachet jadi Renceng (6 Sch/Renceng) di Ilapak 11 tersebut karena memerlukan modifikasi mesin/peralatan",
,,,,,,,,,,Produksi koordinasikan dengan TS dan PPIC terkait teknis PPI terutama berkaitan dg DEV-B7PLG-07-2026-0124 (Penambahan Checkweigher pada Proses Kemas Manual Ilapak 11) yang sebelumnya dilakukan coret paraf pada kata renceng menjadi sachet. Informasikan,
,,,,,,,,,,"Lakukan sosialisasi kepada Operator produksi agar tidak bingung dengan perubahan ini dan koordinasikan cut off yang tepat bersama dengan PPIC, TS dan QM",
,,,,,,,,,,"Utk aktivitas penampungan, setiap tampungan bak diberikan identitas yg jelas & pengemasan karton diberikan ket sesuai jam tampung & bak tampungannya utk ketelusuran data. Identitas dilapangan harus jelas, di PPI harus terdokumentasikan, Lampirkan",
,,,,,,,,,,QA lakukan verifikasi/inspeksi berkala pada area penyimpangan Kemas Ilapak 11/Mesin Kartoning JOYEA pastikan tidak terjadi mix up,
2026,DEV-B7PLG-07-2026-0138,APPROVED,https://eqms.kalbe.co.id/e-deviation/deviation/c699d88b-18c3-4227-9f44-ff39bfef97c2/detail?tab=pre-investigation&tabRemediate=issue-data&tabCapa=issue-data,Planned,Qualification and validation,Prosedur/Spec/MA tidak sesuai,LEJS1,-,Cleaning Tetra 3 ex produk Sport Gel dgn metode Valclean yang belum approve,"Penyimpangan Cleaning Tetra 3 ex produk Sport Gel disetujui sudah ada CC-B7PLG-07-2026-0090 namun report dan WI belum di update, produksi buatkan OPL sebagai acuan sementara sesuai Metode yang sudah dutetapkan. Lampirkan OPL dan lakukan sosialisasi",
,,,,,,,,,,"Penyimpangan ini hanya berlaku maksimal sampai End Agustus 2026. Segera lakukan update Prosedur Cleaning Tetra 3, lampirkan WI operasional terupdate dalam penyimpangan ini",
,,,,,,,,,,"Segera FU approval dokumen Protokol & Report Valclean Tetra 3, lampirkan dalam penyimpangan ini",
,,,,,,,,,,"Terhadap produk sesuai draft repor tidak berdampak terhadap kualitas sehingga tidak perlu dilakukan pengambilan sampel tmbahan dan penahanan rilis, lakukan verifikasi fisik bila perlu",
,,,,,,,,,,"Teknik lakukan perubahan recipe cleaning pada tetra 3 sesuai metode dari QA, lampirkan",
2026,DEV-B7PLG-07-2026-0136,APPROVED,https://eqms.kalbe.co.id/e-deviation/deviation/3cda91f6-a1d6-4c88-9c5e-5629656ef00d/detail?tab=pre-investigation&tabRemediate=issue-data&tabCapa=issue-data,Unplanned,Product,Kepatuhan,POSNA,JG221,Sample sachet kosong di PPI POSNA JG221 tidak ada line 8,"Terhadap Sample sachet kosong di PPI POSNA JG221 tidak ada line 8, Produksi lampirkan berita acara dan informasikan penyebab penyimpangan ini terjadi serta tindakan yang sudah/akan dilakukan",-
,,,,,,,,,,"Terhadap sachet kosong line 8 di PPI yang tidak dilampirkan, digantikan dengan sachet retained line 8 1 sachet oleh QA, lampirkan di PPI dan tulis justifikasi pada catatan perubahan proses PPI. Lampirkan",
,,,,,,,,,,"Lakukan pengecekan terhadap Produk setelah dan sebelum POSNA JG221, cek PPI dan retained apakah terdapat potensi penyimpangan yang sama. Lampirkan hasil pemeriksaan terhadap produk setelah dan sebelum",
,,,,,,,,,,Produk POSNA JG221 dapat dirilis jika sachet kosong line 8 sudah digantikan dengan sachet retained dan catatan perubahan proses PPI sudah diisi.,
2026,DEV-B7PLG-07-2026-0140,APPROVED,https://eqms.kalbe.co.id/e-deviation/deviation/e723e1ae-a0a2-4e53-855f-fdcbde280ef4/detail?tab=pre-investigation&tabRemediate=issue-data&tabCapa=issue-data,Planned,Product,Prosedur/Spec/MA tidak sesuai,"LBMAT JG884
LKXOD JG807 
LHRBA ",-,Trial Diversifikasi Pack PCK,"Trial Diversifikasi Pack PCK disetujui terbatas hanya sampai END Agustus 2026, TS lakukan sosialisasi, koordinasi dan pendampingan terhadap seluruh trial. Lampirkan bukti sosialisasi",
,,,,,,,,,,"TS koordinasi dengan produksi untuk melakukan pemisahan fisik yang jelas utk produk yang di trial dan dikemas kembali pada akhir produk, beri identitas jam tampung dan output karton hasil tampungan sesuai jamnya. Tulis di catata perubahan proses PPI. Pastikan tidak terjadi mix up. Lampirkan Tahapan : '- Dilakukan pencatatan jam mulai dan selesai dari output yang dikemas dengan pack polos - Output yang dikemas tersebut ditampung dalam bak secara berurutan (bak diberi nomor) - Pengemasan ulang dilakukan sesuai urutan bak tampungan dan diberikan penandaan bak sekian dikemas pada karton sekian utk ketelusuran",
,,,,,,,,,,"QA lakukan inspeksi secara rutin pada area trial, pastikan tidak terjadi mix up dan aktivitas tampungan serta pengemasan ulang dilakukan sesuai disposisi serta dapat di telusuri. Informasikan",
,,,,,,,,,,"
Lakukan pendataan NB dan produk terdampak selama proses trial, informasikan dalam penyimpangan ini beserta report trial approved. Lampirkan",
,,,,,,,,,,"Info TS, Trial di ilapak 5-8. Produksi lakukan proses repack sesuai arahan TS, pastikan tidak terjadi mixup. Lakukan line clearance sesuai prosedur dan proses produksi dilakukan per batch.",
2026,DEV-B7PLG-07-2026-0141,APPROVED,https://eqms.kalbe.co.id/e-deviation/deviation/c4216ff6-e5dc-4049-aecd-a6b5e8835ea7/detail?tab=pre-investigation&tabRemediate=issue-data&tabCapa=issue-data,Planned,Product,Prosedur/Spec/MA tidak sesuai,"LPRGQ, LPRGP, LPRGU, LETSB, LPRGT, LBMAV.",-,Penambahan Jalur Pengemasan Manual dari Tampungan Filling Ilapak 11,"Penyimpangan Penambahan Jalur Pengemasan Manual dari Tampungan Filling Ilapak 11 disetujui untuk dilakukan maksimal hanya sampai JOYEA berfungsi dengan normal/timeline perubahan kemasan. Lakukan koordinasi dengan ENG utk menyediakan penambahan jalur tersebut, sosialisasikan dan lampirkan",
,,,,,,,,,,"Produk yang dikemas yaitu LPRGQ, LPRGP, LPRGU, LETSB, LPRGT, LBMAV, Lakukan pemisahan area, pemberian identitas pada tampungan yang dibuat, sehingga dapat dipastikan tertelusur dengan baik. Pengemasan hanya boleh dilakukan per 1 Batch produk, tidka boleh parsial. Dokumentasikan di catatan perubahan proses PPI. Lampirkan",
,,,,,,,,,,"QA lakukan verifikasi terkait Penambahan Jalur Pengemasan Manual dari tampungan ilapak 11 ke jalur unifill A, pastikan tidak terjadi mix up dan pengemasan dilakukan sesuai urutan tampungan sachet. Lampirkan bukti verifikasi (sampling)",
,,,,,,,,,,"Pastikan semua alat/mesin yang digunakan utk penambahan jalur pengemasan manual pada unifill A ini sudah terkalibrasi/kualifikasi, lampirkan",
2026,DEV-B7PLG-07-2026-0139,APPROVED,https://eqms.kalbe.co.id/e-deviation/deviation/e3e797da-d0c7-43ce-8b36-9765036cecc0/detail?tab=pre-investigation&tabRemediate=issue-data&tabCapa=issue-data,Planned,Procedure/documentation/data integrity,Prosedur/Spec/MA tidak sesuai,-,-,Trial Produk Baru Promag Progerd,"Penyimpangan Trial Produk Baru Promag Progerd disetujui, Lampirkan protokol trial dan report/evaluasi trial jika trial sudah selesai",
,,,,,,,,,,"RND koordinasikan dengan Produksi, teknik dan QA terkait kebutuhan fasilitas trial, pastikan ST, MT dan Mesin filling sudah terkualifikasi",
,,,,,,,,,,"Terhadap metode cleaning yang belum tersedia, QA lakukan pendampingan dan pengambilan data untuk mitigasi risiko kontaminasi sekaligus penjajakan metode cleaning yang sesuai (penentuan Marker koordinasi dengan ANDEV) Lampirkan sampling plan dan report hasil pemeriksaan",
,,,,,,,,,,"ANDEV lakukan analisa sesuai kebutuhan cleaning utk Trial Produk Baru Promag Progerd, lampirkan hasil",
,,,,,,,,,,"Produksi lakukan line clearance dan pembersihan ST, MT maupun mesin filling sesuai arahan QA dan RND, pastikan tidak terjadi kontaminasi silang. Lampirkan dan informasikan",
,,,,,,,,,,Lampirkan hasil review TS dalam penyimapngan ini (terlewat melampirkan saat disposisi),
2026,DEV-B7PLG-07-2026-0148,Assign PIC Remedial,https://eqms.kalbe.co.id/e-deviation/deviation/bd146a90-9b6f-4133-8513-2293862c881e/detail?tab=pre-investigation&tabRemediate=issue-data&tabCapa=issue-data,Unplanned,Product,Prosedur/Spec/MA tidak sesuai,POSNA ,"JG238 - 240
JG236","Tukar guling Foil POSNA ex PV batch JG236 ke ex IG batch JG 238, 239, 240",,
2026,DEV-B7PLG-07-2026-0145,APPROVED,https://eqms.kalbe.co.id/e-deviation/deviation/bb1c5ab4-f3f1-4675-8a64-cbb56cff3fe7/detail?tab=pre-investigation&tabRemediate=issue-data&tabCapa=issue-data,Unplanned,Product,Kebocoran,LKMCA,JG864,LKMCA JG864 bocor lne 5G saat cek IPC kebocoran oleh operator,"Terhadap Sachet LKMCA JG864 bocor line 5, lakukan runut dan sortir oleh produksi, informasikan HC dan HT",
,,,,,,,,,,Produksi lakukan investigasi 5W + 1 H terkait Sachet LKMCA JG864 bocor line 5. Informasikan dan lampirkan hasil investigasi,
,,,,,,,,,,"QA lakukan verifikasi runut dan sortir yang dilakukan produksi untuk Sachet LKMCA JG864 bocor line 5, informasikan HC dan HT dalam penyimpangan ini",
,,,,,,,,,,"Teknik terkait Sachet LKMCA JG864 bocor line 5 karena issue Kualitas Gasket Divers tidak konsisten, lakukan follow up ke vendor, penggunaan gasket sinogreen hanya boleh dilakukan jika sampel perbaikan sudah ada dan dilakukan trial dengan planned deviation",
,,,,,,,,,,QA terbitkan CAPA untuk Sachet Sachet LKMCA JG864 bocor line 5. CAPA Owner Presdir Ilapak 6 . Lampirkan nomor dan link CAPA,
,,,,,,,,,,Produk Sachet LKMCA JG864 bocor line 5 dapat dirilis jika semua hasil parameter sudah MS dan tidak ada issue kualitas lainnya serta issue bocor sudah selesai di runut sortir. Lampirkan,
2026,,Drafting Disposition,https://eqms.kalbe.co.id/e-deviation/deviation/b5b2015b-624c-495e-bf10-ab441b36d24b/detail?tab=pre-investigation&tabRemediate=issue-data&tabCapa=issue-data,Planned,Procedure/documentation/data integrity,Lain-lain,LBMAV,-,Karton LBMAV campuran lama dan baru,,
2026,,Approval Manager Area,https://eqms.kalbe.co.id/e-deviation/deviation/99580cdd-b130-49e9-a2e8-549620d9dc6a/detail?tab=pre-investigation&tabRemediate=issue-data&tabCapa=issue-data,Planned,Procedure/documentation/data integrity,Prosedur/Spec/MA tidak sesuai,-,-,Trial Produk Komix Cough Nigeria,,