Tahun ,No Laporan,Status,Link e-QMS ,Planned/ Unplanned,Nama Material,Kode Material,"No Batch /
 No QC",Manufacturer/Supplier,Rincian Penyimpangan,Disposisi Tindakan Remedial,Need CAPA?,Arsip
2024,DEV/QMT/PLG/QC/0124/001,Closed,NA ,Planned,PACK EJ SPORT/53x46.5x104,2DE029000,2K/2312/0015,Cahaya Abadi Grafika ,QC menginfokan ditemukan pack EJ Sport ex CAG pada no QC 2K/2312/0015 ditemukan kasus kotor seperti kena lem pada bagian dalam flap ,"1. Hasil pemeriksaan pack EJ Sport (2DE029000) No QC 2K/2312/0015; PO DBG230429; qty 1550 roll ex Cahaya Abadi Grafika ditemukan kondisi kotor seperti terkena lem pada bagian flapnya. Defect tidak berpengaruh terhadap identitas produk dan kualitas produk, sehingga material direkomendasikan dapat direlease jika hasil analisa terhadap parameter lain nya MS. Lampirkan hasil analisa lengkap 
2. PPIC mohon infokan alokasi nomor batch yang menggunakan pack EJ Sport (2DE029000) No QC 2K/2312/0015 ex Cahaya Abadi Grafika dengan kondisi kotor tersebut. Koordinasikan dengan tim produksi dan departemen terkait. Lampirkan bukti koordinasi 
3. QC akan menindak lanjuti dengan CAPA material untuk follow up investigasi lebih lanjut penyebab pack EJ Sport (2DE029000) TMS. Lampirkan nomor CAPA. 
4. CPro koordinasikan dengan vendor terkait CAPA yang dibuat oleh tim QC. Lakukan follow up terkait hasil investigasi dan tindakan perbaikan yang dilakukan untuk mencegah case ini berulang.",Yes,https://b7-drive.bintang7.com/?launchApp=SYNO.SDS.Drive.Application#file_id=822666140193962114
2024,DEV/QMT/PLG/IM/0124/002,Closed,NA ,Planned,XANTHAN GUM,2AX001000,"2R/2309/0016
2R/2309/0057
2R/2312/0014","Jutarasa Abadi, PT ","Kedatangan material Xanthan Gum di bulan september dan desember hasil analisa pH TMS (under spek) dengan data terlampir, di mana hasil analisa baik kedatangan di bulan september dan desember baru diinformasikan ke CPRO di bulan Desember","1.        Pada bulan Desember, QC menginformasikan ke CPro bahwa terdapat hasil analisa material Xanthan Gum kedatangan bulan September (no QC 2R/2309/0016 dan 2R/2309/0057) dan Desember (no QC : 2R/2312/0014) dengan nomor batch 34230046 didapatkan hasil analisa terhadap parameter pH Tidak Memenuhi Syarat (TMS) dengan hasil 5.9; 5.82; 5.78 (syarat 6.0 – 8.0). Akan dilakukan trial untuk mengetahui apakah material dengan nilai pH yang TMS ini akan berdampak terhadap produk. QC lakukan sampling tambahan untuk pengujian sensori di produk oleh TS.
2.        TS akan melakukan trial Lab Scale untuk pengujian sensori di produk menggunakan Xanthan Gum dengan No QC 2R/2309/0016, 2R/2309/0057 dan 2R/2312/0014. Jika hasil sensori dibandingkan batch eksisting tidak berbeda signifikan maka RM direkomendasikan dapat dirilis. Koordinasikan dengan departemen terkait.
3.        Jika hasil sensori di produk MS dan hasil pemeriksaan pada parameter lain juga MS, maka RM direkomendasikan dapat dirilis. Lampirkan hasil analisa lengkap
4.        Perlu dilakukan evaluasi terhadap penyampaian keluhan material dari QC ke CPro yang lebih dari 2 bulan ini, agar kedepannya kejadian serupa tidak terulang kembali.
5.        Cpro koordinasikan dengan vendor penyebab pH ditemukan TMS dan tindakan perbaikan yang dilakukan untuk mencegah kejadian berulang.
",No,https://b7-drive.bintang7.com/?launchApp=SYNO.SDS.Drive.Application#file_id=822667952965859858
2024,DEV/QMT/PLG/CP/0124/003,Closed,NA ,Unplanned,,2AH001000,-,-,"Kedatangan material menggunakan kemasan drum kapasitas 200 KG, tidak sesuai Packing size acuan yaitu Jerigen 25 KG","1.        Rencana kedatangan material Honey Liquid (2AH001000) ex NAS menggunakan kemasan drum kapasitas 200kg (tidak sesuai packing size di Oracle yang menggunakan jerrycan 25kg) dilakukan sebagai improvement terhadap parameter mikrobiologi material yang dicurigai karena inkonsistensi pembersihan wadah kemasan. Perubahan packing size ini tidak berpengaruh langsung terhadap kualitas produk tetapi secara administratif di sistem Oracle perlu dilakukan perubahan. Terkait hal tersebut, Cpro lakukan pengajuan Perubahan Data Oracle (PDO) untuk packing size menjadi 200kg.
2.        Lakukan penerimaan material sesuai dengan prosedur penerimaan, pastikan kelengkapan dokumen pada material Honey Liquid (2AH001000) ex NAS tersebut. Perlu dipastikan handling material dengan menggunakan drum kapasitas 200kg tidak menyulitkan proses handling di lapangan, terutama dari faktor K3nya. Lakukan evaluasi terhadap proses handling material di lapangan, koordinasikan dengan departemen terkait jika ditemui adanya masalah. 
3.        Lakukan pemeriksaan terhadap material Honey Liquid dengan kemasan baru ini, apabila hasil pemeriksaan didapati MS material dapat direkomendasikan untuk dirilis. Lampirkan hasil analisa dalam penyimpangan ini.
4.        Setelah material honey liquid dengan kemasan drum kapasitas 200kg sudah diterima, lakukan perubahan data Oracle kembali ke packing size awalnya yaitu 25kg. CPro lakukan pengajuan PDO perubahan kembali packing size ini. Tim Andev lakukan follow up terhadap PDO yang sudah dibuat oleh CPro. Lampirkan PDO yang sudah disetujui dan perubahan di system Oracle.
5.        Pada saat material akan dibawa masuk ke area kelas E, perlu dipastikan kondisi bagian luar drum dalam kondisi bersih. Perlu dilakukan evaluasi terhadap cara sanitasi drum sebelum drum masuk ke area kelas E, terutama untuk area yang sulit terjangkau seperti bagian bawah drum.
6.        Penggunaan material honey liquid dengan kelipatan bukan 200kg perlu dipikirkan caranya untuk memindahkan madu dengan kuantiti ketengan, apakah perlu menggunakan alat bantu tambahan. Jika menggunakan alat bantu tambahan, perlu ditetapkan masa pakai alat bantu sehingga tidak menjadi sumber kontaminan mikrobiologi. Koordinasikan dengan departemen terkait.
7.        Perlu dipikirkan cara handling material saat proses transfer ke Mixing Tank, apakah vacuum transfer MT mampi menyedot material tanpa pengenceran air panas. Jika tidak perlu dipikirkan alternative lainnya, cara penuangan material, dst. Koordinasikan dengan departemen terkait.
8.        Apabila hasil trial ini akan diimplementasikan untuk perubahan permanen kemasan material Honey Liquid, CPro buatkan FUP dan PDO terhadap rencana perubahan ini.
",No,https://b7-drive.bintang7.com/?launchApp=SYNO.SDS.Drive.Application#file_id=822669568414628734
2024,DEV/QMT/PLG/QC/0124/004,Closed,NA ,Planned,	FOIL B7 OBAT MAAG WAISAN/800x750,1FW003100,2P/2312/0016,Indogravure ,QC menginfokan bahwa ditemukan foil Waisan ex IG TMS warna. Kedatangan mengacu pada PO DBG230446 qty 28 roll,"1. Hasil pemeriksaan Foil Waisan (1FW003100) No QC 2P/2312/0016; PO DBG230446; qty 28 roll ex Indrogravure ditemukan TMS warnanya terhadap CR. Defect tidak berpengaruh terhadap identitas produk dan kualitas produk, sehingga material direkomendasikan dapat direlease jika hasil analisa terhadap parameter lain nya MS. Lampirkan hasil analisa lengkap 
2. PPIC mohon infokan alokasi nomor batch yang menggunakan Foil Waisan (1FW003100) No QC 2P/2312/0016 ex Indrogravure dengan warna yang TMS terhadap CR tersebut. Koordinasikan dengan tim produksi dan departemen terkait. Lampirkan bukti koordinasi 
3. QC akan menindak lanjuti dengan CAPA material untuk follow up investigasi lebih lanjut penyebab Foil Waisan (1FW003100) TMS. Lampirkan nomor CAPA. 
4. CPro koordinasikan dengan vendor terkait CAPA yang dibuat oleh tim QC. Lakukan follow up terkait hasil investigasi dan tindakan perbaikan yang dilakukan untuk mencegah case ini berulang.
",Yes,https://b7-drive.bintang7.com/?launchApp=SYNO.SDS.Drive.Application#file_id=822674046102581252
2024,DEV/QMT/PLG/QC/0124/005,Closed,NA ,Planned,PACK PROMAG HERBAL/112x40x63,2DP004000,2K/2312/0045,Gunung Kelud ,"QC menginfokan bahwa Pack Promag Herbal dengan PO DBG230452 qty 124.500 ditemukan minor defect sebanyak 18 persent dengan detail : 
90 pack di temukan smet
1 pack over glue
1 pack blobor 
1 pack tidak presisi
Sudah sempat diinfokan dan difollow up ke GK untuk diproses sortir, tapi baru bisa selesai di hari senin tanggal 8 dan tidak bisa memenuhi timeline kebutuhan PPIC","1.        Hasil pemeriksaan PACK KOMIX HERBAL (2DP004000); No QC 2K/2312/0045; PO DBG230452; qty 124.500 ex Gunung Kelud (GK) ditemukan minor defect sebanyak 18% dengan detail 90 pack smet, 1 pack overglue, 1 pack blobor dan 1 pack tidak presisi. Defect tidak berpengaruh terhadap identitas produk dan kualitas produk, sehingga material direkomendasikan dapat direlease jika hasil analisa terhadap parameter lain nya MS. Lampirkan hasil analisa lengkap 
2. PPIC mohon infokan alokasi nomor batch yang menggunakan PACK KOMIX HERBAL (2DP004000); No QC 2K/2312/0045 ex GK dengan defect minor tersebut. Koordinasikan dengan tim produksi dan departemen terkait. Lampirkan bukti koordinasi
3. QC akan menindak lanjuti dengan CAPA material untuk follow up investigasi lebih lanjut penyebab PACK KOMIX HERBAL (2DP004000) TMS. Lampirkan nomor CAPA.
4. CPro koordinasikan dengan vendor terkait CAPA yang dibuat oleh tim QC. Lakukan follow up terkait hasil investigasi dan tindakan perbaikan yang dilakukan untuk mencegah case ini berulang.
",Yes,https://b7-drive.bintang7.com/?launchApp=SYNO.SDS.Drive.Application#file_id=822677318156726926
2024,DEV/QMT/PLG/QC/0124/006,Closed,NA ,Planned,FOIL PROMAG HERBAL/718x1000,1FP003000,2P/2312/0009,Panverta ,"QC menginfokan bahwa ditemukan foil Promag Herbal ex Panverta TMS CR min - max. 
kasus ini mengacu pada kedatangan PO DBG230406 qty 16 roll","1. Hasil pemeriksaan Foil Promag Herbal (1FP003000) No QC 2P/2312/0009; PO DBG230406; qty 16 roll ex Panverta ditemukan TMS warnanya terhadap CR. Defect tidak berpengaruh terhadap identitas produk dan kualitas produk, sehingga material direkomendasikan dapat direlease jika hasil analisa terhadap parameter lain nya MS. Lampirkan hasil analisa lengkap 
2. PPIC mohon infokan alokasi nomor batch yang menggunakan Foil Promag Herbal (1FP003000) No QC 2P/2312/0009 ex Panverta dengan warna yang TMS terhadap CR tersebut. Koordinasikan dengan tim produksi dan departemen terkait. Lampirkan bukti koordinasi 
3. QC akan menindak lanjuti dengan CAPA material untuk follow up investigasi lebih lanjut penyebab Foil Promag Herbal (1FP003000)  TMS. Lampirkan nomor CAPA. 
4. CPro koordinasikan dengan vendor terkait CAPA yang dibuat oleh tim QC. Lakukan follow up terkait hasil investigasi dan tindakan perbaikan yang dilakukan untuk mencegah case ini berulang.
",Yes,https://b7-drive.bintang7.com/?launchApp=SYNO.SDS.Drive.Application#file_id=822676599051694543
2024,DEV/QMT/PLG/QC/0124/007,Closed,NA ,Planned,TUBE KOMIX HERBAL ORIGINAL 15 ML 193x350,1WK008020,2P/2312/0014,Panverta ,"QC menginfokan bahwa ditemukan tube komix herbal original ex Panverta TMS pitch, di mana hasil pemeriksaan pitch TMS under dengan hasil pemeriksaan 2579 - 2581, rata-rata pemeriksaan 2580. Syaratnya 2582 - 2586
di mana kedatangan ini mengacu pada PO DBG230407 sebanyak 1022kg. ","1.        Berdasarkan hasil analisa oleh QC, didapatkan hasil pengujian pitch TMS (spesifikasi pitch : 2582 - 2586 mm) pada Foil TUBE KOMIX HERBAL ORIGINAL Ex Panverta no QC 2P/2312/0014 dengan nilai rata-rata hasil pemeriksaan 2580. Pitch yang TMS dapat berpengaruh ke settingan potongan tube menyebabkan performance mesin potongan TMS dan hasil yield berkurang serta waste meningkat. Perlu dilakukan trial bersama dengan tim TS untuk mengetahui apakah pitch yang TMS ini masih dapat dicover oleh mesin dan menghasilkan potongan yang stabil tanpa menabrak redaksi. 
2.        TS melakukan evaluasi terhadap hasil trial dan memberikan rekomendasi terhadap foil tube Komix Herbal Original dapat digunakan atau tidak sesuai justifikasi hasil trial. Lampirkan hasil trial.
3.        Jika hasil trial menunjukkan bahwa foil dengan pitch yang TMS ini masih dapat digunakan di mesin dan spesifikasi lainnya memenuhi syarat, material direkomendasikan untuk dirilis dan dapat digunakan untuk kebutuhan operasional produksi. Lampirkan hasil analisa lengkap untuk material ini. Lampirkan juga laporan investigasi OOS terhadap parameter pitch yang TMS. 
4.        PPIC mohon infokan alokasi nomor batch yang menggunakan Foil TUBE KOMIX HERBAL ORIGINAL; No QC 2P/2312/0014 ex Panverta dengan hasil pitch TMS tersebut. Koordinasikan dengan tim produksi dan departemen terkait. Lampirkan bukti koordinasi
5.        QC akan menindak lanjuti dengan CAPA material untuk follow up investigasi lebih lanjut penyebab Foil TUBE KOMIX HERBAL ORIGINAL TMS. Lampirkan nomor CAPA. 
6.        CPro koordinasikan dengan vendor terkait CAPA yang dibuat oleh tim QC. Lakukan follow up terkait hasil investigasi dan tindakan perbaikan yang dilakukan untuk mencegah case ini berulang.
",Yes,
2024,DEV/QMT/PLG/PC/0124/008,Closed,NA ,Planned,KARTON BEJO ANAK /323x176x108,3MM001000,"2K/2201/0022 (ED 12 Jan 2024, Qty 500)","RAPIPACK ASRITAMA, PT","Stok 4 Jan 2024, KARTON BEJO ANAK /323x176x108 (3MM001000) total 3,045 EA atau 2.4 bn LBJAA sebagai berikut
2K/2201/0022 (ED 12 Jan 2024, Qty 500 atau setara Rp 1,051,013) 
2K/2202/0016 qty 2,545 EA ED 4 Feb 2024
Terkait pemenuhan target Jan 2024 LBJAA sebanyak 2 bets (RPP 20 Des 2023) dibutuhkan Pemastian kualitas material dari material dekat ED dengan no QC 2K/2201/0022. Rencana LBJAA akan di create WO tgl 8 Jan 2024. ","1.        Recana produksi Bejo Anak (LBJAA) untuk kebutuhan target Januari 2024 adalah sebanyak 2 Batch, dan untuk pemenuhan kebutuhan dan meminimalkan write off maka PPIC berencana untuk memperpanjang Expired Date (ED) KARTON BEJO ANAK /323x176x108 (3MM001000) No QC 2K/2201/0022 (ED 12 Jan 2024) dan 2K/2202/0016 (ED 4 Feb 2024). Terkait rencana perpanjangan ED ini PPIC koordinasikan dengan departemen terkait.
2.        WH IMC akan melakukan FPP 3MM001000 No QC 2K/2201/0022 dan 2K/2202/0016 untuk dilakukan analisa ulang oleh QC. Lampirkan dokumen FPP.
3.        QC akan melakukan analisa ulang 1FW010000 2K/2201/0022 dan 2K/2202/0016 terhadap parameter pemeriksaan karton termasuk BCT sebagai verifikasi tidak ada penurunan kualitas material. Jika hasil pemeriksaan ulang terhadap semua parameter memenuhi syarat (MS) maka material 1FW010000 dapat direkomendasikan perpanjangan ED sampai Februari 2024. Lampirkan hasil analisa dan bukti perpanjangan ED.
4.        PPIC informasikan nomor batch produk yang menggunakan material yang menyimpang ini.
",No,https://b7-drive.bintang7.com/?launchApp=SYNO.SDS.Drive.Application#file_id=822679279811736595
2024,DEV/QMT/PLG/QC/0124/009,Open-Verifikasi tindakan remedial,"DENI ADITYA CHRISTIANTO,",Planned,POLYETHYLENE GLYCOL 1500,2AP004000,2R/2311/0092,-,Analisa dilakukan sesuai MA yang berlaku dan ditemukan hasil TMS pada analisa awal dan PU,"1.	Hasil pemeriksaan terhadap material POLYETHYLENE GLYCOL 1500 (2AP004000) dengan nomor QC 2R/2311/0092 didapati TMS dengan nilai 16.20 dan 13.10 CPS, serta hasil PU 12.10 dan 20.10 CPS (spec : 36.00 – 42.00 CPS). Setelah dilakukan investigasi, diketahui bahwa hasil analisa yang TMS ini dikarenakan adanya perubahan MA yang dilakukan oleh Andev, dimana setelah dilakukan verifikasi dan perubahan metode analisa didapatkan hasil analisa yang MS. Terhadap material ini dapat dirilis berdasarkan hasil analisa ulang yang dilakukan.
2.	Terhadap perubahan metode analisa yang menyebabkan hasil analisa menjadi TMS ini, perlu dievaluasi kembali terhadap rencana perubahan MA kedepannya. Perlu dilakukan verifikasi MA terlebih dahulu sebelum MA diterapkan pada WI analisa di QC agar kejadian serupa tidak terulang di kemudian hari, misalnya dengan menambahkan analisa terhadap sampel pertinggal RM dengan jumlah yang diperbanyak sehingga data yang dihasilkan bisa memberikan rentang tren terhadap perubahan MA yang lebih komprehensif.
3.	Diusulkan untuk dapat mendiskusikan terkait pengkategorian OOS valid dan invalid dengan CQA dan sister company, terkait dengan hasil analisa yang menjadi MS karena factor MA yang kurang tepat, agar kedepannya pengkategorian dapat menjadi lebih jelas. Koordinasikan dengan pihak terkait.  ",,
2024,DEV/QMT/PLG/QC/0124/010,Open-Verifikasi tindakan remedial,"KURNIAWAN SETIADI,",Planned,PACK BEJO HERBAL/115x80x64,2DM010000,2K/2311/0012,"Penjalindo Nusantara, PT ",Material pack Bejo Herbal di temukan TMS bobot,"Hasil pengujian oleh QC pada berat Pack Bejo Herbal (2DM001000) ex PT. Penjalindo Nusantara (2DM001000) dengan PO DBG230325 qty 100.000 dengan hasil pemeriksaan QC Beratnya TMS over yaitu 18.45988 gram (syarat 16,93-17.97 gram) terhadap no QC 2K/2311/0012. Berat Pack Bejo Herbal ex Penjalindo Nusantara secara risiko masih bisa diterima terkait tidak berdampak langsung terhadap kualitas proteksi pengemasan. Material 2DM001000 dengan No. QC tersebut dapat direkomendasikan untuk direalese selama parameter pengujian lainnya MS. Lampirkan hasil analisa lengkap material 2DM003030 dan laporan OOS nya
 PPIC perlu infokan alokasi material 2DM001000 dengan No QC 2K/2311/001. Hal ini diperlukan agar Produksi aware jika sampai ada berat karton yang menyimpang karena ada korelasi dengan materialnya dan Produksi perlu lakukan otorisasi terhadap karton tersebut. Jika terjadi perubahan alokasi material, koordinasikan dengan departemen terkait dan lampirkan di devol ini
Parameter berat 2DM001000 yang TMS memiliki potensi ke berat karton Finished Good (FG) Bejo Herbal menjadi menyimpang. Perlu diperhatikan tahapan proses saat penimbangan karton FG dan dipastikan isi karton sesuai, jika ditemukan berat yang TMS, dapat dilakukan otorisasi oleh Spv Produksi sesuai prosedur.
Terkait hal tersebut QC akan membuat CAPA sebagai follow up perbaikan ke vendor. Lampirkan No. CAPA. 
Cpro perlu koordinasikan dengan Penjalindo terkait penyebab bobot Pack Bejo Herbal TMS, pastikan pada next kedatangan tidak ditemukan parameter yang TMS. Koordinasikan CAPA yang dicreate oleh QC. 
QC follow up kembali terhadap FUP perubahan spek Pack Bejo Herbal (2DM001000) yang sudah pernah diajukan sebelumnya, koordinasikan dengan departemen terkait.
",,
2024,DEV/QMT/PLG/QC/0124/011,Batal,,Unplanned,PACK BEJO HERBAL/115x80x64,2DM010000,2K/2311/0012,"Penjalindo Nusantara, PT ",,,,
2024,DEV/QMT/PLG/CP/0124/012,Open-Verifikasi tindakan remedial,"DENI ADITYA CHRISTIANTO, HARIYANTO DWI PUTRA SUNARTO, HARIYANTO DWI PUTRA SUNARTO",Planned,THYMUS VULGARIS HERBA LIQUID EXTRACT,1AT004000?,"LS233548
LS233549
LS233550",Herbal Creation,"Material THYMUS VULGARIS HERBA LIQUID EXTRACT (1AT004000) ex Bionorica mengalami keterlambatan pengiriman terkait kesulitan pencarian vessel, sehingga diusulkan pembelian thymi ex herbal creation sejumlah 1500 kg. Sampel sebanyak 3 BN sudah dikirimkan ke TS untuk dianalisa dan ditrial dengan hasil terlampir","1.        Material THYMUS VULGARIS HERBA LIQUID EXTRACT (1AT004000) ex Bionorica mengalami keterlambatan pengiriman terkait kesulitan pencarian vessel, sehingga direncanakan untuk pembelian Thymi ex Herbal Creation sebanyak 1500kg untuk dapat memenuhi kebutuhan produksi hingga April 2024. Material Thymi ex Herbal Creation ini belum melalui proses uji stabilitas, namun sudah dilakukan trial skala lab terhadap produk Komix Herbal yang menggunakan material tersebut dan didapati hasil MS secara fisik, kimia dan sensory. Material ACC untuk digunakan, namun terbatas hanya untuk kebutuhan hingga April 2024 saja (sebanyak 1500kg). CPro buatkan MRM untuk mengkaji risiko penggunaan material Thymi ex Bionorica yang belum melalui proses uji stabilitas dan registrasi. Lampirkan MRM yang sudah disetujui.
2.        CPro koordinasikan dengan supplier terkait dengan kelengkapan dokumen sebagai persyaratan entry di MPN dan buatkan PDO ke Andev untuk permintaan penambahan MPN Herbal Creation.
3.        Andev akan melakukan entry origin Herbal Creation di MPN setelah dokumen yang diperlukan sudah lengkap.
4.        PPIC akan melakukan PR material Thymi ex Herbal Creation dengan jumlah terbatas (1500 Kg untuk kebutuhan sampai bulan April 2024). Koordinasikan dengan Cpro dan pihak terkait.
5.        QC akan melakukan analisa material sesuai dengan spesifikasi dan dan CoA dari supplier sebagai acuan. Material selanjutnya dapat dirilis jika hasi analisa terhadap semua parameter memenuhi syarat (MS). Koordinasikan hasil analisa dengan departemen terkait jika perlu.
6.        Apabila material sudah dirilis dan proses invoicing sudah selesai, maka MPN Herbal Creation dapat dinonaktifkan kembali. CPro buatkan PDO ke Andev untuk permintaan ini.
7.        PPIC informasikan alokasi BN yang menggunakan RM Thymi ex Herbal Creation ini.
8.        Plan deviation ini merupakan acuan perilisan untuk alokasi BN produk yang terdampak. Produk dapat dirilis jika hasil analisa terhadap semua parameter memenuhi syarat (MS) dan jika tidak ada issue kualitas lain nya. 
9.        Tambahan disposisi (29/01/24) : Sesuai meeting pada 26/01/24, perlu dilakukan revisi MA material THYMUS dari semula menggunakan HPLC – UV Detector menjadi HPLC – PDA Detector untuk mengatasi kondisi saat ini (analisa dengan menggunakan HPLC – UV Detector tidak terdeteksi).
10.        Tambahan disposisi (29/01/24) : QC lakukan analisa terhadap material Thymi ex Herbal Creation dengan menggunakan MA terbaru yang sudah dibuat oleh Andev (menggunakan HPLC – PDA Detector). Perlu dipastikan ketersediaan detector PDA pada lab QC. Apabila hasil pemeriksaan material MS untuk semua parameter, maka material dapat dirilis. Koordinasikan dengan departemen terkait jika perlu.
",,
2024,DEV/QMT/PLG/QC/0124/013,Closed,"DENI ADITYA CHRISTIANTO, HARIYANTO DWI PUTRA SUNARTO",Unplanned,SORBITOL 70%,2AS014000,"2R/2401/0005
2R/2401/0047",,"Hasil analisa eksternal (Lab SIG) parameter Assay TMS (51.5% dan 51.0%) dari spesifikasi B7 (>64%). Lab SIG menggunakan acuan metode Supplement II FI VI sedangkan TUV acuannya EP.
Sorbitol yang digunakan B7 adalah Neosorb 70/70 (Non-Crystallizing Sorbitol) dengan spec CoA Assay >45%. 
Pada Supplement II FI VI tedapat 2 monografi Sorbitol yang memiliki spesifikasi berbeda, yaitu :
   1. Larutan Sorbitol : Assay >64%
   2. Larutan Sorbitol Non Crystallizing : Assay >45%","1.	Didapati adanya hasil analisa External (Lab SIG) material SORBITOL 70% (2AS014000) nomor QC 2R/2401/0005 dan 2R/2401/0047 di lab external dengan hasil analisa parameter Assay TMS (hasil analisa : 51.5% dan 51.0%; spesifikasi B7 > 64%). Hal ini dikarenakan adanya ketidaksesuaian spesifikasi yang ditetapkan oleh B7 dimana spesifikasi ditetapkan mengacu pada material Larutan Sorbitol, sedangkan actual yang digunakan adalah materual Sorbitol Crystalin. Selain itu, juga terjadi kesalahan penetapan metode analisa, dimana pengujian dilakukan ke TUV yang menggunakan metode EP, sedangkan acuan dari spesifikasi yang ditetapkan adalah FI. Terhadap ketidaksesuaian ini, perlu dilakukan update terhadap spesifikasi dan metode analisa yang digunakan untuk material Sorbitol mengacu ke FI VI. Pastikan spesifikasi dan metode analisa yang baru mampu digunakan untuk menganalisa Sorbitol dari 2 source yang digunakan oleh B7.
2.	Material SORBITOL 70% (2AS014000) dengan nomor QC 2R/2401/0005 dan 2R/2401/0047 memiliki hasil analisa yang sesuai dengan spesifikasi Larutan Sorbitol Non Crystallizing berdasarkan FI IV (spek Assay > 45%), sehingga material dapat diluluskan. Secara Oracle status pelulusan tidak akan menjadi “Accept” karena terdapat spesifikasi yang TMS.
3.	Penyimpangan ini akan menjadi acuan untuk perilisan material SORBITOL 70% (2AS014000) kedatangan selanjutnya sebelum Andev melakukan update terhadap spesifikasi dan MA yang digunakan, selama hasil analisa spek Assay memenuhi persyaratan > 45%.
",,
2024,DEV/QMT/PLG/QC/0124/014,Closed,NA ,Unplanned,FOIL PROMAG SUSPENSI/718x1000,1FP004000,2P/2401/0053,,Foil promag suspensi ditemukan TMS pitch ,"1.        Berdasarkan hasil analisa oleh QC, didapatkan hasil pengujian pitch TMS (spesifikasi pitch : 498 - 502 mm) pada Foil Promag Suspensi (1FP004000) Ex Supernova no QC 2P/2401/0053 dengan nilai rata-rata hasil pemeriksaan dari 5 sampel adalah 496.20 (PO nomor DBG230547 sebanyak 21 roll). Pitch yang TMS dapat berpengaruh ke settingan potongan tube menyebabkan performance mesin potongan TMS dan hasil yield berkurang serta waste meningkat. Perlu dilakukan trial bersama dengan tim TS untuk mengetahui apakah pitch yang TMS ini masih dapat dicover oleh mesin dan menghasilkan potongan yang stabil tanpa menabrak redaksi. 
2.        TS melakukan evaluasi terhadap hasil trial dan memberikan rekomendasi terhadap foil tube Komix Herbal Original dapat digunakan atau tidak sesuai justifikasi hasil trial. Pastikan bahwa sachet yang terbentuk tidak miring atau terpotong, dan posisi sachet tidak bergeser jauh antara bagian depan dan belakang, serta redaksi tidak terpotong. Lampirkan hasil trial.
3.        Jika hasil trial menunjukkan bahwa foil dengan pitch yang TMS ini masih dapat digunakan di mesin dan spesifikasi lainnya memenuhi syarat, material direkomendasikan untuk dirilis dan dapat digunakan untuk kebutuhan operasional produksi. Jika hasil trial menunjukkan foil dengan pitch yang TMS ini tidak dapat digunakan untuk proses produksi, maka material akan diretur dan dikirimkan penggantinya sesuai kesepakatan dengan vendor. Lampirkan hasil analisa lengkap untuk material ini. Lampirkan juga laporan investigasi OOS terhadap parameter pitch yang TMS. 
4.  Apabila material dirilis, PPIC mohon infokan alokasi nomor batch yang menggunakan Foil Promag Suspensi; No QC 2P/2401/0053 ex Supernova dengan hasil pitch TMS tersebut. Koordinasikan dengan tim produksi dan departemen terkait. Lampirkan bukti koordinasi.
5.        QC akan menindak lanjuti dengan CAPA material untuk follow up investigasi lebih lanjut penyebab Foil Promag Suspensi TMS. Lampirkan nomor CAPA. 
6.        CPro koordinasikan dengan vendor terkait CAPA yang dibuat oleh tim QC. Lakukan follow up terkait hasil investigasi dan tindakan perbaikan yang dilakukan untuk mencegah case ini berulang. Koordinasikan juga dengan vendor terkait dengan perhitungan kompensasi waste dan biaya trial menggunakan foil yang TMS pitchnya ini sesuai dengan kesepakatan, serta proses penggantian foil apabila hasil trial TMS.
",Yes,
2024,DEV/QMT/PLG/QC/0124/015,Closed,NA ,Planned,PACK PROMAG SUSPENSI/102x40x62,2DP005000,2K/2401/0062,Cahaya Abadi Grafika ,"QC menginfokan bahwa ditemukan pack Promag Suspensi dengan kondisi terdapat major defect sebesar 8.57% dan minor defect sebesar 3.80% 
(Lipatan lari  (miss printing) 27/63 -> major defect)
Cetakan kasar (vernis)12/63 -> minor defect)","1. Hasil pemeriksaan pack Promag Suspensi (2DP005000) No QC 2K/2401/0062; PO DBG230493; qty 33.600 ex Cahaya Abadi Grafika ditemukan kondisi major defect yaitu lipatan lari sebanyak 8.57% dan minor defect yaitu cetakkan yang kasar sebesar 3.80%. Defect tidak berpengaruh terhadap identitas produk dan kualitas produk dan dibutuhkan untuk create WO target bulan Fevruari, sehingga material direkomendasikan dapat direlease jika hasil analisa terhadap parameter lain nya MS. Lampirkan hasil analisa lengkap 
2. PPIC mohon infokan alokasi nomor batch yang menggunakan pack Promag Suspensi (2DP005000) No QC 2K/2401/0062 ex Cahaya Abadi Grafika dengan kondisi defect tersebut. Koordinasikan dengan tim produksi dan departemen terkait. Lampirkan bukti koordinasi 
3. QC akan menindak lanjuti dengan CAPA material untuk follow up investigasi lebih lanjut penyebab pack Promag Suspensi (2DP005000) TMS. Lampirkan nomor CAPA. 
4. CPro koordinasikan dengan vendor terkait CAPA yang dibuat oleh tim QC. Lakukan follow up terkait hasil investigasi dan tindakan perbaikan yang dilakukan untuk mencegah case ini berulang.
",Yes,https://b7-drive.bintang7.com/?launchApp=SYNO.SDS.Drive.Application#file_id=822680776737863112
2024,DEV/QMT/PLG/QC/0224/001,Closed,NA ,Planned,KARTON PROMAG HERBAL/342x254x264,,2K/2401/0069,Cahaya Abadi Grafika ,"QC menginfokan bahwa ditemukan CoA parameter OSM yang TMS BCT. Setelah Cpro verifikasi ke OSM, CoA typo dan melampirkan hasil pemeriksaan di pencatatan mesinnya MS semua (>211). OSM mengirimkan CoA revisi beserta bukti pemeriksaan dari mesin.
QC melakukan pengecekan BCT kembali dan ditemukan hasil sebagai berikut :
hasil pemeriksaan PCT awal (all TMS) :
175,016; 204,874; 190,155; 209,360; 194,185

hasil pemeriksaan SU (1 TMS, 4 MS) :
200,388; 225,165; 230,457; 214,266; 214,617

Pagi ini QC menginfokan pemeriksaan kembali sebanyak 3 kali dengan hasil sbb (15 pemeriksaan 3 TMS ) :
analisa 1 (3 TMS dipemeriksaan ini) :
233,296; 204,979; 223,343; 204,944; 202,211

analisa 2 (all MS) :
213,601; 213,075; 224,500; 211,147; 221,976

analisa 3 (all MS) : 
223,939; 216,194, 235,854; 236,695; 235,013","1. Berdasarkan hasil sampling QC dan sampling ulang di
dapatkan hasil tms utk parameter BCT utk bbrp sampel.
Parameter BCT menentukan kekuatan karton, sehingga ada
kemungkinan karton akan meleot. Terkait dgn kebutuhan
produksi, karena tidak semua sampel tms, karton dapat di
rekomendasi utk release dgn catatan di atas.
Secara fisik karton meleot tersebut akan terlihat pada saat
penyimpanan produk, sehingga dapat dilakukan penggantian
karton bila perlu.
2. QC menginfokan bahwa ditemukan CoA Oji dengan nilai BCT
TMS (210). Setelah dikonfirmasi, CoA salah dan dikirimkan
hasil pencatatan mesin BCT kalau nilai BCTnya MS (>211),
perlu ditelurusi di vendor kenapa terjadi salah kirim CoA, jika
diragukan lakukan pemeriksaan dengan sampel tambahan
sehingga benar2 yakin BCT karton yakin MS, lakukan trial
terhadap produk apakah perlu dilakukan evaluasi range bobot
karton sehingga saat digunakan proses aman tidak ada
resiko kelebihan atau kurang 1 box dalam karton.
3. Karton LPRGQ qty stock release per 1 Feb 2024 qty 1174 EA
atau 3.9 bn (pakai 298 ea/bets), target Feb 2024 dibutuhkan
9 bets. Oleh karena itu karton sejumlah 2000 ea (6.7 bets)
pada devol ini dibutuhkan untuk dipakai di target Feb 2024,
estimasi create wo 2 Feb 2024. Kedatangan selanjutnya 5
Feb 2024 (menggunakan ETA 1 Feb 2024).
4. berdasarkan hasil BCT pengujian awal di vendor pada
sampling Awal tengah akhir proses menunjukkan nilai BCT
MS. vendor melakukan pemeriksaan tambahan terhadap
10karton di lab vendor berdasarkan hasil sampling QC PG;
dan melakukan penyelidikan terkait isu BCT karton TMS
under pada beberapa pemeriksaan.
hasil evaluasi 10 karton di vendor menunjukkan adanya
1karton TMS under di 207, vendor akan lakukan investigasi,
mohon QC bisa diterbitkan CAPA resmi supaya problem bisa
tertangani dan tidak berulang. Bila dibutuhkan karton
pengganti, ETA tercepat di minggu depan (1 - 2 minggu).
Karton dibutuhkan PPIC untuk CWO di W1 Feb
5. terkait adanya hasil analisa BCT yang TMS, perlu difollow up
ke supplier apakah metode yang dilakukan di supplier
berbeda dengan yang dilakukan di B7. Perlu diteruskan juga
ke TS dan packdev terkait hal ini, jika memang menurut
perhitungan teoritis masih memenuhi toleransi yang ada
maka diusulkan karton untuk digunakan dengan alokasi pada
area-area sales yang fast moving. Jika memang secara
toleransi sudah tidak diterima maka diusulkan untuk direject
dan tidak digunakan untuk proses produksi agar tidak ada
potensi complaint ketika dijual. Pastikan segera dicarikan
pengganti karton tersebut agar supply untuk proses produksi
tidak terhenti.
6. Kasus BCT yg TMS berpotensi menyebabkan karton mleyot ,
jika terpakasa harus digunakan maka jika digunakan dan
ternyata ditemukan karton mleyot saat staging di produksi
atau Warehouse maka sebaiknya tidak dilanjutkan
penggunaannya untuk BN selanjutnya. Sisa karton di retur ke
vendor.
Dari hasil analisa QC menunjukkan range variatif untuk BCT
nya , sehingga haruis dievaluasi penyebabnya oleh vendor
untuk perbaikannya. Follow up dengan CAPA dan lakukan
monitoring CAPA untuk perbaikannya",Yes,https://b7-drive.bintang7.com/?launchApp=SYNO.SDS.Drive.Application#file_id=822681118131140249
2024,DEV/QMT/PLG/WG/0224/002,,NA ,Planned,SODIUM BICARBONATE,2AS006000,3R/2402/0002,-,"Team QA memeriksa material Sodium Bicarbonate untuk pemastian kualitas
sebelum digunakan, isue awal adanya pengotor hijau pada pembungkus material
namun pada saat pemeriksaan ditemukan juga hazrd biologi (serangga sangat
kecil di dalam kemasan antara primer dan sekunder.
Material sodbic akan digunakan untuk support proses Extra Joss","1. Terkait adanya hazard pada material sodbic maka dari pihak
penimbangan akan memastikan secara visual saat
melakukan prosea preparasi sehingga dapat meminimalisir
adanya hazard dimateria. Perlu dipastikan secara
keseluruhan untuk material yg akan digunakan starting dari
vendor hingga sampai proses produksinya oleh pihak2 terkait
sehingga kualitas dapat terjamin dengan baik
2. Pengotor yg ditemukan berada di antara kemasan primer dan sekunder. Perlu dipastikan apakah kemasan sekunder tertutup rapat atau terdapat celah sehingga terdapat serangga di antara Kemasan primer dan sekunder. Perlu fi investigasi apakah serangga berasal dari Manufacturer / saat distribusi . QC akan menerbitkan capa bila diperlukan. (Stl pemastian asal kontaminan) 
3. Perlu dipastikan hazard yang dimaksud bukan kontaminan
asing yang bukan merupakan bagian dari material ybs, perlu
dipastikann juga hazard yang dimaksud bukan kontaminan
logam, perlu dibuatkan CAPA Material untuk case ini
4. Penyimpangan kontaminan pd RM sod bic, di temukan bintik
hitam yg tdk tertarik magnet, n larut dlm air, di duga mrpk
organik particle spt pd temuan sisa proses mfg yg di temukan
sblmnya. Lbh lanjut QC ckr akan lanjutkan evaluasi logam
berat sbg pemastian.
Kontaminan warna hijau, melayang ketika di larut kan. Tdk
tertarik magnet. Dugaan dri sisa handling kemasan dr mfg
ataupun dri penanganan kemasan di btg 7 (pembersihan sak
karung rm, serah trima sd preparasi n timbang). dr karakter
fisiknya bkn logam, particles (2 pcs dg ukuran <1-2 mm).
Bila tlh melalui pengujian lgm berat di buktikan particle not
harmful dan benar bintik mrpk TUP pd sod bic, maka Rm
terkait dpt si rekomendasi kan release.
Capa material lbh lanjut di fu 
5. Ditemukan hazard pada material Sodium Bicarbonate berupa
:
- bintik hitam yg larut dalam air dan tidak tertarik magnet,
- hazard berupa serpihan berwarna hijau yg mirip dg warna
redaksi pada kemasan sekunder, tidak larut dan tidak tertarik
magnet,
- serangga di dalam kemasan sekunder dan di luar kemasan
primer
pastikan handling sodium bicabonat dengan melepas
kemasan sekunder di luar ruang penimbangan, kemudian
sebelum masuk ruang timbang bersihkan terlebih dahulu
kemasan primer dari segala potensi kontaminan termasuk
resiko ada temuan serangga di dalam kemasan sekunder dan
pastikan ikatan cableties proper karena pada saat
pengamatan cable ties longgar,
Terbitkan capa material untuk tindaklanjuti ke vendor
termasuk dimintakan perbaikan kedepan cableties dipastikan
terikat dg baik sehingga terpasang ketat/rekat di plastik
kemasan primer sesuai fungsinya ",,
2024,DEV/QMT/PLG/QC/0224/003,Open-Verifikasi tindakan remedial,"HARIYANTO DWI PUTRA SUNARTO, RALIFA HARTASYA, FANNY FANDANA",Planned,Honey Liq,2AH001000,"2R/2401/0107
2R/2401/0108",-,Ditemukan hasil analisis TPC Honey Liq pada tanggal 2 Feb 2024 di luar dari trend yang diharapkan dengan angka tertinggi pada 80 cfu/mL,"1. Hasil pengujian RM Honey Liquid (2AH001000) dengan no QC 2R/2401/0107 dan 2R/2401/0108 didapatkan hasil pengujian TPC Out of Trend dengan hasil 80 CFU/g (syarat 100 CFU/g). Berdasarkan hasil investigasi OOT/QC/BPG/MIKRO/0124/001 dan OOT/QC/BPG/MIKRO/0124/002 telah dilakukan sampling ulang sebanyak 3 titik dan masih didapatkan hasil pemeriksaan yang TMS dengan nilai tertinggi pada 90 CFU/g. Sebelumnya juga pernah didapati material madu dengan kondisi OOT dan secara tren pertumbuhan pada FG yang menggunakan material OOT ini memiliki pertumbuhan, namun masih MS dan tidak OOT. Secara syarat spesifikasi mikrobiologi juga material masih Memenuhi Syarat (MS) sehingga material direkomendasikan dapat dirilis jika hasil analisa terhadap semua parameter lain nya MS. Lampirkan hasil analisa lengkap pada laporan penyimpangan ini.
2.  PPIC koordinasikan terkait alokasi batch yang menggunakan RM Honey Liquid (2AH001000) dengan no QC 2R/2401/0107 dan 2R/2401/0108 dengan departemen terkait, dan lampirkan di devol ini. Jika terjadi perubahan, lampirkan di devol ini. PPIC infokan alokasi batch tersebut dengan tim QA 
3  Lakukan analisa dan evaluasi khususnya parameter mikrobiologi terhadap BN produk yang menggunakan Honey Liquid (2AH001000) dengan no QC 2R/2401/0107 dan 2R/2401/0108 ini. Pastikan hasil analisa mikro pada FG memenuhi syarat (MS)
4.        Produk yang menggunakan material Honey Liquid (2AH001000) dengan no QC 2R/2401/0107 dan 2R/2401/0108  dapat dirilis jika hasil analisa terhadap semua parameter khususnya mikro memenuhi syarat (MS). Produk direkomendasikan untuk dialokasikan ke area fast moving. 
5. CPro tindaklanjuti keluhan material Honey Liquid dengan kondisi mikro yang OOT ini ke NAS. Lakukan follow up dan evaluasi juga terhadap upaya perbaikan yang dilakukan dengan mengganti kemasan ke drum 200 L untuk dapat meminimalkan pertumbuhan mikroba. 
6. QA akan melakukan pemantauan stabilita pada batch yang terdampak (Sampling).
",,
2024,DEV/QMT/PLG/QC/0224/004,Open-Verifikasi tindakan remedial,"AHYU PUTRANTO, HARIYANTO DWI PUTRA SUNARTO, RALIFA HARTASYA, RALIFA HARTASYA, RALIFA HARTASYA, WAHYU PUTRANTO",Planned,"- Sorbitol 70% (EG-DEG)
- Polyoxyl 40 (Identifikasi + EG-DEG)
- PEG 1500 dan PEG 4000 (EG-DEG)
- Sodium Cyclamate (Impurities)
- Anise Oil (Identifikasi + Assay)
- LKKSB (EG-DEG)
- LPRGP (EG-DEG)
- LEJOA (Residu Alkohol)",-,-,-,GC Andev mengalami Instrumen Trouble/Error/Failure dan kemudian di tangani oleh vendor yang masih dalam proses troubleshooting,"1.        Terkait dengan kondisi GC yang dimiliki Andev sedang tidak bisa digunakan (berdasarkan hasil pemeriksaan supplier kemungkinan ada masalah pada bagian diffusion pump), sehingga analisa yang menggunakan instrument GC tidak dapat dilakukan. Andev lakukan follow up ke vendor untuk memastikan perbaikan GC dapat segera dilakukan. Koordinasikan juga dengan departemen terkait
2.        Terhadap material Sorbitol 70% (analisa EG-DEG), Polyoxyl 40 (Identifikasi + EG-DEG), PEG 1500 dan PEG 4000 (Analisa EG-DEG), Sodium Cyclamate (Impurities), dan Anise Oil (Identifikasi + Assay), analisa-analisa yang memerlukan instrument GC akan dilakukan setelah dilakukan perbaikan pada GC. Material-material tersebut dapat parallel diluluskan apabila hasil pemeriksaan parameter lainnya memenuhi persyaratan (mengacu pada MRM yang akan dibuat oleh QC).
3.        Terhadap produk LEJOA yang sedang dilakukan validasi prosess (batch GB003-005), analisa residu alcohol akan dilakukan di Lab Eksternal untuk memenuhi kebutuhan perilisan produk validasi proses. Sedangkan untuk batch selain valpro, produk LEJOA dapat parallel diluluskan apabila hasil pemeriksaan parameter lainnya memenuhi persyaratan (mengacu pada MRM yang akan dibuat oleh QC).
4.        Terhadap produk LKKSB, analisa EG-DEG akan dilakukan setelah dilakukan perbaikan pada GC. Produk LKKSB tersebut dapat parallel diluluskan apabila hasil pemeriksaan parameter lainnya memenuhi persyaratan (mengacu pada MRM yang akan dibuat oleh QC).
5.        Terhadap produk LPRGP, pemeriksaan terhadap seluruh parameter harus dilakukan terlebih dahulu dan dipastikan hasilnya MS sebelum produk dapat dirilis (analisa parallel tidak disetujui oleh pihak Kalbe).
6.        QC buatkan MRM terkait dengan rencana perilisian material-material dan produk-produk tanpa menunggu analisa seluruh parameter pemeriksaan yang menggunakan GC sesuai point disposisi nomor 2-4 (gunakan data tren parameter-parameter pada produk dan material ini sebagai dasar perilisan parallel).
7.        QC buatkan PDO sesudah MRM disetujui untuk merubah parameter-parameter yang tertera pada point disposisi 2-4 untuk material dan produk yang terdampak, agar spesifikasi berubah dari mandatory menjadi optional dan produk atau material dapat dirilis tanpa menunggu hasil analisa lengkap.
8.        Andev lakukan perubahan pada system Oracle sesuai dengan PDO yang sudah dibuat oleh QC.
",,
2024,DEV/QMT/PLG/QC/0224/005,Closed,NA ,Planned,Pack B7 & OBAT MAAF WAISAN,2DW003110,"2K/2401/0073
2K/2401/0074",Cakrawala mega Indah ,"Pada saat dilakukan pemeriksaan dan analisa, di temukan material TMS warna (warna tidak rata","1. Hasil pemeriksaan Pack Waisan (2DW003110) No QC 2K/2401/0073 dan 2K/2401/0074; PO DBG230454; qty 260,000 EA ex Cakrawala Mega Indah ditemukan TMS warnanya terhadap CR. Defect tidak berpengaruh terhadap identitas produk dan kualitas produk, sehingga material direkomendasikan dapat direlease jika hasil analisa terhadap parameter lain nya MS. Lampirkan hasil analisa lengkap 
2. PPIC mohon infokan alokasi nomor batch yang menggunakan Pack Waisan (2DW003110) No QC 2K/2401/0073 dan 2K/2401/0074 ex Cakrawala Mega Indah dengan warna yang TMS terhadap CR tersebut. Koordinasikan dengan tim produksi dan departemen terkait. Lampirkan bukti koordinasi 
3. QC akan menindak lanjuti dengan CAPA material untuk follow up investigasi lebih lanjut penyebab Pack Waisan (2DW003110) TMS. Lampirkan nomor CAPA. 
4. CPro koordinasikan dengan vendor terkait CAPA yang dibuat oleh tim QC. Lakukan follow up terkait hasil investigasi dan tindakan perbaikan yang dilakukan untuk mencegah case ini berulang.
",Yes,http://b7-drive.bintang7.com/?launchApp=SYNO.SDS.Drive.Application#file_id=823721388784269499
2024,DEV/QMT/PLG/QC/0224/006,Open-Verifikasi tindakan remedial,"KURNIAWAN SETIADI,",Planned,PACK BEJO HERBAL/115x80x64,2DM010000,2K/2402/0025,Gunung Kelud ,"QC menginfokan bahwa ditemukan bobot pack Bejo Herbal ex GK TMS over dimana spesifikasi sbb : 17.45 +- 3% (16.93 - 17.97), dengan hasil pemeriksaan 18.2975 - 18.5073
hasil pemeriksaan gramature MS (spek gramature 310 +- 4% (297.60 - 322.40), hasil pemeriksaan 307.76 - 319.88)","1. Hasil pengujian oleh QC pada berat Pack Bejo Herbal (2DM001000) ex PT. Gunung Kelud dengan PO DBG240019 qty 146.370 dengan hasil pemeriksaan QC Beratnya TMS over yaitu didapatkan hasil pemeriksaan 18.2975 – 18.5073 gram (syarat 16.93-17.97 gram) dengan no QC 2K/2402/0025. Berat Pack Bejo Herbal ex GK yang TMS over ini secara risiko masih bisa diterima terkait tidak berdampak langsung terhadap kualitas proteksi pengemasan. Material 2DM001000 dengan No. QC tersebut dapat direkomendasikan untuk direalese selama parameter pengujian lainnya MS. Lampirkan hasil analisa lengkap material 2DM003030 dan laporan OOS nya.
2 PPIC perlu infokan alokasi material 2DM001000 dengan No QC 2K/2402/0025. Hal ini diperlukan agar Produksi aware jika sampai ada berat karton yang menyimpang karena ada korelasi dengan materialnya dan Produksi perlu lakukan otorisasi terhadap karton tersebut. Jika terjadi perubahan alokasi material, koordinasikan dengan departemen terkait dan lampirkan di devol ini.
3 Parameter berat 2DM001000 yang TMS memiliki potensi ke berat karton Finished Good (FG) Bejo Herbal menjadi menyimpang. Perlu diperhatikan tahapan proses saat penimbangan karton FG dan dipastikan isi karton sesuai, jika ditemukan berat yang TMS, dapat dilakukan otorisasi oleh Spv Produksi sesuai prosedur.
4 . Terkait hal tersebut QC akan membuat CAPA sebagai follow up perbaikan ke vendor. Lampirkan No. CAPA pada penyimpangan ini.
5. Cpro perlu koordinasikan dengan vendor GK terkait penyebab bobot Pack Bejo Herbal TMS, pastikan pada next kedatangan tidak ditemukan parameter yang TMS. Koordinasikan CAPA yang dicreate oleh QC.
6. QC follow up kembali terhadap FUP perubahan spek Pack Bejo Herbal (2DM001000) yang sudah pernah diajukan sebelumnya, juga perlu diperhatikan range spesifikasi yang diajukan dimana range spesifikasi material +- 4%, sedangkan range spesifikasi FG +- 3%, dimana seharusnya toleransi FG lebih lebar daripada toleransi bahan baku.
",,
2024,DEV/QMT/PLG/QC/0224/007,Closed,"HARIYANTO DWI PUTRA SUNARTO, RALIFA HARTASYA",Unplanned,ZINGIBER OFF.ROSCH RUBRUM LE (GIN1.5-3%),1AZ004000,2R/2401/0081,Natrindo ,Hasil pengecekan awal pH diperoleh hasil TMS Under dan setelah pengulangan masih diperoleh hasil yang sama,"1.        Terkait dengan material Zingiber (1AZ004000) dengan nomor QC 2R/2401/0081 yang memiliki hasil analisa parameter pH yang TMS under, material tersebut merupakan material Zingiber yang sudah dipasteurisasi sebagai project vendor development dengan NAS. Setelah dilakukan SU, masih didapatkan hasil yang MS. Selanjutnya dilakukan trial lab material pada produk Bejo Herbal tersebut dan didapatkan fisik, kimia dan sensory yang masih MS, sehingga material ini ACC untuk diluluskan.
2.        Material ACC untuk digunakan pada produk Bejo Herbal (LBMAQ) dengan nomor batch GC727-734. PPIC koordinasikan dengan departemen terkait, dan informasikan apabila ada perubahan rencana nomor batch.
3.        QA lakukan monitoring terhadap stabilitas produk Bejo Herbal yang menggunakan material ZIngiber dengan pH yang TMS ini. Hasil monitoring stabtest ini akan menjadi pertimbangan perubahan spec pH pada material Zingiber.
4.        Produk LBMAQ batch GC727-734 dapat dirilis apabila hasil analisa terhadap semua parameter MS dan tidak ada issue kualitas lainnya.",,
2024,DEV/QMT/PLG/PR/0224/008,Closed,NA ,Planned,BOX KOMIX RASA PEPPERMINT/140x46x105,2DK056050,2K/2306/0056,Citra Sastra Grafika ,warna pack tidak memenuhi syarat,"1.        Pada saat tim produksi melakukan pengecekkan fisik pack LKPTA batch GB404-GB407, ditemukan adanya pack dengan warna yang lebih pudar di karton. Selanjutnya dilakukan verifikasi oleh tim QC dan didapati warna pack TMS terhadap color range. Untuk pack dengan kondisi warna TMS ini merupakan pack dari vendor CSG dimana kerjasama antara B7 dengan CSG sudah tidak dilanjutkan, dan secara kualitas warna masih dapat diterima sehingga output yang telah dikemas direkomendasikan direluctant release. 
2.        Produk LKPTA batch GB404-GB407 dapat dirilis jika hasil analisa terhadap semua parameter memenuhi syarat (MS) dan jika tidak ada issue kualitas lain nya. 
",No,http://b7-drive.bintang7.com/?launchApp=SYNO.SDS.Drive.Application#file_id=823722478397340211
2024,DEV/QMT/PLG/QC/0224/009,Closed,NA ,Planned,Promag  Herbal ,2DP004000,"2K/2402/0065
2K/2402/0066",Gunung Kelud ,"QC menginfokan bahwa ditemukan sampel promag herbal dengan permukaan kasar dan smet

Dengan deffect
2K/2402/0066 :7.75 %
2K/2402/0065 : 7.3 %","1. Hasil pemeriksaan pack Promag Herbal (2DP004000) No QC 2K/2402/0066 dan 2K/2402/0065; PO DBG230529; qty 200.000; manufacturer lot PR/A7/BT4477/GK/XII/23 ex Gunung Kelud ditemukan kondisi defect yaitu permukaan kasar dan smet. Defect tidak berpengaruh terhadap identitas produk dan kualitas produk dan dibutuhkan untuk create WO target bulan Maret, sehingga material direkomendasikan dapat direlease jika hasil analisa terhadap parameter lain nya MS. Lampirkan hasil analisa lengkap.
2. PPIC mohon infokan alokasi nomor batch yang menggunakan Promag Herbal (2DP004000) No QC 2K/2402/0066 dan 2K/2402/0065 ex GK dengan kondisi defect tersebut. Koordinasikan dengan tim produksi dan departemen terkait. Lampirkan bukti koordinasi 
3. QC akan menindak lanjuti dengan CAPA material untuk follow up investigasi lebih lanjut penyebab pack Promag Herbal (2DP004000) TMS. QC juga mohon dapat informasikan  Lampirkan nomor CAPA. 
4. CPro koordinasikan dengan vendor terkait CAPA yang dibuat oleh tim QC. Lakukan follow up terkait hasil investigasi dan tindakan perbaikan yang dilakukan untuk mencegah case ini berulang. Kedatangan terdekat selanjutnya ETA 8 Maret 2024, apabila batch produksinya sama dengan yang disampaikan pada penyimpangan ini (PR/A7/BT4477/GK/XII/23), maka penyimpangan ini dapat menjadi acuan perilisan material kedatangan tersebut.
",Yes,http://b7-drive.bintang7.com/?launchApp=SYNO.SDS.Drive.Application#file_id=823723195342306174
2024,DEV/QMT/PLG/AD/0224/010,Closed,,Planned,Pack Bejo Herbal,2DM005000,-,,Berat pack Bejo Herbal isi 12 code 2DM005000 (270 gsm) overspec,"1. Terkait dengan rencana trial Pack Bejo
Herbal isi 12 270 gsm (2DM005000),
sudah ada kedatangan material dengan
manufacturing lot P240101949 sesuai
dengan penyimpangan sebelumnya
nomor DEV/QPR/PLG/PR/1223/030,
namun didapatkan hasil pemeriksaan
material TMS over parameter berat.
Material ACC diluluskan karena
dibutuhkan untuk trial Packdev apabila
hasil analisa pemeriksaan parameter
lainnya MS.
2. Material ini akan diperlukan untuk
kebutuhan trial Packdev, sehingga pada
saat jalan proses akan menggunakan
lampiran proses. Packdev buatkan
lampiran proses berdasarkan
perhitungan berat spesifikasi yang sudah
direvisi (spesifikasi berat revisi : 15,66
gram +/- 4% : 15,03 g - 16,29 g).
3. Packdev melakukan review terhadap
berat pack sesuai dengan FUP yang
diajukan oleh tim QC. Terhadap pack
Bejo Herbal yang akan implementasi
code baru dengan design baru, pastikan
spesifikasinya sudah sesuai dengan
spesifikasi yang baru.
4. Packdev laukan PK ulang dengan vendor
dengan spesifikasi pack yang baru ini
5. CPro lakukan koordinasi dengan vendor
PT. Penjalindo untuk memastikan
material kedatangan selanjutnya dapat
memenuhi spesifikasi yang sudah
ditetapkan secara konsisten
6. Packdev lakukan review terhadap
spesifikasi berat pack semua pack sesuai
dengan FUP yang diajukan oleh tim QC,
agar penyimpangan terkait pack dengan
bobot yang TMS tidak terulang kembali.",,
2024,DEV/QMT/PLG/QC/0224/011,Open-Verifikasi tindakan remedial,"KURNIAWAN SETIADI,",Planned,KARTON BEJO HERBAL/338x255x118,3MM013010,2K/2402/0059,DCK ,"QC menginfokan bahwa ditemukan Karton bejo herbal ex DCK TMS bobot
hasil pemeriksaan : avg 276.143; min - max : 274.74 - 277.60
spek 288.5 +- 4%","1. Hasil pengujian oleh QC pada berat Karton Bejo Herbal (3MM013010) ex DCK; No QC 2K/2402/0059; PO DBG240020; qty 10.000 kedatangan tgl 19 Feb 2024; Nomor lot KR-24048 dengan bobot dengan rata-rata 276.143 gram (Syarat berat : 288.5 +/- 4% (276.9 – 300.04)); Berat di CoA  rata-rata 278.4 gram. Karton Bejo Herbal ex PT. DCK dibutuhkan untuk create WO pemenuhan produksi bulan Maret 2024, sehingga Material 3MM013010 dengan No. QC tersebut dapat direkomendasikan untuk direalese selama parameter pengujian lainnya MS. Lampirkan hasil analisa lengkap material 3MM013010 dan laporan OOS nya 
2 PPIC perlu infokan alokasi material 3MM013010 dengan No QC 2K/2402/0059 ex DCK. Hal ini diperlukan agar Produksi aware jika sampai ada berat karton yang under dari spesifikasi karena ada korelasi dengan materialnya dan Produksi perlu lakukan otorisasi terhadap karton tersebut. Jika terjadi perubahan alokasi material, koordinasikan dengan departemen terkait dan lampirkan di devol ini.
3 Parameter berat 2K/2402/0059 yang TMS memiliki potensi ke berat karton Finished Good (FG) Bejo Herbal yang tidak masuk ke range spek. Perlu diperhatikan tahapan proses saat penimbangan karton FG dan dipastikan isi karton sesuai, jika ditemukan berat yang TMS, dapat dilakukan otorisasi oleh Spv Produksi sesuai prosedur. 
4 . Terkait hal tersebut QC akan membuat CAPA sebagai follow up perbaikan ke vendor. Lampirkan No. CAPA  dan koordinasikan dengan Cpro agar dapat segera di follow up vendor
5.Cpro perlu koordinasikan dengan pihak DCK terkait penyebab bobot Karton Bejo Herbal TMS, pastikan pada next kedatangan tidak ditemukan parameter yang TMS. Koordinasikan CAPA yang dicreate oleh QC dan kesanggupan spesifikasi oleh Manufacturer
",,
2024,DEV/QMT/PLG/QC/0224/012,Closed,,Planned,FOIL B7 PUYER NO.16/800x1000,1FP001110,"2P/2402/0060
	2P/2402/0061
	2P/2402/0062",Indogravure ,"QC menginfokan bahwa ditemukan foil B7 puyer 1FK01110 ex IG TMS warna (pudar), yang ditemukan di PO DBG230466 dengan nomor lot supplier : SPK4240100703 sebanyak 73 roll dan SPK4240200111 32 roll","1. Hasil pemeriksaan Foil B7 Puyer No 16 (1FP001110) No QC 2P/2402/0060, 2P/2402/0061, 2P/2402/0062; PO DBG230466 qty 105 roll ex Indrogravure ditemukan TMS warnanya terhadap CR. Defect tidak berpengaruh terhadap identitas produk dan kualitas produk, sehingga material direkomendasikan dapat direlease jika hasil analisa terhadap parameter lain nya MS. Lampirkan hasil analisa lengkap 
2. PPIC mohon infokan alokasi nomor batch yang menggunakan Foil B7 Puyer No 16 (1FP001110)  No QC 2P/2402/0060, 2P/2402/0061, 2P/2402/0062 ex Indrogravure dengan warna yang TMS terhadap CR tersebut. Koordinasikan dengan tim produksi dan departemen terkait. Lampirkan bukti koordinasi 
3. CPro koordinasikan dengan vendor terkait ketidaksesuaian warna foil ini. Lakukan follow up terkait hasil investigasi dan pastikan untuk kedepannya foil dengan warna yang TMS ini tidak terulang kembali.
",,
2024,DEV/QMT/PLG/CP/0224/013,Closed,,Planned,Tube Komix Herbal Original ex Hangzhou,1WK008030,-,-,"Ketika proses pembuatan ASN, MPN belum dibuka karena tercegat CR. Setelah diFU lanjutan, CR baru bisa dikirimkan minggu depan dari Hangzhou (perjalanan kira-kira 10 hari). Perbedaan dengan kode sebelumnya pada penambahan jarak tepi, pergeseran ""tekuk disini lalu putar"", serta perubahan cetakan kode dari 1WK008020 menjadi 1WK008030","1.	CR Tube Komix Herbal Original (1WK008030) ex Hangzhou sudah ED dan CR yang baru akan dikirimkan di awal Maret dengn estimasi waktu pengiriman 10 hari. Pemeriksaan material Tube Komix Herbal Original (1WK008030) kedatangan sebanyak 10377,9 KG akan mengacu ke CR sebelumnya. Packdev lakukan sosialisasi ke tim QC terkait perubahan pada CR( penambahan jarak tepi, pergeseran ""tekuk disini lalu putar"", serta perubahan cetakan kode menjadi 1WK008030)  mengacu ke FAW eksternal approve agar pemeriksaan tetap dapat dilakukan.
2.	QC melakukan perilisan terhadap Tube Komix Herbal Original (1WK008030) kedatangan sebanyak 10377,9 KG dengan acuan warna ke CR kode sebelumnya (kode material 1WK008020) dan yang sudah disosialisasikan oleh tim Packdev apabila hasil pemeriksaan seluruh parameter memenuhi persyaratan.
3.	CPro lakukan follow up ke pihak Hangzhou agar CR terbaru dapat segera dikirimkan sesuai dengan timeline yang sudah disepakati.
4.	Apabila CR terbaru sudah diterima, Packdev lakukan penarikan CR lama dan menggantikannya dengan CR baru. Perlu dilakukan monitoring oleh tim Packdev untuk memastikan CR kemasan dapat diperbaharui sebelum ED.
5.	Penyimpangan ini hanya berlaku untuk perilisan Tube Komix Herbal Original (1WK008030) ex Hangzhou sebanyak 10377.9 kg, untuk kedatangan selanjutnya pemeriksaan harus sudah mengacu kepada CR terbaru.
",,
2024,DEV/QMT/PLG/CP/0324/001,Open-Verifikasi tindakan remedial,"HARIYANTO DWI PUTRA SUNARTO, PRAMAS FILLYANDRA, FANNY FANDANA, RALIFA HARTASYA",Planned,ZINGIBER OFF.ROSCH RUBRUM LE (GIN1.5-3%),1AZ004000,2402/GGR/B7/002,"Natrindo Surya Prima, PT","1. Vendor menginfokan Akan ada kedatangan 1AZ004000 no BN 2402/GGR/B7/001 qty 100 kg mengacu ke PO HBG240230 dengan pH TMS 4.49 (standar 5-6). Kedatangan material tgl 6 Maret 2024.
2. vendor juga menginfokan akan ada kedatangan 1AZ004000 no BN 2402/GGR/B7/002  (untuk mengganti PO HBG230054 sebelumnya di reject; material pengganti berikut Qty 220 KG dengan pH TMS under 4.98 (BN002)  (standar 5-6).","1.	Terkait dengan rencana kedatangan material Zingiber (1AZ004000) ex Natrindo dengan manufacturer number 2402/GGR/B7/002 dan 2402/GGR/B7/001 dengan nilai pH yang TMS under, berdasarkan data trend hasil analisa parameter pH material Zingiber baik pasteurisasi maupun non pasteurisasi memiliki kecenderungan pH TMS. Hasil TMS ini dikarenakan range spesifikasi parameter pH material Zingiber yang cukup sempit (5-6) untuk bahan alam. Terhadap rencana kedatangan material Zingiber ini, material ACC untuk dapat dirilis.
2.	PPIC informasikan nomor batch produk yang akan menggunakan material Zingiber dengan hasil analisa TMS parameter pH ini. Koordinasikan dengan departemen terkait.
3.	CPro koordinasikan dengan vendor Natrindo untuk dapat meminta tren stabtest RM, apakah masih MS selama masa simpannya. Trend stabtest RM ini akan menjadi pertimbangan perubahan spek pH material Zingiber.
4.	QC lakukan evaluasi terhadap stabtest produk Bejo Herbal, apakah masih memenuhi syarat terutama untuk parameter pHnya. Apabila hasil evaluasi terhadap stabtest produk masih MS, QC dapat mengajukan usulan perubahan terhadap spek pH material Zingiber tersebut.
5.	QA lakukan monitoring terhadap stabilitas produk Bejo Herbal yang menggunakan material Zingiber dengan pH yang TMS ini. 
6.	Produk yang akan menggunakan material Zingiber dengan parameter pH TMS ini (sesuai informasi dari PPIC) dapat dirilis apabila hasil analisa terhadap semua parameter MS dan tidak ada issue kualitas lainnya.",,
2024,DEV/QMT/PLG/PC/0324/002,Open-Verifikasi tindakan remedial,"HARIYANTO DWI PUTRA SUNARTO, HARIYANTO DWI PUTRA SUNARTO, FANNY FANDANA",Planned,MINT SC,3AM011000,"2R/2303/0165 (mfg no : 15369914)
2R/2304/0024 (mfg no : 15443190)
	2R/2304/0028 (mfg no : 15443190)",,3AM011000 Mint SC yg di pakai untuk produk Komix Tube Lemon (LKXLA) pemakaian 2 kg per bets dan Promag Herbal (LPRGQ) pemakaian 0.267 kg per bets tidak habis pakai dimana ED Maret 2024. Oleh karena itu akan di lakukan perpanjangan ED. Adapun hal ini dikarenakan adanya penurunan target LKXLA yg signifikan shg mint SC masih tersisa dan ED. Total value mint sc adalah 68.4 juta IDR.,"1.        Terkait dengan usulan perpanjangan ED material MINT SC41670 (3AM011000) dengan nomor QC 2R/2303/0165, 2R/2304/0024 dan 2R/2304/0028 yang ED di bulan Maret 2024, hal ini dilakukan untuk meminimalkan write off material (value = 68.400.000 IDR). Terhadap usulan perpanjangan ED ini, CPro sudah melakukan koordinasi dengan vendor dan dari vendor tidak memberikan rekomendasi perpanjangan ED material ini. Material dibutuhkan untuk CWO tanggal 22 April 2024, sehingga TS akan melakukan trial penggunaan material MINT SC41670 (3AM011000) yang sudah ED ini pada produk LKXLA, kemudian lakukan evaluasi terhadap hasil pemeriksaan seluruh parameter produk. Lampirkan hasil analisa dalam laporan penyimpangan ini.
2.        QC lakukan analisa terhadap material MINT SC41670 (3AM011000) dengan nomor QC 2R/2303/0165, 2R/2304/0024 dan 2R/2304/0028 sesuai dengan spesifikasi eksisting untuk memastikan material masih memenuhi spesifikasi. Lampirkan hasil analisa dalam laporan penyimpangan ini.
3.        Apabila hasil analisa material di QC dan hasil trial penggunaan material di dalam produk yang dilakukan oleh TS OK, maka material ACC untuk dilakukan perpanjangan ED untuk meminimalkan write off material. QC lakukan perpanjangan ED sampai dengan ……….
4.        Untuk kedepannya, PPIC mohon dapat informasikan material yang akan diperpanjang EDnya ke CPro minimal H-2 bulan ED material sehingga koordinasi dengan vendor terkait dengan rekomendasi perpanjangan ED dapat berjalan dengan lancar. Dari vendor IFF tidak mengenakan biaya re-evaluasi material asalkan permintaan re-evaluasi ini didapatkan minimal H-4 minggu sebelum ED, sehingga diharapkan kedepannya informasi ED material ini tidak dadakan dan diinfokan minimal H-2 bulan ED. 
5.        PPIC informasikan nomor batch produk yang akan menggunakan material MINT SC41670 (3AM011000) yang diperpanjang EDnya ini. Koordinasikan dengan departemen terkait, dan lampirkan informasinya pada laporan penyimpangan in.
6.        QA akan melakukan pengambilan sampel stabtest untuk monitoring stabilitas produk yang menggunakan material MINT SC41670 (3AM011000) dengan ED yang diperpanjang ini.
",,
2024,DEV/QMT/PLG/PC/0324/003,Open-Verifikasi tindakan remedial,"HARIYANTO DWI PUTRA SUNARTO, HARIYANTO DWI PUTRA SUNARTO, FANNY FANDANA",Planned,SWEETNESS ENHANCER F-6896,,"2R/2304/0053_01 (23.86 kg)
	2R/2305/0062_01 (50 kg)",PT.Essence Indonesia (Kwg),"SWEETNESS ENHANCER F-6896 3AS006000 merupakan material unik produk LKXLA (Komix Herbal Tube Lemon), yg mana adanya penurunan target LKXLA shg RM ini tidak habis terpakai dan sudah ED 6 Mar 2024 sejumlah 73.86 Kg atau Rp 43.2 juta. Oleh kr itu di usulkan agar bisa dipakai dengan melakukan terlebih dulu pemastian kualitas material yg sudah ED. Mengacu RPP 8 Mar estimasi akan habis sd target Nov 1 bn dari total target nov adalah 4 bn.","1.        Terkait dengan usulan perpanjangan ED material SWEETNESS ENHANCER F-6896 (3AS006000) dengan nomor QC 2R/2304/0053_01, dan 2R/2305/0062_01 yang ED di bulan Maret 2024, hal ini dilakukan untuk meminimalkan write off material (value = 43.200.000 IDR). Terhadap usulan perpanjangan ED ini, CPro sudah melakukan koordinasi dengan vendor dan dari vendor tidak memberikan rekomendasi perpanjangan ED material ini. Material dibutuhkan untuk pemenuhan target CWO, sehingga TS akan melakukan trial penggunaan material SWEETNESS ENHANCER F-6896) yang sudah ED ini pada produk LKXLA, kemudian lakukan evaluasi terhadap hasil pemeriksaan seluruh parameter produk. Lampirkan hasil analisa dalam laporan penyimpangan ini.
2.        QC lakukan analisa terhadap material SWEETNESS ENHANCER F-6896 (3AS006000) dengan nomor QC 2R/2304/0053_01, dan 2R/2305/0062_01 sesuai dengan spesifikasi eksisting untuk memastikan material masih memenuhi spesifikasi. Lampirkan hasil analisa dalam laporan penyimpangan ini.
3.        Apabila hasil analisa material di QC dan hasil trial penggunaan material di dalam produk yang dilakukan oleh TS OK, maka material ACC untuk dilakukan perpanjangan ED untuk meminimalkan write off material. QC lakukan perpanjangan ED sampai dengan ……….
4.        Untuk kedepannya, PPIC mohon dapat informasikan material yang akan diperpanjang EDnya ke CPro minimal H-2 bulan ED material sehingga koordinasi dengan vendor terkait dengan rekomendasi perpanjangan ED dapat berjalan dengan lancar. Dari vendor IFF tidak mengenakan biaya re-evaluasi material asalkan permintaan re-evaluasi ini didapatkan minimal H-4 minggu sebelum ED, sehingga diharapkan kedepannya informasi ED material ini tidak dadakan dan diinfokan minimal H-2 bulan ED. 
5.        PPIC informasikan nomor batch produk yang akan menggunakan material SWEETNESS ENHANCER F-6896 (3AS006000) dengan nomor QC 2R/2304/0053_01 dan 2R/2305/0062_01 yang diperpanjang EDnya ini. Koordinasikan dengan departemen terkait, dan lampirkan informasinya pada laporan penyimpangan ini.
6.        QA akan melakukan pengambilan sampel stabtest untuk monitoring stabilitas produk yang menggunakan material SWEETNESS ENHANCER F-6896 (3AS006000) dengan ED yang diperpanjang ini.
",,
2024,DEV/QMT/PLG/PC/0324/004,Open-Verifikasi tindakan remedial,,Planned,ACESULFAME-K,2AA001000,2R/2211/0049,Anhui Jinhe Industrial,Pemastian kualitas material ACESULFAME-K 2AA001000 yang melewati ED,"1.        Terkait dengan usulan perpanjangan ED material ACESULFAME-K (3AS006000) dengan nomor QC 2R/2211/0049  yang ED di bulan Maret 2024, hal ini dilakukan untuk meminimalkan write off material (value = 4.5 juta IDR). Terhadap usulan perpanjangan ED ini, CPro sudah melakukan koordinasi dengan vendor dan dari vendor memberikan support data bahwa stabilitas material masih MS sampai dengan pengujian di 60 bulan (5 tahun). Material dibutuhkan untuk pemenuhan target CWO, sehingga TS akan melakukan trial penggunaan material ACESULFAME-K (3AS006000)  yang sudah ED ini, kemudian lakukan evaluasi terhadap hasil pemeriksaan seluruh parameter produk. Lampirkan hasil analisa dalam laporan penyimpangan ini.
2.        QC lakukan analisa terhadap material ACESULFAME-K (3AS006000) dengan nomor QC 2R/2211/0049 sesuai dengan spesifikasi eksisting untuk memastikan material masih memenuhi spesifikasi. Lampirkan hasil analisa dalam laporan penyimpangan ini.
3.        Apabila hasil analisa material di QC dan hasil trial penggunaan material di dalam produk yang dilakukan oleh TS OK, maka material ACC untuk dilakukan perpanjangan ED untuk meminimalkan write off material. QC lakukan perpanjangan ED pada Oracle sesuai kebutuhan CWO PPIC.
4.        Untuk kedepannya, PPIC mohon dapat informasikan material yang akan diperpanjang EDnya ke CPro minimal H-2 bulan ED material sehingga koordinasi dengan vendor terkait dengan rekomendasi perpanjangan ED dapat berjalan dengan lancar. 
5.        PPIC informasikan nomor batch produk yang akan menggunakan material ACESULFAME-K (3AS006000) dengan nomor QC 2R/2211/0049 yang diperpanjang EDnya ini. Koordinasikan dengan departemen terkait, dan lampirkan informasinya pada laporan penyimpangan ini.
6.        QA akan melakukan pengambilan sampel stabtest untuk monitoring stabilitas produk yang menggunakan material ACESULFAME-K (3AS006000) dengan nomor QC 2R/2211/0049 dengan ED yang diperpanjang ini.
",,
2024,DEV/QMT/PLG/PC/0324/005,Open-waiting disposisi,,Planned,BANANA FLAVOR TIDF-170096,3AB006000,2R/2308/0005,Takasago International(S) Pte.,BANANA FLAVOR TIDF-170096 3AB006000 merupakan material unik produk LEJSA (EJ SPORT ISI 5) & LEJSC (EJ SPORT ISI 2) yg mana adanya penurunan target EJ SPORT shg RM ini tidak habis terpakai di mana nya ED 17 May 2024 sejumlah 40.86 Kg atau Rp 13.3 juta. Oleh kr itu di usulkan agar bisa dipakai dengan melakukan terlebih dulu pemastian kualitas material yg dekat ED. Mengacu RPP 8 Mar akan di alokasi pakai utk target Apr sd Target Juni 4 BN (total target Juni 9 bn).,(HOLD DEVOL),,
2024,DEV/QMT/PLG/PC/0324/006,Open-waiting disposisi,,Planned,BITTER MASKER 356577,3AB003000,2R/2307/0048 2R/2308/0084,"Symrise Asia Pacific Pte, Ltd.","BITTER MASKER 356577 3AB003000 merupakan material unik produk LKXLA (Komix Herbal Tube Lemon) & LBJAA (Bejo Herbal Anak isi 5) & LBJAB (Bejo Herbal isi 10), yg mana adanya penurunan target LKXLA & LBJAA & LBJAB  shg RM ini tidak habis terpakai dan sudah ED 23 feb 2024 sejumlah 6.975 Kg dan  ED 3 May 2024 sejumlah 24.65 Kg atau total setara Rp 18.7 juta. Oleh kr itu di usulkan agar bisa dipakai dengan melakukan terlebih dulu pemastian kualitas material yg sudah ED. Mengacu RPP 8 Mar estimasi akan habis sd target Juli 2024.
Pending PR Bitter Masker qty 25 kg eta 20 mar 2024",(HOLD DEVOL),,
2024,DEV/QMT/PLG/QC/0324/007,Open-Verifikasi tindakan remedial,"HARIYANTO DWI PUTRA SUNARTO, HARIYANTO DWI PUTRA SUNARTO, FANNY FANDANA, HARIYANTO DWI PUTRA SUNARTO, RALIFA HARTASYA",Planned,Thymus Vulgaris ex Herbal Creation,1AT004000,2R/2403/0085,Herbal Creation,"Hasil identifikasi Thymus Vulgaris ex Herbal Creation tidak teridentifikasi dengan jelas pada semua Vat yang di analisa.
OOS/BPG/QC/RM/0324/001","1.        Hasil identifikasi terhadap material Thymus Vulgaris (1AT004000) no QC 2R/2403/0085 ex Herbal Creation tidak teridentifikasi dengan jelas pada semua vat yang dianalisa (sudah titindaklanjuti dengan laporan OOS no OOS/BPG/QC/RM/0324/001). Analisa telah dilakukan menggunakan metode TLC, Spectrophotometry dan HPLC namun Thymus Vulgaris ex Herbal Creation tidak teridentifikasi. Selanjutnya dilakukan analisa dengan modifikasi oleh tim QC dan Andev, dan didapati hasil positif namun agak samar. Material ini dibutuhkan untuk produksi Komix Herbal di bulan Maret 2024, sehingga material ACC untuk dirilis mengacu pada kajian risiko yang sudah dibuat. Lampirkan laporan hasil analisa dan kajian risiko pada laporan penyimpangan ini. 
2.        Tim penimbangan akan melakukan sampling terhadap setiap vat material Thymi ini sebagai retained sampel untuk pemastian material yang digunakan. Koordinasikan dengan tim QC.
3.        Sebagai bentuk pemastian material masuk ke dalam produk saat proses compounding, proses compounding produk yang menggunakan material Thymi ini perlu didampingi oleh Supervisor Produksi. Lakukan pencatatan pada PPI sebagai bukti pendampingan oleh Supervisor.
4.        QC akan menerbitkan CAPA terkait dengan kondisi material Thymi yang tidak teridentifikasi dengan jelas ini, serta kondisinya yang lebih encer dibandingkan sampel diversifikasi. Mohon untuk dapat mengirimkan hasil analisa, OOS, CoA kedatangan dan nomor ASN ke CPro untuk dapat diteruskan complain materialnya ke vendor.
5.        Penggunaan material Thymi ini dibatasi untuk kebutuhan mendesak saat ini saja dan hanya untuk material yang sudah didatangkan saja. Untuk material Thymi lainnya dari Herbal Creation dengan manufacturing lot yang sama mohon untuk bisa dikoordinasikan dengan vendor agar tidak didatangkan. CPro sampaikan keluhan terkait material Thymi ini ke vendor mengacu pada CAPA yang dibuat oleh tim QC.
6.        PPIC mohon informasikan produk yang menggunakan material Thymi ex Herbal Creation dengan kondisi tidak teridentifikasi dengan jelas ini. Koordinasikan dengan departemen terkait.
7.        QA akan melakukan pengambilan sampel untuk monitoring stabilitas produk selama masa edar.
8.        QC melakukan analisa terhadap bulk menggunakan metode analisa yang sudah dimodifikasi agar mampu mengidentifikasi Thymi. Koordinasikan dengan tim Andev bila perlu.
9.        Terhadap FG yang menggunakan material Thymi ex Herbal Creation ini, pastikan Thymi dapat teridentifikasi pada laporan hasil analisa. Koordinasikan dengan tim QC apabila didapati adanya anomaly pada laporan hasil analisa. Apabila hasil analisa MS untuk seluruh parameter dan tidak ada issue kualitas lainnya, maka FG yang menggunakan material ini ACC untuk diluluskan.",,
2024,DEV/QMT/PLG/QC/0324/008,Closed,NA ,Planned,FOIL KOMIX RASA JERUK NIPIS/550x1000,1FK004070,2P/2403/0057,Panverta ,QC menginfokan bahwa ditemukan kedatangan dengan no receipt 38134 TMS warna (lebih muda),"1. Hasil pemeriksaan Foil Komix Jeruk Nipis (1FK004070) No QC 2P/2403/0057no receipt 38134; ex Panverta ditemukan TMS warnanya terhadap CR (warna lebih muda dibandingkan standar). Material dibutuhkan untuk CWO 26 Maret 2024, dan tidak ada stock untuk tukar guling. Selain itu,defect tidak berpengaruh terhadap identitas produk dan kualitas produk, sehingga material direkomendasikan dapat direlease jika hasil analisa terhadap parameter lain nya MS. Lampirkan hasil analisa lengkap 
2. PPIC mohon infokan alokasi nomor batch yang menggunakan Foil Komix Jeruk Nipis (1FK004070) No QC 2P/2403/0057 ex Panverta dengan warna yang TMS terhadap CR tersebut. Koordinasikan dengan tim produksi dan departemen terkait. Lampirkan bukti koordinasi 
3. QC akan menindak lanjuti dengan CAPA material untuk follow up investigasi lebih lanjut penyebab Foil Komix Jeruk Nipis (1FK004070) TMS. Lampirkan nomor CAPA. 
4. CPro koordinasikan dengan vendor terkait CAPA yang dibuat oleh tim QC. Lakukan follow up terkait hasil investigasi dan tindakan perbaikan yang dilakukan untuk mencegah case ini berulang.
",No,https://b7-drive.bintang7.com/?launchApp=SYNO.SDS.Drive.Application#file_id=822316307102874986
2024,DEV/QMT/PLG/PC/0324/009,Open-waiting disposisi,,Planned,GUAVA SD FLV. R0316295 MANE,3AG008000,2R/2303/0137 ( 71.64 KG),"Mane Indonesia, PT",Pemastian kualitas material dari material melewati ED,,,
2024,DEV/QMT/PLG/QC/0324/010,Closed,"HARIYANTO DWI PUTRA SUNARTO, HARIYANTO DWI PUTRA SUNARTO, HARIYANTO DWI PUTRA SUNARTO, RALIFA HARTASYA",Planned,Sacharine ,2AS013000,2R/2402/0063,Sucofindo,"Analisa Parameter Limit of Selenium, Toluene dan Sulfonamide pada Sucofindo terpending karena terdapat outstanding Invoice dan tidak di konfirmasikan ke QC (user sample). Oleh karena itu, perilisan akan dilakukan paralel.

Sod.Saccharine ex Heinan Kaifeng sudah pernah di analisa 2 kali (2 Lot Mfg berbeda) dengan hasil MS (Not Detected).","1.	Material Saccharine ex Heinan Kaifeng dengan nomor QC 2R/2402/0063 direncanakan untuk dirilis tanpa menunggu hasil analisa parameter Limit of Selenium, Toluene dan Sulfonamide dikarenakan hasil analisa terpending pada vendor Sucofindo karena adanya outstanding invoice. Material ini dibutuhkan untuk pemenuhan produksi target April 2024 dan tidak ada stok rilis lainnya, sehingga material ACC untuk dirilis (sebelumnya material Sod.Saccharine ex Heinan Kaifeng sudah pernah di analisa 2 kali (2 Lot Mfg berbeda) dengan hasil MS (Not Detected)). QC buatkan kajian risiko untuk memitigasi potensi risiko yang mungkin terjadi akibat perilisan parallel material ini. Lampirkan kajian risiko yang sudah disetujui.
2.	PPIC Create WO menggunakan material Sod. Saccharine no QC 2R/2402/0063 yang sudah dirilis QC, mohon untuk dapat menginformasikan nomor batch produksi yang menggunakan material ini. Koordinasikan juga dengan departemen terkait untuk memastikan material digunakan untuk proses compounding hanya setelah hasil analisa seluruh parameter MS.
3.	QC mohon informasikan kepada tim terkait termasuk produksi apabila hasil analisa eksternal parameter Limit of Selenium, Toluene dan Sulfonamide sudah didapatkan dan MS agar proses compounding dapat dilanjutkan.
4.	Tim Purchasing koordinasikan dengan vendor Sucofindo untuk memastikan tagihan yang pending paymentnya, serta koordinasikan dengan tim Finance untuk memastikan tidak ada issue pada pembayaran invoice lainnya.
5.	Tim QC lakukan reduce terhadap analisa parameter Limit of Selenium, Toluene dan Sulfonamide setelah jumlah batch produksi mencukupi.
6.	Penyimpangan ini akan menjadi dasar perilisan produk yang menggunakan material Sod. Saccharine yang dirilis parallel ini apabila hasil pemeriksaan FG MS dan tidak ada issue kualitas lainnya. 
",,
2024,DEV/QMT/PLG/QC/0324/011,Batal,,Planned,Sucralose ,-,-, Nantong,Analisa di lakukan sesuai MA lama dan sampel yang sama dikirimkan ke lab external,,,
2024,DEV/QMT/PLG/QC/0324/012,Open-Verifikasi tindakan remedial,"RALIFA HARTASYA, FANNY FANDANA",Unplanned,Ananas ,1AA005000,2R/2403/0012,Beijing Wijapple ,terdapat pertumbuhan OOT pada hasil mikro Ananas comosus kedatangan 2R/2403/0012,"1. Hasil pengujian RM Ananas comosus (1AA005000) dengan no QC 2R/2403/0012 didapatkan hasil pengujian TPC Out of Trend dengan hasil 3093, 1130 dan 1633 (syarat <10000 CFU/g). Berdasarkan hasil investigasi OOT/QC/BPG/MIKRO/0324/001 telah dilakukan sampling ulang sebanyak 3 titik dan masih didapatkan hasil pemeriksaan yang OOT. Secara syarat spesifikasi mikrobiologi material masih Memenuhi Syarat (MS) sehingga material direkomendasikan dapat dirilis jika hasil analisa terhadap semua parameter lain nya MS. Lampirkan hasil analisa lengkap pada laporan penyimpangan ini. Informasikan CoA principle ke CPro untuk dapat dilakukan follow up ke vendor.
2.  PPIC koordinasikan terkait alokasi batch yang menggunakan RM Ananas comosus (1AA005000) dengan no QC 2R/2403/0012  dengan departemen terkait, dan lampirkan di devol ini. Jika terjadi perubahan, lampirkan di devol ini. PPIC infokan alokasi batch tersebut dengan tim QA 
3. Produk yang menggunakan material RM Ananas comosus (1AA005000) dengan no QC 2R/2403/0012   dapat dirilis jika hasil analisa terhadap semua parameter khususnya mikro memenuhi syarat (MS). Produk direkomendasikan untuk dialokasikan ke area fast moving. 
4. CPro tindaklanjuti keluhan material Ananas Comosus dengan kondisi mikro yang OOT ini ke vendor. Koordinasikan terkait dengan trend kenaikan TPC pada material yang meningkat selama masa simpannya, apakah tersedia data stabilitas material.
5. QA akan melakukan sampling FG untuk melakukan pemantauan stabilita pada batch yang terdampak (berdasarkan informasi PPIC, proyeksi batch yg menggunakan adalah LPRGF GC161-162, GD 163-166, GE167-171). 
",,
2024,DEV/QMT/PLG/AD/0424/001,Open-Verifikasi tindakan remedial,"RIZKA CHANDRA NINGRUM, HARIYANTO DWI PUTRA SUNARTO, FANNY FANDANA",Planned,HONEY LIQUID,2AH001000,-,PT NAS ,"1. Skenario awal untuk kedatangan Trial pasterurisasi ke -2 (BN 27) akan didatangkan sbb (MOM meeting point 4) : (belum diterima CoA dari Principle)
- 1000 kg ( 5 drum refil @200 kg)
 - 4000 kg ( 160 jerigen @25 kg)
2. PPIC akan buatkan PR sesuai ETA yang disepakati
3. Cpro akan buatkan PO sesuai skenario

4. Skenario penelitian berikutnya (MoM meeting point 5 & 6) mengacu pada MoM development terlampir, Cpro tidak akan buatkan Plan Deviasi baru ","1.        Terkait dengan rencana kedatangan material Honey Liquid (2AH001000) ex NAS yang tidak sesuai dengan packing size di Oracle untuk keperluan vendor development, akan ada kedatangan material trial pasteurisasi dengan quantity 1000 kg (5 drum refil @200 kg) dan 4000 kg (160 jerigen @25 kg). PPIC buatkan PR sesuai qty dengan ETA yang disepakati.
2.        CPro buatkan PO sesuai dengan scenario yang sudah disepakati untuk keperluan trial pasteurisasi ini. Koordinasikan dengan Andev terkait dengan perubahan packing size material Honey Liquid di Oracle.
3.        Andev lakukan perubahan packing size material Honey untuk kebutuhan penerimaan material di gudang sesuai PDO yang sudah dibuat.
4.        Material Honey pasteursisasi dengan kemasan drum ini sudah pernah didatangkan sebelumnya. Pastikan juga kebersihan kemasan pada saat proses penerimaan di gudang.
5.        QC lakukan analisa terhadap material ini dengan jumlah sampel sesuai dengan hasil trial sebelumnya. Lampirkan hasil analisa dalam laporan penyimpangan ini. Apabila hasil pemeriksaan seluruh parameter MS, material ACC untuk diluluskan.
6.        Perlu dilakukan pemastian terhadap kemasan drum ini agar tidak menghambat proses produksi. Koordinasikan dengan departemen terkait apabila ditemui hambatan saat menggunakan material dengan kemasan baru ini.
7.        Pastikan proses rekonsiliasi dan koreksi stok di WH terkait penggunaan kemasan drum ini sesuai sehingga jumlah stok di WH dengan aktual sesuai.
8.        PPIC informasikan nomor batch produk yang menggunakan material Honey yang dipasteurisasi dengan kemasan drum ini.
9.        Perlu dilakukan evaluasi terhadap penggunaan material pasteurisasi ini, apakah berpengaruh terhadap nilai HMF atau tidak. Lakukan evaluasi juga terhadap data mikrobiologi di material dan FG yang menggunakan material Honey pasteurisasi ini.
10.        QA melakukan pengambilan sampel stabtest produk yang menggunakan material Honey trial Pasteurisasi ini.
11.        Laporan penyimpangan ini akan menjadi dasar pelaksanaan trial material Honey Liquid yang menggunakan kemasan baru ini, sehingga untuk kedatangan selanjutnya akan mengacu kepada laporan penyimpangan ini. CPro koordinasikan dengan bagian terkait apabila ada perubahan terhadap rencana trial yang sudah disampaikan pada laporan penyimpangan ini.
",,
2024,DEV/QMT/PLG/QC/0424/002,Batal,,Unplanned,,,,,Foil Waisan ex IG miss reg warna kuning,,,
2024,DEV/QMT/PLG/QC/0424/003,Closed,NA ,Planned,"PACK KOMIX HERBAL JERUK NIPIS/115x48x64
",	2DK025000,2K/2404/0005,GK SMET,Pack Komix Herbal Jeruk Nipis ex GK SMET (minor defect 8.2%),"1.	Material Pack Komix Herbal Jeruk Nipis (2DK025000) dengan nomor QC 2K/2404/0005 ex GK ditemukan kondisi SMET sebanyak 8.2% (syarat minor defect < 7%). Posisi SMET tidak terlokalisir di 1 area dan sangat terlihat jelas secara kasat mata. Rekomendasi dari tim TS dan hasil koordinasi dengan marketing, material tidak ACC untuk digunakan. QC berikan disposisi reject pada material bermasalah ini di Oracle dan tindaklanjuti sesuai dengan prosedur reject material.
2.	QC buatkan CAPA terkait dengan temuan SMET pada material Pack Komix Herbal Jeruk Nipis (2DK025000) ini agar dapat di follow up lebih lanjut investigasinya.
3.	CPro koordinasikan dengan vendor terkait CAPA yang dibuat oleh tim QC. Koordinasikan dengan vendor untuk sortir Pack Komix Herbal Jeruk Nipis (2DK025000) sehingga kedatangan selanjutnya kejadian serupa tidak terulang kembali.",Yes,https://b7-drive.bintang7.com/?launchApp=SYNO.SDS.Drive.Application#file_id=817424449646147163
2024,DEV/QMT/PLG/QC/0424/004,Batal,,Unplanned, Karton Komix Herbal,	3MK007000,	2K/2403/0073,Oji Sinarmas ,Bobot Karton Komix Herbal ex Oji TMS bobot (overspec),,,
2024,DEV/QMT/PLG/QC/0424/005,Closed,NA ,Planned,KARTON KOMIX HERBAL/375x207x190,3MK007000,2K/2403/0073,PT Oji Sinar Mas ,Bobot (251.93) dan Grammature (515.489) Karton Komix Herbal ex Oji TMS bobot (overspec).,"1. Hasil pengujian oleh QC pada berat Karton Komix Herbal (3MK007000) ex Oji; No QC 2K/2403/0073; qty 5.000 kedatangan tgl 25 Mar 2024; Nomor lot 1201-C 220324 dengan bobot dengan rata-rata 251.93 gram (Syarat berat : 228.48 - 247.52) dan gramature 515.489 (Syarat gramature 457.9 - 506.1). Karton Komix Herbal dengan kondisi bobot dan gramature TMS ini berpotensi menyebabkan berat karton FG sedikit naik namun tidak memerlukan adjustment, sehingga Material berat Karton Komix Herbal (3MK007000) ex Oji; No QC 2K/2403/0073 tersebut dapat direkomendasikan untuk direalese selama parameter pengujian lainnya MS. Lampirkan hasil analisa lengkap material 3MK007000 dan laporan OOS nya 
2 PPIC perlu infokan alokasi material Karton Komix Herbal (3MK007000) ex Oji; No QC 2K/2403/0073. Hal ini diperlukan agar Produksi aware jika sampai ada berat karton yang over dari spesifikasi karena ada korelasi dengan materialnya dan Produksi perlu lakukan otorisasi terhadap karton tersebut. Jika terjadi perubahan alokasi material, koordinasikan dengan departemen terkait dan lampirkan di devol ini.
3 Parameter berat karton dengan no QC 2K/2403/0073 yang TMS memiliki potensi ke berat karton Finished Good (FG) Komix Herbal yang tidak masuk ke range spek. Perlu diperhatikan tahapan proses saat penimbangan karton FG dan dipastikan isi karton sesuai, jika ditemukan berat yang TMS, dapat dilakukan otorisasi oleh Spv Produksi sesuai prosedur. 
4 . Terkait hal tersebut QC akan membuat CAPA sebagai follow up perbaikan ke vendor. Lampirkan No. CAPA dan koordinasikan dengan Cpro agar dapat segera di follow up vendor
5.Cpro perlu koordinasikan dengan pihak Oji terkait penyebab bobot Karton Komix Herbal TMS, pastikan pada next kedatangan tidak ditemukan parameter yang TMS. Koordinasikan CAPA yang dicreate oleh QC dan kesanggupan spesifikasi oleh Manufacturer.
",Yes,https://b7-drive.bintang7.com/?launchApp=SYNO.SDS.Drive.Application#file_id=822314346766973827
2024,DEV/QMT/PLG/QC/0524/001,Closed,NA ,Planned,PACK ENTROSTOP HERBAL ANAK/102x33x62,2DE046070,2K/2405/0035,Gunung Kelud Wisesa,"Crash lock pack Entrostop Herbal Anak 2DE046070 ditemukan crash lock tidak bisa menutup dengan mulus saat karantina QC sehingga robek dan ditemukan warna putih, akan berpotensi pack robek ketika proses di produksi. No Lot Mfg : PR/A7/BT4576/GK/III/24 ex Gunung Kelud Wisesa","1. Hasil pemeriksaan pack Entrostop Herbal Anak (2DE046070) No QC 2K/2405/0035; No Lot Mfg : PR/A7/BT4576/GK/III/24 ex Gunung Kelud Wisesa ditemukan crash clock tidak bisa menutup dengan sempurna, sehingga mengakibatkan sedikit robek dan warna putih pada saat pack dibentuk. Kondisi pack dibutuhkan untuk pemenuhan target bulan Juni, dan kedatangan selanjutnya di bulan Juli 2024. Defect sudah disampaikan ke tim Kalbe dan defect ACC untuk diterima. Defect tidak berpengaruh terhadap identitas produk dan kualitas produk, sehingga material direkomendasikan dapat direlease jika hasil analisa terhadap parameter lain nya MS. Lampirkan hasil analisa lengkap.
2. PPIC mohon infokan alokasi nomor batch yang menggunakan pack Entrostop Herbal Anak (2DE046070) No QC 2K/2405/0035 ex Gunung Kelud dengan kondisi crashlock yang tidak mulus tersebut. Koordinasikan dengan tim produksi dan departemen terkait. Lampirkan bukti koordinasi.
3. Produksi akan menggunakan pack Entrostop Herbal Anak dengan kondisi crashlock yang tidak mulus (menyebabkan adanya bagian putih pada bawah pack) ini sesuai dengan laporan penyimpangan ini. Pastikan tidak ada pack yang kondisinya sobek pada saat jalan proses. Apabila pada saat proses ditemukan defect sampai pack dalam kondisi sobek parah, lakukan retur defect untuk dapat dikembalikan ke vendor, dan lakukan FKM pack jika kekurangan pack.
4. QC akan menindak lanjuti dengan CAPA material untuk follow up investigasi lebih lanjut penyebab pack Entrostop Herbal Anak (2DE046070) No QC 2K/2405/0035 TMS. Lampirkan nomor CAPA. 
5.	CPro koordinasikan dengan vendor terkait CAPA yang dibuat oleh tim QC. Lakukan diskusi dengan vendor terkait dengan usulan pembebanan biaya tambahan (manhours tambahan karena pack yang sulit dibentuk dan pack yang defect) ke vendor. Lakukan follow up terkait hasil investigasi dan tindakan perbaikan yang dilakukan untuk mencegah case ini berulang (parallel akan dilakukan improvement dari tim TS untuk perbaikan desain pack). Koordinasikan agar pack kedatangan selanjutnya tidak mengalami kondisi serupa.
6.	TS lakukan evaluasi terhadap desain dan lakukan improvement kondisi pack Entrostop Herbal Anak yang berpotensi crashlock yang terbentuk tidak sempurna. Diusulkan untuk dilakukan revisi terhadap desain crashlock sehingga lebih mudah dibentuk, dan bagian dasar dapat dibuat agak kendor dan tidak terlalu rapat. Perbaikan diharapkan dapat segera dilakukan agar kedatangan selanjutnya sudah dalam kondisi yang OK.
",No,
2024,DEV/QMT/PLG/WG/0524/002,Closed,NA ,Unplanned,PARACETAMOL CRYSTAL,1AP001000,2R/2405/0090,Lianyungang Kangle Pharm ,"Pada saat akan nimbang paracetamol di produk POSK1 GE065 dan POSN1 GE576  ditemukan Gayung pada material Paracetamol original bawaan suplier. Terlihat juga ada serpihan karat dari Gayung pada material
Paracetamol dengan no QC 2R/2405/0090 dikembalikan dan yamg sudah dituang ke wadah dikarantina untuk tidak digunakan.
Paracetamol untuk produk diganti dengan no QC lain untuk proses timbang
Pada POSK1 awal 3 no QC : 2R/2405/0090, 2R/2405/0055 dan 2R/2403/0054 direservasi menjadi 2 no QC : 2R/2405/0055 dan 2R/2403/0054 
Pada POSNA No QC : 2R/2405/0090 di reservasi menjadi 2R/2405/0090 dan 2R/2405/0055
Terlampir
No MFG RM : CW-2312150","1.        Pada saat proses timbang tanggal 29 Mei 2024, ditemukan adanya gayung pada material Paracetamol dengan nomor QC 2R/2405/0090 (mfg lot CW-2312150) vat ori pada saat proses penimbangan untuk produk POSK1 GE065 dan POSN1 GE576, dimana pada gayung terlihat seperti adanya serpihan karat. Selanjutnya, diinfokan juga bahwa ditemukan adanya pengotor berupa bintik hitam pada material paracetamol no QC 2R/2405/0095 dengan mfg lot yang sama. Terhadap material ini, lakukan pemisahan agar material tidak digunakan. Pastikan material tidak lanjut digunakan untuk proses. Untuk material dengan mfg lot yang sama, pastikan tidak ada pengotor lainnya pada saat proses penimbangan.
2.        WH lakukan FPP pada material paracetamol dengan nomor QC 2R/2405/0090 dan 2R/2405/0095 tersebut. Lampirkan dokumen FPP.
3.        QC buatkan CAPA terkait temuan ini untuk meminta rootcause dan tindak lanjut dari ketidaksesuaian ini. Lakukan PMTMS untuk material dengan temuan gayung dan pengotor ini. 
4.        CPro tindaklanjuti temuan gayung ini ke pihak supplier dan manufacturer. Akan dilakukan meeting Teams dengan pihak Kangle, GCM dan B7. Mohon koordinasikan meeting dengan departemen terkait. 
",No,
2024,DEV/QMT/PLG/AD/0624/001,Closed,,Planned,TUBE KOMIX HERBAL KIDS 10 ML 193x350,1WK001000,"2P/2207/0067
2P/2207/0068
2P/2207/0069",-,Pemastian kualitas Tube LKXKA 1WK001000 yang ED untuk dapat digunakan,"1.        Terkait dengan adanya tube foil LKXKA dengan kondisi ED (2P/2207/0067, 2P/2207/0068, 2P/2207/0069) dikarenakan adanya penurunan target LKXKA; sisa stock dengan value 290 juta, material ini direncanakan untuk pemenuhan produksi bulan Agustus. TS lakukan trial penggunaan material dengan kondisi ED ini. Apabila hasil trial menunjukkan hasil yang baik, foil tube direkomendasikan untuk dilakukan perpanjangan ED. Lampirkan hasil trial dalam laporan penyimpangan ini.
2.        WH lakukan FPP terhadap foil tube LKXKA dengan kondisi ED (2P/2207/0067, 2P/2207/0068, 2P/2207/0069) ini untuk dapat dilakukan analisa oleh QC.
3.        QC lakukan analisa terhadap material dengan kondisi ED ini. Apabila hasil pemeriksaan terhadap material MS, material dapat dirilis. Lakukan perpanjangan ED sampai end Sep 2024. Lampirkan hasil analisa dan bukti perpanjangan ED pada laporan penyimpangan ini.
4.        Buatkan kajian risiko terhadap rencana penggunaan foil tube dengan ED yang diperpanjang ini. Lampirkan kajian risiko yang sudah disetujui dalam laporan penyimpangan ini.
5.        PPIC informasikan nomor batch produk yang menggunakan foil tube dengan ED yang diperpanjang ini. 
6.        Produk LKXKA yang menggunakan foil tube dengan ED diperpanjang ini (no batch sesuai info PPIC) dapat dirilis jika hasil analisa terhadap semua parameter memenuhi syarat dan jika tidak terdapat issue kualitas lain nya 
7.        QA akan melakukan pengambilan sampel untuk monitoring stabilitas produk selama masa edarnya. 
",,
2024,DEV/QMT/PLG/QC/0724/001,Closed,NA ,Unplanned,SODIUM CYCLAMATE,2AS010000,2R/2403/0124,Wilhadil,"Pada tanggal 30 Mei, diinformasikan dari QC, hasil analisa parameter pH ditemukan TMS Under untuk Sodium Cyclamate ex Wilhadil (kedatangan 25 Mar, ASN terlampir) dengan No. Lot Manufacturing C 24 03 11 (2R/2403/0124) 
Sudah dilakukan SU sebanyak 2 kali dan ditemukan hasil TMS Under (hasil pH antara 5.06 - 5.29; spesifikasi = 5.5 - 7.5) untuk sampel tersebut.
Untuk kedatangan Lot tersebut hanya 1 kali, sedangkan Lot lain dari ex Wilhadil hasilnya MS. ","1. QC menginformasikan ke CPro bahwa terdapat hasil analisa material Sodium Cyclamate kedatangan 25 Maret (no QC 2R/2403/0124) dengan nomor batch manufacturing C 24 03 11 didapatkan hasil analisa terhadap parameter pH Tidak Memenuhi Syarat (TMS) under dengan hasil pH antara 5.06 – 5.29 (syarat 5.5 – 7.5). Sudah dilakukan SU dan didapati hasil masih TMS. QC Lampirkan laporan OOS yang sudah dibuat. Akan dilakukan trial untuk mengetahui apakah material dengan nilai pH yang TMS ini akan berdampak terhadap produk. QC lakukan samplingtambahan untuk pengujian sensori di produk oleh TS.  2. TS akan melakukan trial Lab Scale untukpengujian sensori di produk menggunakan Sodium Cyclamate dengan No QC 2R/2403/0124, dengan menggunakan produk pareto (Komix Rasa Nipis & Komix Rasa Jahe). Jika hasil sensori dibandingkan batch eksisting tidak berbeda signifikan dan hasil pemeriksaan pH produk MS, maka RM direkomendasikan dapat dirilis. Koordinasikan dengan departemen terkait.3. Jika hasil sensori di produk MS dan hasil pemeriksaan pada parameter lain juga MS, maka RM direkomendasikan dapat dirilis. Lampirkan hasil analisa lengkap 4. QC akan menindak lanjuti dengan CAPA  material untuk follow up investigasi lebih  lanjut penyebab Sodium Cyclamate TMS pH ini. Lampirkan nomor CAPA pada  laporan penyimpangan ini.  5. Cpro sudah melakukan FU ke supplier,  dan dari supplier melakukan perbaikan  dengan pengadaan pH metric. Dari  supplier juga sudah melakukan pemeriksaan ulang terhadap material  dan didapati hasil MS. Perlu dilakukan pemastian efektivitas terhadap CAPA ini  agar case serupa tidak terulang kembali di kemudian hari 6. 6 PPIC informasikan nomor batch produk yang menggunakan material yang menyimpang ini.  
",,
2024,DEV/QMT/PLG/AD/0724/002,Closed,NA ,Unplanned,"BOX KOMIX RASA JERUK NIPIS/140x46x105
PACK KOMIX HERBAL ORI SCH/115x48x64","2DK054060
	2DK027000","	R-2K/2407/0006
2K/2407/0006",,"2 item yang berbeda Box Komix Jeruk Nipis dan Pack Komix Herbal, datang pada tanggal 3 Juli 2024, setelah di receipt terbentuk no QC yg sama yaitu : 2K/24/07/0006","1.	Terdapat adanya 2 item berbeda dengan nomor QC yang sama yaitu 2K/24/07/0006 untuk item Box Komix Jeruk Nipis dan Pack Komix Herbal, dimana kedatangan 2 item tersebut pada tanggal 3 Juli 2024. Terhadap temuan ini, lakukan investigasi penyebab terbentuknya 2 item dengan nomor QC yang sama. Informasikan hasil investigasi dalam laporan penyimpangan ini.
2.	Terhadap kedua item dengan nomor QC yang sama tersebut, tim IMC lakukan cancel receiving pada salah satu item, selanjutnya lakukan receipt ulang untuk mendapatkan nomor QC yang baru. 
3.	IT informasikan perbaikan apa yang dilakukan untuk mencegah kejadian serupa terulang kembali (case berikut sudah terjadi 2 kali : no QC 2K/24/07/0006 pada 3 Juli 2024 dan no QC R-2P/2407/0051 pada 22 Juli 2024). Pastikan tindakan perbaikan yang dilakukan sudah efektif sehingga kejadian serupa tidak terulang kembali.
",,
2024,DEV/QMT/PLG/IM/0724/003,Closed,NA ,Unplanned,STARCH MODIFIED,2AS017000,2R/2405/0060,,"QA melakukan inspeksi harian di area gudang IMC, diarea Ruang AC3. Inspektor menemukan posisi penyimpanan material starch modified dengan no QC 2R/2405/0060, sebagian wadahnya ada yang menempel dinding ruangan.","1.	Pada saat inspector QA melakukan inspeksi ke area gudang IMC, ditemukan adanya material starch modified dengan no QC 2R/2405/0060 dengan kondisi kemasan menempel ke dinding ruangan AC3. Terhadap ketidaksesuaian ini, lakukan perbaikan terhadap kondisi penyimpanan material agar tidak menempel pada dinding. 
2.	Lakukan sosialisasi kepada personil gudang terkait dengan handling dan penyimpanan material agar kejadian serupa tidak terulang kembali di kemudian hari. Lampirkan materi sosialisasi dan daftar hadirnya.
",,
2024,DEV/QMT/PLG/TS/0724/005,Closed,NA ,Unplanned,FOIL B7 PUYER NO.16/800x750,1FP001120,2P/2407/0051,,belum ada pemberitahuan sebelumnya terkait penggunaan starch dan kajian resikonya,"1.	Pada saat trial menggunakan foil POSNA ex Panverta, ditemukan adanya serbuk putih pada bagian dalam foil (ditemukan pada semua kedatangan foil POSNA ex Panverta). Sudah dilakukan konfirmasi ke pihak Panverta, dan dari vendor menyatakan bahwa serbuk putih tersebut merupakan spray powder (bahan dari starch food grade), yang merupakan bagian dari proses di vendor agar roll menjadi tidak lengket. Vendor juga sudah mengirimkan MSDS starch yang digunakan pada proses tersebut. Sebagai bentuk pemastian, QC lakukan analisa terhadap temuan serbuk putih tersebut untuk memastikan kesesuaian informasi dari vendor apakah memang serbuk tersebut adalah starch. Lampirkan hasil analisa dalam laporan penyimpangan ini.
2.	Dilakukan juga pengambilan sampel swab pada serbuk putih yang ada di foil tersebut untuk memastikan apakah serbuk putih tersebut masih memenuhi syarat mikrobiologi yang dipersyaratkan. Lampirkan hasil analisa dalam laporan penyimpangan ini.
3.	QC perlu buatkan CAPA terhadap temuan serbuk putih pada foil POSNA ex Panverta ini, agar kejadian serupa dapat dihindari di kemudian hari. 
4.	CPro lakukan follow up ke vendor terkait CAPA yang sudah dibuatkan oleh tim QC. Harapannya apabila memungkinkan, penggunaan starch pada proses ini dapat dihilangkan agar tidak menjadi kontaminasi pada foil dan produk.
5.	Berdasarkan hasil pemeriksaan uji amilum pada serbuk putih oleh tim QC, didapati bahwa serbuk putih tersebut positif starch. Sehingga, terhadap foil POSNA ex Panverta ini dapat parallel digunakan sambal menunggu hasil analisa mikrobiologi terhadap serbuk putih pada foil. 
6.	Terhadap produk POSNA yang jalan menggunakan foil POSNA ex Panverta ini, akan dilakukan pengambilan sampel untuk monitoring stabilitas produknya. QA lakukan sampling pada salah satu batch produk yang jalan menggunakan foil ini. 
7.	PPIC informasikan nomor batch produk yang diproduksi menggunakan foil POSNA ex Panverta dengan bercak ini.
8.	Produk POSNA yang menggunakan foil ex Panverta dengan kondisi terdapat bercak ini (no batch sesuai info PPIC) dapat dirilis jika hasil analisa terhadap semua parameter memenuhi syarat dan jika tidak terdapat issue kualitas lain nya ",,
2024,DEV/QMT/PLG/QC/0724/006,Closed,NA ,Planned,KARTON ENTROSTOP HERBAL ANAK/318x208x260,3ME021040,2K/2407/0013,,"Karton EHA ex Oji TMS BCT di CoA. Hasil investigasi ke Oji, TMS di CoA ini karena kesalahan input (Oji melampirkan history pemeriksaan, semuanya di atas 230). Dari hasil tersebut QC melakukan verifikasi test BCT dan 10 pcsnya TMS. Setelah dikomunikasikan ke Oji, Tim Oji meminta 1 ikat dari gudang B7 PG untuk ditest kembali BCT di Oji dan semua MS. 
Untuk verifikasi lanjutan, dari 1 ikat yang sama, 2 sample dicek oleh QC PG (TMS), 4 sample dicek oleh Oji (MS), 4 sample oleh QC CKR (2MS, 2TMS). PPIC menginfokan karton ini dibutuhkan untuk CWO di tgl 1 Aug 2024","
Terkait ditemukannya nilai BCT yang TMS pada CoA yang dikirimkan untuk KARTON ENTROSTOP HERBAL ANAK/318x208x260 (3ME021040) dengan nomor QC 2K/2407/0013 ex Oji Sinar Mas Packaging, setelah dikonfirmasi kepada tim OSM diinformasikan bahwa terdapat kesalahan input hasil BCT. Selanjutnya OSM mengirimkan CoA yang sudah direvisi beserta bukti pemeriksaan dari mesin. QC PG dan CKR juga sudah melakukan pengecekkan BCT terhadap karton dan didapati hasil pemeriksaan masih didapati adanya sampel TMS. Selanjutnya OSM juga melakukan pengecekkan kembali, namun didapati hasil karton MS (alat pengecekkan BCT pada vendor dipastikan sudah terkalibrasi). Karton ini dibutuhkan untuk pemenuhan target Agustus 2024, sehingga karton 3ME021040 dengan nomor QC 2K/2407/0013 direkomendasikan dapat dirilis direalese selama parameter pengujian lainnya (dengan pertimbangan berdasarkan evaluasi susunan pack dalam karton, gap space ketinggian pack dalam karton masih aman).
1.	PPIC mohon infokan alokasi nomor batch yang KARTON ENTROSTOP HERBAL ANAK/318x208x260 (3ME021040) dengan nomor QC 2K/2407/0013 dengan nilai BCT yang TMS tersebut. Koordinasikan dengan tim produksi dan departemen terkait. Lampirkan bukti koordinasi.
2.	Nilai BCT yang TMS menunjukkan kekuatan karton yang tidak sesuai dan dapat menyebabkan karton meleot pada saat staging. Apabila didapati karton yang meleot pada saat penyimpanan, lakukan pergantian karton dengan karton lainnya. Koordinasikan dengan departemen terkait apabila didapati adanya karton yang meleot
3. QC akan menindak lanjuti dengan CAPA material untuk follow up investigasi lebih lanjut penyebab KARTON ENTROSTOP HERBAL ANAK/318x208x260 (3ME021040) ini TMS, serta kesalahan penulisan terhadap CoA yang dikirimkan. Perlu dilakukan evaluasi penyebabnya oleh vendor beserta perbaikannya. Lampirkan nomor CAPAnya, dan lakukan monitoring terhadap CAPA.
4. CPro koordinasikan dengan vendor terkait CAPA yang dibuat oleh tim QC. Lakukan follow up terkait hasil investigasi dan tindakan perbaikan
",,
2024,DEV/QMT/PLG/PC/0824/001,,,Planned,BANANA FLAVOR TIDF-170096,3AB006000,2R/2401/0045,,"Banana 3AB006000 di pakai pada Produk EJ Sport Gel, dimana target menurun sehingga material tidak habis dan sudah ED 20 Agt 2024 sejumlah 15.13 kg atau 3.4 bn atau  Rp 4.9 juta (pemakaian per bets : 4.4 kg), yang mana rencana akan di pakai untuk LEJSA target Sep 3 bn dan Okt 1 bn. Adapun 3AB006000 banana memiliki shelf life yang pendek yaitu 1 tahun.

RPP 28 Juni 
target LEJSA Sep 3 bn dan Okt 3 bn; 
LEJSC target jul sd Nov nol; Des 3 bn","1. Adanya rencana kedatangan material Honey Liquid dengan menggunakan kemasan wadah tong 100 kg sebanyak 1 UOM untuk trial oleh TS sebagai tindak lanjut project vendor development NAS. Terkait dengan rencana kedatangan ini, CPro buatkan PDO ke R&D untuk perubahan packing size material madu menjadi 100kg untuk kebutuhan penerimaan material di WH B7.
2. Tim WH B7 lakukan penerimaan material madu dengan kemasan 100kg ini. Lakukan evaluasi secara teknis penerimaan material ini, apakah ada kendala atau berpotensi menimbulkan risiko secara HSE dan menghambat aktivitas di lapangan. Informasikan pada laporan penyimpangan ini apabila ada kendala. 
3. Pastikan handling material madu dengan kemasan tong 100kg ini dilakukan dengan baik, dan pastikan pada saat masuk ke area produksi dilakukan pembersihan sesuai kelas kebersihannya. Informasikan apabila ditemukan adanya kendala pada saat proses serahterima material baik dari penimbangan maupun produksi. Pastikan tidak ada kesulitan handling pada saat proses compounding di produksi.
4. TS lakukan trial dengan menggunakan material madu kemasan 100kg ini. Apabila hasil trial baik, maka dapat diusulkan untuk dapat dilakukan pemesanan tong dan plastic untuk kedatangan selanjutnya. Informasikan hasil trial ke departemen terkait dan lampirkan hasilnya pada laporan penyimpangan ini.
5. PPIC informasikan nomor batch produk yang menggunakan material madu dengan kemasan tong 100 kg ini. ",,
2024,DEV/QMT/PLG/QC/0824/002,Closed,NA ,Unplanned,Box Komix Rasa Jahe ,2DK018000,2K/2408/0015,Gunung Kelud ,Box Komix Rasa Jahe ex GK ditemukan over dari range Maximal,"1. Hasil pemeriksaan Pack Komix Rasa Jahe (2DK018000) No QC 2K/2408/0015; DBG240301 qty 200.200 ex GK ditemukan TMS over warnanya terhadap CR. Defect tidak berpengaruh terhadap identitas produk dan kualitas produk, sehingga material direkomendasikan dapat direlease jika hasil analisa terhadap parameter lain nya MS. Lampirkan hasil analisa lengkap 
2. PPIC mohon infokan alokasi nomor batch yang menggunakan Pack Komix Rasa Jahe (2DK018000) No QC 2K/2408/0015 ex GK dengan warna yang TMS terhadap CR tersebut. Koordinasikan dengan tim produksi dan departemen terkait. Lampirkan bukti koordinasi 
3. QC akan menindak lanjuti dengan CAPA material untuk follow up investigasi lebih lanjut penyebab Pack Komix Rasa Jahe (2DK018000) No QC 2K/2408/0015 TMS. Lampirkan nomor CAPA. 
4. CPro koordinasikan dengan vendor terkait CAPA yang dibuat oleh tim QC. Lakukan follow up terkait hasil investigasi. 
5. CPro konfirmasi juga terkait dengan hasil pemeriksaan pada CoA, berapa banyak jumlah sampel yang dilakukan pemeriksaan, karena berdasarkan nilai pada CoA, nilai min dan maxnya sama semua (apakah sampel yang dianalisa hanya 1 sampel).
",Yes,https://b7-drive.bintang7.com/?launchApp=SYNO.SDS.Drive.Application#file_id=853122521703167003
2024,DEV/QMT/PLG/PR/0824/003,Open-waiting disposisi,,Unplanned,FOIL PROMAG SUSPENSI EXP/550x1000,1FP006000,2P/2406/0048,,Foil  LPRGH GG015 terdapat  bercak putih sebanyak 1.75 roll,,,
2024,DEV/QMT/PLG/QC/0824/004,Open-Verifikasi tindakan remedial,"HARIYANTO DWI PUTRA SUNARTO, HARIYANTO DWI PUTRA SUNARTO,",Planned,Honey Liquid ,2AH001000,2R/2408/0065,,Ditemukan hasil analisis TPC Honey Liquid no. QC 2R/2408/0065 pada tanggal 17 Agustus 2024 di luar dari trend yang diharapkan dengan angka tertinggi pada 60 CFU/g,"1.        Didapati hasil analisa material Honey Liquid dengan no QC  2R/2408/0065 OOT, dengan hasil tertinggi di 60 CFU/g (spek OOT 100 CFU/g, dan apabila didapati > 50 CFU/g dinyatakan OOT). Material dibutuhkan untuk CWO pemenuhan kebutuhan produksi, sehingga material ACC untuk digunakan karena masih memenuhi spesifikasi.
2.        QC lakukan penelusuran terhadap OOT ini, lampirkan laporan OOT hasil pemeriksaan mikrobiologi material madu dengan nomor QC 2R/2408/0065 dan 2R/2408/0132 pada laporan penyimpangan ini. 
3.        Material honey liquid ini tidak direkomendasikan untuk digunakan pada produk LPRGQ yang memiliki riwayat complain karena gembung. PPIC informasikan batch produk yang diproduksi menggunakan material madu dengan nomor QC ini 2R/2408/0065 dan 2R/2408/0132 ini.
4.        Terhadap material honey liquid ini, sedang dilakukan development untuk menurunkan hasil mikrobiologi yang masih didapati OOS/OOT dengan melakukan perubahan kemasan menadji drum 100kg. Lakukan pemastian agar proses development berjalan sesuai dengan timeline yang direncanakan agar tren mikro yang OOT dapat segera diminimalisir.
5.        Terhadap produk yang diproduksi menggunakan material honey liquid OOT ini (sesuai info dari PPIC), produk akan dirilis setelah hasil analisa mikrobiologinya lengkap (tidak parallel analisa Clostridianya) dan hasil pemeriksaan lainnya MS.
",,
2024,DEV/QMT/PLG/IM/0824/005,Closed,NA ,Unplanned,PROPYLENE GLYCOL,2AP007000,"2R/2406/0038
2R/2408/0134",,"Info dari WH untuk Propylene Glycol dengan no QC terlampir ditemukan bocor :
1.         2R/2406/0038 --> ditemukan bocor 1 vat saat sudah direceipt
2.     2R/2408/0134 --> ditemukan bocor 1 vat saat penerimaan awal, dan bocor 1 vat di jam 10 malam saat operator WH sedang inspeksi (sehingga qty total yang bocor ada 2)","1.	Material Propyleneglycol dengan nomor QC 2R/2406/0038 ditemukan 1 vat bocor setelah sudah direceipt, dan no QC 2R/2408/0134 ditemukan 1 vat bocor pada saat penerimaan awal dan 1 vat bocor pada saat sudah disimpan di area gudang. Kondisi kebocoran ini sudah diinfokan ke tim GCM dan dilakukan investigasi di GCM, dan dari hasil investigasi pada gudang dan mobil yang mengangkut material ke B7 tidak ditemukan adanya jejak kebocoran. CPro lampirkan laporan investigasi dan bukti koordinasi dengan pihak GCM ini.
2.	Berdasarkan investigasi internal B7, kebocoran berpotensi disebabkan proses handling material saat loading di gudang GCM, maupun unloading di gudang B7, dimana terdapat pemindahan material dari kendaraan ke atas palet oleh TKBM yang disediakan GCM secara manual yang berpotensi menyebabkan adanya gesekan bagian bawah wadah dengan lantai yang dapat menyebabkan kebocoran dan rembes di gudang B7. Terkait dengan hal ini, diusulkan agar material dikirimkan langsung dengan paletntya dari vendor agar tidak ada aktivitas manual dalam pemindahan material. CPro koordinasikan dengan vendor terkait dengan usulan ini.
3.	Material tidak diterima untuk direject oleh pihak GCM, sehingga terhadap material dengan kondisi kebocoran ini akan digunakan untuk produksi Colza yang sedang berjalan. QC lakukan perilisan segera terhadap produk apabila hasil pemeriksaan terhadap seluruh parameter memenuhi persyaratan.
4.	WH lakukan penutupan terhadap kondisi yang bocor ini untuk menghindari kontaminasi dan kebocoran lebih banyak.
5.	WH alokasikan penggunaan material Propyleneglycol dengan kondisi bocor ini untuk segera digunakan produksi di tahun ini agar material dapat segera diserap habis dan tidak disimpan.
6.	PPIC informasikan nomor batch produk yang jalan produksi menggunakan material Propyleneglycol dengan kondisi bocor ini. 
7.	 Produk yang diproduksi menggunakan material Propyleneglycol dengan kondisi bocor ini (sesuai informasi dari tim PPIC) dapat dirilis jika hasil analisa terhadap semua parameter memenuhi syarat (MS) dan jika tidak ada issue kualitas lain nya
",,
2024,DEV/QMT/PLG/IM/0824/006,Closed,,Planned,POLYOXYL 40 HYDROGENATED CASTOR OIL,2AP013000,2R/2403/0007_01,CRODA,"Ditemukan bintik hitam pada Polyoxyl 40 Hydrogenated ex CRODA pada no QC 2R/2403/0007.
Bintik hitam ini ditemukan random pada beberapa vat, jadi ada vat yang saat dibuka ada bintik hitamnya, ada vat yang dibuka tidak ditemukan bintik hitam.
Setelah diskusi antara B7 dan supplier, apabila saat akan digunakan, vatnya tidak ditemukan bintik hitam, bisa langsung digunakan, namun jika ditemukan bintik hitam maka perlu difoto/divideo untuk kemudian dicomplaint ke supplier.

Info dari manufacturer, setelah dicek, bintik hitam yang disampling dari beberapa vat :
The black particles after SEM analysis showed:
1.        Particle 1: Organic material -> likelihood is Croduret 40
2.        Particle 2: Inorganic material with presence of Fe
3.        Particle 3: Inorganic material with presence of Fe
4.        Particle 4: Organic material -> likelihood is Croduret 40
For particle 2 & 3, though we suspect is rust origin material but plant wide, the equipment, vessel, line and etc are made of stainless steel. Therefore, it is unlikely to presence.
We are figuring out the source of Fe. However, we will issue 8D (CAPA) report to you.","1.	Adanya bintik hitam pada material Polyoxyl 40 Hydrogenated ex CRODA pada no QC 2R/2403/0007 yang ditemukan pada beberapa vat. Selanjutnya dilakukan follow up ke vendor terkait dengan temuan ini, dilakukan analisa terhadap sampel bintik hitam dan didapati bahwa bintik hitam merupakan material Organik dan material anorganik. Material Polyoxyl 40 Hydrogenated ex CRODA dengan no QC 2R/2403/0007 ini boleh digunakan karena secara sifat fisik bintik hitam tenggelam di dasar wadah dan mudah dipisahkan, namun apabila pada saat proses serah terima atau penimbangan ditemukan adanya bintik hitam yang terlihat secara visual, lakukan pemisahan terhadap material tersebut. Lakukan dokumentasi berupa foto ataupun video pada saat ditemukan bintik hitam sebagai bukti ke supplier. Pastikan bintik hitam tidak tertimbang dan tidak terbawa ke proses selanjutnya.
2.	Terhadap material sisa yang mengandung bintik hitam ini, lakukan pemisahan dan timbang qty materialnya. Tim Gudang lakukan FPP terhadap material sisa yang mengandung bintik hitam ini.
3.	QC akan menindaklanjuti sisa material ini dengan PMTMS untuk dikembalikan ke supplier. Lampirkan bukti PMTMSnya.
4.	QC akan buatkan CAPA terkait adanya temuan material dengan bintik hitam ini agar kejadian serupa tidak terulang kembali.
5.	CPro lakukan follow up terhadap CAPA yang sudah dibuat oleh tim QC agar kejadian serupa dapat diminimalisir. Pastikan CAPA yang dilakukan efektif dan kejadian serupa tidak terulang kembali. 
6.	Untuk kedatangan selanjutnya, apabila ditemukan kejadian serupa dengan manufacturing lot yang berbeda, segera tindaklanjuti dengan penyimpangan baru agar dapat di follow up ke vendor. 
",Yes,
2024,DEV/QMT/PLG/QC/0924/001,Closed,NA ,Planned,BOX KOMIX GINGER EXP/140x46x105,2DK016000,2K/2408/0051,,QC menginfokan bahwa Box Komix Ginger exp ex GK didapat warna kuning lebih cerah dibandingkan batas minimum pada CR,"1. Hasil pemeriksaan Pack Komix Ginger Export (2DK016000) No QC 2K/2408/0051; ex Gunung Kelud ditemukan TMS warnanya terhadap CR (warna sampel lebih muda dibandingkan CR). Defect tidak berpengaruh secara langsung terhadap identitas produk dan kualitas produk, sehingga material direkomendasikan dapat direlease jika hasil analisa terhadap parameter lain nya MS. Lampirkan hasil analisa lengkap 
2. PPIC mohon infokan alokasi nomor batch yang menggunakan Pack Komix Ginger Export (2DK016000) No QC 2K/2408/0051 ex Gunung Kelud dengan warna yang TMS terhadap CR tersebut. Koordinasikan dengan tim produksi dan departemen terkait.  
3. QC akan menindak lanjuti dengan CAPA material untuk follow up investigasi lebih lanjut penyebab Pack Komix Ginger Export (2DK016000) TMS ini. Lampirkan nomor CAPA. 
4. CPro koordinasikan dengan vendor terkait CAPA yang dibuat oleh tim QC. Lakukan follow up terkait hasil investigasi dan tindakan perbaikan yang dilakukan untuk mencegah case ini berulang.
",,
2024,DEV/QMT/PLG/AD/0924/002,Batal,,,,,,,,,,
2024,DEV/QMT/PLG/IM/0924/003,Closed,NA ,Planned,Honey Liq,2AH001000,-,NAS,"Supplier NAS akan mendatangkan Honey Liq dengan wadah tong berdasarkan PO dari CPro, ketika barang sampai dan telah dirilis oleh QC dengan spec yang existing maka TS akan trial Honey tersebut di salah satu produk untuk evaluasi handling selama proses","""1. Adanya rencana kedatangan material Honey Liquid dengan menggunakan kemasan wadah tong 100 kg sebanyak 1 UOM untuk trial oleh TS sebagai tindak lanjut project vendor development NAS. Terkait dengan rencana kedatangan ini, CPro buatkan PDO ke R&D untuk perubahan packing size material madu menjadi 100kg untuk kebutuhan penerimaan material di WH B7.
2. Tim WH B7 lakukan penerimaan material madu dengan kemasan 100kg ini. Lakukan evaluasi secara teknis penerimaan material ini, apakah ada kendala atau berpotensi menimbulkan risiko secara HSE dan menghambat aktivitas di lapangan. Informasikan pada laporan penyimpangan ini apabila ada kendala. 
3. Pastikan handling material madu dengan kemasan tong 100kg ini dilakukan dengan baik, dan pastikan pada saat masuk ke area produksi dilakukan pembersihan sesuai kelas kebersihannya. Informasikan apabila ditemukan adanya kendala pada saat proses serahterima material baik dari penimbangan maupun produksi. Pastikan tidak ada kesulitan handling pada saat proses compounding di produksi.
4. TS lakukan trial dengan menggunakan material madu kemasan 100kg ini. Apabila hasil trial baik, maka dapat diusulkan untuk dapat dilakukan pemesanan tong dan plastic untuk kedatangan selanjutnya. Informasikan hasil trial ke departemen terkait dan lampirkan hasilnya pada laporan penyimpangan ini.
5. PPIC informasikan nomor batch produk yang menggunakan material madu dengan kemasan tong 100 kg ini. """,No,https://b7-drive.bintang7.com/?launchApp=SYNO.SDS.Drive.Application#file_id=853118891904253933
2024,DEV/QMT/PLG/QC/0924/004,Open-Verifikasi tindakan remedial,"HARIYANTO DWI PUTRA SUNARTO, HARIYANTO DWI PUTRA SUNARTO",Planned,Phenylephrine HCl,1AP001000,"2R/2408/0081
2R/2408/0082",-,"Analis melakukan preparasi untuk analisa secara normal, namun hasil SST diperoleh TMS.
Analis melakukan pencucian kolom dan pembuatan ulang STD serta sample, namun hasil SST tetap TMS.
Sudah dilakukan FU dan crosscheck ke Andev.","1.	Adanya hasil SST material Phenylephrine pada HPLC didapati TMS, dimana selanjutnya sudah dilakukan pencucian kolom serta pembuatan ulang standard dan sampel, didapati SST tetap TMS. Hasil analisa sampel dibandingkan dengan standard tidak terdapat peak impurities, Hal ini juga sudah dilakukan FU dan crosscheck di Andev sehingga untuk RM Phenylephrine dengan nomor QC 2R/2408/0081 dan 2R/2408/0082 dapat diluluskan. QC berikan disposisi rilis pada material ini.
2.	Terhadap kondisi hasil SST yang TMS ini sudah didapati sejak proses TMA, namun metode analisa tetap diterapkan karena tidak terdapat peak yang muncul pada sampel. Perlu dilakukan pencarian akar masalah penyebab terjadinya hasil SST Phenylephrine yang TMS ini. Lakukan pencarian alternative solusi untuk mengatasi kejadian ini dan menghindari kejadian serupa berulang di kemudian hari.
3.	Penyimpangan ini akan menjadi dasar perilisan material Phenylephrine dengan kondisi SST yang TMS sampai didapati adanya solusi atas kondisi ini. Pastikan tidak didapati adanya peak impurities pada sampel sebelum meluluskan material.
",,
2024,DEV/QMT/PLG/CP/0924/005,Closed,"HARIYANTO DWI PUTRA SUNARTO, HARIYANTO DWI PUTRA SUNARTO,",Unplanned,DEXTROMETHORPHAN HBR,1AD001000,-,-,"1. vendor menginformasikan bahwa dari total 24 vat kedatangan, 14 vat dalam kondisi penyok akibat faktor ekspedisi, handling dan delivery sampai ke WH GCM
2. vendor buatkan surat pernyataan bila pada material dengan kondisi vat penyok hasil evaluasi di QC TMS / ada kemasan tong yang sobek, maka material boleh di reject
3. vendor tidak punya material pengganti untuk pemenuhan kebutuhan sesuai PR PO dari B7","1. Adanya rencana kedatangan material DEXTROMETHORPHAN HBR dengan kondisi kemasan yang penyok sebanyak 14 vat dari total 24 vat, dimana kondisi ini diakobatkan factor ekspedisi, handling dan delivery ke WH GCM, dan sudah dibuatkan surat pernyataan dari vendor bahwa apabila didapati hasil analisa yang TMS atau kemasan yang bocor maka material boleh direject. Material ini diperlukan untuk pemenuhan produksi di B7 dan tidak adanya material pengganti terhadap material dengan kondisi ini. Warehouse lakukan penerimaan material dengan kondisi penyok ini, apabila pada saat penerimaan didapati adanya kebocoran, maka lakukan reject terhadap material. Apabila kondisi penyok, namun tidak ditemukan adanya kebocoran, material dapat diterima. 
2. QC lakukan sampling sesuai dengan ketentuan, dengan mengutamakan sampling dilakukan pada material dengan kemasan yang penyok. Apabila pada saat sampling ditemukan adanya kerusakan pada kemasan yang menyebabkan adanya kontak dengan udara luar, material langsung direject. Apabila hasil pemeriksaan terhadap material yang disampling dari kondisi kemasan yang penyok ini MS untuk seluruh parameter, material dapat diluluskans. Apabila hasil pemeriksaan TMS, berikan disposisi reject pada material dengan vat yang penyok.
3. Pada saat proses penimbangan, tim penimbang pastikan tidak adanya kerusakan pada kemasan primer yang menyebabkan adanya kontak dengan udara luar. Apabila pada saat penimbangan ditemukan material dengan kondisi bocor, berikan status FPP pada material untuk selanjutnya dapat diberikan status PMTMS oleh QC.
4. Terhadap material dengan kondisi kemasan penyok ini. QC terbitkan CAPA material untuk dapat selanjutnya diteruskan ke vendor.
5. CPro lakukan follow up ke vendor terkait dengan kondisi material Dextromethorphan yang penyok ini sesuai dengan CAPA yang ditervitkan oleh QC.
6. PPIC informasikan nomor batch produk yang diproduksi menggunakan material dengan kondisi kemasan penyok ini.
",,
2024,DEV/QMT/PLG/PC/0924/006,Open-Verifikasi tindakan remedial,"VINCENT CAHYA SAPUTRA, FANNY FANDANA,",Planned,TUBE KOMIX HERBAL LEMON 15 ML 193x350,1WK009000,"2P/2209/0081 
2P/2209/0082
2P/2209/0083",,TUBE KOMIX HERBAL LEMON 15 ML 193x350 1WK009000 di pakai untuk produk Komix Herbal Lemon (LKXLA) yaitu 445.5 KG per bets. Stok Tube LKXLA dengan ED 27 Sep 2024 yaitu 181.60 KG atau 0.41 bets atau Rp 14.8 juta rencana di pakai untuk target okt (total target okt adalah 3 bn),"1. Terkait dengan adanya tube foil LKXLA dengan kondisi ED pada tanggal 27 September 2024 (2P/2209/0081, 2P/2209/0082, 2P/2209/0083); sisa stock sebanyak 181.60kg setara 0.41 batch dengan value 14.8 juta, material ini direncanakan untuk pemenuhan produksi bulan Oktober untuk meminimalkan write off. WH akan lakukan FPP terhadap foil tube LKXLA dengan kondisi ED ini untuk dapat dilakukan analisa oleh QC. 
2. QC lakukan analisa terhadap material dengan kondisi ED ini. Sebelumnya sudah pernah dilakukan trial stress test 60DC selama 30 hari oleh tim TS terkait penggunaan material foil tube ED, didapati hasil sealing strength, pH produk dan delaminasi masih OK. Apabila hasil pemeriksaan terhadap material MS, material dapat dirilis. Lakukan perpanjangan ED sampai end Oktober 2024. Lampirkan hasil analisa dan bukti perpanjangan ED pada laporan penyimpangan ini. 
3. PPIC informasikan nomor batch produk yang menggunakan foil tube dengan ED yang diperpanjang ini. 
4. Produk LKXLA yang menggunakan foil tube dengan ED diperpanjang ini (no batch sesuai info PPIC) dapat dirilis jika hasil analisa terhadap semua parameter memenuhi syarat dan jika tidak terdapat issue kualitas lain nya 
5. QA akan melakukan pengambilan sampel untuk monitoring stabilitas produk selama masa edarnya.
6. Perlu dilakukan evaluasi terhadap penggunaan foil tube yang ED ini, dikarenakan sebelumnya pernah dilakukan stabtest oleh tim TS pada produk LKXLA batch GF042 menggunakan QC No 2P/2212/0028, sedangkan yang dilaporkan pada devol ini adalah kedatangan bulan September. Lakukan penelusuran penyebab terjadinya penggunaan material yang tidak FEFO ini. 
",,
2024,DEV/QMT/PLG/AD/0924/007,Open-Verifikasi tindakan remedial,"MESIAS UNGGUL KARISMANDA, FANNY FANDANA, RIA MELLIYANA PURBA",Planned,Phyllanthus niruri ,1AP015000,-,-,"Pada tgl 24 Sep 2024, terdapat email dari Cpro untuk mengkonfirmasi hasil analisa material phyllanthus niruri oleh vendor dimana parameter TPC TMS thd PK yang telah disetujui. Kemudian berdasarkan hasil review R&D, menyarankan material dapat didatangkan dengan beberapa pertimbangan yaitu :
- Jumlah 200 kg tsb akan habis / dikonsumsi sampai kapan  ? Info dari ppic akan habis di bln Des 24
- Untuk produksi perdana tsb, dikirim sejumlah yg dibutuhkan, agar tidak delayed dalam produksinya, sedangkan sisa RM tsb dilakukan dilakukan iradiasi bila habis dalam waktu yang cukup lama.( > 5 bulan )
","1. Terkait adanya material Phyllanthus niruri yang TMS hasil mikro TPC 350 CFU/gr (max 300 CFU/gr) pada CoA supplier, perlu dilakukan pemeriksaan mikro oleh QC terhadap material yang akan datang ke B7. Jika terdapat hasil analisa mikro TPC >350 CFU/gr, maka material di reject untuk dilakukan proses ulang (iradiasi). Lampirkan hasil analisa
2.         Andev lakukan kajian resiko terhadap material Phyllanthus niruri yang dilakukan iradiasi ulang dan kajian resiko dari proses produksi (proses panas). Apakah terdapat dampak proses iradiasi material dan dampak proses produksi terhadap kualitas produk.
3. 	Adanya perbedaan syarat keberterimaan parameter TPC dan parameter lainnya (bila ada) di material Phyllanthus niruri, tetapkan standard yang akan digunakan pada kedatangan material berikutnya.
4. Rnd lakukan pengambilan sampel mikro pada bulk final mixing (ATB), untuk memastikan parameter mikro pada final mixing MS sesuai dengan spek Mixagrip. Lampirkan hasil analisa
5. 	QA lakukan pengambilan sampel salah satu batch produk untuk monitoring stabilita selama masa edar produk
6. Terhadap produk yang menggunakan material tersebut, harus di distribusikan pada area fast moving. Lampirkan bukti distribusi
7. Terhadap produk yang menggunakan material tersebut, harus dilakukan pengecekan mikro sebelum dirilis. Pastikan hasil MS dan lampirkan laporan analisa
8. Jika terdapat sisa RM dan habis dalam waktu yang cukup lama ( > 5 bulan ), maka akan dilakukan iradiasi terhadap RM tsb. Koordinasikan dengan vendor terkait proses iradiasi yang akan dilakukan dan pastikan timeline monitoringnya
9. 	QC lakukan sampling dan analisa mikro material Phyllanthus niruri yang sudah dilakukan iradiasi. Lampirkan hasil analisa",,
2024,DEV/QMT/PLG/PC/0924/008,Closed,NA ,Planned,ORANGE F-6312,3AO008000,"2R/2402/0023
	2R/2403/0004",-,"3AO008000 ORANGE F-6312 digunakan untuk EJ Sport Orange LEJOA yang mana stok ED 27 Okt 2024 sejumlah 64.3 KG atau 8.04 bets atau Rp 23 juta
RPP 17 Sep , produk LEJOA dimana Sep dan Okt target nol, Nov 16 bets
Orange tersebut rencana akan di pakai untuk target Nov dan habis terpakai, sehingga meminimalkan write off ","1. Adanya material ORANGE F-6312 (3AO008000) dengan nomor QC 2R/2402/0023 & 2R/2402/0024 yang akan ED pada tanggal 27 Oktober 2024 sebanyak 64.3 kg atau setara 8.04 bets atau 23 juta, dimana material ini direncanakan untuk memenuhi kebutuhan produksi sampai dengan bulan Maret 2025. Akan dilakukan permintan extend shelf life ke vendor, sehingga perlu dikirimkan sampel ke vendor. QC siapkan sampel sebanyak 100 gram, beserta informasi nomor batch dari IFF, dan sampel dikirimkan ke  PT. Essence Indonesia, JL. Harapan V LOT KK-9A, Kawasan KIIC, Sirnabaya, Karawang 413161 sesuai informasi yang diinformasikan oleh tim CPro. Koordinasikan terkait pengiriman sampel ini dengan tim CPro juga.
2. CPro koordinasikan dengan vendor terkait sampel analisa yang dikirimkan oleh tim QC. Lampirkan surat rekomendasi dari vendor pada laporan penyimpangan ini.
2. TS akan melakukan sensori di produk (lab scale) membandingkan penggunaan RM yang sudah ED dan RM yang belum ED di produk. Jika hasil sensori memenuhi syarat (MS), maka RM direkomendasikan dapat dilakukan perpanjangan ED. Lampirkan hasil pemeriksan sensory.
3. QC juga lakukan analisa terhadap material dengan nomor QC 2R/2402/0023 & 2R/2402/0024 mengacu pada spesifikasi material. Apabila hasil analisa pemeriksaan QC, hasil sensory TS dan ada surat rekomendasi dari vendor, maka material direkomendasikan untuk dilakukan perpanjangan ED mengacu pada surat rekomendasi dari vendor.
4. PPIC koordinasikan terkait alokasi batch yang digunakan pada material ORANGE F-6312 (3AO008000) dengan nomor QC 2R/2402/0023 & 2R/2402/0024 untuk memonitoring penggunaan RM di FG masih MS. Koordinasikan dengan departemen terkait 
5. Produk yang terdampak (sampling) akan dilakukan stabilitas on going untuk memastikan sensori produk masih MS sampai dengan ED produk.
",No,http://b7-drive.bintang7.com/?launchApp=SYNO.SDS.Drive.Application#file_id=855623498939285158
2024,DEV/QMT/PLG/QC/1024/001,Open-Verifikasi tindakan remedial,"ELLIZABET,",Planned,Pack Komix Herbal ,2DK002020,2K/2410/0001,-,"QC menginfokan bahwa ditemukan pack Komix herbal lemon ex Penjalindo TMS bobot dengan hasil 9.2908 - 9.5739.
Pengiriman DBG240346 qty 56.100 pcs","1. Hasil pengujian oleh QC pada berat Pack Komix Herbal Lemon (2DK002020) ex Penjalindo dengan PO DBG240346 qty 56.100 dengan hasil pemeriksaan QC Beratnya TMS over yaitu didapatkan hasil pemeriksaan 9.2908 - 9.5739 gram (syarat 8.39 - 9.27gram) dengan no QC 2K/2410/0001. Berat Pack yang TMS over ini secara risiko masih bisa diterima terkait tidak berdampak langsung terhadap kualitas proteksi pengemasan. Material 2DK002020 dengan No. QC tersebut dapat direkomendasikan untuk direalese selama parameter pengujian lainnya MS. Lampirkan hasil analisa lengkap material 2DK002020 dan laporan OOS nya. 
2. TS lakukan evaluasi apakah bobot pack yang TMS ini mengakibatkan diperlukan adanya adjustment range bobot karton FG. Apabila diperlukan, TS informasikan range bobot karton yang disesuaikan pada tim Produksi. Pastikan tim terkait mengetahui range bobot karton ini. Lampirkan perhitungan pada laporan penyimpangan ini. 
3 PPIC informasikan alokasi material 2DK002020  dengan No QC 2K/2410/0001 ini, dan informasikan pada tim produksi agar Produksi aware apabila ditemukan berat karton yang TMS ini bisa jadi dikarenakan adanya bobot pack yang TMS, dan Produksi perlu lakukan otorisasi terhadap karton tersebut. Jika terjadi perubahan alokasi material, koordinasikan dengan departemen terkait dan lampirkan di devol ini. 
4. Parameter berat 2DK002020 yang TMS memiliki potensi ke berat karton Finished Good (FG) Komix Herbal Lemon menjadi menyimpang. Perlu diperhatikan tahapan proses saat penimbangan karton FG dan dipastikan isi karton sesuai, jika ditemukan berat yang TMS, dapat dilakukan otorisasi oleh Spv Produksi sesuai prosedur. 
5. Terkait hal adanya pack dengan kondisi bobot TMS ini, QC akan membuat CAPA sebagai follow up perbaikan ke vendor. Lampirkan No. CAPA pada penyimpangan ini.  
6. Cpro perlu koordinasikan dengan vendor Penjalindo terkait penyebab bobot Pack yang TMS ini, pastikan pada next kedatangan tidak ditemukan parameter yang TMS. Koordinasikan CAPA yang dicreate oleh QC. 
7. Produk Komix Herbal Lemon yg menggunakan pack dengan bobot TMS ini dapat dirilis jika hasil analisa terhadap semua parameter memenuhi syarat (MS) dan jika tidak ada issue kualitas lain nya.",,
2024,DEV/QMT/PLG/IM/1024/002,Open-Verifikasi tindakan remedial,"ELLIZABET, FEBRIANA VENA LAYARDA,",Unplanned,TUBE KOMIX HERBAL LEMON 15 ML 193x350,1WK009000,"2P/2212/0023
        2P/2212/0024
2P/2212/0025
        2P/2212/0026
2P/2212/0028
2P/2212/0030
2P/2212/0031
2P/2212/0032",-,"Pada saat akan dilakukan pelayanan kemasan ke Produksi, operator WH melakukan pengecekan dan melihat ED Kemasan Tube Komix Herbal Lemon 15 ml pada kemasan original tertulis 2 September 2024.
Dilakukan pencocokkan pada system oracle dan tertulis bahwa ED nya adalah 6 Desember 2024, sehingga PPIC dapat create WO.
Operator melaporkan ke pada Supervisor WH.
Supervisor WH melaporkan kepada Supervisor PPIC.","1. Tim WH menemukan adanya tube foil LKXLA dengan kondisi ED pada label tertulis tanggal 2 September 2024, dimana hal ini dikarenakan pada Oracle ED material adalah 6 Desember 2024 menyebabkan PPIC dapat CWO dengan material ini. Material dengan kondisi ED ini dibutuhkan untuk proses filling segera, sehingga material ini ACC untuk digunakan mengacu pada studi yang sudah pernah dilakukan oleh TS sebelumnya. WH lakukan serahterima foil tube ke Produksi untuk digunakan.
2. PPIC informasikan nomor batch produk yang menggunakan foil tube dengan kondisi ED ini.
3. Foil dengan kondisi ED ini akan habis pada Desember 2024, sehingga perlu dilakukan studi lanjutan dari tim TS untuk memastikan material kemas dengan kondisi ED lebih lama ini masih memenuhi persyaratan. Apabila hasil studi menunjukkan bahwa tube masih MS, maka tube dapat direkomendasikan untuk digunakan sampai Des 2024. Koordinasikan dengan departemen terkait.
4. Penyimpangan ini sudah berulang dan dikarenakan system Oracle yang secara otomatis memberikan ED pada material kemas 2 tahun sejak tanggal kedatangan. Perlu dilakukan pengecekkan pada system oleh tim CPro apakah memungkinkan untuk dilakukan pengisian ED pada saat kedatangan PM Export selanjutnya sesuai dengan CoA material.
4. Produk LKXLA yang diproduksi menggunakan foil tube dengan kondisi ED ini dapat dirilis apabila hasil analisa seluruh parameter MS dan tidak ada issue kualitas lainnya. 
5. QA akan melakukan pengambilan sampel untuk monitoring stabilitas produk selama masa edarnya untuk salah satu batch produk.
6. Sebagai bentuk preventive, selanjutnya PPIC akan berikan data PM yang slow moving ke IMC untuk dilakukan pengecekkan kesesuaian ED yang tercetak pada label supplier dengan pada system Oracle. Apabila terdapat perbedaan, informasikan ke tim CPro untuk selanjutnya dapat dikoordinasikan dengan vendor terkait rekomendasi perpanjangan ED dari supplier. 
",,
2024,DEV/QMT/PLG/QC/1024/003,Open-Verifikasi tindakan remedial,"ELLIZABET,",Planned,KARTON KOMIX HERBAL/375x207x190,3MK007000,3MK007000,-,"QC menginfokan bahwa ditemukan Karton Komix Herbal ex DCK TMS warna (lebih muda dari proof print), dengan PO DBG240372 qty 620 EA.
Proof print karton tidak ada range, hanya 1 yang sebagai acuan perilisan, sehingga tidak mengover jika adanya warna yang lebih muda / lebih tua","1. Hasil pemeriksaan Karton Komix Herbal (Karton Komix Herbal) No QC 2K/2410/0024; PO DBG240372; qty 620 EA ex DCK ditemukan TMS warnanya lebih muda dibandingkan dengan proof print. Defect tidak berpengaruh terhadap identitas produk dan kualitas produk, sehingga material direkomendasikan dapat direlease jika hasil analisa terhadap parameter lain nya MS. Lampirkan hasil analisa lengkap 
2. PPIC mohon infokan alokasi nomor batch yang menggunakan Karton Komix Herbal (Karton Komix Herbal) No QC 2K/2410/0024 dengan warna yang TMS tersebut. Koordinasikan dengan tim produksi dan departemen terkait. 
3. QC akan menindak lanjuti dengan CAPA material untuk follow up investigasi lebih lanjut penyebab Karton Komix Herbal (Karton Komix Herbal) No QC 2K/2410/0024 yang TMS ini. Lampirkan nomor CAPA. 
4. CPro koordinasikan dengan vendor terkait CAPA yang dibuat oleh tim QC. Lakukan follow up terkait hasil investigasi dan tindakan perbaikan yang dilakukan untuk mencegah case ini berulang.",,
2024,DEV/QMT/PLG/QC/1024/004,Open-Verifikasi tindakan remedial,"ELLIZABET,",Planned,Pack Komix Herbal Peppermint,2DK034000,2K/2410/0033,Penjalindo,"QC menginfokan bahwa ditemukan Pack Komix Herbal Peppermint ex Penjalindo TMS bobot (lebih dari batas Maximal) dengan hasil pemeriksaan 11.6797 - 11.9742, spek 11.30 +- 4% (10.85 - 11.75) yang mengacu pada PO DBG240437 qty 50.600 EA","1. Hasil pengujian oleh QC pada berat Pack Komix Herbal Peppermint (2DK034000) ex Penjalindo dengan PO DBG240437 qty 50.600 dengan hasil pemeriksaan QC Beratnya TMS over yaitu didapatkan hasil pemeriksaan 11.6797 - 11.9742gram (syarat 10.85 - 11.75 gram) dengan no QC 2K/2410/0033. Berat Pack yang TMS over ini secara risiko masih bisa diterima terkait tidak berdampak langsung terhadap kualitas proteksi pengemasan. Material 2DK034000 dengan No. QC tersebut dapat direkomendasikan untuk direalese selama parameter pengujian lainnya MS. Lampirkan hasil analisa lengkap material 2DK034000 dan laporan OOS nya.  
2. TS lakukan evaluasi apakah bobot pack yang TMS ini mengakibatkan diperlukan adanya adjustment range bobot karton FG. Apabila diperlukan, TS buatkan lampiran proses, serta sosialisasikan lampiran proses dengan range bobot karton yang disesuaikan pada tim Produksi. Pastikan tim produksi terkait mengetahui range bobot karton ini. Lampirkan perhitungan pada laporan penyimpangan ini. 
3 PPIC informasikan alokasi material 2DK034000  dengan No QC 2K/2410/0033 ini, dan informasikan pada tim produksi agar Produksi aware apabila ditemukan berat karton yang TMS ini bisa jadi dikarenakan adanya bobot pack yang TMS, dan Produksi perlu lakukan otorisasi terhadap karton tersebut. Jika terjadi perubahan alokasi material, koordinasikan dengan departemen terkait dan lampirkan di devol ini. 
4. Parameter berat 2DK034000 yang TMS memiliki potensi ke berat karton Finished Good (FG) Komix Herbal Peppermit menjadi menyimpang. Perlu diperhatikan tahapan proses saat penimbangan karton FG dan dipastikan isi karton sesuai, jika ditemukan berat yang TMS, dapat dilakukan otorisasi oleh Spv Produksi sesuai prosedur. 
5. Terkait hal adanya pack dengan kondisi bobot TMS ini, QC akan membuat CAPA sebagai follow up perbaikan ke vendor. Lampirkan No. CAPA pada penyimpangan ini.  
6. Cpro perlu koordinasikan dengan vendor Penjalindo terkait penyebab bobot Pack yang TMS ini, pastikan pada next kedatangan tidak ditemukan parameter yang TMS. Koordinasikan CAPA yang dicreate oleh QC. 
7. Produk Komix Herbal Peppermint yg menggunakan pack dengan bobot TMS ini dapat dirilis jika hasil analisa terhadap semua parameter memenuhi syarat (MS) dan jika tidak ada issue kualitas lain nya.
",,
2024,DEV/QMT/PLG/AD/1024/005,Closed,"HARIYANTO DWI PUTRA SUNARTO,",Unplanned,"ZINGIBER OFF.ROSCH RUBRUM LE (GIN1.5-3%)
	STARCH MODIFIED","1AZ004000
2AS017000","2R/2310/0035_04
2R/2310/0085_02",,"- Zingiber off Rosch:1,395KG material sisa ED di 21 Agustus 2024.
- Starch Modified:15,077KG material sisa, hasil perpanjangan ED sampai dengan 9 Sept 24.","1. Terkait dengan adanya material ZINGIBER OFF.ROSCH RUBRUM LE (GIN1.5-3%) (1AZ004000) no QC 2R/2310/0035_04 dan STARCH MODIFIED (2AS017000) no QC 2R/2310/0085_02 dalam kondisi yang ED, berdasarkan meeting lean maka kedua material ini diputuskan untuk dilakukan pemusnahan dengan beban musnah ke WH. WH lakukan FPP terhadap kedua material ini. 
2. Selanjutnya, QC berikan status disposal untuk kedua material ini, dengan beban pemusnahan ke WH. Buatkan FUM untuk selanjutnya menjadi trigger pemusnahan material ini.
3. Material ZINGIBER OFF.ROSCH RUBRUM LE (GIN1.5-3%) (1AZ004000) no QC 2R/2310/0035_04 ED 21 Agustus 2024 adalah merupakan material yang sudah dtimbang namun ditemukan bocor sehingga dilakukan analisa mikro ulang untuk pemastian mutu. Namun untuk disposisi yang diberikan melewati EDnya sehingga material tidak dapat digunakan kembali. Terkait dengan hal ini, perlu dilakukan investigasi penyebab adanya keterlambatan pemberian disposisi pada material Zingiber ini. Pastikan ditetapkan preventive action untuk menghindari kejadian serupa di kemudian hari. 
4 Material STARCH MODIFIED (2AS017000) no QC 2R/2310/0085_02 merupakan material perpanjangan ED sampai 9 Sep 24, namun pada review material ED awal bulan Juli , Agustus dan September material sudah habis terpakai, dan pada review material ED Oktober ditemukan ada stok lagi karena adanya koreksi stock. Terkait dengan hal ini, lakukan investigasi penyebab adanya material dengan kondisi ED ini yang baru diketahui setelah melewati masa EDnya. Pastikan ditetapkan preventive action untuk menghindari kejadian serupa di kemudian hari.  
5. Untuk selanjutnya, pastikan pemberian status terhadap material yang di-FPP dapat segera dieksekusi agar material dapat segera dialokasikan dan dimanfaatkan untuk keperluan produksi. 
6. Pastikan penelusuran terhadap status dan monitoring terkait material dengan status FPP ini dapat dilakukan dengan baik agar kejadian serupa dapat dihindari di kemudian hari.
",,
2024,DEV/QMT/PLG/QC/1024/006,Open-Verifikasi tindakan remedial,"HARIYANTO DWI PUTRA SUNARTO, HARIYANTO DWI PUTRA SUNARTO, HARIYANTO DWI PUTRA SUNARTO,",Unplanned,Honey Liquid,2AH000999,2R/2410/0002,,Parameter TPC Honey Liquid diperoleh Out of Trend (OOT) pada no. QC 2R/2410/0002 dengan angka tertinggi pada 60 CFU/g,"1.	QC lakukan penelusuran terhadap OOT ini, lampirkan laporan OOT hasil pemeriksaan mikrobiologi material madu dengan nomor QC 2R/2410/0002 pada laporan penyimpangan ini. 
2.	Material honey liquid ini tidak direkomendasikan untuk digunakan pada produk LPRGQ yang memiliki riwayat complain karena gembung. Berdasarkan informasi PPIC per tanggal 16 Oktober 2024, material sudah digunakan untuk CWO produk LBMAT GK203-210, LKXJA GK093 dan LKXOB GK410. Terdapat sisa sebanyak 611.05 kg dan material direkomendasikan untuk digunakanpada produk Bejo Herbal saja. PPIC informasikan batch produk yang diproduksi menggunakan sisa material madu dengan nomor QC ini 2R/2410/0002 ini.
3.	Terhadap material honey liquid ini, sedang dilakukan development untuk menurunkan hasil mikrobiologi yang masih didapati OOS/OOT dengan melakukan perubahan kemasan menjadi drum 100kg. Lakukan pemastian agar proses development berjalan sesuai dengan timeline yang direncanakan agar tren mikro yang OOT dapat segera diminimalisir. Apabila hasil trial didapati MS, maka untuk selanjutnya kemasan honey liquid akan didatangkan menggunakan drum 100kg.
4.	Terhadap material honey liquid yang statusnya tertahan dan menunggu disposisi dari QC, apabila sudah didapati hasil uji ulang dari PML, segera berikan status disposisi terhadap material tersebut agar dirigen dapat dikirimkan kembali ke vendor untuk pemenuhan kebutuhan B7.
5.	Terhadap produk yang diproduksi menggunakan material honey liquid OOT ini (sesuai info dari PPIC), produk akan dirilis setelah hasil analisa mikrobiologinya lengkap (tidak QOTR) dan hasil pemeriksaan lainnya MS. Produk yang menggunakan material honey liquid ini diusulkan untuk dapat didistribusikan terbatas ke area fast moving saja. 
",,
2024,DEV/QMT/PLG/QC/1024/007,Open-Verifikasi tindakan remedial,"FANNY FANDANA, HARIYANTO DWI PUTRA SUNARTO",Planned,Honey Liq,2AH001000,"2R/2407/0118
2R/2408/0009
2R/2408/0013","Nur Abadi Sejahtera, PT","Hasil analisa TPC Honey Liq OOS dan OOT. Sudah dilakukan analisa ulang dan verifikasi ke Andev namun hasil masih OOT dan OOS.
Namun pengecekan ke PML hasilnya MS. Oleh karena itu, dilakukan reject parsial untuk Vat yang OOS.","1. Terdapat hasil analisa madu yang OOS dan OOT parameter TPC untuk nomor QC 2R/2407/0118, 2R/2408/0009 dan 2R/2408/0013. Selanjutnya dilakukan analisa juga oleh Andev, namun hasil yang didapati masi OOT dan OOS. Dilakukan verifikasi pengujian ke PML dan didapati hasil MS. Terkait dengan hal ini, maka akan dilakukan reject parsial hanya untuk material yang didapati OOS. Terkait dengan hal ini, QC berikan status reject parsial terhadap material yang OOS. Informasikan nomor QC beserta quantity material yang direlease.
2. Material dengan kondisi OOT yang dirilis berpotensi menyebabkan pertumbuhan mikro pada produk yang menggunakan, maka untuk material ini perlu dipastikan hanya digunakan pada produk herbal yang tidak bermasalah saat proses dan stabtest, dan diusulkan hanya untuk produk LBXT1 yang tidak QOTR sehingga untuk analisa mikro pada produk tetap dilakukan secara lengkap. Informasikan nomor batch produk yang menggunakan material madu OOT ini.
3. Terhadap produk yang menggunakan material madu dengan kondisi OOT ini, perlu dipastikan agar perilisan produk tidak QOTR dan hanya dapat dirilis setelah hasil analisa seluruh parameter MS dan tidak ada issue kualitas lainnya (terutama parameter mikrobiologi).
4. Akan dilakukan sampling pada 1 batch produk yang diproduksi menggunakan material madu OOT ini untuk monitoring stabilitas produk selama masa edarnya. 
5. Segera follow up perbaikan ke vendor terkait dengan kondisi material yang OOS dan OOT ini. Apabila sudah direncanakan untuk dilakukan vendor development, informasikan timeline rencana perbaikan pada laporan penyimpangan ini. 
",,
2024,DEV/QMT/PLG/CP/1024/008,Closed,NA ,Planned,CARAMEL COLOUR (E150),2AC002000,2R/2410/0044,-,"1. ada kedatangan material PO HBG240409 CARAMEL COLOUR (E150) sebanyak 90.72 KG (4 vat) pada 1 Oct 24 dalam kondisi tidak diikat kabel ties. Pengiriman regular ada tambahan kabel ties sebagai pengaman tambahan
2. QC menginfokan ke Cpro dan diteruskan ke vendor  UNITED CHEMICALS INTER ANEKA, PT","1. Adanya kedatangan material CARAMEL COLOUR (E150) (2AC002000) dengan nomor QC 2R/2410/0044 nomor PO HBG240409 sebanyak 90.72 KG (4 vat) dengan kondisi tidak diikat menggunakan kabel ties, dimana pengiriman regular biasanya menggunakan kabel ties. Terkait dengan hal ini, sudah dikonfirmasi ke pihak vendor UNITED CHEMICALS INTER ANEKA, PT dan diinfokan bahwa perbedaan ini dikarenakan adanya 2 bentuk pengemasan yaitu tipe A (tanpa kabel ties) dan tipe T (dengan kabel ties). Material PO kali ini datang dengan kemasan tipe A dikarenakan adanya kebutuhan urgent untuk pemenuhan PO customer. Terkait dengan hal ini, QC lakukan analisa terhadap material sesuai dengan prosedur. Pastikan pada saat proses sampling dan analisa sesuai prosedur. Apabila hasil analisa memenuhi persyaratan, maka material ACC untuk dirilis.
2. Untuk selanjutnya, dapat dilakukan evaluasi terkait dengan penggunaan kemasan dengan material jenis kemasan tipe A ini. Apabila hasil pemeriksaan terhadap material MS, maka dapat diusulkan untuk material dengan kemasan tipe A maupun T dapat diterima secara regular di B7.
3. PPIC informasikan nomor batch produk yang menggunakan material Caramel colour dengan kondisi kemasan berbeda dengan kedatangan regulernya. 
",,
2024,DEV/QMT/PLG/PC/1024/009,Open-Verifikasi tindakan remedial,"HARIYANTO DWI PUTRA SUNARTO,",Planned, XANTHAN GUM (XANTURAL),2AX004000,2R/2311/0006_01,-,Pemastian kualitas material dari material melewati ED,"1. Terkait dengan usulan perpanjangan ED material XANTHAN GUM (XANTURAL) (2AX004000) dengan nomor QC 2R/2311/0006_01 yang ED di pada 17 Agustus 2024, hal ini dilakukan untuk meminimalkan write off material sebanyak 17.138 kg yang setara 2.5 bn (value = 13.8jt IDR). Terhadap usulan perpanjangan ED ini, CPro sudah melakukan koordinasi dengan vendor dan dari vendor memberikan rekomendasi perpanjangan material sampai 17 Februari 2025, sehingga material ACC untuk dilakukan perpanjangan ED sesuai rekomendasi vendor. WH lakukan FPP terhadap material ini agar material dapat dilakukan analisa ulang oleh tim QC.
2. QC lakukan analisa terhadap XANTHAN GUM (XANTURAL) (2AX004000) dengan nomor QC 2R/2311/0006_01  sesuai dengan spesifikasi eksisting untuk memastikan material masih memenuhi spesifikasi. Lampirkan hasil analisa dalam laporan penyimpangan ini. 
3. Apabila hasil analisa material di QC didapati MS, maka material ACC untuk dilakukan perpanjangan ED untuk meminimalkan write off material. QC lakukan perpanjangan ED pada Oracle sampai tanggal 17 Februari 2025. Lampirkan bukti perpanjang ED pada laporan penyimpangan ini. 
4. PPIC informasikan nomor batch produk yang akan menggunakan material XANTHAN GUM (XANTURAL) (2AX004000) dengan nomor QC 2R/2311/0006_01 yang diperpanjang EDnya ini. Koordinasikan dengan departemen terkait, dan lampirkan informasinya pada laporan penyimpangan ini. 
",,
2024,DEV/QMT/PLG/QC/1024/010,Open-Verifikasi tindakan remedial,"ELLIZABET,",Planned,TUBE KOMIX HERBAL ORIGINAL 15 ML 193x350,1WK008030,"2P/2410/0031
        2P/2410/0032
2P/2410/0033
        2P/2410/0034
        2P/2410/0035
        2P/2410/0036
2P/2410/0037
2P/2410/0038
2P/2410/0039
2P/2410/0040
2P/2410/0041
2P/2410/0042
	2P/2410/0043 - 2P/2410/0054
",-,Tube Komix Herbal Ori ex Hangzhou TMS pitch,"1.        Berdasarkan hasil analisa oleh QC, didapatkan hasil pengujian pitch TMS dengan hasil pemeriksaan 2588 (spesifikasi pitch : 2582-2586 mm) pada Tube Komix Herbal (1WK008030) Ex Hangzhou pada beberapa nomor QC sesuai yang diinformasikan (kondisi TMS ditemukan pada 1 dari 50 foil yang disampling). Foil tube ex Hangzhou ini tidak memungkinkan untuk direject dikarenakan merupakan material eksport dan membutuhkan lebih banyak biaya. Terkait dengan hal ini, CPro lakukan negosiasi ke vendor untuk penurunan harga material sebagai bentuk kompensasi tidak dilakukannya reject terhadap material.
2. Pitch yang TMS dapat berpengaruh ke settingan potongan tube menyebabkan performance mesin potongan TMS dan hasil yield berkurang serta waste meningkat. Perlu dilakukan trial bersama dengan tim TS untuk mengetahui apakah pitch yang TMS ini masih dapat dicover oleh mesin dan menghasilkan potongan yang stabil tanpa menabrak redaksi. 
3. Lakukan evaluasi terhadap hasil trial dan memberikan rekomendasi terhadap foil tube Komix Herbal Original dapat digunakan atau tidak sesuai justifikasi hasil trial. Pastikan bahwa tube yang terbentuk kondisinya MS, serta tidak ada redaksi yang terpotong. Lampirkan hasil trial pada laporan penyimpangan ini.
4. Jika hasil trial menunjukkan bahwa foil tube dengan pitch yang TMS ini masih dapat digunakan di mesin dan spesifikasi lainnya memenuhi syarat, material direkomendasikan untuk dirilis dan dapat digunakan untuk kebutuhan operasional produksi. Lampirkan hasil analisa lengkap untuk material ini. Lampirkan juga laporan investigasi OOS terhadap parameter pitch yang TMS. 
5.  PPIC mohon infokan alokasi nomor batch yang menggunakan Tube Komix Herbal (1WK008030) Ex Hangzhou dengan hasil pitch TMS tersebut. Koordinasikan dengan tim produksi dan departemen terkait. 
6. QC akan menindak lanjuti dengan CAPA material untuk follow up investigasi lebih lanjut penyebab Foil Promag Suspensi TMS. Lampirkan nomor CAPA. 
7.        CPro koordinasikan dengan vendor terkait CAPA yang dibuat oleh tim QC. Lakukan follow up terkait hasil investigasi dan tindakan perbaikan yang dilakukan untuk mencegah case ini berulang. 
",,
2024,DEV/QMT/PLG/QC/1024/011,Closed,NA ,Unplanned,HERBAL OIL,3AH001000,2R/2409/0161,-,Pembanding Sensory RM HERBAL OIL F-5303 sudah ED,"1. Terkait dengan material pembanding sensory RM HERBAL OIL F-5303 sudah ED pada 21 September 2024, maka untuk material kedatangan 26 September 2024 dengan nomor QC 2R/2409/0161 akan tetap menggunakan pembanding yang sudah ED tersebut dikarenakan permintaan sampel fresh ke IFF tidak bisa didapatkan dalam waktu dekat. QC lakukan analisa terhadap seluruh parameter untuk material RM HERBAL OIL F-5303 dengan nomor QC 2R/2409/0161 ini. 
2. TS lakukan trial penggunaan material RM HERBAL OIL F-5303 ini pada produk Bejo Anak yang menggunakan material ini, dan lakukan uji sensory. Lampirkan hasil uji sensory pada laporan penyimpangan ini.
3. Apabila hasil pemeriksaan seluruh parameter MS, dan uji sensory material ke produk yang dilakukan TS juga MS, maka produk dapat direkomendasikan untuk dirilis. 
4. CPro teruskan followup permintaan sampel pembanding fresh ke IFF, apabila sudah tersedia segera koordinasikan dengan tim QC terkait dengan pengadaannya. 
5. Lakukan verifikasi terhadap RM HERBAL OIL F-5303 dengan no QC 2R/2409/0161 ini ketika sampel pembanding dari manufacturer sudah diterima. Pastikan tidak ada perbedaan antara sampel pembanding dengan material yang dirilis.
6.  Untuk selanjutnya, perlu dilakukan monitoring pemantauan ED sampel pembanding dengan ketat dengan memperhitungkan lead time pengadaan juga, agar kejadian serupa tidak terulang kembali. 
",,
2024,DEV/QMT/PLG/QC/1024/012,Open-Verifikasi tindakan remedial,"ELLIZABET, ELLIZABET",Unplanned,FOIL ZAIKI/800x1000,1FP002000,2P/2410/0068,-,Foil Zaiki ex Indogravure TMS pitch underspec,"1. Berdasarkan hasil analisa oleh QC, didapatkan hasil pengujian pitch TMS dengan hasil pemeriksaan 557 mm (spesifikasi pitch : 558-562 mm) pada  Foil Zaiki ex Indogravure dengan nomor QC 2P/2410/0068 (kondisi TMS ditemukan semua foil yang disampling). Foil ini diperlukan untuk pemenuhan kebutuhan Produksi di Desember 2024, dan apabila direject kedatangan tercepat selanjutnya di 23 Des 24. Secara history data, sebelumnya sudah pernah ada foil TMS pitch sebesar 2mm dan pada saat proses dapat dijalankan, sehingga foil ACC untuk digunakan. QC berikan status release terhadap material ini.
2. Pitch yang TMS dapat berpengaruh ke settingan potongan sachet yang menyebabkan potongan TMS dan hasil yield berkurang serta waste meningkat. Produksi lakukan pengecekkan, apakah pitch yang TMS ini masih dapat dicover oleh mesin dan menghasilkan potongan yang stabil tanpa menabrak redaksi. Koordinasikan dengan tim TS apabila ditemukan kendala saat proses produksi. 
3. CPro koordinasikan dengan vendor terkait kemungkinan utk negosiasi penurunan harga material sebagai bentuk kompensasi tidak dilakukannya reject terhadap material dan pembebanan waste material.
4.  PPIC mohon infokan alokasi nomor batch yang menggunakan Foil Zaiki ex Indogravure dengan nomor QC 2P/2410/0068 dengan hasil pitch TMS tersebut. Koordinasikan dengan tim produksi dan departemen terkait. 
6. QC akan menindak lanjuti dengan CAPA material untuk follow up investigasi lebih lanjut penyebab Foil Zaiki ex Indogravure TMS. Lampirkan nomor CAPA. 
7. CPro koordinasikan dengan vendor terkait CAPA yang dibuat oleh tim QC. Lakukan follow up terkait hasil investigasi dan tindakan perbaikan yang dilakukan untuk mencegah case ini berulang. 
",,
2024,DEV/QMT/PLG/AD/1124/001,Open-Verifikasi tindakan remedial,"FANNY FANDANA,",Planned,FOIL ENTROSTOP HERBAL/718x1000,1FE015000,"2P/2211/0063 (IN02C01) QTY 4 ROL
	2P/2211/0063_02 (IN02C01) QTY 1 ROL",-,"Terinfo dari WH yaitu Foil LEHDA 1FE015000 FOIL ENTROSTOP HERBAL/718x1000 dengan no QC 2P/2211/0063_02 (IN02C01) QTY 1 ROL 
ED Fisik label : 16 Sep 2024
ED oracle : 17 Nov 2024
Ada kemungkinan 2P/2211/0063 (IN02C01) QTY 4 ROL juga spt di atas kr lot mfg nya sama
Foil 5 rol setara Rp 30,2 juta atau 2 bets (1 bets : 2.5 rol)
Apabila di rekomendasikan untuk bisa di pakai maka akan di pakai untuk target jan 3 bn
Mengacu RPP Rev Okt 2024 : LEHDA target Jan 3 bn, Mar 3 bn

Masih ada stok Foil released 2P/2303/0046 qty 8.25 rol atau 3.3 bets terbaca di oracle 15 Mar 2025, belum ada info dari WH ED fisiknya","1. Adanya material FOIL ENTROSTOP HERBAL (1FE015000) nomor QC 2P/2211/0063 dan 2P/2211/0063_02 sebanyak total 5 roll yang ED pada fisik labelnya tertulis 16 Sep 2024, sedangkan pada system Oracle 17 November 2024. Kemungkinan untuk material dengan nomor QC 2P/2211/0063 juga mengalami hal yang sama karena memiliki mfg lot yang sama. Berdasarkan RPP Okt 24, material ini diperkirakan akan digunakan untuk pemenuhan target bulan Januari (3 batch) dan Maret (3 batch). Terhadap material dengan kondisi ED ini, perlu dilakukan pemastian kualitasnya sebelum material dapat digunakan kembali. TS lakukan uji stress test untuk melihat performa foil dengan kondisi ED ini dibandingkan dengan foil no ED. Apabila hasil stress test menunjukkan hasil yang sebanding atau lebih baik, maka material dapat diusulkan untuk dilakukan perpanjangan ED. Informasikan hasil pengujian pada laporan penyimpangan ini. Informasikan rekomendasi perpanjangan ED.
2. WH lakukan FPP agar material status material berubah menjadi karantina, dan dapat diberikan disposisi oleh tim QC. 
3. Apabila hasil uji oleh tim TS menunjukkan material foil Entrostop Herbal dengan kondisi ED ini masih MS, selanjutnya QC lakukan analisa ulang material ini sesuai dengan prosedur dan spesifikasi. Analisa dilakukan secara bertahap dan menjelang material akan digunakan untuk menghindari resiko TMS. Jika hasil analisa MS, maka material ini dapat direkomendasikan dilakukan Perpanjangan ED sesuai dengan rekomendasi dari tim TS (sampai Maret 2025 apabila memungkinkan, untuk menghabiskan stok sesuai RPP Oktober 2024).
4. Apabila hasil uji oleh tim TS menunjukkan material foil Entrostop Herbal dengan kondisi ED ini sudah tidak direkomendasikan untuk digunakan, maka QC berikan status reject terhadap material. 
5. Ketidaksesuaian antara ED pada fisik label dengan pada sistem dikarenakan perhitungan ED pada system untuk material kemas yg secara default berdasasrkan pada tanggal kedatangan + 2 tahun. Terkait dengan hal ini, tim WH sudah membuatkan FUP terkait dengan usulan ini. Segera tindaklanjuti usulan ini agar kedepannya kejadian material dengan kondisi foil ED tidak terjadi lagi.
6. Informasikan nomor batch produk yang diproduksi dengan menggunakan material foil ED pada laporan penyimpangan ini apabila material diluluskan.
7. Akan dilakukan pengambilan sampel untuk monitoring stabilitas produk selama masa edar produk yang menggunakan foil dengan kondisi ED ini. 
8. Produk LEHDA yang diproduksi menggunakan material foil ED ini dapat dirilis jika hasil analisa terhadap semua parameter memenuhi syarat (MS) dan jika tidak ada issue kualitas lain nya  
",,
2024,DEV/QMT/PLG/QC/1124/002,Closed,NA ,Unplanned,PACK KOMIX HERBAL JERUK NIPIS/115x48x64,2DK030000,2K/2411/0011,Penjalindo,"QC menginfokan bahwa ditemukan pack Komix Herbal Jeruk Nipis ex Penjalindo ditemukan TMS bobot (upper) dengan hasil pemeriksaan 11,78 
Penjalindo menginfokan bahwa mereka menggunakan paper dari Suparma, yang sebelumnya Indah Kiat dan menyebabkan toleransi gramatur papernya dari 4% untuk Indah Kiat menjadi 5% untuk Suparma","1. Hasil pengujian oleh QC pada berat Pack Komix Herbal Jeruk Nipis (2DK030000) ex Penjalindo dengan hasil pemeriksaan QC Beratnya TMS over yaitu didapatkan hasil pemeriksaan 11.78 gram (syarat 10.85 - 11.75 gram) dengan no QC 2K/2411/0011. Berat Pack yang TMS over ini secara risiko masih bisa diterima terkait tidak berdampak langsung terhadap kualitas proteksi pengemasan. Material 2DK030000 dengan No. QC tersebut dapat direkomendasikan untuk direalese selama parameter pengujian lainnya MS. Lampirkan hasil analisa lengkap material 2DK030000 dan laporan OOS nya.  
2. TS lakukan evaluasi apakah bobot pack yang TMS ini mengakibatkan diperlukan adanya adjustment range bobot karton FG. Apabila diperlukan, TS buatkan lampiran proses, serta sosialisasikan lampiran proses dengan range bobot karton yang disesuaikan pada tim Produksi. Pastikan tim produksi terkait mengetahui range bobot karton ini. Lampirkan perhitungan pada laporan penyimpangan ini. 
3 PPIC informasikan alokasi material 2DK030000  dengan No QC 2K/2411/0011 ini, dan informasikan pada tim produksi agar Produksi aware apabila ditemukan berat karton yang TMS ini bisa jadi dikarenakan adanya bobot pack yang TMS, dan Produksi perlu lakukan otorisasi terhadap karton tersebut. Jika terjadi perubahan alokasi material, koordinasikan dengan departemen terkait dan informasikan pada laporan penyimpangan ini. 
4. Parameter berat pack 2DK030000 yang TMS memiliki potensi ke berat karton Finished Good (FG) Komix Herbal Peppermit menjadi menyimpang. Perlu diperhatikan tahapan proses saat penimbangan karton FG dan dipastikan isi karton sesuai, jika ditemukan berat yang TMS, dapat dilakukan otorisasi oleh Spv Produksi sesuai prosedur. 
5. Berdasarkan info Penjalindo, akan ada perubahan toleransi gramatur kertas material awal menjadi 5%, sehingga perlu dilakukan review ulang untuk penetapan spesifikasi material ex Penjalindo ini. Lakukan review terhadap spesifikasi pack, apakah perlu dilakukan penyesuaian spesifikasi untuk mengakomodir perubahan ini. Pastikan spesifikasi yang ditentukan tetap mampu untuk menangkap kekurangan jumlah pack dalam 1 karton.
6. Terkait dengan adanya pack dengan kondisi bobot TMS ini, QC akan membuat CAPA sebagai follow up perbaikan ke vendor. Lampirkan No. CAPA pada penyimpangan ini.  
6. Cpro perlu koordinasikan dengan vendor Penjalindo terkait penyebab bobot Pack yang TMS ini. Koordinasikan CAPA yang dicreate oleh tim QC. 
7. Produk Komix Herbal Jeruk Nipis yg menggunakan pack dengan bobot TMS ini dapat dirilis jika hasil analisa terhadap semua parameter memenuhi syarat (MS) dan jika tidak ada issue kualitas lain nya.
",,
2024,DEV/QMT/PLG/PC/1124/003,Open-Verifikasi tindakan remedial,"ARIYANTO DWI PUTRA SUNARTO, HARIYANTO DWI PUTRA SUNARTO, FANNY FANDANA",Planned,Mixed Berries Flavour PCA.6504,3AM013000,"2R/2409/0170 qty 2.95 KG ED 23 Dec 2024, mfg lot 151409",-,"Mixed Berries Flavour PCA.6504 sejumlah 2,95 kg atau 2.95 bn atau Rp 982,503 ED 23 Dec 2024 rencana akan di pakai Jan 1 bn, Feb 2 bn (total target Feb 3 bn) mengacu RPP Rev Nov 24
PPIC sudah koordinasi dengan Cpro terkait permintaan rekomendasi perpanjangan ED
Cpro menginfokan 3AM013000 Mixed Berries Flavour PCA.6504 mfg lot 151409, bisa di perpanjang ed 23 apr 2025 (terlampir bukti rekomendasi origin extend ED","1. Terkait dengan usulan perpanjangan ED material Mixed Berries Flavour PCA.6504 (3AM013000) dengan nomor QC 2R/2409/0170 yang ED di pada 23 Desember 2024, hal ini dilakukan untuk meminimalkan write off material sebanyak 2.95 kg yang setara 2.95 bn (value = 982.503 IDR). Terhadap usulan perpanjangan ED ini, CPro sudah melakukan koordinasi dengan vendor dan dari vendor memberikan rekomendasi perpanjangan material sampai 23 April 2025, sehingga material ACC untuk dilakukan perpanjangan ED sesuai rekomendasi vendor. WH lakukan FPP terhadap material ini agar material dapat dilakukan analisa ulang oleh tim QC.
2. QC lakukan analisa terhadap material Mixed Berries Flavour PCA.6504 (3AM013000) dengan nomor QC 2R/2409/0170 sesuai dengan spesifikasi eksisting untuk memastikan material masih memenuhi spesifikasi. Lampirkan hasil analisa dalam laporan penyimpangan ini. 
3. Apabila hasil analisa material di QC didapati MS, maka material ACC untuk dilakukan perpanjangan ED untuk meminimalkan write off material. QC lakukan perpanjangan ED pada Oracle sampai tanggal 23 April 2025. Lampirkan bukti perpanjang ED pada laporan penyimpangan ini. 
4. PPIC informasikan nomor batch produk yang akan menggunakan material Mixed Berries Flavour PCA.6504 (3AM013000) dengan nomor QC 2R/2409/0170 yang diperpanjang EDnya ini. Koordinasikan dengan departemen terkait, dan lampirkan informasinya pada laporan penyimpangan ini. 
5. QA akan melakukan pengambilan sampel stabtest untuk monitoring stabilitas produk yang menggunakan material Mixed Berries Flavour PCA.6504 (3AM013000) dengan nomor QC 2R/2409/0170 dengan ED yang diperpanjang ini.
",,
2024,DEV/QMT/PLG/QC/1124/004,Open-Verifikasi tindakan remedial,"ELLIZABET,",Unplanned,PACK B7 OBAT MAAG WAISAN/54x24x74,2DW003110,2K/2411/0053,CMI ,"QC menginfokan bahwa ditemukan pack Waisan ex CMI missregister dengan temuan 36 sampel dari 500 TMS (7.2%) 
dengan missregister > 0.5 mm (syarat minor <= 7.2%)","1. Hasil pemeriksaan Pack Waisan (2DW003110) No QC 2K/2411/0053; DBG240465 qty 120.000 ex CMI ditemukan TMS miss register > 0.5mm terhadap CR sebanyak 7.2% dari hasil sampling. Dari sampel, terlihat defect tidak berpengaruh terhadap identitas produk yang masih dapat terbaca jelas dan kualitas produk, sehingga material direkomendasikan dapat direlease jika hasil analisa terhadap parameter lain nya MS. Lampirkan hasil analisa lengkap 
2. PPIC mohon infokan alokasi nomor batch yang menggunakan Pack Waisan (2DW003110) No QC 2K/2411/0053 ex CMI dengan kondisi missregister TMS tersebut. Koordinasikan dengan tim produksi dan departemen terkait. Lampirkan bukti koordinasi 
3. QC akan menindak lanjuti dengan CAPA material untuk follow up investigasi lebih lanjut penyebab Pack Waisan (2DW003110) No QC 2K/2411/0053 miss register. Lampirkan nomor CAPA. 
4. CPro koordinasikan dengan vendor terkait CAPA yang dibuat oleh tim QC. Lakukan follow up terkait hasil investigasi, dan pastikan kedatangan selanjutnya tidak ada kejadian serupa.",,
2024,DEV/QMT/PLG/PC/1124/005,Open-Verifikasi tindakan remedial,"EKO SUPRIYATNO, FANNY FANDANA",Planned,TUBE KOMIX HERBAL LEMON 15 ML 193x350,1WK009000,"2P/2212/0028 qty 18.6 KG , ED 6 dec 2024
2P/2212/0030 qty 75 KG , ED 6 dec 2024
        2P/2212/0032_01 qty 344.3 KG , ED 31 oct 2024
2P/2212/0033 qty 36.5 KG , ED 6 dec 2024
","HANGZHOU PLASTICS IND CO., LTD","Tube LKXLA 1WK009000 masih ada sejumlah 474.4 kg atau 1.06 batch atau Rp 38.7 juta (per 12 nov 2024), dengan ED seperti pada lampiran, rencana akan dipakai untuk target Jan 2025 mengacu RPP Rev Nov 2024, LKXLA target Jan 2025 sebanyak 2 batch. Terdapat perbedaan ED pada Oracle dan fisik untuk tube ini.
Supply tube selanjutnya estimasi datang di end Nov 2024 dengan kode berbeda 1WK009010 (perubahan eyemark).","1. Adanya foil tube LKXLA (1WK009000) sebanyak 474.4 kg atau 1.06 batch dengan ED pada system Oracle 31 Oktober dan 6 Desember 2024. Mengacu pada RPP Nov 2024, foil tube akan habis digunakan untuk target Jan 2025 sebanyak 2 batch. Sebelumnya sudah dilakukan studi oleh tim TS, dan didapati tidak ada perubahan pH produk dan sealing strength yang signifikan, serta tidak ada delaninasi pada tube, sehingga foil masih direkomendasikan untuk digunakan sampai Januari 2025. Terkait dengan hal ini, tim WH lakukan FPP terhadap foil LKXLA dengan nomor QC tertera pada laporan penyimpangan ini.  
2. QC lakukan pemeriksaan terhadap foil yang di-FPP ini. Apabila hasil analisa MS, maka foil direkomendasikan untuk dirilis. Lakukan perpanjangan ED sampai 31 Januari 2025. 
3. PPIC informasikan nomor batch produk yang menggunakan foil tube dengan kondisi ED ini.
4. Produk LKXLA yang diproduksi menggunakan foil tube dengan kondisi ED ini dapat dirilis apabila hasil analisa seluruh parameter MS dan tidak ada issue kualitas lainnya. Alokasikan foil ke area fast moving jika memungkinkan. 
5. QA akan melakukan pengambilan sampel untuk monitoring stabilitas produk selama masa edarnya untuk salah satu batch produk.
6. Perpanjangan ED pada foil tube LKXLA dengan nomor QC tertera hanya diizinkan sampai 31 Januari 2025. Apabila ada perubahan dalam target, buatkan penyimpangan ulang agar dapat direview kembali terkait risiko penggunaan foil tube dengan kondisi ED ini sesuai dengan rekomendasi tim TS.  
",,
2024,DEV/QMT/PLG/CP/1124/006,Open-Verifikasi tindakan remedial,"ELLIZABET,",Planned,Tube Komix Herbal Lemon ex HZ,"1WK008030
1WK009010
 1WK008030","E-24-11-06-1
E-24-11-06-2
E-24-10-03-1",Hangzhou,"Hangzhou belum mengirimkan CR untuk kode baru perubahan jarak tepi (karena secara design tidak ada perubahan).
Mohon dapat dibantu untuk melakukan perilisan dengan menggunakan CR kode lama ","1. CPro menginformasikan adanya kedatangan material Tube Komix Herbal Lemon ex Hangzhou kode baru dengan perubahan jarak tepi, namun untuk CR kode baru belum terkirim oleh Hangzhou. Perubahan ke kode baru adalah  layout tulisan ""tekuk ke dalam lalu putar"" turun sedikit ke bawah dan penambahan printing ""v"" di sisi tepi. Terkait dengan hal ini, QC lakukan analisa desain layout material mengacu ke desain yang dikirimkan oleh Packdev, sedangkan untuk warna dapat mengacu ke CR kode lama 1WK009000. Apabila hasil pemeriksaan MS, maka material dapat dirilis.
2. Terkait dengan adaya keterlambatan pengiriman CR oleh Hangzhou ini, CPro lakukan follow up ke HZ untuk dapat segera mengirimkan CR yang terbaru. Perlu dilakukan reminder ke Hangzhou untuk kedepannya pastikan CR segera dikirimkan setiap ada kenaikan kode item agar kejadian serupa tidak terulang kembali.
3. Apabila CR sudah dikirimkan, untuk kedatangan selanjutnya material Tube Komix Herbal Lemon dapat dianalisa mengacu kepada CR yang terbaru. ",,
2024,DEV/QMT/PLG/QC/1224/001,Open-Verifikasi tindakan remedial,"ELLIZABET,",Unplanned,pack Waisan e,2DW003110,2K/2411/0093,CMI ,"QC menginfokan bahwa ditemukan pack waisan ex CMI no. QC 2K/2411/0093 no. lot 24110681 ditemukan not register (172), warna pudar (63), warna menyimpang (42) dari keseluruhan 504 pack yg disampling","1. Hasil pemeriksaan Pack Waisan (2DW003110) No QC 2K/2411/0093; DBG240395 qty 170.000 ex CMI ditemukan TMS miss register dan warna menyimpang terhadap CR. Dari contoh sampel, terlihat defect tidak berpengaruh terhadap identitas produk yang masih dapat terbaca dan tidak mempengaruhi kualitas produk secara langsung, serta material dibutuhkan untuk CWO pemenuhan target Desember 2024, sehingga material direkomendasikan dapat direlease jika hasil analisa terhadap parameter lain nya MS. Lampirkan hasil analisa lengkap 
2. PPIC mohon infokan alokasi nomor batch yang menggunakan Pack Waisan (2DW003110) No QC 2K/2411/0093 ex CMI dengan kondisi missregister dan warna menyimpang tersebut. Koordinasikan dengan tim produksi dan departemen terkait. Lampirkan bukti koordinasi 
3. QC akan menindak lanjuti dengan CAPA material untuk follow up investigasi lebih lanjut penyebab Pack Waisan (2DW003110) No QC  2K/2411/0093 miss register. Lampirkan nomor CAPA. 
4. CPro koordinasikan dengan vendor terkait CAPA yang dibuat oleh tim QC. Lakukan follow up terkait hasil investigasi, dan pastikan kedatangan selanjutnya tidak ada kejadian serupa.
",,
2024,DEV/QMT/PLG/QC/1224/002,Open-Verifikasi tindakan remedial,"ELLIZABET,",Unplanned,BOX KOMIX OBH/140x46x105,2DK020000,2K/2411/0088,CMI ,"Box OBH di temukan warna TMS lebih gelap dari warna max nya
Ditemukan warna lebih gelap 78 dari 507 sampel
Hasil pemeriksaan lain Memenuhi syarat","1. Hasil pemeriksaan Pack Komix OBH (2DK020000) no QC 2K/2411/0088; PO DBG240563; qty 100.000 EA ex CMI ditemukan TMS warnanya lebih gelap dibandingkan dengan CR. Defect tidak berpengaruh terhadap identitas produk dan kualitas produk, dan material dibutuhkan untuk CWO tanggal 5 Desember 2024, sehingga material direkomendasikan dapat direlease jika hasil analisa terhadap parameter lain nya MS. Lampirkan hasil analisa lengkap 
2. PPIC mohon infokan alokasi nomor batch yang menggunakan Pack Komix OBH (2DK020000) no QC 2K/2411/0088 dengan warna yang TMS tersebut. Koordinasikan dengan tim produksi dan departemen terkait. 
3. QC akan menindak lanjuti dengan CAPA material untuk follow up investigasi lebih lanjut penyebab Pack Komix OBH (2DK020000) no QC 2K/2411/0088 yang TMS ini. Lampirkan nomor CAPA. 
4. CPro koordinasikan dengan vendor terkait CAPA yang dibuat oleh tim QC. Lakukan follow up terkait hasil investigasi dan pastikan untuk kedatangan selanjutnya tidak ditemukan kejadian serupa.
",,
2024,DEV/QMT/PLG/CP/1224/003,Open-Verifikasi tindakan remedial,"HARIYANTO DWI PUTRA SUNARTO, HARIYANTO DWI PUTRA SUNARTO, HARIYANTO DWI PUTRA SUNARTO",Planned,HONEY LIQUID,2AH001000,-,-,"1. PPIC ada order kebutuhan sebanyak 10MT (2AH001000 - kemasan 25KG jerican) untuk ETA 4 Dec 24 dan qty 10MT (2AH001000J - kemasan 100 KG TONG) untuk ETA max 5 Desember 24
2. vendor tidak bisa menyanggupi permintaan untuk kemasan TONG, terkait proses filling WAJIB diikuti tim B7 dan baru dilakukan di 3 Dec 2024 untuk qty 5MT (perdana komersial full batch)
3. Sesuai diskusi by meeting dengan tim QC, maka disepakati sebagai berikut :
tgl 4 : 
truck 1 : 160 jerrycan (4 ton)  + 8 tong --> asn & sj full bn untuk Jerican, 8 tong SJ non resmi
truck2 : 200 jerrycan (5 ton) --> ASN & SJ full qty

tgl 5 (1 truck) : 40 jerrycan (1 ton) + 8 tong --> 40 jergen SJ non resmi & 8 tong SJ non resmi

tgl 10 : 42 tong batch 1 --> ASN & SJ full bn
tgl 11 : 42 tong batch 2--> ASN & SJ full bn

Batch number jerrycan : 078 (5 ton) & 079 (5 ton)
Batch number tong : 080 (5 ton) & 081 (5 ton)","1. Terkait dengan adanya permintaan kedatangan material Honey Liquid sebanyak 10 MT pada 4 Des 2024 dalam kemasan jerrycan 25kg dan pada 5 Desember 2024 dalam kemasan tong 100kg, namun dari vendor tidak menyanggupi pengiriman dengan kemasan tong terkait dengan adanya keterbatasan kapasitas mobil. Terkait hal ini, akan dilakukan pengiriman tidak sesuai dengan surat jalan dan ASNnya dimana pengiriman material Honey Liquid dengan campuran kemasan tong dan jerrycan sesuai dengan kesepakatan antara CPro dan tim QC pada tanggal 4, 5, 10 dan 11 Desember 2024. WH lakukan penerimaan material sesuai dengan scenario yang sudah diinfokan, dengan kondisi ASN dan surat jalan yang tidak sesuai.
2. Vendor akan mengirimkan CoA parsial untuk material dalam kemasan tong terkait shipment material ke B7 H+1 setelah filling. CoA lengkap baru akan dikirimkan pada saat pengiriman material full batch pada shipment tanggal 10 dan 11 Desember 24.
3. QC akan lakukan sampling manual terhadap material kemasan tong yang dikirimkan pada tanggal 4 & 5 Desember 2024 dengan SJ non resmi karena data material belum diinput di Oracle. Analisa yang dilakukan ini akan menjadi dasar perilisan material yang akan dikirimkan tanggal 10 & 11 Desember 2024
4. Apabila hasil analisa terhadap material MS, maka material dapat dirilis. 
5. Estimasi produk yang akan menggunakan material Honey Liquid dalam kemasan tong ini adalah produk BEJO batch GM273-284. Informasikan apabila ada perubahan nomor batch pada laporan penyimpangan ini.
",,
2024,DEV/QMT/PLG/QC/1224/004,Open-Verifikasi tindakan remedial,"ELLIZABET,",Unplanned,PACK KOMIX HERBAL JERUK NIPIS/115x48x64,2DK025000,2K/2412/0044,Gunung Kelud ,"QC menginfokan bahwa pack komix herbal nipis ex GK defect qty 26555 EA, gambar terlampir
Luntur (major) : 5.7% ","1. Hasil pemeriksaan Pack Komix Herbal Jeruk Nipis (2DK025000) dengan No. QC material 2K/2412/0044 Qty 26555 EA ex  GK ditemukan pack luntur (Major : 5.7%) sehingga warna hijau terlihat berbayang warna kuning terlihat jelas namun identitas dan tulisan dapat terbaca dengan jelas. Pack dipesan untuk pemenuhan menghabiskan kemasan lama. Defect ini tidak berpengaruh terhadap identitas dan kualitas produk sehingga material direkomendasikan dapat direlease jika hasil analisa terhadap parameter lainnya MS. Lampirkan hasil analisa lengkap dalam penyimpangan ini.
2. PPIC mohon infokan alokasi Nomor Batch yang menggunakan Pack Komix Herbal Jeruk Nipis (2DK025000) dengan No. QC material 2K/2412/0044 ex GK  dengan kondisi defect tersebut. Koordinasi dengan Tim Produksi dan Departemen terkait. Lampirkan bukti koordinasi dan alokasi No. Batch tersebut.
3. QA Compliance perlu menindaklanjuti penyimpangan ini dengan CAPA material untuk diinvestigasi lebih lanjut penyebab defect tersebut. Lampirkan dokumentasi dan Follow CAPA dalam penyimpangan ini
4. CPRO koordinasikan dengan vendor terkait CAPA yang dibuat oileh Tim QA Compliance. Lakukan follow up terkait hasil investigasi dan tindakan perbaikan yang dilakukan untuk mencegah case ini berulang.",,
2024,DEV/QMT/PLG/QC/1224/005,Open-Verifikasi tindakan remedial,"ELLIZABET,",Unplanned,FOIL ZAIKI/800x1000,1FP002000,"	2P/2412/0045
	2P/2412/0046",Indogravure ,"QC menginfokan bahwa foil zaiki ex IG pitch TMS under
2P/2412/0045 (lot SPK4241100541) qty 23 roll : hasil pemeriksaan : 556 - 557
2P/2412/0046 (lot SPK4240900460) qty 48 roll : hasil pemeriksaan : 556 - 557","1. Berdasarkan hasil analisa oleh QC, didapatkan hasil pengujian pitch TMS dengan hasil pemeriksaan 556-5577 mm (spesifikasi pitch : 558-562 mm) pada  Foil Zaiki ex Indogravure dengan nomor QC 2P/2412/0045, 2P/2412/0046 dan 2P/2412/0050. Foil ini diperlukan untuk pemenuhan kebutuhan Produksi di Desember 2024, dan apabila direject kedatangan selanjutnya butuh waktu yang lama karena adanya bahan baku cellophane yang sulit pengadaannya. Secara history data, sebelumnya sudah pernah ada foil TMS pitch dengan nilai TMS yang sama dan pada saat proses dapat dijalankan, sehingga foil ACC untuk digunakan. QC berikan status release terhadap material ini.
2. Pitch yang TMS dapat berpengaruh ke settingan potongan sachet yang menyebabkan potongan TMS dan hasil yield berkurang serta waste meningkat. Produksi lakukan pengecekkan, apakah pitch yang TMS ini masih dapat dicover oleh mesin dan menghasilkan potongan yang stabil tanpa menabrak redaksi. Koordinasikan dengan tim TS apabila ditemukan kendala saat proses produksi. 
4.  PPIC mohon infokan alokasi nomor batch yang menggunakan Foil Zaiki ex Indogravure dengan nomor QC 2P/2412/0045, 2P/2412/0046 dan 2P/2412/0050 dengan hasil pitch TMS tersebut. Koordinasikan dengan tim produksi dan departemen terkait. 
6. QC akan menindak lanjuti dengan CAPA material untuk follow up investigasi lebih lanjut penyebab Foil Zaiki ex Indogravure TMS. Lampirkan nomor CAPA. 
7. CPro koordinasikan dengan vendor terkait CAPA yang dibuat oleh tim QC. Lakukan follow up terkait hasil investigasi dan tindakan perbaikan yang dilakukan untuk mencegah case ini berulang. 
",,
2024,DEV/QMT/PLG/QC/1224/006,Closed,NA ,Unplanned,BOX KOMIX OBH/140x46x105,2DK020000,"2K/2412/0061
	2K/2412/0060",CMI ,Hasil analisa QC incoming BOX KOMIX OBH/140x46x105 ex CMI TMS/Defect dibandingkan dengan CR,"1. Hasil pemeriksaan Box Komix OBH/140x46x105 ( 2DK020000) dengan No. QC 2K/2412/0061dan 2K/2412/0060 qty 507 ex CMI ditemukan beberapa defect berupa goresan biru dan warna yang berbeda dibandingkan dengan CR. Defect tidak berpengaruh terhadap identitas dan kualitas produk sehingga material direkomendasikan dapat direlease jika hasil analisa terhadap parameter lainnya MS. Lampirkan hasil analisa lengkap dalam penyimpangan ini.
2. PPIC mohon infokan alokasi Nomor Batch yang menggunakan Box Komix OBH/140x46x105 ( 2DK020000) dengan No. QC 2K/2412/0061dan 2K/2412/0060 ex CMI dengan kondisi defect tersebut. Koordinasi dengan Tim Produksi dan Departemen terkait. Lampirkan bukti koordinasi dan alokasi No. Batch tersebut.
3. Defect material ex CMI merupakan isue berulang sehingga QA Compoliance perlu menindaklanjuti penyimpangan ini dengan CAPA Material untuk diinvestigasi lebih lanjut penyebab defect tersebut. Lampirkan dokumentasi dan Follow CAPA dalam penyimpangan ini
4. CPRO koordinasikan dengan vendor terkait CAPA yang dibuat oileh Tim QA Compliance. Lakukan follow up terkait hasil investigasi dan tindakan perbaikan yang dilakukan untuk mencegah case ini berulang.",,
2024,DEV/QMT/PLG/QC/1224/007,Batal,,Unplanned,FOIL KOMIX LIME EXP/550x1000,1FK037010,2P/2412/0063,-,Hasil analisa QC FOIL KOMIX LIME EXP/550x1000 ex PV TMS pitch under,,,
2025,DEV/QMT/PLG/QC/0125/001,Open-Verifikasi tindakan remedial,ADELINE TARULI WAHYUNI,Unplanned,PACK KOMIX KID (RASA STRAWBERRY)/87x48x50,2DK028000,2K/2501/0005,-,Pack Komix Kid Rasa Strawberry (2DK028000) dengan No. QC 2K/2501/0005 ex GK terdapat temuan warna dot tidak sesuai dengan CR (warna ungu),"1. Pack Komix Kid Rasa Strawberry (2DK028000) dengan No. QC 2K/2501/0005 ex GK sejumlah +/- 11,8 % (60/507) & qty PO sejumlah 100.000 tidak sesuai dengan standar (Dot warna Biru keunguan, std Biru). Dari sample yang dicek, warna dot biru masih dapat ditoleransi (warna biru masih cukup tegas walaupun agak keunguan) dan PPIC ada kebutuhan material untuk CWO 24 Januari 2025. Material direkomendasikan dapat dirilis jika hasil pemeriksaan terhadap parameter lainnya MS.
2.   PPIC mohon infokan alokasi Nomor Batch yang akan menggunakan Pack Komix Kid Rasa Strawberry (2DK028000) dengan No. QC 2K/2501/0005 ex GK dengan kondisi defect tersebut. Koordinasi dengan Tim Produksi dan Departemen terkait. Lampirkan bukti koordinasi, alokasi jadwal trial dan No. Batch tersebut dalam penyimpangan ini.
3. QA Compliance perlu menindaklanjuti penyimpangan ini dengan CAPA material untuk diinvestigasi lebih lanjut penyebab defect tersebut. Lampirkan dokumentasi dan Follow CAPA dalam penyimpangan ini
4. CPRO koordinasikan dengan vendor terkait CAPA yang dibuat oileh Tim QA Compliance. Lakukan follow up terkait hasil investigasi dan tind. Lampirkan dokumentasi dan Follow CAPA dalam penyimpangan ini",,
2025,DEV/QMT/PLG/QC/0125/002,Closed,NA ,Unplanned,FOIL B7 OBAT MAAG WAISAN/800x750,1FW003100,2P/2501/0003,-,"Ditemukan saat analisa QC, Material FOIL B7 OBAT MAAG WAISAN TMS Pitch underspec (558mm)","1. Foil B7 Obat Maag Waisan (Item Code 1FW003100) ex Panverta dengan nomor QC 2P/2501/003 TMS Pitch under spesification (558 mm, std 559-561 mm) sebanyak qty sampling 13 roll (Kedatangan 60 roll) merupakan kedatangan perdana project diversifikasi saving foil. Pitch foil yang TMS dapat meningkatkan waste foil namun jika masih < 2mm masih oke untuk dilakukan trial pada mesin. TS lakukan Koordinasi jadwal dan pendampingan trial dengan PPIC, produksi dan Engineering untuk menemukan setting yang optimal sebelum foil digunakan dan data ini dapat dijadikan rujukan apabila ada kasus serupa pada mesin. Lakukan perbandingan hasil trial dengan data divers sebelumnya untuk foil ex panverta ini. Lampirkan hasil trial tersebut dalam penyimpangan ini. 
2. Apabila hasil trial menunjukan bahwa foil dapat digunakan untuk proses operasional dan tidak ada parameter lain yang TMS, maka foil dapat diusulkan untuk direluctant rilis.
3. PPIC mohon infokan alokasi Jadwal Trial dan Nomor Batch yang menggunakan  Foil B7 Obat Maag Waisan (Item Code 1FW003100) ex Panverta  nomor QC 2P/2501/003 dengan kondisi defect tersebut. Koordinasi dengan Tim Produksi dan Departemen terkait. Lampirkan bukti koordinasi, alokasi jadwal trial dan No. Batch tersebut dalam penyimpangan ini
4. Produk dengan nomor batch sesuai alokasi batch PPIC dapat dirilis jika semua parameter lainnya memenuhi syarat. 
5. Lakukan pengambilan sampel & pemeriksaan pengujian stabilitas produk jadi untuk Nomor batch sesuai alokasi batch dari PPIC
6. QA Compliance perlu menindaklanjuti penyimpangan ini dengan CAPA material untuk diinvestigasi lebih lanjut penyebab defect tersebut. Lampirkan dokumentasi dan Follow CAPA dalam penyimpangan ini
7. CPRO koordinasikan dengan vendor terkait CAPA yang dibuat oileh Tim QA Compliance. Lakukan follow up terkait hasil investigasi dan tind. Lampirkan dokumentasi dan Follow CAPA dalam penyimpangan ini",Yes,https://b7-drive.bintang7.com/?launchApp=SYNO.SDS.Drive.Application#file_id=883198488825876808
2025,DEV/QMT/PLG/IM/0125/003,Closed,"HARIYANTO DWI PUTRA SUNARTO, HARIYANTO DWI PUTRA SUNARTO",Unplanned,FOENICULUM VULGARE FRUCTUS LE 50%,1AF002000,2R/2412/0024,-,"Team RM Supply  sedang masuk ke Gudang AC 2 sedang persiapan RM untuk penimbangan.  Pada saat yang bersamaan team melihat ada kemasan sekunder RM foeniculi gembung (sebanyak1 karton dari 20) dan dicek isi material kondisi sudah gembung dan team RM Supply melaporkan kejadian ke Spv WH. 
Setelah dicek RM Foeniculi yang gembung RM bekas sampling. ","1. Terkait RM FOENICULUM VULGARE FRUCTUS LE 50% dengan nomor QC 2R/2412/0024 sebanyak 1 karton yang ditemukan gembung merupakan material sisa sampling QC, material sudah dilakukan analisa ulang dengan hasil mikro KK TBUD dan RM didisposisi untuk di Reject dan dimusnahkan. QC lampirkan hasil analisa ulang pada penyimpangan ini dan dokumentasi reject material.
2. Material FOENICULUM VULGARE FRUCTUS LE 50% dengan nomor QC 2R/2412/0024 sebanyak 1 karton yang ditemukan gembung tidak boleh digunakan kembali, lakukan pemusnahan dan lampirkan/informasikan dalam penyimpangan ini.
3. Lakukan pengecekan kembali jumlah Foeniculi yg kemasannya gembung dari no batch manuf/ no QC yg sama (termasuk stock yg ada di WH). Informasikan dalam penyimpangan ini dan lampirkan data
4.  Perlu diinvestigasi internal terkait dugaan kontaminasi saat sampling, sebelum issue dikirimkan ke vendor. PICAPA akan dikirimkan ke NSP jika terbukti kemasan yg gembung bukan berasal dari handling B7. Infromasikan hasil investigasi dalam penyimpangan ini.",,
2025,DEV/QMT/PLG/PC/0125/004,Closed,NA ,Planned,TUBE KOMIX HERBAL LEMON 15 ML 193x350,1WK009000,"2P/2212/0030
2P/2212/0032_01
	2P/2212/0033_01",-,"1WK009000 Tube LKXLA sejumlah 447.3 kg atau 1 bets atau Rp 36.5 juta terbaca di Oracle dengan ED Okt dan Des 2024 perlu untuk di extend ED sehingga rencana akan di pakai cwo tgl 4 Feb 2025
Apabila produksi ada kebutuhan tambahan maka bisa pakai tube LKXLA kode baru 1WK009010 (perubahan pada eyemark)","1. Tube Komix Herbal Lemon 15 mL 193 x 350 dengan no QC 2P/2212/0030, 2P/2212/0032_01 dan 2P/2212/0033_01 sudah ED di Oct dan Des 2024 sisa stock total sebanyak qty 447,3 Kg setara 1 bacth produksi dengan value Rp. 36.5 Jt, direncanakan untuk pemenuhan produksi bulan Februari 2025 untuk meminimalkan write off. WH lakukan FPP terhadap Tube Komix Herbal Lemon dengan No. QC sesuai devol ini untuk dapat dilakukan analisa oleh QC. Lampirkan FPP pada penyimpangan ini.
2. QC lakukan analisa terhadap material Tube Komix Herbal Lemon dengan kondisi ED ini. Sebelumnya sudah pernah ada penyimpangan serupa (DEV/QMT/PLG/PC/0924/006) dan dilakukan stress test oleh TS ED tube > 1 thn saat distrestest kualitas produk masih MS. Apabila hasil pemeriksaan terhadap material MS, material dapat dirilis. Lakukan perpanjangan ED untuk material tersebut. Lampirkan hasil analisa dan bukti perpanjangan ED pada laporan penyimpangan ini.
3. PPIC segera informasikan nomor batch produk yang menggunakan foil tube dengan ED yang diperpanjang ini agar dapat dimonitoring dan dilakukan pengembila sampel untuk pengujian stabilita penyimpangan oleh QA. Segera lakukan CWO sesuai perencanaan, lampirkan Nomor batch dan bukti CWO dalam penyimpangan ini.
4. PPIC segera informasikan nomor batch produk yang menggunakan foil tube dengan ED yang diperpanjang ini agar dapat dimonitoring dan dilakukan pengembila sampel untuk pengujian stabilita penyimpangan oleh QA. Segera lakukan CWO sesuai perencanaan, lampirkan Nomor batch dan bukti CWO dalam penyimpangan ini.
5.         QA akan melakukan pengambilan sampel untuk monitoring stabilitas produk selama masa edarnya.",,
2025,DEV/QMT/PLG/QC/0125/005,Open-Verifikasi tindakan remedial,ADELINE TARULI WAHYUNI,Unplanned,FOIL ZAIKI/800x1000,1FP002000,2P/2501/0032,-,"QC menginfokan bahwa ditemukan Foil Zaiki ex Indogravure TMS pitch under spec yaitu 556-557 mm/ tms +- 2mm (dengan spec 558-562 mm).
Total sampling dan jumlah temuan Roll TMS akan diinfo lebih lanjut by QC.

Foil Zaiki TMS pitch ini sudah pernah terjadi sebelumnya berdasarkan penyimpangan DEV/QMT/PLG/QC/1024/012, dengan kondisi bahan baku terbatas dan supply yang cukup sulit karena bahan bakunya sendiri rentan dengan kondisi penyimpanan (hanya bertahan 6 bulan dari produksi) dan tidak umum digunakan menyebabkan leadtime pemesanan panjang dan untuk keseluruhan kebutuhan PPIC baru bisa dipenuhi seperempatnya karena masih menunggu bahan baku diproduksi dan dikirimkan (terkendala juga karena raw materialnya juga masuk jalur merah)","1. Foil Zaiki ex Indogravure TMS Pitch underspec 556-557 mm/ tms +- 2mm (dengan spec 558-562 mm) no QC 2P/2501/0032 dibutuhkan segera untuk proses produksi untuk CWO tanggl 18 Jan 2025.  Pitch foil yang TMS dapat meningkatkan waste foil namun jika masih +-< 2mm berdasarkan penyimpangan sebelumnya dapat ditoleransi dimesin untuk digunakan. Jika tidak ada parameter lain yang TMS maka foil dapat diusulkan untuk direluctant rilis. Lampirkan hasil Analisa dalam penyimpangan ini. 
2. PPIC infokan nomor batch yang menggunakan Foil Zaiki ex Indogravure TMS Pitch no. QC 2P/2501/0032 dengan kondisi defect tersebut. Koordinasi dengan Tim Produksisampai dan Departemen terkait. Lampirkan bukti koordinasi, alokasi jadwal produksi dan No. Batch tersebut dalam penyimpangan ini. 
3. TS lakukan pendampingan proses produksi komersil dengan pitch TMS under yang digunakan. Informasikan jika ada masalah agar dilakukan pengecekan ulang pitch apakah semakin lebar atau tidak untuk feedback ke vendor. 
4. Produk dengan nomor batch sesuai alokasi batch PPIC dapat dirilis jika semua parameter lainnya memenuhi syarat. 
5. Kejadian yang sama pernah terjadi dengan nomor penyimpangan DEV/QMT/PLG/QC/1024/012 & DEV/QMT/PLG/QC/1224/005 (3 No QC yang berbeda), QA Compliance terbitkan CAPA material dan  perlu arrange meeting dengan vendor agar CAPA material dapat segera difollow up. Lampirkan No CAPA, hasil meeting dan dokumentasi pendukung dalam penyimpangan ini.
6. CPRO koordinasikan dengan vendor terkait CAPA yang dibuat oileh Tim QA Compliance. Lakukan follow up terkait hasil investigasi dan tind. Lampirkan dokumentasi dan Follow CAPA dalam penyimpangan ini.",,
2025,DEV/QMT/PLG/QC/0125/006,Closed,NA ,Unplanned,PACK B7 OBAT MAAG WAISAN/54x24x74,2DW003110,2K/2501/0059,-,Ditemukan PACK B7 OBAT MAAG WAISAN/54x24x74 TMS Warna pada bagian putih ada bayang-bayang kehijauan,"1. PACK B7 OBAT MAAG WAISAN ex CMI dengan No. QC 2K/2501/0059 TMS Warna pada bagian putih ada bayang-bayang kehijauan (no Mfg vendor: 25011234), namun secara redaksi masih terbaca dengan jelas dan tidak mempengaruhi kualitas. Ada kebutuhan mendesak untuk di CWO tanggal 21 Januari 2025 sehingga apabila semua parameter lainnya memenuhi syarat kemasan dapat dilakukan reluctant rilis. QC Lampirkan report hasil pemeriksaan dalam penyimpangan ini.
2. PPIC segera informasikan alokasi nomor batch yang akan menggunakan kemasan  PACK B7 OBAT MAAG WAISAN ex CMI dengan No. QC 2K/2501/0059 yang mengalami defect tersebut. Koordinasikan dengan bagian lainnya terkait penggunaan kemasan defect ini. Lampirkan bukti koordinasi dan informasikan alokasi no. batch dalam penyimpangan ini
3. QA Compliance perlu menindaklanjuti penyimpangan ini dengan CAPA material untuk diinvestigasi lebih lanjut penyebab defect tersebut. Lampirkan dokumentasi dan Follow CAPA dalam penyimpangan ini
4. CPRO koordinasikan dengan vendor terkait CAPA yang dibuat oileh Tim QA Compliance. Lakukan follow up terkait hasil investigasi dan tind. Lampirkan dokumentasi dan Follow CAPA dalam penyimpangan ini",No,https://b7-drive.bintang7.com/?launchApp=SYNO.SDS.Drive.Application#file_id=883199212263625327
2025,DEV/QMT/PLG/QC/0125/007,Closed,NA ,Unplanned,FOIL B7 PUYER NO.16/800x750,1FP001120,2P/2501/0025,-,"QC menginfokan Foil POSNA 2P/2501/0025 ada ketidaksesuaian warna lebih cerah daripada CR Min  pada bagian Gambar Merah Logo dan Bulatan Hijau (bagian depan) serta Gambar Orang (bagian belakang). Pada foil kedatangan 17 jan 2025 sebanyak 57 roll.
No PO: DBG240600
No Mfg vendor: 2SPK4211001127","1. Terhadap FOIL B7 PUYER NO.16/800x750 dengan nomor QC 2P/2501/0025 (1FP001120) ex Indogravure terapat defect ketidaksesuaian warna lebih cerah daripada CR Min pada bagian Gambar Merah Logo dan Bulatan Hijau (bagian depan) serta Gambar Orang (bagian belakang) namun redaksi masih dapat terbaca dengan jelas. Produk ini dibutuhkan untuk CWO dibulan April 2025 dengan total qty sbanyak 57 roll. Dari sisi kualitas tidak terdapat issue kualitas lainnya sehingga dapat direkomendasikan untuk reluctant release. QC lakukan proses perilisan jika semua parameter lainnya masih memenuhi syarat dan lampirkan hasil analisa lengkap dalam penyimpangan ini.
2. PPIC informasikan alokasi nomor batch yang akan menggunakan kemasan defect ini dan lakukan koordinasi ke pihak2 terkait. Lampirkan hasil koodinasi dan alokasi nomor batch dalam penyimpangan ini.
3. QA Compliance lakukan follow up dengan CAPA Material akan dapat ditindaklanjuti ke pencarian akar masalah dan tindakan Corrective maupun preventive. Lampirkan nomor CAPA dalam penyimpangan ini
4. 	CPRO lakukan Follow Up ke vendor untuk CAPA material yang terlat diterbitkan. Informasikan dalam penyimpangan ini",Yes,https://b7-drive.bintang7.com/?launchApp=SYNO.SDS.Drive.Application#file_id=883200413258535859
2025,DEV/QMT/PLG/IM/0125/008,Open-Verifikasi tindakan remedial,HARIYANTO DWI PUTRA SUNARTO,Unplanned,Hydrotalcite ,1AH001000,24005,-,"Di Kalbe ada stok hydrotalcite ex ilyang yang tidak terpakai. Hal ini dikarenakan material tidak bisa dipakai untuk proses produksi. Dari tim nego mengusulkan untuk kebutuhan B7 diambil dari Kalbe dengan urutan sbb :
Material yang ada di Kalbe diproses PMTMS --> diambil oleh supplier --> dari supplier mengirimkan ke B7

sehingga secara alur pembelian tidak melanggar apapun karena pembelian dilakukan ke supplier (Tatarasa). Hanya saja karena material ini sebelumnya dari kalbe maka di kemasan utuh yang akan dikirimkan oleh supplier akan ada label identity dari kalbe","1. Kedatangan Hydrotalcite ex Ilyang dengan no PO HBG250090 sejumlah 20 kg (1 sak) sisa stok kalbe yang di retur ke vendor (Tatarasa) dilakukan untuk kebutuhan komitmen compliance spec RM thp produk Waisan & maintain origin aktif di MPN. WH lakukan penerimaan material sesuai dengan prosedur B7. Pastikan material dikirimkan dalam kemasan sak utuh dan ori serta semua dokumen kelengkapan material lengkap dan sesuai dengan eksisting seperti dokumen halal, CoA dan Hasil analisa dari kalbe sebagai pembanding . Lampirkan dokumentasi foto dan dokumen terkait.
2. Terkait label kalbe yang ditempel pada kemasan material, perlu dilepaskan agar tidak terjadi kerancuan identitas. Namun bila tidak memungkinkan utk dilepas, lakukan penutupan dengan label B7 sehingga material memiliki identitas yang jelas. Lampirkan foto dokumentasi pelepasan/penutupan label tersebut.
3. CPRO pastikan dan informasikan kepada vendor untuk mengirimkan material dalam kemasan sak utuh dan ori serta semua dokumen kelengkapan material lengkap dan sesuai dengan eksisting seperti dokumen halal, CoA dan Hasil analisa dari kalbe sebagai pembanding sudah tersedia.
4. QC lakukan pengujian material Hydrotalcite ex Ilyang sesuai prosedur yang berlaku, pastikan hasil sudah memenuhi syarat sebelum digunakan dan informasikan ke CPRO jika ada hasil yang TMS. Lampirkan dokumen hasil analisa manterial.
5. Produk Hydrotalcite ex Ilyang jika hasil MS dapat digunakan untuk produksi komersil. PPIC pastikan material Hydrotalcite ex Ilyang dengan no PO HBG250090 sejumlah 20 kg (1 sak) terpakai sebelum ED di tahun 2027.",,
2025,DEV/QMT/PLG/QC/0125/009,Open-Verifikasi tindakan remedial,"LUPITA IBERIA,",Planned,BOX KOMIX RASA PEPPERMINT/140x46x105,2DK019000,2K/2501/0066,-,"Saat dilakukan analisa dari QC untuk material incoming 2DK019000 BOX KOMIX RASA PEPPERMINT/140x46x105 ex. CMI warna TMS dari CR, Terdapat temuan warna dot tidak sesuai dengan CR (warna lebih muda dari CR min dan ada yang lebih tua dari CR max, foto terlampir). 

Jumlah temuan= 144pack dari 315 pack hasil sampling. atau setara 45,71% yg TMS.
No Prod: 250118RR
NO PO: DBG240562","1. Terkait BOX KOMIX RASA PEPPERMINT/140x46x105 ex. CMI dengan nomor QC 2K/2501/0066 mengalami defect warna TMS dari CR min max. Tidak ada defect kualitas lainnya dan redaksi masih jelas terbaca.  Ada kebutuhan kemasan untuk pemenuhan batch target di bulan februari dari PPIC karena defect kemasan Box LKPTA ex GK yang meleot sehingga untuk material ini ( BOX KOMIX RASA PEPPERMINT/140x46x105 ex. CMI dengan nomor QC 2K/2501/0066) dapat dirilis jika hasil pemeriksanan lainnya memenuhi syarat. QC lampirkan hasil pemeriksaan dalam penyimpangan ini.
2.  PPIC informasikan alokasi nomor batch yang akan menggunakan kemasan dengan defect ini. Lakukan komunikasi ke pihak terkait defect ini. Informasikan dan lampirkan bukti komunikasi dalam penyimpangan ini.
3. Terhadap penggunaan  BOX KOMIX RASA PEPPERMINT/140x46x105 ex. CMI dengan nomor QC 2K/2501/0066 mengalami defect warna TMS dari CR min-max untuk proses produksi sudah sesuai disposisi penyimpangan ini mohon untuk tidak dijadikan temuan inspeksi internal. 
4. QA Compliance terbitkan CAPA material untukdilakukan investigasi akar masalah dan pemastian proses improvement yang dilakukan oleh vendor jika perlu akan dilakukan meeting dengan vendor terkait. Lampirkan nomor CAPA.
5. CPRO lakukan follow up CAPA material yang diterbitkan oleh QA Compliance. ",,
2025,DEV/QMT/PLG/QC/0125/010,Open-Verifikasi tindakan remedial,"ADELINE TARULI WAHYUNI, YUDHA SATRIA NUGRAHA",Unplanned,PACK KOMIX HERBAL JERUK NIPIS/115x48x64,2DK030000,2K/2501/0061,-,"QC menginfokan kedatangan Pack Komix Herbal Jeruk Nipis ex Penjalindo no. QC 2K/2501/0061 didapati hasil analisa berat TMS upper rata2 11,82 gram (syarat: 10,85-11,75 gram). atau sekitar 0,07gram dari standar.
dari hasil sampling, terdapat 16 pack TMS dari total 20 sample.

No PO: DBG240578
No mfg: P250100259
No devol sebelumnya: DEV/QMT/PLG/QC/1124/002 --> tbc pada case ini untuk confirm toleransi gramatur paper dari material awalnya.",,,
2025,DEV/QMT/PLG/AD/0125/011,Open-Verifikasi tindakan remedial,"PISSA CHRISTANTI,",Unplanned,HONEY LIQUID,2AH001000,2R/2501/0084,-,"Suhu simpan yang tertera pada Label Identitas tidak sesuai dengan MSDS. 
Label identitas : 20-25DC
MSDS : clean and dry place.","1. Honey liq code 2AH001000 saat ini hanya disupply dari NAS (= code 2AH001000J) yang based on MSDS penyimpanannya pada clean & dry place. Suhu simpan yang terset di Oracle untuk code 2AH001000 (PS 25 KG) adalah AC kemungkinan karena diawal code tsb disupply oleh 2 source (NAS & MSA) dan di MSDS MSA dicantumkan suhu simpan cool & dry place shg suhu simpan yang diset di Oracle dipilih yg paling aman secara risiko. WH buatkan FUP terkait perubahan ini. Informasikan nomor FUP tersebut dalam penyimpangan ini.
2.  Andev Lakukan penyesuaian master item terkait suhu simpan pada Oracle utk code 2AH001000 menjadi suhu kamar <30DC (=2AH001000J) sesuai MSDS nya (triggerd by FUP jika sudah approved complete).  Informasikan dan lampirkan bukti perubahan suhu tersebut.
3. Untuk material Honey Liquid dengan item code  2AH001000 yang berada di Gudang B7 Pulogadung, tim Warehouse lakukan penyimpanan pada suhu kamar < 30 DC sesuai dengan MSDS sampai perubahan suhu dioracle bisa diimplementasikan. Sosialisasikan ke tim WH dan dept terkait lainnya. Lampirkan bukti penyimpanan dan sosialisasi dalam penyimpangan ini. 
4. Tim Analitycal Development pernah melakukan study perubahan suhu simpan dari AC ke TK, hasil OK s/d 1,5 bulan shg di Oracle sudah ada opsi penyimpangan di TK max 1,5 bl. Sebagai data pendukung lampirkan hasil studi tersebut dalam penyimpangan ini.",,
2025,DEV/QMT/PLG/QC/0125/012,Open-Verifikasi tindakan remedial,"FEBRIANA VENA LAYARDA, EKO SUPRIYATNO",Unplanned,Curcuma domestica,1AC005000,2R/2501/0018,-,Ditemukan hasil analisis KK Curcuma domestica no. QC 2R/2501/0018 pada tanggal 20 Jan 2025 di luar trend yang diharapkan dengan angka tertinggi pada 690 CFU/g,"1. Curcuma domestica (1AC005000) hanya disupply oleh Phytochemindo Reksa (single source), RM ini hanya digunakan pada produk Entrostop Herbal Anak dan Promag Herbal. Terkait Parameter KK Curcuma domestica diperoleh Out of Trend (OOT) pada no. QC 2R/2501/0018 dengan angka tertinggi pada 690 CFU/g, Secara Material dapat direlease karena masih sesuai spesifikasi, tetapi tidak direkomendasikan untuk dilakukan pelulusan dengan QOTR utk produk yg menggunakan QC ini. RM Curcuma domestica (1AC005000)  dengan nomor QC 2R/2501/0018 dapat dirilis jika semua parameter lainnya sudah memenuhi syarat, lampirkan hasil pemeriksaan dalam penyimpangan ini. 
2. Strategi rilis paralel/QOTR tidak boleh dilakukan untuk produk yang menggunakan material RM Curcuma domestica (1AC005000)  dengan nomor QC 2R/2501/0018 ini. Jika kondisi OOT berpotensi issue jika disimpan terlalu lama, diusulkan digunakan lebih dulu untuk produksi terdekat, Mar 2025 dengan tidak menggunakan mekanisme FEFO. PPIC alokasikan RM tersebut untuk digunakan pada bulan maret 2025, sosialisasikan ke pihak-pihak terkait (Produksi, WH, QA,QC) dan informasikan produk serta nomor batch produk yang menggunakan material ini. Lampirkan bukti koordinasi dan alokasi produk serta nomor batch dalam penyimpangan ini
3. Warehouse lakukan preparasi serta persiapan material RM Curcuma domestica (1AC005000)  dengan nomor QC 2R/2501/0018  sesuai dengan alokasi dari PPIC dari disposisi penyimpangan ini. 
4. Terhadap produk yang menggunakan material Curcuma domestica (1AC005000)  dengan nomor QC 2R/2501/0018 harus dilakukan pengujian mikrobiologi lengkap. Jika tidak masuk dalam sampling plan QC, QA akan melakukan pengambilan sampel FG untuk dikirim ke QC dan dilakukan pemeriksaan mikrobiologi untuk produk sesuai informasi dari PPIC. 
5. QC lakukan pengujian mikrobiologi terhadap FG produk sesuai alokasi PPIC dan dipastikan tidak ada hasil pengujian mikrobiologi yang TMS. Lampirkan hasil pengujian dalam penyimpangan ini.
6. Produk sesuai alokasi produk dan nomor batch dari PPIC dapat dirilis (tidak dengan mekanisme QOTR) jika semua pengujian sesuai spesifikasi produk sudah lengkap dan memenuhi syarat. Lakukan alokasi produk ke area fast moving. ",,
2025,DEV/QMT/PLG/PC/0125/013,Closed,NA ,Planned,"TUBE KOMIX HERBAL KIDS 10 ML 193x350 Qty 298.4 kg, ed 30 Sep 2024","TUBE KOMIX HERBAL KIDS 10 ML 193x350 Qty 298.4 kg, ed 30 Sep 2024","2P/2207/0069_01
	2P/2207/0068_01",-,"Pada RPP 13 Jan, produk LKXKA target feb 1 bn, membutuhkan tube sejumlah 654.65 kg. Stok Tube LKXKA yaitu 691 kg atau 1.06 bets atau setara Rp 54.8 juta ED 30 Sep 2024, akan di perpanjang ED nya dan sesuai diskusi dengan team produksi estimasi sisa tube sejumlah 36.35 kg (691 kg dikurangi 654.65 kg) akan di pakai untuk bets ini sehingga tidak ada sisa tube. Selanjutnya produk LKXKA tidak ada target lagi.","1.         TUBE KOMIX HERBAL KIDS 10 ML 193x350 dengan nomor QC 2P/2207/0069_01 dan 2P/2207/0068_01 sebanyak 691 Kg ED 30 Sep 2024 (setara Rp. 54.8 jt )namun ada kebutuhan PPIC untuk creat wo produk LKXKA sebanyak 1 BN dengan total foil 654.65 kg sehingga membutuhkan perpanjangan ED. Sudah pernah ada deviasi serupa (DEV/QMT/PLG/AD/0624/001) dengan hasil stabtest masih OK. QC lakukan perpanjangan ED selama kualitas TUBE KOMIX HERBAL KIDS 10 ML 193x350 dengan nomor QC 2P/2207/0069_01 dan 2P/2207/0068_01 masih sesuai spesifikasi dan fisik masih OKE. Lampirkan hasil analisa atau report pendukung dalam penyimpangan ini.
2. PPIC informasikan segera alokasi nomor batch yang akan menggunakan foil ED ini untuk dilakukan pengambilan sampel stabilitas oleh tim QA. Informasikan dalam penyimpangan ini.
3.         QA lakukan pengambilan sampel stabilitas untuk produk sesuai nomor batch dari informasi PPIC dipenyimpangan ini.
4. Produksi informasikan jika selama proses produksi produk dengan nomor batch sesuai konfirmasi PPIC ada kendala yang terjadi ketika menggunakan tube dengan perpanjangan ED tersebut. Perlu dipertimbangkan resiko rendemen kecil karena produksi hanya 1 BN saja, resiko waste tube tinggi sehingga kekurangan foil tube perlu dipertimbangkan dan diperhitungkan. Informasikan dalam penyimpangan ini.
5.         Produk dengan nomor batch sesuai informasi dan PPIC dapat dirilis jika semua parameter lainnya sudah memenuhi syarat dan lakukan pembuatan memo fast moving produk. Lampirkan dalam penyimpangan ini",,
2025,DEV/QMT/PLG/QC/0225/001,Closed,NA ,Unplanned,BOX KOMIX OBH/140x46x105,2DK020000,2K/2501/0103,-,"Box OBH ex CMI 2K/2501/0103 (Lot 25012321) ditemukan miss register sebanyak 7.14% dari keseluruhan kedatangan (46.200 pcs). Terlampir pada foto.
No PO: DBG240627","1. Box Komix OBH/140x46x105 ex CMI dengan no. QC 2K/2501/0103 ditemukan misregister Logo MUI sebanyak 7.14% dari keseluruhan kedatangan (46.200 pcs) setara dengan Qty 46.200 ea untuk 5.1 batch LNKOA. Secara redaksi masih terlihat jelas dan dapat dibaca dan PPIC ada kebutuhan untuk creat WO tanggal 4 Feb 2025 sehingga berdasarkan penyimpangan ini dapat dirilis jika tidak ada parameter lainnya yang TMS. QC lampirkan hasil pemeriksaan dengan justifikasi sesuai disposisi penyimpangan ini.
2.  PPIC segera informasikan alokasi nomor batch yang akan menggunakan kemasan   OBH/140x46x105 ex CMI dengan  no. QC 2K/2501/0103 dan defect misregister Logo MUI ini. Koordinasikan dengan bagian lainnya etrmasuk marketing terkait penggunaan kemasan defect ini. Lampirkan bukti koordinasi dan informasikan alokasi no. batch dalam penyimpangan ini.
3. QA Compliance perlu menindaklanjuti penyimpangan ini dengan CAPA material untuk diinvestigasi lebih lanjut penyebab defect tersebut. Lampirkan dokumentasi dan Follow CAPA dalam penyimpangan ini
4. CPRO koordinasikan dengan vendor terkait CAPA yang dibuat oileh Tim QA Compliance. Lakukan follow up terkait hasil investigasi dan tind. Lampirkan dokumentasi dan Follow CAPA dalam penyimpangan ini",,
2025,DEV/QMT/PLG/QC/0225/002,Closed,NA ,Unplanned,BOX KOMIX OBH/140x46x105,2DK020000,2K/2502/0003,-,"QC menginfokan hasil analisa Box Komix OBH ex GK no. QC 2K/2502/0003 Lot PR/A7/BT5099/GK/I/25 ditemukan :
1. warna menyimpang (>CR MAX) = 75/500 = 15% (TMS Spek >7% temuan)
2. smet = 7/500 = 1,4% (Masih masuk syarat <7% temuan)
Laporan dan dok pendukung terlampir","1. Terkait BOX KOMIX OBH/140x46x105 ex Gunung Kelud dengan nomor QC 2DK020000 TMS Warna menyimpang dari CR Max dan defect smet (1,4%) namun masih masuk spec. Tidak ada defect kualitas dan redaksi masih jelas terbaca.  Ada kebutuhan kemasan untuk pemenuhan batch target di bulan februari dari PPIC sehingga untuk material ini dapat dirilis jika hasil pemeriksanan lainnya memenuhi syarat. QC lampirkan hasil pemeriksaan dalam penyimpangan ini.
2.  PPIC informasikan alokasi nomor batch yang akan menggunakan kemasan dengan defect ini. Lakukan komunikasi ke pihak terkait defect ini. Informasikan dan lampirkan bukti komunikasi dalam penyimpangan ini.
3. QA Compliance terbitkan CAPA material untuk ivestigasi akar masalah dan pemastian proses improvement yang dilakukan oleh vendor. Lampirkan nomor CAPA.
4. CPRO lakukan follow up CAPA material yang diterbitkan oleh QA Compliance. ",,
2025,DEV/QMT/PLG/QC/0225/003,Closed,NA ,Unplanned,KARTON PROMAG SUSPENSI/375x208x258,3MP005000,2K/2501/0110,-,Ditemukan KARTON PROMAG SUSPENSI/375x208x258 ex DCK TMS Bobot Upper (rata-rata 369.63).,"1.Terkait defect karton Promag Suspensi/375x208x258 ex DCK TMS Bobot Upper (rata-rata 369.63) ada kebutuhan creat wo dibulan februari dengan kekurangan material untuk 1 BN.  Dari data berat karton yg TMS tsb maka dg range berat karton eksisting 6,31- 7,02 kg (karton TMS range menjadi 6,33 - 7,04 kg) perbedaan kecil, sehingga tidak perlu dilakukan perubahan setting bobot di 3WS dan bisa dilakukan otorisasi setelah verifikasi. QC lakukan perilisan untuk karton Promag Suspensi/375x208x258 ex DCK dengan no. QC 2K/2501/0110. Lampirkan hasil pemeriksaan dalam penyimpangan ini.
2.  PPIC informasikan alokasi nomor batch yang akan menggunakan kemasan dengan defect bobot karton ini termasuk ek produksi dan TS. Informasikan dan lampirkan bukti komunikasi dalam penyimpangan ini.
3. Jika dilihat hasil uji DCK di CoA cenderung di batas bawah spec (342,76 g), berbeda dgn hasil uji QC yg rata-rata over spec max (369,63 g), spec 339,41-367,69 g. Perlu difollow up melalui CAPA ke vendor. QA Compliance terbitkan CAPA material untuk ivestigasi akar masalah. Lampirkan nomor CAPA.
4. CPRO lakukan follow up CAPA material yang diterbitkan oleh QA Compliance dan arrage meeting/diskusid engan vendor untuk mempercepat RCA dan PICAPA. Informasikan dalam penyimpangan ini ",,
2025,DEV/QMT/PLG/QC/0225/004,Closed,NA ,Unplanned,BOX KOMIX RASA JERUK NIPIS/140x46x105,2DK017000,2K/2501/0097,-,"QC menginfokan hasil analisa QC Box Komix Jeruk Nipis 2DK017000 no. QC 2K/2501/0097 ex CMI ditemukan hasil sbb:
1. minor warna menyimpang (dot pudar) : 34/507 = 6,71%
2. minor bergaris (missreg) : 8/507 = 1,58% (tidak signifikan dan tidak memengaruhi tulisan)
3. minor smet : 4/507 = 0,79% (tidak signifikan)
4. susunan karton Not Complies di vat 11,12,13 (terbalik) 

(foto+ hasil analisa + dok pelengkap terlampir) ","1. Terkait Box Komix Rasa Jeruk Nipis/140x46x105 ex CMI dengan nomor QC 2K/2501/0097 mengalami defect TMS warna dari CR Max dan susunan karton Not Complies di vat 11,12,13, ada kebutuhan untuk creat WO tanggal 7 februari 2025. Perbedaan warna dot biru sangat tampak signifikan berbeda dari warna dot biru std dan Terkait susunan vat yang terbalik akan akan mengakibatkan Produksi kesulitan saat operasional pengemasan di kartoning diproses penempatan karton di magazine mesin kartoning.  Namun berdasarkan kebutuhan material dari PPIC dan rekomendasi dari QC masih dapat dilakukan reluctant rilis. QC lakukan perilisan dan lampirkan hasil report pemeriksaan dalam penyimpangan ini. 
2. PPIC informasikan alokasi nomor batch yang akan menggunakan kemasan dengan defect ini. Lakukan komunikasi ke pihak terkait juga termasuk produksi untuk defect warna dan susuan vat terbalik tersebut karena dibutuhkan aktivitas tambahan oleh user saat proses kartoning. Informasikan dan lampirkan bukti komunikasi dalam penyimpangan ini.
3. QA Compliance terbitkan CAPA material dan koordinasi meeting dengan vendor secara berkalan untuk ivestigasi akar masalah dan pemastian proses improvement yang dilakukan oleh vendor. Lampirkan nomor CAPA.
4. CPRO lakukan follow up CAPA material yang diterbitkan dan perlu minimalkan PO ke CMI s/d vendor lakukan improvement agar tdk menyebabkan problem di operasional.",,
2025,DEV/QMT/PLG/QC/0225/005,Open-Verifikasi tindakan remedial,EKO SUPRIYATNO,Unplanned,SUCCUS LIQUIRITIAE RAD LIQUID EXTRACT B,1AS005000,"2R/2501/0120
2R/2501/0121",-,"terdapat 2 kedatangan Succus pada tanggal 20 Jan dengan Lot 24.7026 (2R/2501/0120)  dan 24.7027 (2R/2501/0121) yang memiliki pemerian yang abnormal pada visual material (terlampir pada gambar).

Setelah dilakukan sampling (dengan homogenisasi) , di cek pada botol sampling setelah di diamkan terdapat ""partikel"" yang naik pada permukaan material terutama untuk 2R/2501/0121 . Sudah dilakukan pengamatan bahwa partikel tersebut bukan ""serbuk/padatan"" namun merupakan ""buih/busa/gelembung udara"". Dari sisi aroma, tidak terdapat perbedaan.

Lot 24.7026 sudah pernah datang 3 kali sebelumnya pada B7 dan tidak terdapat issue terkait hal ini. Dari hasil samplingan, busa tidak sebanyak/separah Lot 24.7027. Untuk Lot 24.7027 baru pertama kali datang ke B7.","1. Terkait material succus dengan Lot 24.7026 (2R/2501/0120) dan 24.7027 (2R/2501/0121) yang memiliki pemerian yang abnormal pada visual material (terdapat gelembung urdara), dari hasil pengujian mikro material oleh QC masih memenuhi syarat dan lot yang sama pernah datang dan tidak ada issue. PPIC ada kebutuhan material succus untuk digunakan produksi bulan februari 2025 ini sehingga jika tidak ada issue kualitas material akan digunakan untuk pemenuhan stok. QC lakukan perilisan untuk succus Lot 24.7026 (2R/2501/0120) dan 24.7027 (2R/2501/0121) jika tidak ada parameter lain yang TMS. Lampirkan report hasil pengujian dalam penyimpangan ini. 
2. PPIC informasikan segera produk dan nomor batch yang akan menggunakan material succus ini agar dapat dilakukan pengambilan sampel uji mikro dan stabilitas penyimpangan. 
3. QC pastikan dilakukan uji ulang mikro material sebelum digunakan pada produk jika ada jeda waktu cukup lama dari RM released s/d no QC ini diconsume utk CWO produk. Informasikan dan lampirkan dokumen pendukung dalam penyimpangan ini. 
5. QA lakukan pengambilan sampel uji mikro untuk FG (sesuaikan dengan sampling plan QC) produk dengan nomor batch sesuai yang diinfokan oleh PPIC dalam penyimpangan ini. 
4. QA lakukan pengambilan sampel stabilita penyimpangan untuk FG produk dengan nomor batch sesuai yang diinfokan oleh PPIC dalam penyimpangan ini. Lampirkan protokol dalam penyimpangan ini.
5. QC lakukan pengujian mikrobiologi di FG sesuai sampel yang dikirimkan oleh QA (sesuaikan dengan sampling plan) . Lampirkan hasil pengujian dalam penyimpangan ini.
6.  Perlu diinvestigasi lebih jauh terkait kejadian pemerian yang abnormal pada visual material (terdapat gelembung urdara) succus ini ke vendor. QA Compliance terbitkan CAPA material dan lampirkan serta informasikan hasil investigasi CAPA tersebut dalam penyimpangan ini.
7. CPRO lakukan Follow up CAPA material ayng diterbitkan oleh QA Compliance.
8. Produk dengan nomor batch sesuai info PPIC dalam dirilis jika semua parameter ujinya memenuhi spesifikasi yang ditentukan. Terbitkan juga memo alokasi ke area fast moving sebagai bentuk mitigasi risiko yang dilakukan oleh perusahaan. Lampirkan memo dalam penyimpangan ini.",,
2025,DEV/QMT/PLG/IM/0225/006,Closed,NA ,Planned,PSIDIUM GUAJAVA FOLIUM DRY EXTRACT,1AP007000,119HZ,-,akan ada kedatangan di tgl 10/11 Feb PSIDIUM GUAJAVA FOLIUM DRY EXTRACT BN 119HZ no PO HBG240975 Qty 40kg dengan packing size (PS) 20 kg karena adanya kesalahan pemesanan di GCM ke phytochemindo (surat pernyataan terlampir). Aktual PS di oracle 10 kg,"1. Material PSIDIUM GUAJAVA FOLIUM DRY EXTRACT BN 119HZ no PO HBG240975 Qty 40kg akan datang dengan packing size (PS) 20 kg (PS aktual di oracle 10 kg) karena adanya kesalahan pemesanan di GCM ke phytochemindo (surat pernyataan sudah terlampir). Tidak ada perbedaan komposisi bahan baku dengan PS 10 kg. Andev akan melakukan perubahan PS dari 10 Kg ke 20 kg di oracle untuk kedatangan ini. Informasikan dan lampirkan dokumentasi perubahan tersebut dalam penyimpangan ini.
2.         Setelah RM direceipt dan proses administrasi selesai, Andev akan mengubah kembali ke PS original yaitu 10 kg. Dokumentasikan perubahan PS ke PS eksisting 10 Kg dalam penyimpangan ini setelah proses receipt selesai.
3.         Supplier perlu melampirkan statement letter pada saat pengiriman sebagai salah satu arsip laporan analisa pada QC dan informasi ke internal B7 (Gudang). CPRO informasikan kepada vendor dan pastikan statement latter terlampir saat penerimaan material.
4.         Gudang pastikan penerimaan material dilakukan sesuai prosedur yang berlaku dengan PS yang diinformasikan dalam penyimpangan ini (20 kg). Informasikan juga jika ada kendala pada proses receipt dalam penyimpangan ini
5.         Tim penimbangan informasikan jika ada perlakuan/aktivitas tambahan untuk proses penimbangan yang dilakukan.",No,https://b7-drive.bintang7.com/?launchApp=SYNO.SDS.Drive.Application#file_id=871570316407651200
2025,DEV/QMT/PLG/QC/0225/007,Open-Verifikasi tindakan remedial,"EVAN CHRISTY SATRIYANTO, ADELINE TARULI WAHYUNI",Unplanned,FOIL KOMIX HERBAL JERUK NIPIS/718x1000,1FK053020,2P/2502/0006,-,Ditemukan 1FK053020 FOIL KOMIX HERBAL JERUK NIPIS/718x1000 TMS Warna back lebih gelap dari CR Max dan Warna front lebih terang dari CR Min,"1. Terkait Foil KOMIX HERBAL JERUK NIPIS/718x1000 dengan kode 1FK053020 yang mengalami TMS Warna back lebih gelap dari pada CR Max dan Warna front lebih terang dari CR Min secara redaksi masih jelas terbaca. Sehingga foil diusulkan untuk direluctant releasi dengan catatan semua parameter lain MS. Lampirkan hasil laporan analisa dalam penyimpangan ini.
2. PPIC informasikan alokasi nomor batch yang akan menggunakan kemasan dengan defect ini. Lakukan komunikasi ke pihak terkait juga termasuk produksi untuk defect ini. Informasikan dan lampirkan bukti komunikasi dalam penyimpangan ini.
3. QA Compliance terbitkan CAPA material dan koordinasi meeting dengan vendor untuk nvestigasi akar masalah. Lampirkan nomor CAPA.
4. CPRO lakukan follow up CAPA material yang diterbitkan oleh QC Compliance.",,
2025,DEV/QMT/PLG/QC/0225/008,Closed,NA ,Unplanned,PACK B7 OBAT MAAG WAISAN/54x24x74,2DW003110,2K/2502/0093,-,"Saat analisa incoming material, ditemukan bahwa PACK B7 OBAT MAAG WAISAN/54x24x74 ex CMI TMS secara visual dengan defect blobor bergaris (terlampir pada foto)
Ditemukan pada 10 pack dari total 504 yang disampling.

No QC: 2K/2502/0093
No PO: DBG250037
Qty incoming: 81.000","1. Terkait PACK B7 OBAT MAAG WAISAN/54x24x74 defect blobor bergaris sebanyak 1.9% estimasi akan digunakan untuk creat WO pada tanggal 22 April 2025 sehingga Vat yang ditemukan defect harus di reject, sementara untuk Vat lainnya yang MS dan yang tidak di sampling oleh QC direkomendasikan untuk di rilis. Konfirmasi dari Tim Marketing sudah setuju dengan hal ini. QC berikan penandaan pada vat reject dan proses ATB, informasikan hasil report analisa lengkap dalam penyimpangan ini. 
2. Terhadap Vat lain yang MS dan sudah dirilis untuk digunakan dalam proses produksi pastikan defect bila ditemukan pada saat produksi dapat di return defect ke WH dan melakukan FKM ulang sesuai jumlah pack yang defect. Produksi informasikan jika ditemukan pack defect dalam proses produksi dipenyimpangan ini.
3.  Vendor sudah melakukan sortir 100% tapi masih tidak efektif karena masih ditemukan defect yg signifikan terlihat. QA Compliance lakukan follow up kembali ke vendor via CAPA Material.
4. Cpro lakukan tindaklanjut CAPA Material oleh QA Compliance ke vendor",,
2025,DEV/QMT/PLG/AD/0225/009,Closed,NA ,Planned,FOIL PROMAG HERBAL/718x1000,1FP003000 ,"	2P/2409/0036_03 (QTY 0.5 ROL)
	2P/2410/0021_03 (QTY 0.75 ROL)",-,Foil bergaris di pakai untuk produksi,"1. 	Usulan penggunaan Foil bergaris(1FP003000 FOIL PROMAG HERBAL/718x1000) pada produksi produk LPRGQ dibutuhkan untuk meminimalkan write off kemasan lama untuk proses filling 26 Februari 2025. Dari sampel QC, Defect tidak menutupi redaksi dan barcode masih dapat di scan. Foil FOIL PROMAG HERBAL/718x1000 (1FP003000) dengan nomor QC 2P/2410/0021_03 ((QTY 0.75 ROL)) dan 2P/2409/0036_03 (QTY 0.5 ROL) dapat dilakukan perilisan. QC lakukan disposisi status FPP foil sesuai kebutuhan pada penyimpangan ini, lampirkan hasil disposisi FPP tersebut
2. PPIC informasikan segera alokasi nomor batch yang akan menggunakan kemasan lama dengan defect ini dan Nomor QC serta Qty kemasan foil defect aktual yang digunakan untuk proses produksi. Sosialisasikan ke tim produksi dan Warehouse. Lampirkan dan informasikan dalam penyimpangan ini.
3. 	PPIC informasikan juga cutt off batch penggunaan kemasan lama dan batch yang akan menggunakan kemasan baru dalam penyimpangan ini agar tidak terjadi mix up.
4. Perlu alokasi yang jelas untuk no batch produk yang menggunakan foil ini agar tidak bercampur dengan foil lain yang memiliki no QC berbeda. Hal ini tujuannya agar terdapat stok matching antara sistem dengan fisik yang ada. Pastikan no QC, no JO dan juga label non dispense untuk foil terkait tersedia sehingga tetap dapat digunakan untuk ketertelusuran dalam dokumen BR yang digunakan. Warehouse pastikan semua informasi dan kemasan yang diberikan ke produksi sesuai dengan disposisi deviation ini.
5. Produksi pastikan tidak terjadi mixup penggunaan foil bergaris ini pada batch produk sesuai informasi dari PPIC. Informasikan jika ada kendala dan kejadian dilapangan, lampirkan label identitas yang ada pada PPI batch produk LPRGQ sesuai konfirmasi dari PPIC.
6. Terkait defect foil bergaris ini, akan difollow up ke vendor via CAPA (perlu recheck CAPA utk no QC/ lot yg sama sdh pernah dibuatkan/blm). QA Compliance informasikan nomor CAPA dalam penyimpangan ini
7. CPRO lakukan follow up CAPA Material yang dibuatkan oleh QA Compliance. Informasikan dalam penyimpangan ini.
8. 	Produk dengan nomor batch sesuai alokasi dari PPIC dapat dirilis jika semua hasil parameter memenuhi syarat dan jika tidak ada issue kualitas lainnya.",,
2025,DEV/QMT/PLG/QC/0225/010,Open-Verifikasi tindakan remedial,"GERTRUD AKNADYA ANGGIRA, YUDHA SATRIA NUGRAHA, ADELINE TARULI WAHYUNI",Unplanned,TUBE KOMIX HERBAL ORIGINAL 15 ML 193x350,1WK008030,	2P/2502/0054 - 2P/2502/0039,-,Ditemukan TUBE KOMIX HERBAL ORIGINAL 15 ML 193x350 EX Hangzhou TMS Pitch Under dan Upper,,,
2025,DEV/QMT/PLG/IM/0225/011,Closed,NA ,Planned,FOIL PROMAG HERBAL,FOIL PROMAG HERBAL,-,-,"- Pihak WH bagian pelayanan Packaging Material menerima PMFR untuk produk LPRGQ HB286.
- Staff PM supply melakukan pengecekan jumlah stock untuk item : 1FP003000 FOIL PROMAG HERBAL/718x1000.
- Jumlah Foil yang tersedia dengan status RELEASE secara system adalah 3 rol dengan rincian : 0,75 rol di G02 dan 2,25 rol di WH.
- Dikarenakan di WH hanya ada 2,25 rol, maka proses tidak bisa dilakukan, karena kebutuhanya adalah 2,5 rol.
- Staff PM Supply melaporkan ke Spv IMC, lalu dilakukan koordinasi ke PPIC, Produksi, dan QA","1. Terkait dengan kebutuhan kekurangan sebanyak 0.25 roll foil PROMAG HERBAL/718x1000 dengan kode 1FP003000 untuk pemenuhan 1 BN produk LPRGQ dapat dipenuhi melalui foil LPRGQ dengan status FPP yang mengalami kasus yang sama. QC lakukan perilisan untuk foil PROMAG HERBAL/718x1000 dengan kode 1FP003000 dengan kasus foil bergaris utk pemenuhan 1 BN produksi saja sebanyak 0.25 roll. Informasikan nomor QC material dan dokumentasi perilisan FPP tersebut dalam penyimpangan ini.
2. WH pastikan sisa kebutuhan 0.25 roll foil PROMAG HERBAL/718x1000 dengan kode 1FP003000 yang di FPP rilis oleh QC tersedia dan dapat digunakan oleh produksi.
3. 	Material foil PROMAG HERBAL/718x1000 dengan kode 1FP003000 yang mengalami defect (kecuali foil bergaris untuk kebutuhan 0.25 roll) dan masih dalam status FPP lakukan proses reject karena produksi LPRGQ sudah dengan kode kemasan baru sehingga foil defect tersebut dapat di reject. Informasikan nomor QC, detail defect dan dokuemntasi reject FPP dalam penyimpangan ini.
4. Untuk Sejumlah 0,75 rol (rounding) yg ada di G02 tidak bisa diretur karena secara fisik sudah habis untuk setting. Foil rounding dibebankan ke BN berjalan. Produksi informasikan nomor batch produk LPRGQ yang menggunakan foil PROMAG HERBAL/718x1000 dengan kode 1FP003000 sebanyak 0.75 roll etrsebut.
5.Preventive action untuk ke depannya saat akan melakukan create wo batch terakhir oleh PPIC, perlu memastikan fisik foil di seluruh lokasi (Warehouse dan Produksi).",No,
2025,DEV/QMT/PLG/PC/0225/012,Open-Verifikasi tindakan remedial,,Planned,PACK KOMIX HERBAL LEMON/71x37x98,2DK002020,-,-,"Pack LKXLA kode lama 2DK002020 (take out perforasi) sejumlah 20,192 ea atau 0.64 bets atau Rp 10,096,000 di campur dengan 2DK002030 (Perubahan logo halal baru, Penambahan logo recycle) dalam 1 bets untuk target Apr 2025.","1. Penggunaan kemasan campuran Pack LKXLA kode lama 2DK002020 (take out perforasi) dan  2DK002030 (Perubahan logo halal baru, Penambahan logo recycle) bertujuan untuk meminimalkan write off. Usulan deviation ini dapat dilakukan hanya untuk 1 BN saja sesuai pengajuan dari PPIC. PPIC informasikan nomor batch produk yang akan dikemas dengan menggunakan kemasan pack campuran dalam penyimpangan ini, sosialisasikan ke pihak terkait dan lampirkan dalam penyimpangan ini.
2. Untuk meminimalkan mix up dan memudahkan ketelusuran maka pengemasan prdouk LKXLA dilakukan menggunakan kemasan pack kode lama 2DK002020 (take out perforasi) terlebih dahulu jika sudah habis baru dilanjutkan menggunakan pack kode baru. Lakukan juga pemisahan pengemasan pada karton FG agar tidak bercampur dalam 1 karton ada kemasan baru dan lama, catat pada catatan perubahan proses di PPI agar dapat didokumentasikan dan ditelusur. Lampirkan dalam penyimpangan ini
3. Proses pengemasan ini dilakukan mengacu ke form verifikasi formula dan lampiran proses, TS buatkan FVF dan Lampro untuk deviation ini. Sosialisasikan Lampro ke departemen terkait dan pastikan operator/tim produksi terinfo untuk melakukan pengemasan menggunakan pack kode lama terlebih dahulu baru menggunakan pack kode baru dan lakukan pemisahan pada karton FG. Lampirkan dan informasikan dalam penyimpangan ini.
4. Pastikan dilakukan verifikasi oleh tim Inspektor QA dalam pengemasan produk LKXLA sesuai nomor batch yang diinformasikan oleh PPIC. Informasikan hasil verifikasi dalam penyimpangan ini.
5. Produk dengan nomor batch sesuai informasi dalam penyimpangan ini dapat dirilis jika hasil verifikasi oleh inspektor QA sudah sesuai dengan disposisi penyimpangan ini dan semua parameter kualitas lainnya sudah memenuhi syarat. ",,
2025,DEV/QMT/PLG/QC/0325/001,Open-Verifikasi tindakan remedial,ADELINE TARULI WAHYUNI,Unplanned,KARTON KOMIX OBH/540x284x235,3MK044010,2K/2503/0071,-,"Ditemukan hasil analisa QC KARTON KOMIX OBH/540x284x235 (3MK044010) dengan no. QC 2K/2503/0071 no. lot 1201-A 120325, bahwa berat karton TMS Under sebanyak 7 dari 10 karton yg dicek (spec : 535-579 gram). NOTE: BCT MS.
Sudah dilakukan sampling ulang dr 10 karton yang berbeda, hasilnya TMS 9 dari 10 karton. 

dokumen pendukung dan hasil analisa terlampir.
","1. Terkait dengan KARTON KOMIX OBH/540x284x235 ex Oji Sinar Mas TMS Bobot under yaitu 533 g (Syarat 535 g) sejumlah 3.500 ea setara 20 batch estimasi dipakai create wo 8 Apr 2025 untuk target Apr 2025. Karton diusulkan dapat direluctant rilis dengan syarat parameter lain MS. Lampirkan Report analisa lengkap dalam penyimpangan ini.
2. 	PPIC informasikan alokasi nomor batch yang akan menggunakan KARTON KOMIX OBH/540x284x235 ex Oji Sinar Mas TMS Bobot under ini dan sosialisasikan ke pihak terkait.
3. Bobot karton Komix OBH yg underspec dan ditemukan 16 dari 20 yg disampling QC (uji awal & sampling ulang) dengan Bobot Terendah 526 gram (spec min 535 g) berpotensi mempengaruhi berat final produk per karton, sehingga perlu direview kebutuhan dilakukan adjustment bobot di master item & 3WS, atau dilakukan otorisasi bobot. Informasikan dalam penyimpangan ini.
4. 	Apabila dibutuhkan adjustment bobot di master Item dan 3WS, lakukan penyesuaian dan sosialisasikan ke tim produksi.
5. Jika tidak dibutuhkan adjustment bobot di master item dan 3WS maka Produksi lakukan otorisasi berat karton FG setelah dilakukan verifikasi isinya lengkap jika berat karton hasil penimbangan FG ditemukan TMS under. Informasikan jika ada kejadian tersebut dalam PPI. Lampirkan dalam penyimpangan ini.
6. QA Compliance terbitkan CAPA Material ke vendor agar dilakukan perbaikan terhadap deviation ini. Informasikan nomor CAPA
7. CPRO lakukan follow up kepada vendor sesuai CAPA material yang diterbitkan oleh tim QA Compliance. Informasikan dalam penyimpangan ini",,
2025,DEV/QMT/PLG/QC/0325/002,Open-Verifikasi tindakan remedial,"EVAN CHRISTY SATRIYANTO, ADELINE TARULI WAHYUN",Unplanned,Pack Komix OBH ,2DK020000,2K/2502/0115,-,"QC Menginfokan pada hari Kamis, 27 Maret 2025 bahwa kedatangan lama pada bulan feb 2025 pack obh CMI terdapat misreg minor pada bagian tulisan ""KOMIX"" dgn bayang putih  (ukuran misreg <0.1mm, sbnyk 6,3%) pada batas spek: <= 0.5mm.

ditemukan sebanyak 2 vat dari 5 vat yg disampling",,,
2025,DEV/QMT/PLG/IM/0425/001,Open-Verifikasi tindakan remedial,"ADELINE TARULI WAHYUNI, I.NOVIANTA WULANDARI, ADELINE TARULI WAHYUNI",,Box Komix Jeruk Nipis,2DK017010,"2K/2503/0126
2K/2503/0124",-,Proses sortir material reject Box Komix Jeruk Nipis ex CMI dilakukan di B7,"1.         Terkait Box Komix Jeruk Nipis ex CMI yang defect sudah berstatus ATB tetapi perlu dilakukan sortir di lokasi B7 karena alasan sesuai devol ini sehingga perlu dipastikan line clearance area sortir utk menghindari mixed up batch, juga penerangan ruangan yg memadai utk memastikan efektivitas proses sortir thp defect warna. Gudang informasikan ketersediaan ruangan dan pastikan line clearance area dilakukan. Informasikan dalam penyimpangan ini.
2. CPRO pastikan personel CMI yg bertugas utk sortir terkualifikasi & memahami spesifikasi kemasan, termasuk membawa PPCR sbg panduan warna, juga OPL sbg panduan penyusunan posisi box dalam karton.
3. Terhadap produk NC hasil sortir, Gudang pastikan ditempatkan pada wadah khusus dgn penandaan yg sesuai agar tdk tercampur dgn hasil sortir yg OK. Box hasil sortir diterimakan kembali ke B7, pastikan secara administrasi sesuai (inc qty nya). Informasikan dalam penyimpangan ini
4. QC lakukan analisa kembali material hasil sortiran sesuai prosedur internal B7, diperlukan dokumen baru, dan akan diterima serta dianalisa sesuai dengan jumlah pada dokumen tersebut. QC formasikan hasil analisa Box Komix Jeruk Nipis ex CMI hasil sortir tersebut dalam penyimpangan ini, perilisan material tersebut berdasarkan hasil analisa QC.
5.         Kejadian defect berulang, sudah diberikan surat teguran ke CMI terhadap status EKV nya & akan didrop dari MPN jika improvement yg sudah dilakukan tdk berdampak thp quality material yg disupply (masih ada issue/defect berulang). Akan diterbitkan kembali CAPA ke vendor oleh tim Quality Compliance
6. CPRO berdasarkan hasil review dari tim Quality Compliance tidak diperkenankan ada PO ke CMI s/d ada improvement & diverifikasi hasilnya terlebih dahulu.",,
2025,DEV/QMT/PLG/PC/0425/002,Open-Verifikasi tindakan remedial,"HARIYANTO DWI PUTRA SUNARTO,",,Sodium Saccharin ,2AS013000,-,-,"Adanya kebutuhan sodium saccharine, yang saat ini pembelian menggunakan approval kuota import, namun lead time approval hingga kedatangan tidak cukup sehingga di perlu dilakukan pembelian stock lokal. Material ini akan di pakai sebagai target Juni 2025, secara planning diperlukan datang di Mei 2025. Namun karena kondisi stock lokal saat ini terbatas maka akan didatangkan secepatnya di Apr 2025 untuk mengamankan stock.

Untuk stock di supplier dengan origin Henan Kaifeng Pingmei Shenma sejumlah 500 kg dengan manufacture date tahun 2022 sehingga masih menggunakan CoA format lama (terlampir). ED RM 27 Nov 2027. 

Terlampir pemakaian sodium saccharine pada produk, di mana salah satu nya adalah pada produk pareto Komix Adult.","1.         Terkait Sodium Saccharin ex Henan Kaifeng sesuai devol yang disampaikan merupakan stok tahun 2022 (ED RM 2027) dengan terdapat beberapa perbedaan CoA dengan CoA eksisting kedatangan terakhir sesuai review pada deviasi ini. Terkait material Sodium Saccharin ex Henan Kaifeng dapat dibeli dengan qty sesuai kebutuhan PPIC namun pastikan seluruh parameter uji memenuhi spec existing sebelum digunakan. CPRO informasikan ETA material sampai ke B7 untuk dapat dimonitoring.
2. QC pastikan hasil pengujian Sodium Saccharin ex Henan Kaifeng yang data dengan COA lama harus memenuhi syarat sebelum digunakan disposisi sesuai hasil pengujian dari QC dengan spec B7. Lampirkan hasil pengujian dalam penyimpangan ini.
3.         WH lakukan penerimaan material sesuai dengan prosedur eksisting, jika ada kendala atau deviasi pada proses lakukan koordinasi dengan CPRO dan PPIC.
4.         PPIC informasikan alokasi nomor batch yang menggunakan material ini",,
2025,DEV/QMT/PLG/PC/0425/003,Open-Verifikasi tindakan remedial,"HARIYANTO DWI PUTRA SUNARTO, VINSENSIA VICA DWI EDININGTYAS",,Sodium saccharin,2AS013000,-,Origin Tianjin,"Adanya kebutuhan sodium saccharine sehingga butuh di datangkan origin Tianjin sbb

Material ini estimasi habis sebagai target Sep 2025
Terlampir perhitungan kebutuhan sod saccharine dan CoA, pemakaian pada produk-produk

Adanya kebutuhan sodium saccharine, yang saat ini pembelian menggunakan approval kuota import, namun lead time approval hingga kedatangan tidak cukup sehingga di perlu dilakukan pembelian stock lokal. Material ini akan dipakai kebutuhan Jun-Aug 2025, secara planning diperlukan datang di Jun 2025. Namun karena kondisi stock lokal saat ini terbatas maka akan didatangkan secepatnya di Apr 2025 untuk mengamankan stock.

Untuk stock di supplier dengan origin Tianjin North Food Co.Ltd sejumlah 1.725 kg dengan adanya perbedaan spec ukuran mesh:
Mesh 8-12: 1475 kg
Mesh 20-40: 250 kg

Secara Oracle, MPN sudah diusulkan non active karena sudah tidak ada order sehingga perlu dilakukan follow up terkait status MPN untuk bisa dilakukan order kembali.

Terlampir pemakaian sodium saccharine pada produk, di mana salah satu nya adalah pada produk pareto Komix Adult.","1.         Terkait dengan pembelian material Sodium Saccharine ex Tianjin North yang sudah diajukan inaktivasi dari MON sesuai FUP/PLG/MTL/2412/003M, MPN sampai saat ini masih aktif. Dari hasil pengecekan kelarutan sampel oleh TS untuk material Sodium Saccharine ex Tianjin North mesh 8-12 dan 20-40 dapat dilakukan pembelian sesuai dengan Qty kebutuhan dari PPIC dan digunakan diproduk Waisan. Cpro lakukan pembelian sesuai PR dari PPIC dan informasikan nomor PO dan ETA kedatangan material dalam penyimpangan ini.
2.         Terhadap material Sodium Saccharine ex Tianjin North terakhir kedatangan tahun 2022 karena disposisi FUP 2024 untuk inaktivasi origin Tianjin ini, origin Tianjin tidak di masukkan dalam registrasi produk ke BPOM sehingga belum pernah di analisa dg menggunakan spek baru per Mar 2023. Sehingga keputusan penggunaan material berdasarkan hasil analisa QC terhadap spesifikasi terupdate B7 untuk perilisan. Jika hasil QC reject maka material tidak boleh digunakan. Informasikan hasil pengujian dalam penyimpangan ini beserta report lengkapnya
3. Akibat pemesanan kembali Sodium Saccharine ex Tianjin North maka Sodium Saccharine ex Tianjin North tidak jadi ditake out dari registrasi produk sehingga Quality Compliance lakukan revisi matriks sandingan Registrasi dan surat komitmen (jk ada) yang akan disubmit ke BPOM. Lampirkan dalam penyimpangan ini
4. Dengan adanya revisi registrasi oleh Quality Compliance maka material ini dapat digunakan di produk Komix Jahe dan Expectorant Variant. PPIC alokasikan sesuai kebutuhan operasional
5.         Terkait pemesanan kembali ini juga maka FUP/PLG/MTL/2412/003M harus dicancel karena material Sodium Saccharine ex Tianjin North disupply dari TSJ (supplier dengan dokumen CDOB yang aktif). CPRO lakukan koordinasi dengan QA untuk cancel FUP dan pastikan bahwa supplier TSJ mampu untuk melakukan supplie Sodium Saccharine ex Tianjin North ke B7. Lampirkan dokumen pendukung dalam penyimpangan ini.",,
2025,DEV/QMT/PLG/QC/0425/004,Open-Verifikasi tindakan remedial,"EVAN CHRISTY SATRIYANTO, FEBRIANA VENA LAYARDA, ADELINE TARULI WAHYUNI",Unplanned,PACK B7 OBAT MAAG WAISAN/54x24x74,2DW003110,2K/2504/0053,-,"QC menginfokan adanya temuan pada kedatangan baru 17 april 2025 untuk PACK B7 OBAT MAAG WAISAN/54x24x74 ex. Gunung Kelud
ditemukan Dot Hijau pada Pack Waisan TMS CR Minimal.
Ini difoto kurang terlihat, tpi asli nya hijaunya lebih pudar dan pinggir lingkarannya abu-abu bukan hitam.

Temuan 527 dari 806 pack (65.39%). 

qty kedatangan 184.100pcs
PO: DBG250187
no lot manuf: PR/A7/BT5251/GK/III/25

terlampir data pendukung dari QC.",,,
2025,DEV/QMT/PLG/PC/0425/005,Closed,"EVAN CHRISTY SATRIYANTO, FEBRIANA VENA LAYARDA, ADELINE TARULI WAHYUNI",Planned,SODIUM SACCHARINE,2AS013000,-,-,"Devol sebelum nya terkait sod sakarin yaitu 
1. DEV/QMT/PLG/PC/0425/002 : Sodium Saccharin Kaifeng yg datang ke B7 dengan Manufature Date nya 2022 sehingga masih menggunakan CoA format lama (terlampir).
2. DEV/QMT/PLG/PC/0425/003 : Sodium saccharine origin Tianjin yang sudah diajukan non active MPN akan dilakukan order untuk didatangkan.

Utk DEV/QMT/PLG/PC/0425/002 origin Kaifeng, info nya tidak bisa supply sehingga supply selanjutnya dari suplier Anugerah Visi Bersama origin Tianjin sejumlah 500 kg dimana 250 kg dengan Tianjin North dan 250 kg Tianjin Changjie, dengan mesh 8-12.
Selain itu di infokan terdapat perbedaan spek pada CoA Tianjin ini dengan kedatangan 17 apr dan 21 apr.
Apabila sod sakarin kedatangan 17 apr dan 21 apr, total 1725 kg disposisi released maka sod sakarin 500 kg akan di pakai sekitar juli (utk target Agt) dan habis Agt (target Sep terpenuhi 64 kg dari total kebutuhan Sep 656.669 KG) terlampir perhitungan nya.
Mempertimbangkan adanya analisa external sehingga sod sakarin ini segera.
Terlampir pemakaian sodium saccharine pada produk, di mana salah satu nya adalah pada produk pareto Komix Adult.","1. Pembelian Sodium Saccharine ex Tianjin North diorder dari supplier Anugerah Visi Bersama, yg secara status kualifikasi vendor : accepted per 2023 dengan status MPN aktif dapat dilakukan. Mengacu kepada penyimpangan DEV/QMT/PLG/PC/0425/003 perihal perbedaan CoA Partikel Size dapat diterima,status cancel FUP belum di follow sehingga CPRO lakukan follow up status Cancel FUP ke QA dengan mengirimkan email (lampirkan 2 devol terkait)
2. Informasikan nomor PO dan Qty pemesanan Sodium Saccharine ex Tianjin North yang di supply dari Anugerah Visi Bersama. Pastikan vendor sudah memenuhi syarat dan mampu untuk mensuply material tersebut ke B7.
3. Sodium saccharin ex Tianjin Changjie belum terdaftar di MPN, tidak boleh dilakukan pembelian terhadap sodium saccharin ex Tianjin Changjie tersebut. Masukan dalam target dan timeline diversifikasi material CPRO. Informasikan dalam penyimpangan ini
4. WH lakukan proses penerimaan material sesuai prosedur yang berlaku, pastikan semua dokumen sudah lengkap dan sesuai dengan requirement B7. Informasikan dalam penyimpangan ini termasuk kendala jika ada.
5. Dari data CoA yang dilampirkan ada perbedaan spec (selain perbedaan referensi dan spek partikel size) : acidity or alkalinity: tidak tercantum, tetapi ada spec free acid or alkali (4.5 - 5.5 mL) yg mengacu pada BP. Terkait kebutuhan mendesak, order dpt dilakukan. Namun disposisi penggunaan material tetap berdasarkan hasil analisa QC mengacu kepada spesifikasi dan prosedur internal. QC lakukan pengujian pada Sodium Saccharine ex Tianjin North diorder dari supplier Anugerah Visi Bersama, material dapat digunakan jika semua parameter memenuhi syarat, Lampirkan Hasil Analisa lengkap.
6.         PPIC informasikan alokasi nomor batch yang akan menggunakan material ini. Informasikan dalam penyimpangan ini.",,
2025,DEV/QMT/PLG/IM/0425/006,Open-Verifikasi tindakan remedial,"VINSENSIA VICA DWI EDININGTYAS, VINSENSIA VICA DWI EDININGTYAS, VINSENSIA VICA DWI EDININGTYAS, PRAMAS FILLYANDRA,",Planned,CAA ,2AC006000?SA,-,-,"Dikarenakan adanya forecast CAA PS 25 kg dan tarikan maju untuk produk KI (sebelumnya bulan lalu forecast untuk CAA PS 25 kg bulan april dan may 0) sehingga stok yang ada di GCM hanya cukup untuk kebutuhan B7 site PG dan CKR sd mid may. Sehingga dari CPRO mencari ke supplier eksisting lain yang punya stok, dan diperolehlah supplier DCP dengan COA CAA terlampir dengan parameter water <=0.5 sedangkan secara spek < 0.25.

Material CAA PS 25 kg ex Shandong Ensign dari DCP sudah pernah datang ke B7 di tahun 2023 dengan parameter water <=0.5","1.         Terkait rencana pembelian Citric Acid (CAA) PS 25 Kg dari supplier DCP dengan Parameter Kadar Air pada CoA (<=5%) berbeda dengan spek internal B7 (Max. 0.25%) yang lebih ketat dapat dilakukan. CPRO apabila memungkinkan sebelum pembelian ajukan permintaan approval PK dengan kadar air CAA custom (Max. 0.25%) kepada supplier, informasikan dalam penyimpangan ini.
2. Apabila PK dengan kadar CAA custom (Max. 0.25%) tidak disetujui oleh supplier DCP dengan adanya kebutuhan material mendesak, maka perlu dilakukan batch selection di supplier utk material yg dikirim sbg code 2AC006000SA (khusus utk produk effervescent, toll) ke B7 adalah yg water content nya max 0,25%. Untuk alokasi penggunaan pada produk di site PG dgn code berbeda yaitu 2AC006000 tdk perlu batch selection. Informasikan dalam penyimpangan ini
3. Bila action plan 1 dan 2 tidak bisa dilakukan, maka PPIC alokasikan Citric Acid (CAA) PS 25 Kg dari supplier DCP untuk digunakan di site Pulogadung terlebih dahulu. CPRO koordinasikan ke PPIC terhadap pembuatan PR tersebut.
4. PPIC lakukan pembuatan PR sesuai hasil diskusi dengan tim CPRO, pastikan alokasi Citric Acid (CAA) PS 25 Kg dari supplier DCP digunakan terlebih dahulu di site Pulogadung karena tdk terlalu beresiko dengan kenaikan kadar air tersebut. Informasikan nomor PR dan Qty dalam penyimpangan ini.
5. CPRO buatkan PO untuk PR yang dibuatkan oleh PPIC informasikan dalam penyimpangan ini dan estimasi ETA material tersebut.
6. Material Citric Acid (CAA) PS 25 Kg dari supplier DCP dengan Parameter Kadar Air pada CoA (<=5%) tidak boleh digunakan untuk produk Effervesent, jika terpaksa harus digunakan maka diperlukan trial terlebih dahulu karena akan berpotensi menyebabkan issue kualitas. CPRO koordinasikan trial tersebut dengan tim TS dan pihak-pijak terkait jika diperlukan.
7. Disposisi penggunaan material tetap berdasarkan hasil analisa QC sesuai spek Internal PT Bintang Toedjoe. Apabila didapatkan hasil >0.25% maka status material akan direject.
8. Penggunaan material Citric Acid (CAA) PS 25 Kg dari supplier DCP dengan Parameter Kadar Air pada CoA (<=5%) pada produk harus dilakukan pencatatan dan dokumentasi. Sehingga PPIC catat dan informasikan alokasi produk dan NB produk yang menggunakan material tersebut dalam penyimpangan ini.",,
2025,DEV/QMT/PLG/AD/0425/007,Open-Verifikasi tindakan remedial,"I.NOVIANTA WULANDARI, PISSA CHRISTANTI, PISSA CHRISTANTI",,Peppermint Oil,1AP011000,,-,QC PG menginformasikan bahwa RM Peppermint oil tidak dapat dilakukan get spec saat kedatangan RM ketika di cek diketahui bahwa Validity rule di Oracle ED di tgl 06 April 2025,"1. MA RM Peppermint Oil yang comply to compendial sedang proses approval di QC sedangkan MA RM Pepperminit oil existing sudah ED di tgl 6 april 2025 dan ada kebutuhan untuk CWO produk pada tanggal 5 Mei 2025 sehingga Andev lakukanerpanjang val-rul spek RM tsb di Oracle s/d end Mei 2025 agar QC bisa tetap melakukan get spec di Oracle. Lampirkan dalam penyimpangan ini.
2. 	Terdapat tambahan parameter pemeriksaan dan perubahan range BJ pada spesifikasi baru. Berdasarkan hasil pemeriksaan QC didapatkan hasil BJ OOS terhadap spek baru, sehingga status material reject. Apabila material diperlukan urgent disarankan utk menambah validity rules pada spesifikasi , agar pelulusan peppermint oil dapat dilakukan menggunakan spesifikasi lama sampai maksimal sesuai poin 1 yaitu End Mei 2025. QC lakukan pencatatan dan lampirkan list material yang diuji dengan menggunakan MA ED/eksisting sebagai dokumentasi penelusuran.
3. 	Perlu dicari alternatif material apabila akan menggunakan spek baru, karena material existing secara trend cenderung OOS under atau release pada batas bawah. Lakukan koordinasi dengan CPRO dan Quality Compliance untuk diversifikasi material tersebut. Informasikan dalam penyimpangan ini
4. Andev lampirkan/informasikan timeline pengembangan MA Baru dalam penyimpangan ini",,
2025,DEV/QMT/PLG/QC/0425/008,Open-Verifikasi tindakan remedial,"ADHI PRASTYO, EVAN CHRISTY SATRIYANTO, GERTRUD AKNADYA ANGGIRA, YUDHA SATRIA NUGRAHA, ADELINE TARULI WAHYUNI, ADHI PRASTYO, YUDHA SATRIA NUGRAHA",Unplanned,TUBE KOMIX HERBAL ORIGINAL 15 ML 193x350,1WK008030,"2P/2504/0019
        2P/2504/0020
2P/2504/0021
2P/2504/0022
2P/2504/0023
        2P/2504/0024
        2P/2504/0025
2P/2504/0026
        2P/2504/0027
2P/2504/0028
2P/2504/0029
        2P/2504/0030
        2P/2504/0031
2P/2504/0032
2P/2504/0033
	2P/2504/0034",-,Ditemukan TUBE KOMIX HERBAL ORIGINAL 15 ML 193x350 EX Hangzhou TMS Pitch Upper,,,
2025,DEV/QMT/PLG/AD/0425/009,Open-Verifikasi tindakan remedial,"ADHI PRASTYO, YUDHA SATRIA NUGRAHA, ADELINE TARULI WAHYUNI",,TUBE KOMIX HERBAL LEMON 15 ML/193x350,1WK009010,"2P/2504/0035
	2P/2504/0036
	2P/2504/0037
2P/2504/0038
2P/2504/0039
	2P/2504/0040
2P/2504/0041",-,Ditemukan TUBE KOMIX HERBAL LEMON (1WK009010) EX Hangzhou terdapat gulungan kendor,,,
2025,DEV/QMT/PLG/QC/0425/010,Open-Verifikasi tindakan remedial,ADELINE TARULI WAHYUNI	,Unplanned,BOX KOMIX RASA JERUK NIPIS/140x46x105,2DK017000,2K/2504/0089,-,"Ditemukan Box Komix Jeruk Nipis ex CMI Kedatangan lama, TMS warna menyimpang pada warna tulisan komix (lebih pudar dari CR MIN)","1. Terkait Box Komix Jeruk Nipis ex CMI yang merupakan kedatangan lama dengan No QC 2K/2504/0089 (2DK017000) yang mengalami TMS Warna menyimpang lebih pudar CR MIN namun secara redaksi masih jelas terbaca. Sehingga Box Komix Jeruk Nipis ex CMI diusulkan untuk direluctant releasi dengan catatan semua parameter lain MS. Lampirkan hasil laporan analisa dalam penyimpangan ini.
2. PPIC informasikan alokasi nomor batch yang akan menggunakan kemasan dengan defect ini. Lakukan komunikasi ke pihak terkait juga termasuk produksi untuk defect ini. Informasikan dan lampirkan bukti komunikasi dalam penyimpangan ini.
3. QA Compliance terbitkan CAPA material dan koordinasi meeting dengan vendor untuk Investigasi akar masalah jika dibutuhkan sampel defect untuk kebutuhan analisa kuantitatif di vendor lakukan koordinasi dengan QC. Lampirkan nomor CAPA.
4. 	CPRO lakukan follow up CAPA material yang diterbitkan oleh QC Compliance.",,
2025,,Batal,,,Sodium Sacharine origin Tianjin North (mesh 8-12),2AS013000,-,-,Sodium Sakarin mesh 8-12 Tianjin North qty 500 KG ini akan di pakai untuk target agt dan sep 2025,,,
2025,DEV-B7PLG-05-2025-0008,Closed,https://eqms.kalbe.co.id/e-deviation/deviation/ee4f4c4c-d2ac-46bf-bb50-4c52355f31bd/detail?tab=pre-investigation&tabRemediate=issue-data&tabCapa=issue-data,Unplanned,Dus Promag Suspensi ,2DP006010,2K/2505/0007,-,"Dus Promag Suspensi EXP ex CAG, dengan No QC 2K/2505/0007 terdapat temuan dus dengan Varnish No UV sebanyak 2/504 samplingan 1 vat = 2000 pcs Terlampir dokumen pendukung","Sampel Dus Promag Suspensi Exp dengan Non-Varnish UV dari hasil sampling QC lakukan reject parsial saja utk Vat yg ditemukan defect, vat lain bisa dirilis selama parameter lain memenuhi syarat. Lampirkan hasil analisa dan dok. ATB dalam penyimpangan ini",,
,,,,,,,,,,PPIC Informasikan alokasi nomor batch dan produk yang akan mengunakan material Dus Promag Suspensi Exp dengan nomor QC sesuai informasi rilis parsial dari QC. Informasikan dalam penyimpangan ini,,
,,,,,,,,,,Dus TANPA UV Varnish TIDAK boleh digunakan dlm proses. Produksi lakukan proses sortir jika ditemukan Dus tanpa UV Varnish data dan buatkan form retur ke gudang. Informasikan dalam penyimpangan ini catat pada catatan perubahan proses di PPI.,,
,,,,,,,,,,QA Lakukan verifikasi sampling untuk kemasan produk Promag Suspensi Exp selama proses pastikan dus tanpa UV Varnish tidak digunakan,,
,,,,,,,,,,"QA Compliance tindaklanjuti dengan CAPA Material ke Vendor, informasikan nomor CAPA dalam penyimpangan ini.",,
,,,,,,,,,,"CPRO lakukan Follow up CAPA material ke vendor, informasikan dalam penyimpangan ini",,
2025,DEV-B7PLG-05-2025-0013,Closed,https://eqms.kalbe.co.id/e-deviation/deviation/2890dbe5-441d-4c5b-afc9-3b25527eb318/detail?tab=pre-investigation&tabRemediate=issue-data&tabCapa=issue-data,Unplanned,Box Komix Jeruk Nipis,2DK017000,2K/2505/0047,-,"Box Komix Jeruk Nipis ex CMI no. QC 2K/2505/0047 no lot 25042182 ditemukan warna menyimpang. 1. warna tulisan KOMIX (lebih pudar dari CR MIN) = 3/200 2. warna dot cenderung lebih gelap dari CR MAX = 10/200 Total defect = 13/200 = 6,5% (syarat penerimaan untuk warna menyimpang <=5%) 1 vat= packing size 1.100 ea. Dok dan gambar pendukung terlampir.",Box Komix Jeruk Nipis ex CMI no. QC 2K/2505/0047 no lot 25042182 didisposisi untuk dilakukan reluctant rilis terhadap. QC lampirkan hasil analisa dan perilisan tersebut dalam penyimpangan ini,,
,,,,,,,,,,"CMI hanya menghabiskan outstanding PO yg akan didatangkan terakhir di Mei ini, setelahnya perlu diinaktif dari MPN karena issue kualitas. Perlu FUP inaktivasi dari CPro. CPRO buatkan FUP untuk inaktivasi CMI, lampirkan nomor FUP dalam penyimapngan ini",,
,,,,,,,,,,PPIC koordinasikan dengan departemen terkait untuk penggunaan kemasan Box Komix Jeruk Nipis ex CMI no. QC 2K/2505/0047 no lot 25042182 dengan komdisi defect ini. Informasikan alokasi nomor batch,,
2025,DEV-B7PLG-06-2025-0024,Open-Verifikasi tindakan remedial,https://eqms.kalbe.co.id/e-deviation/deviation/104a3241-2de6-4f11-8e8d-81627db5f512/detail?tab=pre-investigation&tabRemediate=issue-data&tabCapa=issue-data,Unplanned,Box Woods Peppermint,2DW01400,,,"Pada tanggal 20 Mei 2025 terdapat kedatangan material Box Woods Peppermint Exp Ghana 2DW01400 ex Metaform Penjalindo, tetapi CR sudah ED pada 9 September 2024.",Terkait CR material Box Woods Peppermint Exp Ghana 2DW01400 sudah ED akan dikirim 9 Juni maka untuk PMyang perlu rilis segera bisa menggunakan CR ED sebagai acuan sementara. Informasikan detail Pm yang dirilis dengan CR sementara ini,,
,,,,,,,,,,"CPRO komunikasikan dan Pastikan tersedia CR Box Woods Peppermint Exp Ghana 2DW01400 yang terupdate, informasikan dan lampirkan dalam penyimpang ini.",,
,,,,,,,,,,"Pemantauan CR perlu dilakukan pihak terkait, tidak hanya Cpro. u/ perilisan CR Box Woods Peppermint Exp Ghana 2DW01400 Packdev perlu add quota terhadap CR ED yang sudah diemailkan dan cc ke pihak terkait, Informasikan dan lampirkan dalam penyimpangan ini",,
2025,DEV-B7PLG-05-2025-0017,Closed,https://eqms.kalbe.co.id/e-deviation/deviation/dd72536c-c0ec-420c-9318-fe6b3120a5e3/detail?tab=pre-investigation&tabRemediate=issue-data&tabCapa=issue-data,Planned,Sorbitol ,"‭2AS014000‬
","HBG250031
HBG250253",-,Ada kebutuhan sorbitol dimana material yang di serap dari SAKA dan kondisinya packing size nya tidak utuh,Penyerapan material Sorbitol 70% ex Saka dengan PS tidak utuh perlu dilakukan pengujian mikrobiologi 100% utk seluruh Vat. QC lakukan pengujian utk material tersebut jk hasil MS maka material boleh diserap. Lampirkan hasil analisa dalam penyimpangan ini.,,
,,,,,,,,,,"Untuk Vat yang utuh proses analisa mengacu ke sampling sesuai WI Untuk penggunaan material di B7. Jika release dapat digunakan, namun tetap harus mengacu ke FEFO utk penggunaannya. QC lampirkan hasil analisa dalam penyimpangan ini.",,
,,,,,,,,,,"Jk hasil analisa QC utk Sorbitol 70% MS dan bisa diserap, PPIC B7 Lakukan koor. dgn tim saka/dept terkait utk mengkoordinasi proses retur administratif material dgn GCM. Informaiskan dlm penyimpangan ini.",,
,,,,,,,,,,"Jika hasil analisa sorbitol 70% MS, maka CPRO dapat melakukan pemesanan sorbitol 70% ke GCM . Informasikan No PO dan jumlah material yg diserap",,
,,,,,,,,,,"Jk hasil analisa Sorbitol 70% TMS mk diproses pengambilan kembali dr B7 ke SAKA oleh PPIC SAKA dan PPIC SAKA akan buat memo musnah. Aktivitas ini di koordinasikan oleh PPIC B7, lampirkan memo atau dalam penyimpangan ini.",,
2025,DEV-B7PLG-06-2025-0027,Closed,https://eqms.kalbe.co.id/e-deviation/deviation/e201bec9-48e2-4192-bd16-01909a285e6d/detail?tab=deviation-data&tabRemediate=issue-data&tabCapa=issue-data,Unplanned,Sodium Citrate ex Shandong Ensign,2AS008000,-,Shandong Ensign,Tanggal 27 Mei ada kedatangan sodium citrate dengan kemasan yang berubah warna label dan keterangan dengan Qty 1500kg. Nextnya akan ada kedatangan juga dengan detail sbb : site PG ETA 2 Juni 2025 PO HBG250452 Qty 500kg site Cikarang 9 Juni 2025 PO HBD250236 Qty 400kg,"1. Terkait kedatangan Sodium Citrate ex Shandong Ensign dengan label kemasan baru disetujui karena tidak merubah kualitas material. QC lakukan pemeriksaan sesuai SOP B7, material boleh digunakan jika hasil pemeriksaan memenuhi syarat",,
,,,,,,,,,,2. Gudang lakukan penerimaan material sesuai dengan prosedur B7. pastikan semua dokumen lengkap. Informasikan dalam penyimpangan ini,,
2025,DEV-B7PLG-06-2025-0028,Closed,https://eqms.kalbe.co.id/e-deviation/deviation/c72d00a3-09d7-4eca-b2fe-5766366de416/detail?tab=pre-investigation&tabRemediate=issue-data&tabCapa=issue-data,Unplanned,Box komix lime,2DK007010,2K/2505/116,Gunung Kelud ,"ditermukan Box komix lime 2DK007010 ex Gunung Kelud TMS warna dot under untuk warna birunya, sebanyak 82/504 sampel = 16.27%. untuk hasil analisa terlampir",QC lakukan reluctant release untuk kemasan Box komix lime 2DK007010 ex Gunung Kelud dengan defect dot warna biru TMS. Lampirkan report analisa dalam penyimpangan ini,,
,,,,,,,,,,"PPIC informasikan alokasi nomor batch produk yang akan menggunakan kemasan dengan defect ini dan lakukan koordinasi dengan pihak terkait terutama produksi dan WH, dokumentasikan hasil koordinasi dalam penyimpangan ini.",,
,,,,,,,,,,"Perlu direview kembali CR sbg acuan produksi di vendor & CR sbg acuan release (review thp kemampuan mesin divendor (bersama tim PackDev, QC, Mkt). FU CAPA ke GK untuk kemasan Box komix lime 2DK007010 dengan defect dot warna biru. Informasikan nomor CAPA",,
,,,,,,,,,,"CPRO kordinasikan CAPA material yang diterbitkan QM ke vendor GK, informasikan dalam penyimpangan ini (perlu add CPRO di e-moni)",,
2025,DEV-B7PLG-06-2025-0035,Closed,https://eqms.kalbe.co.id/e-deviation/deviation/47305c4e-3080-4d51-ba9c-9a47c82645b2/detail?tab=pre-investigation&tabRemediate=issue-data&tabCapa=issue-data,Unplanned,KARTON KOMIX/540x284x240,3MK042010,2K/2506//0013,Oji Sinar Mas,"Bobot dan Gramature Karton KOMIX/540x284x240 (3MK042010) ex Oji Sinar Mas TMS, bobot material yang datang tidak lebih rendah dari syarat MA (538 - 582 gram) dari sampling 10 (8 TMS) (532-537 g) dan grammaturnya TMS 2 dari 10 karton. sudah dilakukan sampling ulang dari 10 karton yang berbeda, hasilnya MS tetapi mepet bawah. dokumen pendukung terlampir.",Terkait KARTON KOMIX/540x284x240 (3MK042010) ex Oji Sinar Mas berat karton TMS under lakukan reluctant release karena bobot & gramatur in avg masih MS dan selama parameter uji lain MS. Lampirkan hasil report analisa dalam penyimpangan ini.,,
,,,,,,,,,,"Terhadap KARTON KOMIX/540x284x240 (3MK042010) ex Oji Sinar Mas yang TMS Under, PPIC informasikan alokasi NB produk Lampirkan hasil sosialisasi dalam penyimpangan ini",,
,,,,,,,,,,"Produksi lakukan pengecekan berat pada sistem 3WS dengan penggunakan kemasan defect ini (KARTON KOMIX/540x284x240 (3MK042010) ex Oji Sinar Mas berat karton TMS under ), jika ada abnormalitas informasikan dan dokumentasikan di catatan perubahan proses PPI.",,
,,,,,,,,,,"QM terbitkan CAPA Material ke Oji dan jika memang dirasa perlu melakukan review kembali spec kemasan informasikan dan lalukan koordinasi dengan TS, Packdev agar dapat di FU. Lampirkan nomor CAPA",,
,,,,,,,,,,CPRO teruskan informasikan dan FU CAPA material dari QM ke vendor. Informasikan dalam pemyimpangan ini,,
2025,,Batal,https://eqms.kalbe.co.id/e-deviation/deviation/5aeb619b-56db-4549-ae91-f99a20c6bd21/detail?tab=deviation-data&tabRemediate=issue-data&tabCapa=issue-data,Unplanned,PACK HERBASIP,‭2DH002000‬ ,-,Gunung Kelud,"Pada item 2DH002000‬ PACK HERBASIP EXP/115x80x64 ex Gunung Kelud. dari vendor mengalami problem pada kertas bahan baku, dimana coating pada permukaan kertas bahan baku tidak rata. Hal ini berdampak kepada hasil cetakan, yang mana warna yang dihasilkan menjadi kurang merata. Terutama pada bagian warna yang nge-block (terlampir).",,,
2025,DEV-B7PLG-07-2025-0046,Closed,https://eqms.kalbe.co.id/e-deviation/deviation/ef6df9b8-b994-47da-a9d4-08c19f9a3773/detail?tab=deviation-data&tabRemediate=issue-data&tabCapa=issue-data,Unplanned,SUCCUS LIQUIRITIAE RAD LIQUID,1AS004000,-,-,Material Succus A Tumpah 1 Vat,"Material Succus A (1AS004000) no. QC 2R/2505/0106 yang tumpah 1 vat dari hasil analisa mikro oleh QC sudah memenuhi syarat, material yang masih MS dapat dirlis dan digunakan di produk. Lampirkan hasil perilisan (report analisis)",,
,,,,,,,,,,"Untuk selisih jumlah material yg tumpah, akan di fkb oleh QC utk musnah dgn charge to qc. Lampirkan FKB dalam penyimpangan ini.",,
,,,,,,,,,,PPIC koordinasikan dengan WH untuk penggunaan segera Material Succus A (1AS004000) no. QC 2R/2505/0106 untuk proses (tidak direkomendasikan untuk promag herbal). Informasikan dan sosialisasikan detail alokasi penggunaan material dalam penyimpangan ini,,
,,,,,,,,,,WH alokasikan Material Succus A (1AS004000) no. QC 2R/2505/0106 sesuai hasil koordinasi dari PPIC informasikan alokasi nomor batch alokasinya.,,
,,,,,,,,,,QA ambil dan registrasikan sampel FG yang menggunakan Material Succus A (1AS004000) no. QC 2R/2505/0106 ke QC utk pemeriksaan mikro. Informaskan dalam penyimpangan ini,,
,,,,,,,,,,QC lakukan analisa mikro untuk FG yang menggunakan Material Succus A (1AS004000) no. QC 2R/2505/0106 dan lampirkan dalam penyimpangan ini,,
,,,,,,,,,,Produk terdampak yang menggunakan Material Succus A (1AS004000) no. QC 2R/2505/0106 dapat dirilis jika seluruh hasil parameter sudah memenuhi syarat dan hasil mikro MS.,,
2025,DEV-B7PLG-07-2025-0068,Closed,https://eqms.kalbe.co.id/e-deviation/deviation/68a98ef9-5d73-418c-9037-b42b4a167fb3/detail?tab=deviation-data&tabRemediate=issue-data&tabCapa=issue-data,Unplanned,Pack Mixagrip Herbal Greges ,2DM014030,2K/2506/0055,Gunung Kelud,"Pack Mixagrip Herbal Greges (2DM014030) ex Gunung Kelud no QC 2K/2506/0055 ditemukan warna menyimpang <CR Min (47/507) 9,27% pada sampling yang dilakukan QC. Gambar dan dokumen pendukung terlampir","Dari sisi redaksi,kualitas pack tidak ada issue, warna yang pudar jika tidak tidak terlalu signifikan sehingga pack Mixagrip Herbal Greges ex Gunung Kelud warna menyimpang (2K/2506/0055) dapat di reluctant rilis. QC lakukan perilisan dan lampirkan",,
,,,,,,,,,,"PPIC lakukan koordinasi dengan pihak-pihak terkait penyimpangan ini, informasikan alokasi nomor batch yang menggunakan kemasan ini dan koordinasikan ke tim site agar diketahui. Lampirkan",,
,,,,,,,,,,"Terhadap warna menyimpang ini, QM terbitkan CAPA untuk vendor GK jika perlu melakukan revisi CR koordinasikan dengan pihak terkait termasuk QC agar kejadian yagn sama tidak terjadi lagi",,
,,,,,,,,,,CPRO koordinasikan CAPA yang dibuatkan oleh QM ke vendor. Informasikan follow up dalam penyimpangan ini,,
2025,DEV-B7PLG-07-2025-0048,Closed,https://eqms.kalbe.co.id/e-deviation/deviation/52d854e5-5267-4e10-bff9-ada55f15f875/detail?tab=pre-investigation&tabRemediate=issue-data&tabCapa=issue-data,Planned,Pack OSK ,-,-,-,"Akan dilakukan perubahan pada technical drawing pack POSNA ex PCK, yaitu penambahan lebar glue lap dari 0,8 cm menjadi 1,2 cm untuk mengurangi kasus overglue, serta modifikasi pada bagian crashlock. Saat ini usulan perubahan tersebut sedang dalam tahap review (CC-B7PLG-06-2025-0016). Untuk memastikan perubahan ini tidak menimbulkan kendala operasional, akan dilakukan trial komersial terbatas sebanyak 3–5 batch (disesuaikan dengan kesanggupan vendor). Perubahan ini akan berdampak pada technical drawing dan FAW, sehingga pada akhirnya memerlukan kenaikan kode. Namun, trial komersial akan dilakukan terlebih dahulu tanpa naik kode. Jika hasilnya OK, perubahan akan dilanjutkan dengan proses kenaikan kode pack.",Terkait dengan trial komersial terbatas untuk pack OSK dengan perubahan tech drawing (penambahan lebar glue lap) tanpa naik kode baru terlebih dahulu dapat dilakukan. Informasikan aktual Nomor batch produk terdampak dalam penyimpangan ini,,
,,,,,,,,,,TS lakukan sosialisasi ke Dept terkait untuk trial ini dan lakukan pendampingan selama proses pastikan tim packer/produksi terinfo. Informasikan dalam penyimpangan ini,,
,,,,,,,,,,PPIC infrormasikan alokasi BN dan Nomor QC material yang datang dengan perubahan tech drawing (penambahan lebar glue lap) dalam penyimpangan ini dan informasikan ke WH.,,
,,,,,,,,,,WH siapkan material sesuai kebutuhan trial dari TS dan informasi alokasi dari PPIC. Informasikan realisasi dalam penyimpangan ini,,
,,,,,,,,,,Produksi pastikan penggunaan kemasan dilapangan utk 3 BN sesuai alokasi dari TS-PPIC sudah sesuai dan tidak terjadi mix up/kesalahan pelabelan dilapangan/dokumentasi PPIC. Dokumentasikan pada perubahan proses PPI. Lampirkan dalam penyimpangan ini,,
,,,,,,,,,,"TS pastikan tidak ada perubahan pada berat karton selama trial, jika ada dokumentasikan dan pastikan sudah tercapture pada FUP yang dibuat. Infromasikan hasil trial dan keputusan pisah kode/tidak dalam penyimpangan ini.",,
2025,DEV-B7PLG-07-2025-0065,Closed,https://eqms.kalbe.co.id/e-deviation/deviation/2a9606a8-c0e4-4e0b-af6d-b0ed63078402/detail?tab=deviation-data&tabRemediate=issue-data&tabCapa=issue-data,Unplanned,Foil Komix Rasa Jeruk Nipis,1FK004080,2P/2507/0005,-,Foil Komix Rasa Jeruk Nipis (1FK004080) ex Supernova no. QC 2P/2507/0005 warna menyimpang <CR Min (1 dari 8 roll yang disampling). Gambar dan dokumen pendukung terlampir,Foil Komix Rasa Jeruk Nipis (1FK004080) ex Supernova no. QC 2P/2507/000 dengan defect warna menyimpang secara redaksi masih terbaca jelas dan perbedaan warna tidak signifikan sehingga material dapat di rilis. QC lampirkan report analisa,,
,,,,,,,,,,PPIC informasikan alokasi nomor batch yang akan menggunakan material Foil Komix Rasa Jeruk Nipis (1FK004080) ex Supernova no. QC 2P/2507/000. Koordinasikan ke pihak-pihak terkait termasuk marketing dan produksi. Lampirkan dalam penyimpangan ini,,
,,,,,,,,,,QM terbitkan CAPA material Foil Komix Rasa Jeruk Nipis (1FK004080) ex Supernova no. QC 2P/2507/000 ini untuk vendor agar kejadian yagn sama tidak terjadi lagi.,,
,,,,,,,,,,CPRO koordinasikan CAPA material dari QM untuk defect Foil Komix Rasa Jeruk Nipis (1FK004080) ex Supernova no. QC 2P/2507/000 ini,,
2025,DEV-B7PLG-07-2025-0062,Closed,https://eqms.kalbe.co.id/e-deviation/deviation/1bfb0164-555a-4eaf-8944-7346f8a3e93f/detail?tab=pre-investigation&tabRemediate=issue-data&tabCapa=issue-data,Planned,Hydrotalcite,1AH001000,-,"GLOBAL CHEMINDO MEGATRADING, PT","Hydrotalcite ex Ilyang dipakai pd produk Waisan B7. Stok B7 hanya cukup untuk 4.5 BN, sedangkan kebutuhannya adalah 5 BN untuk mengcover sebagian produksi Aug.Supply dari vendor sedang ada kendala.Kalbe memiliki stok item ini&bisa dialokasikan ke B7.",https://eqms.kalbe.co.id/document/e-action/ea5fe89e-0af7-495e-9377-244ab014f8da/action-plan/09323b96-6f9f-4ccd-9e37-5a53a44e7343/detail?tab=info-data,,
,,,,,,,,,,Pembelian material Hydrotalcite ex Ilyang dari KALBE dapat dilakukan jika hasil pemeriksaan QC hasilnya sesuai dengan spek B7 . Pembelian dilakukan secara bertahap qty 140 kg dahulu untuk di trial. Informasikan PO buatkan MRM. Lampirkan,,
,,,,,,,,,,PPIC informasikan alokasi nomor batch yang menggunakan material Hydrotalcite ex Ilyang dari KALBE tersebut dan koordinasikan alokasi ini dengan tim WH dan dept related lainnya.,,
,,,,,,,,,,WH lakukan penerimaan material sesuai prosedur B7 dan alokasikan material Hydrotalcite ex Ilyang dari KALBE sesuai arahan dari PPIC. Informasi aktualisasi NB produk dalam penyimapngan ini,,
,,,,,,,,,,TS lakukan pendampingan untuk proses produksi sesuai alokasi batch dari PPICengan prosuksi dan lakukan pengambilan sample bulk untuk analisa fisik+ kimia dengan titik ATB @3 titik dengan total 9 titik + 1 titik utk analisa mikro untuk dianalisa oleh QC,,
,,,,,,,,,,QC lakukan analisa sesuai dengan sampel yang dikirimkan oleh TS. Lampirkan hasil analisa dalam penyimpangan ini,,
,,,,,,,,,,WH lakukan penerimaan material sesuai prosedur B7 dan alokasikan material Hydrotalcite ex Ilyang dari KALBE sesuai arahan dari PPIC. Informasi aktualisasi NB produk dalam penyimapngan ini,,
,,,,,,,,,,"PPIC koordinasikan hasil trial 1 BN untuk material Hydrotalcite ex Ilyang dari KALBE ini dengan pihak terkait, jika hasil sudah sesuai maka material Hydrotalcite ex Ilyang dari KALBE boleh di serap.Informasikan nomor PR dalam penyimpangan ini",,
,,,,,,,,,,CPRO lakukan pembelian sesuai PR dari PPIC. Informasikan detail PO dalam penyimpangan ini.,,
,,,,,,,,,,Produk yang menggunakan material Hydrotalcite ex Ilyang dari KALBE boleh di rilis jika semua hasil analisa sudah Memenuhi Syarat dan tidak ada issue kualitas lainnya.,,
2025,DEV-B7PLG-07-2025-0066,Closed,https://eqms.kalbe.co.id/e-deviation/deviation/be03f0e9-c155-42c4-ada9-2d6fdbd67fb5/detail?tab=pre-investigation&tabRemediate=issue-data&tabCapa=issue-data,Planned,Xanthan Gum ,2AX002000,"PO HBG250195 
PO HBG250344 ",Nexira ,Xanthan Gum ex Nexira (vendor Indesso) PO HBG250195 qty 1000 kg ETA 16 Jul25 &HBG250344 qty 520kg ETA 22Jul25 belum ada statement halal BPJPH. Statement Halal masih dalam progress approval di principal Nexira. PPIC request agar bisa dikirimkan segera karena akan digunakan create WO tgl 30 Jul25 karena membutuhkan analisa pihak ketiga sehingga butuh waktu lebih lama untuk perilisan. Sertifikat Halal Luar Negri yang dimiliki Nexira ED 16 Jan26.,CPRO koordinasikan kebutuhan Surat komitmen dari supplier untuk melakukan registrasi SHLN ke BPJPH berserta timeline dan segera setelah perpanjangan SHLN yang akan ED di Jan 2026. Lampirkan,No,-
,,,,,,,,,,Tim halal berkoordinasi dengan RA lakukan update ke cerol dan mengajukan surat persetujuan penggunaan bahan ke LPPOM MUI terlebih dahulu sebelum dilakukan update di modul halal (otomatis H+1 akan update di MPN). Lampirkan Bukti,,
,,,,,,,,,,"utk kedatangan RM dan update halal, dpt dilakukan jika kelengkapan dokumen (statement letter registrasi SHLN, Halal Material cerol, pengajuan Surat persetujuan penggunaan bahan) ada. PPIC lakukan koordinasi dengan pihak terkait (Tim Halal, RA dan CPRO)",,
,,,,,,,,,,WH lakukan penerimaan material sesuai prosedur yang berlaku pastikan semua dokumen lengkap dan dapat diterima.,,
,,,,,,,,,,"QC lakukan analisa terhadap Xanthan Gum ex Nexira (2AX002000) PO HBG250195 dengan Mfg lot. HBG250195 &HBG250344, perilisan dapat dilakukan jika semua hasil paramater sudah Memenuhi Syarat dan dokumen pendukung halal sudah tersedia",,
2025,DEV-B7PLG-08-2025-0087,Closed,https://eqms.kalbe.co.id/e-deviation/deviation/66eb1641-a6cc-496a-ad79-51aeebde9eff/detail?tab=pre-investigation&tabRemediate=issue-data&tabCapa=issue-data,Planned,Mixed Berry ,3AM013000,2R/2501/0140,KH Roberts Pte Ltd,"Terdapat informasi dr QC bahwa RM Mixed Berry (3AM013000) akan di FPP dan musnah berdasarkan memo dari PPIC. RM ini digunakan di produk Bejo Anak dan infonya akan delisting (menunggu FUDP). Untuk FPP, diperlukan spek yang aktif, dimana saat ini VR spek sudah ED, shg diperlukan perpanjang VR hingga 26 Sep 2026 (sesuai ED Material) agar jika terdapat FPP kembali dapat langsung di FPP dan musnah.",Penyimpangan ini hanya berlaku untuk kebutuhn FPP dan Musnah saja. PPIC segera koordinasikan dan lampirkan FUDP Produkk Bejo Anak dalam penyimpangan ini agar dapat menjadi triger Nonaktivasi Spek RM Mixed Berry 3AM013000.,,
,,,,,,,,,,Andev segera lakukan nonaktivasi Sepk RM Mixed Berry 3AM013000 setelah dapat informasi FUDP dari PPIC. Informasikan dalam penyimpangan ini,,
,,,,,,,,,,Untuk kasus RM Mixed Berry 3AM013000 perlu dibuatkan batas waktu untuk aktivasi spec untuk mengantisipasi penggunaan spec yang tidak tepat. Sehingga untuk penyimpangan ini hanya berlaku sampai desember 2025. Segera lakukan Follow up FUDP produk Bejo Anak.,,
2025,DEV-B7PLG-08-2025-0083,Closed,https://eqms.kalbe.co.id/e-deviation/deviation/3749b4fb-bc01-4196-9b4e-3c4716b6042f/detail?tab=pre-investigation&tabRemediate=issue-data&tabCapa=issue-data,Planned,Pack Extra Joss Sport,Pack Extra Joss Sport,2K/2508/0008,CAG,"ditemukan Pack Extra Joss Sport (2DE029000) ex CAG bobot dan grammature TMS dengan rata2 berat 11,19 g (spec 11,27-12,21 g) dan rata2 gramatur 304,23 gsm (spec 308,16-333,84 gsm) pada pemeriksaan no QC 2K/2508/0008. untuk hasil analisa terlampir","Terhadap Pack Extra Joss Sport (2DE029000) ex CAG bobot dan grammature TMS jika tidak ada issue kualitas lainnya, pack ini dapat di rekomendasikan untuk reluctant rilis. QC lampirkan hasil pengujian dalam penyimpangan ini",,
,,,,,,,,,,"Range bobot FG akibat TMS Bobot & Grammature Pack Extra Joss Sport (2DE029000) ex CAG dari hasil perhitungan TS menjadi 4.56-4.88 kg, produksi lakukan pencatatan perubahan range bobot ini di PPI dan otorisasi jika terjadi bobot karton TMS. Lampirkan",,
,,,,,,,,,,PPIC informasikan nomor batch produk yang menggunakan Pack Extra Joss Sport (2DE029000) ex CAG bobot dan grammature TMS.,,
,,,,,,,,,,QM terbitkan CAPA material untuk defect Pack Extra Joss Sport (2DE029000) ex CAG bobot dan grammature TMS. Lampirkan Nomor CAPA dalam penyimpangan ini,,
,,,,,,,,,,CPRO lakukan follow up ke vendor untuk No. CAPA yang diterbitkan oleh QM terkait defect Pack Extra Joss Sport (2DE029000) ex CAG bobot dan grammature TMS,,
2025,,Batal,https://eqms.kalbe.co.id/e-deviation/deviation/257346b5-140d-42a6-aaba-8434c0961ef2/detail?tab=pre-investigation&tabRemediate=issue-data&tabCapa=issue-data,Unplanned,Hydrotalcite ex Ilyang,1AH001000,24005,Ilyang,"Hasil analisa TS untuk RM Hydrotalcite dari Kalbe Farma Ex. IlYang : 1. TMS Tapped Density jika mengacu pada Spek Internal B7 (Hasil : 0,556 g/ml - spec : 0,32 - 0,45 g/ml), sedangkan HT pembelian QA untuk keperluan compliance (di awal tahun) hasilnya MS. 2.Jika menggunakan spek PSD Kyowa pada mesh 45 mikron, hasil analisa Il-Yang Tidak Memenuhi Syarat karena PSD > 5%, namun di internal tidak men-syaratkan PSD 3.Pada PPI Waisan, Hydrotalcite merupakan salah satu material yg di granulasi, semestinya tidak terlalu kritikal trhadap spek BD-TD, namun ttp monitoring pada saat compounding. Hasil pemeriksaan QC : Parameter Tapped Density (TD) hasilnya TMS (Hasil 0,52 ; Syarat 0,32-0,45). sedangkan material dibutuhkan untuk kedatangan 11 Aug 25.",,,
2025,DEV-B7PLG-08-2025-0095,Closed,https://eqms.kalbe.co.id/e-deviation/deviation/493b5108-2fba-4753-94b7-2e418ad17752/detail?tab=pre-investigation&tabRemediate=issue-data&tabCapa=issue-data,Unplanned,Box Komix Rasa Peppermint/140x46x105,2DK019010,2K/2508/0012,GK,"Box Komix Rasa Peppermint/140x46x105 (2DK019010) ex Gunung Kelud no QC 2K/2508/0012 ditemukan warna menyimpang over CR Max 30/507 (5,9%) pada sampling yang dilakukan QC. Gambar dan dokumen pendukung terlampir",Terkait dengan Box Komix Rasa Peppermint/140x46x105 (2DK019010) ex GK warna menyimpang secara redaksi masih jelas terbacam lakukan reluctant rilis. Lampirkan Report Analisa dalam devol ini,,
,,,,,,,,,,PPIC informasikan alokasi NB produk yang menggunakan Box Komix Rasa Peppermint/140x46x105 (2DK019010) ex GK warna menyimpang dan sosialisasikan ke tim produksi terkait devol in,,
,,,,,,,,,,"Terhadap Box Komix Rasa Peppermint/140x46x105 (2DK019010) ex GK warna menyimpang, QM bterbitkan CAPA untuk vendor GK. Infromasikan nomor CAPA.",,
,,,,,,,,,,CPRO koordinasikan CAPA terkait Box Komix Rasa Peppermint/140x46x105 (2DK019010) ex GK warna menyimpang yang dibuatkan oleh QM ke vendor. Informasikan follow up dalam penyimpangan ini,,
,,,,,,,,,,"QC follow up standar internal utk pelulusan material yg mengacu pd review penyimpangan & pastikan form std internal disetujui hingga QA, shg dpt meminimalkan penyimpangan karna warna. Infromasikan dalam penyimpangan ini",,
2025,DEV-B7PLG-08-2025-0092,Closed,https://eqms.kalbe.co.id/e-deviation/deviation/27d3ad8a-c65b-4a55-9255-734948a7d3a9/detail?tab=pre-investigation&tabRemediate=issue-data&tabCapa=issue-data,Planned,Pack Extra Joss Sport,2DE029000,2K/2508/0042,CAG,"ditemukan Pack Extra Joss Sport (2DE029000) ex CAG bobot TMS ditemukan sebanyak 12 dari 20 pack yang disampling pada pemeriksaan no QC 2K/2508/0042. untuk hasil analisa terlampir (spec 11,27-12,21 gram)","Terhadap Pack Extra Joss Sport (2DE029000) 2K/2508/0042 ex CAG bobot TMS, jika tidak ada issue kualitas lainnya, pack ini dapat di rekomendasikan untuk reluctant rilis. QC lampirkan hasil pengujian dalam penyimpangan ini",,
,,,,,,,,,,"Range bobot FG akibat TMS Bobot Pack Extra Joss Sport QC 2K/2508/0042 ex CAG dari hasil perhitungan TS menjadi 4.56-4.89 kg, produksi lakukan pencatatan perubahan range bobot ini di catatan perubahan proses PPI dan otorisasi jika terjadi bobot karton TMS.",,
,,,,,,,,,,PPIC informasikan nomor batch produk yang menggunakan Pack Extra Joss Sport (2DE029000) no. QC 2K/2508/0042 ex CAG bobot.,,
,,,,,,,,,,QM terbitkan CAPA material untuk defect Pack Extra Joss Sport (2DE029000) ex CAG bobot TMS. Lampirkan Nomor CAPA dalam penyimpangan ini,,
,,,,,,,,,,CPRO lakukan follow up ke vendor untuk No. CAPA yang diterbitkan oleh QM terkait defect Pack Extra Joss Sport (2DE029000) ex CAG bobot TMS,,
2025,DEV-B7PLG-09-2025-0123,Closed,https://eqms.kalbe.co.id/e-deviation/deviation/6674f8d4-1113-46c6-ab5c-47626e64b733/detail?tab=pre-investigation&tabRemediate=issue-data&tabCapa=issue-data,Planned,Peppermint Oil,1AP011000,2R/2507/0131,Global Chemindo ,Peppermint Oil dirilis paralel tanpa analisa parameter Dimethyl Sulfide,Penyimpangan terencana perilisan Peppermint Oil paralel analisa parameter Dimethyl Sulfide di ANDEV disetujui untuk case material cito dan sampai ketersediaan alat dan reagen serta trial MA berhasil. QC informasikan timeline dan percepat pengadaan alat,,
,,,,,,,,,,"Selama proses pengadaan, analisa parameter Dimethyl Sulfide pada material Peppermint Oil dilakukan di andev. QC informasikan dan rekap semua no. QC material dan hasil analisa yang dilakukan di andev lampirkan dalam penyimpangan ini",,
,,,,,,,,,,Hanya dalam case material cito Peppermint Oil tanpa hasil analisa parameter Dimethyl Sulfide boleh di rilis namun penggunaan material diproduk menunggu analisa di Andev MS. PPIC koordinasikan timeline analisa & penggunaan material ini dengan tim QC,,
,,,,,,,,,,Dimethyl sulfide berpotensi membuat aroma dan rasa produk bergeser dari spek eksisting. Perlu dicek secara profil aroma thd material yg dirilis sebelumnya apakah ada potensi aroma negatif yg muncul. Infromasikan dalam penyimpangan ini,,
,,,,,,,,,,Andev pastikan pada saat implementasi perubahan spec perlu dikoordinasikan dg operasional untuk melihat kesiapan reagen serta update leadtime analisa material shg isu berikut tidak terjadi kembali,,
2025,DEV-B7PLG-09-2025-0124,Closed,https://eqms.kalbe.co.id/e-deviation/deviation/bf61d560-254a-4545-ae51-1dad2bc840e4/detail?tab=pre-investigation&tabRemediate=issue-data&tabCapa=issue-data,Planned,Sodium Sakarin ,2AS013000,-,-,Sodium sakarin origin Tianjin yang sudah diajukan non active MPN akan dilakukan order untuk didatangkan,"PPIC informasikan nomor PR, No QC kedatangan material ke B7 dan alokasi Nomor batch dan produk yang menggunakan material Sodium Saccharine ex Tianjin North mesh 8-12 yang di supply dari ABV",No,-
2025,DEV-B7PLG-08-2025-0104,Closed,https://eqms.kalbe.co.id/e-deviation/deviation/8d111e92-b05d-4151-b265-0f009f122a70/detail?tab=pre-investigation&tabRemediate=issue-data&tabCapa=issue-data,Unplanned,Foil Komix Rasa Jahe,1FK002090,2P/2508/0045,-,1FK002090 Foil Komix Rasa Jahe ex Panverta pada PO DBG250334 kedatangan 15 aug 2025 ditemukan miss register pada dot biru sebanyak 2 dari 8 roll yang disampling QC. Untuk hasil analisa dan dokumen pendukung terlampir,"Terhadap material 1FK002090 Foil Komix Rasa Jahe ex Panverta miss register pada dot biru, sudah dilakukan pemastian roll foil aktual, hasil misregister yang sama . Defect tidak menutupi redaksi & identitas produk. Lakukan Reluctant rilis, lampirkan RAP",,
,,,,,,,,,,PPIC informasikan nomor batch produk yang akan menggunakan material 1FK002090 Foil Komix Rasa Jahe ex Panverta miss register pada dot biru. Sosialisasikan ke pihak terkait agar diketahui bersama. Lampirkan,,
,,,,,,,,,,Quality Compliance terbitkan CAPA material ke vendor Panverta terkait defect material 1FK002090 Foil Komix Rasa Jahe ex Panverta miss register pada dot biru. Lampirkan nomor CAPA,,
,,,,,,,,,,CPRO koordinasikan ke vendor terkait CAPA yang di submit oleh QM untuk material 1FK002090 Foil Komix Rasa Jahe ex Panverta miss register pada dot biru,,
2025,DEV-B7PLG-08-2025-0105,Closed,https://eqms.kalbe.co.id/e-deviation/deviation/b080ddad-b4c9-4112-986f-11b1671102a0/detail?tab=pre-investigation&tabRemediate=issue-data&tabCapa=issue-data,Unplanned, Box Komix Rasa Jeruk Nipis,2DK017010 ,2K/2508/0061,"GUNUNG KELUD WISESA, PT",2DK017010 Box Komix Rasa Jeruk Nipis ex GK pada kedatangan material 14 Aug 2025 dengan No PO DBG250426 ditemukan smet sebanyak 45/500 (9%). Hasil analisa dan dokumen pendukung terlampir,"Material 2DK017010 Box Komix Rasa Jeruk Nipis ex GK defect smet perlu utk CWO di W2 Sep-25,sudah konfirmasi ke CPRO jika di ATB dan sortir oleh Vendor dpt di kirim lg ke B7 End Agt-25. QC lakukan ATB untuk sortir ulang Material oleh Vendor. Lampirkan RAP",,
,,,,,,,,,,CPRO lakukan koordinasi dengan vendor GK untuk melakukan sortir Material 2DK017010 Box Komix Rasa Jeruk Nipis ex GK dengan defect smet tersebut. Pastikan material dapat dikirim kembali ke B7 sebelum W2 September 2025.,,
,,,,,,,,,,PPIC koordinasikan dengan CPRO dan WH untuk aktivitas ATB Material 2DK017010 Box Komix Rasa Jeruk Nipis ex GK ini. Lakukan tracking dan informasikan jika ada perubahan timeline/jadwal produksi.,,
,,,,,,,,,,QC lakukan analisa kembali untuk Material 2DK017010 Box Komix Rasa Jeruk Nipis ex GK hasil sortir yang akan datang ke B7. Lampirkan hasil analisa. Jika masih ditemukan penyimpangan serupa maka minta CPRO untuk dibuatkan penyimpangan kembali.,,
2025,DEV-B7PLG-09-2025-0117,Closed,https://eqms.kalbe.co.id/e-deviation/deviation/021c1c22-8b9b-4ec4-bc27-11616975afff/detail?tab=pre-investigation&tabRemediate=issue-data&tabCapa=issue-data,Planned,HERBAL OIL F-5303,3AH001000,QC 2R/2409/0161,IFF-PT.Essence Indonesia (Kwg),"HERBAL OIL F-5303 (3AH001000) No QC 2R/2409/0161 dengan qty 43.45 Kg ( 65.14 BN) ED 12 Sept 2025. Akan digunakan untuk target Sept (16 BN), sebagai backup plan, apabila tidak bisa potong stok krna ED","PPIC segera lakukan CWO dan koordinasikan dengan penimbangan material sebelum tgl ED material. Koordinasikan dengan tim Produksi, WH, QA dan QC utk proses 16 BN sebelum tgl 12 Sep. Informasikan dalam penyimpangan ini (lampirkan MoM)",,
,,,,,,,,,,WH lakukan FPP sisa material HERBAL OIL F-5303 (3AH001000) PS utuh (25 kg) untuk di analisa ulang di QC. Infromasikan FPP material dalam penyimapangan ini,,
,,,,,,,,,,"QC lakukan analisa parameter lengkap HERBAL OIL F-5303 (3AH001000) sesuai FPP WH, lampirkan hasil analisa. Pastikan hasil MS all parameter dan surat rekomendasi dari manufaturer sudah tersedia sebelum dilakukan perpanjangan ED material.",,
,,,,,,,,,,CPRO koordonasikan dengan vendo material HERBAL OIL F-5303 (3AH001000) untuk hasil evaluasi perpanjangan Sheft life material. Lampirkan surat rekomendasi dalam penyimpangan ini,,
,,,,,,,,,,"Jika material HERBAL OIL F-5303 (3AH001000) sudah diperpanjang EDnya, koordinasikan target produk dengan MKT, segera lakukan proses CWO dan produksi agar tidak ED kembali",,
2025,,Batal,https://eqms.kalbe.co.id/e-deviation/deviation/9cf4aadc-b8e8-403c-bf16-8e1d5e0e2ff4/detail?tab=pre-investigation&tabRemediate=issue-data&tabCapa=issue-data,Planned,XANTHAN GUM,2AX003000,-,-,"Terkait dengan Persetujuan Musnah material KI product LPRGH Maka dibutuhkan perpanjangan ED secara Administrasi untuk proses PO SO secara Oracle Syarat pengeluaran stock melalui SO adalah material minimum ED 6 bulan Sehingga untuk material XANTHAN GUM (2AX003000) yang ED nya di bawah 6 bulan, agar bisa di lakukan perpanjangan secara administrasi Note: List material, Memo dan PO terlampir Perpanjangan ED mengacu ke tanggal KI submit PO (26 Aug 2025)",,,
2025,DEV-B7PLG-09-2025-0127,Closed,https://eqms.kalbe.co.id/e-deviation/deviation/2e1a3024-87b1-4f7a-a9a7-a5805ddf41f5/detail?tab=pre-investigation&tabRemediate=issue-data&tabCapa=issue-data,Planned,Sodium Saccharine,2AS013000,20250108,"Tianjin North Food Co., Ltd.","Rencana kedatangan Sodium Saccharine ex Tianjin North vendor AVB (Anugrah Visi Bersama) beda mesh . Kedatangan sebelumnya di Jun25 dengan mesh 20-40, dan yang akan datang adalah mesh 8-12. Stok Sodium Saccharine di B7 sedang terbatas untuk kebutuhan produksi. Dibutuhkan disposisi urgent karena akan dilakukan pemesanan segera dibulan Sept25, stok vendor berjalan.","Terkait Sodium Saccharine ex Tianjin North dari AVB mesh 8-12 disetujui, namun penggunaan material sesuai hasil analisa QC dan jika parameter lain selain Mesh TMS maka material dapat direject. CPRO informasikan PO, jumlah pemesanan & ETA dalam devol ini",,
,,,,,,,,,,"QC lakukan pemeriksaan Sodium Saccharine ex Tianjin North dari supplier AVB dengan mesh 8-12 sesuai prosedur dan spek eksisting (terutama kelarutan), informasikan nomor QC dan hasil pemeriksaan dalam devol ini",,
,,,,,,,,,,"CPRO lengkapi dokumen rantai pasok dan CDOB dalam devol ini untuk supplier AVB, jika hasil kedatangan material tidak memmberikan issue kualitas maka dapat di follow up dengan FUP utk kedatangan selanjutnya.",,
,,,,,,,,,,"TS lakukan pengambilan sampel RM atau FG produk terdampak utk pendataan (jika diperlukan) setelah material datang ke B7, karena untuk implementasi di produk jadi memang blm dilakukan saat kedatangan sebelumnya. Informasikan dalam penyimpangan ini",,
,,,,,,,,,,PPIC informasikan alokasi dan aktualisasi produk serta NB untuk penggunaan Material Sodium Saccharine ex Tianjin North dari supplier AVB dengan mesh 8-12. Informasikan dalam penyimpangan ini,,
2025,DEV-B7PLG-09-2025-0129,Closed,https://eqms.kalbe.co.id/e-deviation/deviation/5fb698a2-ab99-4909-ab34-aa54782b218c/detail?tab=pre-investigation&tabRemediate=issue-data&tabCapa=issue-data,Unplanned,KARTON KOMIX KID 2 IN 1,3MK043000 ,2K/2509/0059,"OJI SINAR MAS PACKAGING, PT",3MK043000 KARTON KOMIX KID 2 IN 1/450x305x255 ex Oji pada PO DBG250509 kedatangan 12 sep 2025 ditemukan missregister sebanyak 10 dari 10 sample. Hasil analisa dan pendukung terlampir.,"Terkait 3MK043000 KARTON KOMIX KID 2 IN 1/450x305x255 ex Oji ditemukan missregister, redaksi masih terlihat jelas sehingga material dapat direluctant rilis jika tidak ada issue kualitas lainnya. Lampirkan hasil analisa dalam devol ini",,
,,,,,,,,,,PPIC informasikan alokasi produk dan NB yang akan menggunakan kemasan 3MK043000 KARTON KOMIX KID 2 IN 1/450x305x255 ex Oji ditemukan missregister. Koordinasikan/sosialisasikan dengan tim site,,
,,,,,,,,,,QM terbitkan CAPA material untuk 3MK043000 KARTON KOMIX KID 2 IN 1/450x305x255 ex Oji ditemukan missregister. Informasikan nomor CAPA,,
,,,,,,,,,,"CPRO informasikan CAPA ke vendor, lampirkan/informasikan update dalam devol ini",,
2025,DEV-B7PLG-09-2025-0134,Closed,https://eqms.kalbe.co.id/e-deviation/deviation/b9282e81-d2c8-4de1-8a56-377168036f1d/detail?tab=pre-investigation&tabRemediate=issue-data&tabCapa=issue-data,Planned,Honey Liquid,2AH001000,-,-,"Pengadaan RM Honey Liquid (2AH001000) tidak sesuai dengan kemasan eksisting, yaitu menggunakan kemasan ember (pail)",Trial RM Honey Liquid (2AH001000) qty 25 KG dengan kemasan pail (ember) disetujui untuk dilakukan. TS koordinasi dengan PPIC dan tim Site utk alokasi produk-NB dan informasikan dalam penyimpangan ini,No,
,,,,,,,,,,"Kekurangan 8 kg Honey diambil dari kemasan baru bukan dari jerigen eksisting, lakukan simulasi penimbangan dg kemasan plastik dalam ember untuk verifikasi trial sebelumnya, termasuk handling sisa timbang . TS koordinasikan dengan tim Penimbangan",,
,,,,,,,,,,"WH penimbangan Pastikan ember yang digunakan untuk wadah dilakukan pembersihan dan sanitasi terlebih dulu di bagian penimbangan,sebelum serah terima ke compounding untuk RM Honey Liquid (2AH001000) qty 25 KG dengan kemasan pail (ember)",,
,,,,,,,,,,"TS ikuti trial RM Honey Liquid (2AH001000) qty 25 KG dengan kemasan pail mulai dari RM Supply, penimbangan sampai dengan handling ember after compounding, pastikan handling kabel ties ketika proses compounding di produksi. Informasikan dlm penyimpangan",,
,,,,,,,,,,"Produksi lakukan trial sesuai koordinasi TS utk RM Honey Liquid (2AH001000) qty 25 KG dengan kemasan pail (ember), pastikan tidak ada defect kemasan dan informasikan kendala dalam penyimpangan ini",,
,,,,,,,,,,"Implementasi RM Honey Liquid (2AH001000) qty 25 KG dengan kemasan pail (ember) dapat dilakukan jika seluruh data trial sudah lengkap, sudah dilakukan studi sisa timbang sebagai lampiran data pendukung yang di proses melalui FUP.",,
2025,DEV-B7PLG-09-2025-0132,Closed,https://eqms.kalbe.co.id/e-deviation/deviation/73ce6d7a-2102-417a-91f6-c06af671a6b0/detail?tab=pre-investigation&tabRemediate=issue-data&tabCapa=issue-data,Unplanned,Succus A,,2R/2509/0017,-,"
Parameter TPC Succus A diperoleh Out of Trend (OOT) pada no. QC 2R/2509/0017 dengan angka tertinggi pada 10 CFU/g","Terhadap Material Succus A no. QC 2R/2509/0017 dengan parameter TPC OOT kadar mikro masih memenuhi syarat diangka 10, material dapat dirilis dengan pemantauan Mikro FG produk. QC lampirkan hasil analisa perilisan material tersebut.",,
,,,,,,,,,,"PPIC informasikan segera alokasi NB dan Produk yang akan menggunakan Material Succus A no. QC 2R/2509/001, Pastikan tidak dilajukan alokasi campur No. QC succus A dalam 1 produk.",,
,,,,,,,,,,Terhadap Vat OOT material Succus A no. QC 2R/2509/0017 segera perioritaskan untuk digunakan. WH lakukan alokasi segera di produk sesuai CWO PPIC utk material succus yang OOT,,
,,,,,,,,,,Produksi lakukan pengambilan sampel Produk yang menggunakan Material Succus A no. QC 2R/2509/0017 untuk pengujian Mikro tambahan dan stabtest produk sesuai permintaan QA,,
,,,,,,,,,,"QA lakukan pengambilan sampel stabilitas Produk yang menggunakan Material Succus A no. QC 2R/2509/0017, lampirkan protokol",,
,,,,,,,,,,"Produk dan NB yang menggunakan Material Succus A no. QC 2R/2509/0017 sesuai alokasi PPIC dapat dirilis jika hasil mikro sudah MS, tidak ada issue kualitas lainnya dan pastikan masuk ke area fast moving. lampirkan Memo",,
,,,,,,,,,,WH lakukan pengecekan kondisi penyimpanan selama handling material Material Succus A no. QC 2R/2509/0017 dar awal kedatangan sampai sampling QC. Informasikan jika ada abnormalitas.,,
,,,,,,,,,,"QC investigasi tatacara sampling dan handling Material Succus A no. QC 2R/2509/0017, informasikan jika ada abnormalitas.",,
,,,,,,,,,,"
QM informasikan kepada Vendor terkait Succus A yang OOT ini terbitkan CAPA Material bila perlu.",,
2025,DEV-B7CKR-10-2025-0218,Closed,https://eqms.kalbe.co.id/e-deviation/deviation/c7bc9f18-532c-4eec-93f9-b0d1d0486062/detail?tab=pre-investigation&tabRemediate=issue-data&tabCapa=issue-data,Unplanned,KARTON BEJO HERBAL/334x245x156,3MM004000,2K/2509/0096,"DAYA CIPTA KEMASINDO, PT",3MM004000‬ KARTON BEJO HERBAL/334x245x156 ex DCK pada PO DBG250608 kedatangan 22 sep 2025 ditemukan blobor/luntur pada tulisan BE sebanyak 10/10 sample. Dokumen pendukung dan foto temuan terlampir.,"Terkait penyimpangan 3MM004000‬ KARTON BEJO HERBAL/334x245x156 ex DCK blobor pada tulisan BE dari sampel tidak menganggu redaksi dan identitas, material dapat digunakan. QC lakukan reluctant rilis, lampirkan Report",No,-
,,,,,,,,,,"PPIC informasikan alokasi nomor batch dan produk yang akan menggunakan 3MM004000‬ KARTON BEJO HERBAL/334x245x156 ex DCK blobor pada tulisan BE, koordinasikan dengan CPRO dan tim site agar tidak di reject untuk penggunaan operasional di produksi.",,
,,,,,,,,,,QM terbitkan CAPA terkait penyimpangan 3MM004000‬ KARTON BEJO HERBAL/334x245x156 ex DCK blobor pada tulisan BE,,
,,,,,,,,,,CPRO lakukan koordinasi ke vendor terkait CAPA 3MM004000‬ KARTON BEJO HERBAL/334x245x156 ex DCK blobor pada tulisan BE. Infromasikan dalam penyimpangan ini,,
2025,DEV-B7PLG-09-2025-0137,Closed,https://eqms.kalbe.co.id/e-deviation/deviation/f0436e20-353c-4aba-9c25-d5aeb89a000d/detail?tab=pre-investigation&tabRemediate=issue-data&tabCapa=issue-data,Planned,Dextrose,2AD003000,"20250603
20250514","Weifang Shengtai Medicine Co., Ltd","Dextrose Monohydrate Ex Weifang ETA 1 oct25 akan dikirimkan dengan 2 jenis kemasan. batch 20250514 = 2.500 Kg dengan kemasan existing (tercantum N.W saja) dan 20250603 = 1.500 Kg dengan kemasan baru (tercantum N.W dan G.W). Serta warna cable ties pada kemasan yang akan dikirimkan selanjutnya akan ada varian beberapa warna : merah, kuning, pink, ungu, biru, hijau (menyesuaikan dengan shift produksi di principal). Statement letter terlampir. Mengacu ke PO HBG250728 Qty 4000kg Eta 1 Oct 25 dan HBG250729 Qty 3000Kg Eta 5 Nov 25.",Terkait dengan penyimpangan Kedatangan Dextrose Monohydrate ex Weifang beda kemasan dengan existing ( N.W dan G.W serta warna kabel ties pada kemasan) disetujui dan boleh didatangkan. CPRO informasikan detail aktualisasi PO sesuai ETA,No,-
,,,,,,,,,,"Perlu dipastikan CoA, kualitas dan dan speksifikasi material Dextrose Monohydrate ex Weifang tidak ada perubahan dengan adanya perubahan kemasan ini. QC lakukan analisa sesuai prosedur dan informasikan hasil pengujian dan CoA dalam penyimpangan ini",,
,,,,,,,,,,WH perlu melakukan pemastian sampling berat saat incoming tidak ada pengaruh di berat tetap sesuai berat kemasan eksisting untuk material Dextrose Monohydrate ex Weifang,,
,,,,,,,,,,Perubahan redaksi /informasi kemasan dan warna kabel ties tidak mempengaruhi mutu bahan baku dan tdk merubahah spesfikasi bahan baku tidak butuh FUP namun sosialisasikan perubahan ini ke pihak terkait.,,
2025,DEV-B7PLG-10-2025-0149,Closed,https://eqms.kalbe.co.id/e-deviation/deviation/23a839a6-00b7-42f3-b9db-946dbd6bb6fc/detail?tab=pre-investigation&tabRemediate=issue-data&tabCapa=issue-data,Unplanned,Menthae ,-,2R/2509/110,-,"Parameter QA lakukan pengujian tambahan Mikro ATB (Composite line), pengujian mikro H+1 bulan FG dan pengujian stabtest Pormag Herbal HK448. Lampirkan hasil analisa dan protokol stabilitas untuk produk sesuai informasi PPIC.","Terkait dengan material Menthae Piperitae no. QC 2R/2509/110 Vat 1 yang OOT dengan nilai 70 CFU/g lakukan reluctant rilis, sementara untuk Vat 2 yang OOS lakukan reject. Lampirkan report analisa dan Laporan OOT/OOS dalam penyimpangan ini",No,
,,,,,,,,,,Material Menthae Piperitae no. QC 2R/2509/110 dapat digunakan untuk produk terbatas utk 4 BN yaitu Promag Herbal no bets HK448 sd 451 sesuai informasi PPIC. PPIC lakukan CWO dan koordinasikan dengan produksi. Infromasikan dalam penyimpangan ini,,
,,,,,,,,,,Produksi lakukan pengambilan sampel tambahan ATB @ 1 sachet per line dan sampel stabilitas untuk Produk Promag Herbal HK448 yang menggunakan Material Menthae OOT. Berikan up ke FVL,,
,,,,,,,,,,"QA lakukan pengujian tambahan Mikro ATB (Composite line), pengujian mikro H+1 bulan FG dan pengujian stabtest Pormag Herbal HK448. Lampirkan hasil analisa dan protokol stabilitas untuk produk sesuai informasi PPIC.",,
,,,,,,,,,,QM terbitkan CAPA material kepada vendor terkait hasil Menthae Piperitae no. QC 2R/2509/110 yang OOT dan OOS Vat 2. Lampirkan nomor CAPA dan informasikan ke CPRO unutk FU,,
,,,,,,,,,,Produk Promag Herbal HK448 sd 451 yang menggunakan Menthae Piperitae no. QC 2R/2509/110 OOT dapat di rilis jika seluruh hasil parameter sudah memenuhi syarat. Alokasikan ke area fast moving.,,
2025,DEV-B7PLG-10-2025-0158,Open-Verifikasi tindakan remedial,https://eqms.kalbe.co.id/e-deviation/deviation/0bd70bd5-5c87-46a0-a343-eef62ec988bc/detail?tab=pre-investigation&tabRemediate=issue-data&tabCapa=issue-data,Planned,"POLYETHYLENE GLYCOL
PSEUDOEPHEDRINE HC","2AP005000
1AP003000",-,-,"Mengacu ke WI-RD-RD-9001 rev 04, bahwa permintaan perubahan Field : Returnable, Invoice Enabled, Customer Older Enabled, Customer Order, LOB: EMTL.EMTL.HLEM dari No ke Yes, harus menggunakan penyimpangan, disamping sudah di buatkan PDO Hal ini bertujuan untuk enable proses transact material yang tidak normal di proses bisnis b7 (sesuai info Rnd) Material yang dimintakan adalah POLYETHYLENE GLYCOL 4000 (2AP005000) dan PSEUDOEPHEDRINE HCL (1AP003000) Note: PDO terlampir",Devol Perubahan data u/ keperluan pembebanan material POLYETHYLENE GLYCOL 4000(2AP005000) dan PSEUDOEPHEDRINE HCL(1AP003000) ke KI karena produk Colza tidak akan di produksi di b7. PPIC FU FUDP ke BD dan lampirkan FUDP produk Colza di devol in,,
,,,,,,,,,,"Penyimpangan ini disetujui & diperlukan u/ proses penagihan, Andev lakukan perubaham field Oracle : Returnable, Invoice Enabled, Customer Older Enabled, Customer Order, LOB: EMTL.EMTL.HLEM jd Yes sesuai PDO yang dibuatkan PPIC. Lampirkan & informasikan",,
,,,,,,,,,,PPIC koordinasikan kepihak-pihak berkepentingan terkait proses pemusnahan material POLYETHYLENE GLYCOL 4000 (2AP005000) dan PSEUDOEPHEDRINE HCL (1AP003000) sesuai dengan alur proses dalam penyimpangan ini.,,
,,,,,,,,,,"Perubahan field hanya berlaku untuk material sesuai devol ini. Jk material digunakan di produk lain setelah pembebanan ke KI selesai melalui SO, data dikembalikan statusnya ke awal. Jk material hanya untuk produk Colza nonaktifasi MPN sesuai triger FUP",,
,,,,,,,,,,PPIC buatkan FUP untuk Delisting produk Colza sesuai triger dari penyimpangan ini dan informasi FUDP dari BD hasil follow up PPIC Material,,
2025,DEV-B7PLG-10-2025-0156,Closed,https://eqms.kalbe.co.id/e-deviation/deviation/34f2f27c-7e40-4c38-bc18-c8485f423d42/detail?tab=pre-investigation&tabRemediate=issue-data&tabCapa=issue-data,Planned,Pack EJ Sport,-,"2K/2510/0002
2K/2510/0003",-,"Berdasarkan informasi yang telah disampaikan mengenai kedatangan Pack EJ Sport tanggal 1 Okt 2025 dengan case overglue dan blobor. Keterangan total yang akan disortir : 1. 2K/2510/0002 no. lot PR/A7/BT5523/GK/VII/25 = qty kedatangan 4500 EA 2. 2K/2510/0003 no. lot PR/BT5588/GK/IX/25 = qty kedatangan 66000 EA Oleh karena itu, dibutuhkan support untuk proses sortir yang akan dilakukan di Bintang7. Untuk flow yang harus diperhatikan dari kegiatan ini adalah: 1. Tim sortir dari GK akan datang ke B7 pada hari Selasa , 13 Okt dengan personil sebanyak 5 Orang. 2. Sortir akan dilakukan selama 1-2 hari sampai selesai dan disupervisi oleh personil tim QC dan WH 3. Hasil sortir akan dihitung , kemudian akan digantikan dengan stok kemasan baru dari GK","Terkait dengan penyimpangan Proses sortir material reject Pack EJ Sport ex GK dilakukan di B7, QC koordinasikan dengan WH proses alur keluar material dari WH, jika menggunakan alur PMTMS lampirkan dokumen terkait",No,-
,,,,,,,,,,WH lakukan support keluar material dari WH ke lokasi sortir untuk Proses sortir material reject Pack EJ Sport ex GK dilakukan di B7. Infromasikan dalam penyimpangan ini,,
,,,,,,,,,,QC buatkan prosedur yang jelas untuk proses sortir sehingga terdapat standard untuk pack yang reject,,
,,,,,,,,,,"QC lakukan pendampingan selama proses sortir, pastikan vendor melakukan sortir 100% dan tidak. Pastikan semua defect tidak diloloskan, informasikan hasil sortir dan dokumen analisa akhir / berita acara dalam penyimpangan ini",,
,,,,,,,,,,QA lakukan verifikasi sesuai kebutuhan untuk Proses sortir material reject Pack EJ Sport ex GK dilakukan di B7. Infromasikan dalam penyimpangan ini,,
2025,DEV-B7PLG-10-2025-0165,Closed,https://eqms.kalbe.co.id/e-deviation/deviation/4bc1a445-8273-47f0-b0a2-18435ba4951b/detail?tab=pre-investigation&tabRemediate=issue-data&tabCapa=issue-data,Planned,-,-,-,-,Untuk meningkatkan produktivitas proses comp akan dilakukan pemakaian ruangan stagging solid 3 dan comp solid 6 menjadi stagging RM Herbal agar lokasinya lebih dekat ke area proses comp liquid 3 dan com liquid 4,"Penyimpangan terencana terkait Pemakaian ruang Stag Solid 3 dan Comp solid 6 utk stagging RM Herbal disetujui dilakukan sebelum FUP disposisi, sosialisasi pd seluruh Produksi, QA, Engineering, dan Gudang terkait perubahan ini lampirkan daftar hadir",,
,,,,,,,,,,QA Lakukan kualifikasi Ruang dan AHU R. Stag Solid 3 dan Comp solid 6 sesuai syarat kelas ruangan dan ruangan staging. Lampirkan report.,,
,,,,,,,,,,Produksi Buat daftar RM Herbal yang diizinkan untuk ditempatkan di area tersebut tempelkan pada area depan pintu atau didalam ruangan.,,
,,,,,,,,,,"Pastikan akses jalan, sarana darurat, dan aspek K3 tidak terhalang akibat penataan ulang area. Informasikan dan dokumentasikan dalam penyimpangan ini",,
,,,,,,,,,,"Penyimpangan ini hanya berlaku sampai bulan Nov25, follow-up FUP terkait perubahan fasilitas permanen pastikan kajian risiko kualitas dan K3 sudah dikaji. Lampirkan nomor FUP",,
2025,DEV-B7PLG-11-2025-0176,Open-Verifikasi tindakan remedial,https://eqms.kalbe.co.id/e-deviation/deviation/d17e5070-6eb4-427b-a69f-3515e145a5ce/detail?tab=pre-investigation&tabRemediate=issue-data&tabCapa=issue-data,Unplanned,Menthae piperitae,-,2R/2509/0110_01,-,"Hasil analisa mikrobiologi (Kapang Khamir) pada Menthae piperitae no QC 2R/2509/0110_01 (FPP) TMS dengan angka tertinggi pada 325 CFU/g (syarat : <=100 CFU/g). A. Mikroba yang teridentifikasi merupakan khamir lingkungan non-patogen (Cryptococcus albidus dan Trichosporon pullulans) B. Hasil analisa di laboratorium eksternal (PML) dan hasil analisa di Kalbe memenuhi syarat, dimana memang terdapat perbedaan metode analisa antara B7 dengan PML dan Kalbe (B7 menggunakan pelarut LDF-Tween sedangkan PML dan Kalbe menggunakan pelarut TSB untuk analisa KK).","TS lakukan trial skala lab dengan menggunakan Menthae TMS (no QC 2R/2509/0110_01 (FPP)), koordinasi dengan QC utk lakukan uji speksifik koloni. Lampirkan Hasil trial dalam penyimpangan ini",,
,,,,,,,,,,QC uji speksifik koloni dari hasil sampel trial TS dengan issue Menthae TMS (no QC 2R/2509/0110_01 (FPP). Lampirkan hasil analisa Mikro,,
,,,,,,,,,,Jika hasil trial Jika hasi trial TS MS maka QA lakukan pengambilan sampel dalam jumlah min 1 karton untuk produk yang menggunakan Menthae no QC 2R/2509/0110_01 TMS ini yaitu LPRGQ BN HL462 dan LPRGR HL476. Lampirkan FKB,,
,,,,,,,,,,QA Lakukan pengambilan sampel Stabilitas untuk produk LPRGQ BN HL462 dan HL467 serta LPRGR HL473 yang menggunakan Menthae no QC 2R/2509/0110_01 TMS. Lampirkan FKB dan protokol,,
,,,,,,,,,,Produksi lakukan pengambilan sampel 10 sachet/line ATB untuk masing-masing Produk: LPRGQ HL462 & LPRGR HL476. Berikan kepada Ibu Vena QA,,
,,,,,,,,,,Lakukan pengujian/Pengecekan sesuai MoM terlampir pada disposisi devol ini untuk produk LPRGQ BN HL462 dan LPRGR HL476. Registrasikan dan lampirkan hasil pengujian,,
,,,,,,,,,,Produk yang menggunakan Menthae no QC 2R/2509/0110_01 TMS LPRGQ BN HL462-472 dan LPRGR HL473-476 dapat dirilis jika hasil mikro MS dan alokasikan produk dengan Memo Fast Moving,,
2025,DEV-B7PLG-12-2025-0181,Closed,https://eqms.kalbe.co.id/e-deviation/deviation/bf9fb6d1-674a-4dc6-ae30-1cafd5ed8718/detail?tab=deviation-data&tabRemediate=issue-data&tabCapa=issue-data,Unplanned,Tube Komix Herbal Lemon ,1WK009020 ,E-25-10-16,Hangzhou,"Tim Cpro sdh reminder 2x ke HZ utk mengirimkan CR, namun Pabrik China tdk terbiasa utk membuat CR jk tdk ada warna yg berubah (perubahan ini perubahan redaksional), shg permintaan ini blm terdeliver dg baik sehingga pembuatan CR ini terlewat di HZ.",Cpro segera FU kedatangan CR 1WK009020 ke Hangzhou untuk bisa segera dikirimkan ke Packdev sehingga PO selanjutnya sudah ada acuan CR.,No,-
,,,,,,,,,,"Packdev melakukan pembukaan MPN untuk bisa dilakukan generate ASN untuk PO MBG250009 yang dicreate oleh Cpro Import, sehingga WH bisa melakukan receiving. Lampirkan",,
,,,,,,,,,,"WH lakukan penerimaan Tube Komix Herbal Lemon ex Hangzhou (E-25-10-16 sebanyak 16578 Kg) sesuai penyimpangan ini, pisahkan lokasi material dan berikan tanda tidak boleh digunakan sampai sampel redaksi dari andev tersedia. Lakukan karantina",,
,,,,,,,,,,"QC lakukan pengambilan sampel Tube Komix Herbal Lemon ex Hangzhou (Tidak perlu AQL) E-25-10-16, dan kirimkan ke Packdev Up Taryoko utk di cek redaksi sesuai FAW. Infiormasikan",,
,,,,,,,,,,"Packdev melakukan pemeriksaan terhadap sample yang diberikan oleh QC untuk point2 perubahan dari kode 1WK009010 ke 1WK009020 apakah sudah sesuai / blm. Jika sudah ok, sample approved dikirimkan ke QC untuk acuan perilisan redaksional. Lampirkan",,
,,,,,,,,,,"QC untuk pemeriksaan redaksional mengacu pada sample kedatangan yang sudah dicek oleh packdev (approved), sedangkan untuk warna mengacu pada CR kode sebelumnya (1WK009010). Lakukan perilisan jika seluruh parameter sudah memenuhi syarat. Lampirkan",,
2025,DEV-B7PLG-12-2025-0199,Open-Verifikasi tindakan remedial,https://eqms.kalbe.co.id/e-deviation/deviation/e9bb4bd3-8c30-4857-8751-27568a5cbd32/detail?tab=pre-investigation&tabRemediate=issue-data&tabCapa=issue-data,Unplanned,Sodium Cyclamate,-,-,-,"Identifikasi impuritis B (Aniline), C (Cyclohexylamine) dan D (Dicyclohexylamine) sesuai WI tidak mendapatkan hasil analisa","Andev lakukan transfer metode Sodium Cyclamate ke QC termasuk setting detektor MS, kromatogram, run time analit dan mass spektra. Lampirkan bukti transfer metode analisa yang dilakukan",,
,,,,,,,,,,Andev lakukan revisi WI analisa terkait Sodium Cyclamate. Lampirkan bukti Revisi WI,,
,,,,,,,,,,QC pastikan semua analis sudah terinfo terkait perubahan TMA Sodium Cyclamate dan implementasi dilakukan sesua MA terbaru,,
2025,DEV-B7PLG-12-2025-0194,Closed,https://eqms.kalbe.co.id/e-deviation/deviation/d9b83ae2-f62e-423d-9aab-a46d52b4dea7/detail?tab=pre-investigation&tabRemediate=issue-data&tabCapa=issue-data,Planned,Glyceril Guaiacolate,1AG001000,2R/2512/0066,Stellar (GCM),Tgl 9 Des25 QC menginfokan bahwa kedatangan GG ex Stellar tgl 8 Des25 PO HBG251062 qty 1 ton (vendor : GCM) ditemukan menggumpal. Kedatangan GG stellar ini adalah backup supply karena ex Zhejiang Jianfeng ada delay shipment. Berdasarkan koordinasi dengan PPIC supply GG harus tetap dipenuhi sesuai tanggal kebutuhan karena merupakan item kanban & digunakan pada produk-produk pareto di B7 PLG.,PO HBG251062 qty 1 ton Kedatangan Glyceril Guaiacolate ex Stellar (GCM) menggumpal tidak dapat digunakan di proses produksi sehingga QC lakukan reject untuk Glyceril Guaiacolate ex Stellar tersebut.,,
,,,,,,,,,,"PPIC sesuai diskusi terpisah dan sudah dilakukan perhitungan kebutuhan material GG, kebutuhan GG akan disupport dari kedatangan GG ex Zhejiang dst. Informasikan kecukupan kebutuhan material dalam penyimapangan ini",,
,,,,,,,,,,"Terbitkan CAPA material untuk Kedatangan Glyceril Guaiacolate ex Stellar (GCM) menggumpal, informasikan nomor CAPA utk kasus ini",,
,,,,,,,,,,"CPRO teruskan CAPA Kedatangan Glyceril Guaiacolate ex Stellar (GCM) menggumpal ke vendor, informasikan dalam penyimpangan ini",,
2025,DEV-B7PLG-12-2025-0192,Open-Verifikasi tindakan remedial,https://eqms.kalbe.co.id/e-deviation/deviation/b82ce85d-8a0a-4899-bbe9-0c82d5fc17dd/detail?tab=pre-investigation&tabRemediate=issue-data&tabCapa=issue-data,Unplanned,METHYL P-HYDROXYBENZOATE - Ueno Fine Chemicals Industry - BJIA01,2AM002000,2R/2511/0102,"BRONSON AND JACOBS INDONESIA, PT","Terjadi kebocoran air dari arah plafon di Ruang penyimpnan RM GBAC1, dan air bocoran mengenai sebagian material yang disimpan di area tersebut.","Terhadap Material terdampak, lakukan FPP material Methyl P-Hydroxybenzoate. ke QC untuk dilakukan uji ulang. Lampirkan FPP",,
,,,,,,,,,,QC lakukan analisa Methyl P-Hydroxybenzoate terdampak dari kejadian bocor di Area Simpan RM GBAC1 Warehouse. Lampirkan hasil analisa material boleh digunakan jika seluruh hasil MS,,
,,,,,,,,,,"WH lakukan Verifikasi fisik menyeluruh terhadap material terdampak didampingi oleh QA, berikan data. Jika hanya kemasan sekunder yang terdampak lakukan pegantian kemasan dan pastikan label identitas tetap lengkap.",,
,,,,,,,,,,Terhadap Area Gudang Area GBAC1 dinyatakan tidak boleh digunakan sementara sampai perbaikan selesai dan diverifikasi tidak ada potensi kebocoran lanjutan. Buatkan WR dan informasikan dalam penyimpangan ini,,
,,,,,,,,,,"Kebocoran disebabkan oleh genangan air dari aktivitas kualifikasi Phase 1 PW Generator tambahan (Baby Gen). Lakukan pembuatan tampungan air khusus selama kualifikasi Baby Gen dan Perbaikan struktur cor beton bangunan, epoxy serta drainase.",,
2025,DEV-B7PLG-01-2026-0003,Closed,https://eqms.kalbe.co.id/e-deviation/deviation/d98bfe8e-aeab-4c41-887e-216419aeed6c/detail?tab=pre-investigation&tabRemediate=issue-data&tabCapa=issue-data,Planned,"STICKER LABEL PENIMBANGAN PRIME FG 8X8 WAX RESIN - SURYA SAMUDRA TEKNIKTAMA, PT - SSTA01",4KS004060,-,"
SURYA SAMUDRA TEKNIKTAMA, PT","Cpro akan membuka PR material Label TANPA ribbon dengan kode eksisting untuk menyerap sisa ribbon di area Produksi, karena terdapat GAP panjang label dan ribbon Ex. SST di area Produksi. Label = 48 meter Ribbon = 60 meter Label dan Ribbon di FKB dalam 1 bundle/ 1 kode material, sehingga pada kondisi aktual, label akan habis terlebih dahulu dan menyisakan roll ribbon cukup banyak.","PO Label tanpa ribbon dengan kode eksisting disetujui, lakukan Koordinasi & Sosialiasi ke pihak terkait (WH, Prod, CPRO, PPIC, QA dll) ttg penyimpangan terencana ini termasuk Trial pemakaianm ETA kedatangan dan T&C penyerapan Label tanpa ribbon. Lampirkan",,
,,,,,,,,,,"WH lakukan pemeriksaan kedatangan material Label tanpa Ribbon sesuai penyimpangan terencana ini, pastikan alokasi penggunaan sesuai arahan TS, fisik dan dokumen sesuai saat kedatangan",,
,,,,,,,,,,Produkisi lakukan penyerapan Label tanpa ribbon sesuai koordinasi TS. Informasikan dalam penyimpangan ini,,
,,,,,,,,,,"TS Perlu diplanningkan perubahan spek ke depanny , sehingga bisa sinkron panjang/jumlah label dengan ribbon waxnya. Lakukan Trial sesuai kebutuhan, Informasikan timeline perubahan/Follow up koordinasi ke vendor, implementasi dilakukan jk FUP spek approved",,
2025,DEV-B7PLG-12-2025-0195,Open-Verifikasi tindakan remedial,https://eqms.kalbe.co.id/e-deviation/deviation/b46a772b-52ab-46de-81c9-d95bf73b827f/detail?tab=pre-investigation&tabRemediate=issue-data&tabCapa=issue-data,Unplanned,Menthae Pipperitae DE,1AM007000,"2R/2512/0004
2R/2508/0009
2R/2511/0156 
2R/2509/0112
2R/2509/0110    
2R/2512/0004",Biosearch Life Exxentia,"Menthae Pipperitae DE Bermasalah Mikro pada Spec KK yang TMS (>100 CFU/g). Sudah dilakukan analisa ulang, radiasi dan analisa banding ke Andev dan QC CKR. Sesuai hasil BO pada tanggal 15 Desember 2025 untuk 2R/2509/0112 di Release 50 Kg. Sebelumnya sudah pernah dibuat penyimpangan untuk Menthae piperitae no QC 2R/2509/0110_01 (FPP) TMS dengan angka tertinggi pada 325 CFU/g (syarat : <=100 CFU/g). Penyimpangan terencana ini dibuat untuk mereview keputusan tersebut termasuk keputusan untuk nomor QC lainnya (Terlampir rekapan mikro Menthae). Mohon bapak/ibu dapat mereview dan memberikan keputusan untuk Menthae Pipperitae DE nomor QC 2R/2509/0112 dan No. QC lainnya yang terdampak sesuai dokumen terlampir apakah sudah sesuai atau belum agar bisa segera diberikan disposisi terhadap material tersebut.","Jika terjadi keluhan terhadap seluruh Batch LPRGQ yang menggunakan Menthae bermasalah tidak dimasukan sebagai perhitungan Non Critical Compliance yang mempengaruhi RKI karena sudah di setujui dengan MRM, follow up tetap dilakukan",,
,,,,,,,,,,"Terhadap perbedaan hasil analisa dan MA antara Kalbe, B7, PML dan Saka perlu dilakukan evaluasi kembali oleh ANDEV untuk MA Menthae agar memastikan konsistensi analisa dalam proses operasional sebagai improvement proses. Informasikan tanggapan ANDEV",,
,,,,,,,,,,"QA lakukan perilisan produk LPRGQ yang menggunakan Menthae bermasalah (Jan-Feb) jika seluruh hasil parameter kualitas sudah MS termasuk mikrobiologinya, ambil sampel retained 1 karton per BN dan buatkan memo fast moving",,
,,,,,,,,,,"QC lakukan perilisan produk LPRGQ diluar batch MR WIP QA seperti sesuai prosedur, lampirkan all hasil pengujian mikro LPRGQ yang menggunaankan Menthae bermasalah (Jan-Feb)",,
,,,,,,,,,,"QA registrasi smpl 9 titik (ATB @line 1-2,3-4,5-6)/batch sesuai MR WIP dari QA (HM466, HM468, HM473 dst NB TBC. Ambil smpl stabtest (Fisik-Mikro) Batch LPRGQ setiap Campaign 4 BN atau lebih. Lampirkan hasil analisa/batch, protokol stabtes dan realisasi NB",,
,,,,,,,,,,Produksi lakukan pengambilan sampel ATB line 1-6 sebanyak masing-masing 2 Sachet untuk batch LPRGQ sebelum CM. Informasikan detail nomor batch dalam penyimpangan ini dan berikan sampel ke Ibu Vena (QA),,
,,,,,,,,,,"QA Lakukan verifikasi fisik, swab dan bilasan mesin setiap setelah pergantian pergantian LPRGQ ke Produk lain untuk memastikan tidak terjadi kontaminasi pada produk lain setelah produksi LPRGQ. Informasikan hasil dalam penyimpangan ini",,
,,,,,,,,,,Produksi minta verifikasi QA setiap setelah pergantian LPRGQ ke Produk lain untuk memastikan tidak terjadi kontaminasi pada produk lain setelah produksi LPRGQ,,
,,,,,,,,,,PPIC lampirkan detail Qty penggunaan Menthae 2R/2509/0112 dengan Qty 50 kg dan detail BN yang akan mengkonsumsi material tersebut,,
,,,,,,,,,,QM tidak dapat menerbitkan CAPA Material untuk Menthae TMS ex Biosearch karena last stok produksi. Sehingga perlu dilakukan divers material Menthae. TS informasikan timeline divers,,
2025,DEV-B7PLG-12-2025-0196,Open-Verifikasi tindakan remedial,https://eqms.kalbe.co.id/e-deviation/deviation/daaa94bd-897d-46a8-9830-46f82a02f474/detail?tab=pre-investigation&tabRemediate=issue-data&tabCapa=issue-data,Unplanned,Succus A ,1AS004000,2R/2512/0040 - 2R/2512/0121,EVD ,"Succus A (1AS004000) ex EVD dari vendor Jerindo kedatangan November dan Desember 2025 TMS TPC (syarat : 0) dengan nomor QC sbb : - 2R/2512/0040 - 2R/2512/0121 Succus A tersebut akan digunakan untuk produksi karena kedatangan selanjutnya baru bisa kirim tgl 8 Jan26, dimana seharusnya create WO tgl 22 Des25.","1. Produksi pastikan alat & fasilitas yang digunakan untuk produksi dalam kondisi bersih, prosedur pembersihan yang valid serta tidak terdapat penyimpangan yang kebersihan. Lampirkan bukti penggunaan alat dan fasilatas produk terdampak",,
,,,,,,,,,,2. QC akan melakukan sampling sejumlah VAT yg diperlukan utk kebutuhan produksi dan memisahkan VAT material dgn TPC tinggi utk dialih kode ke succus B. Lampirkan no RM dan hasil uji yang dilakukan sampling,,
,,,,,,,,,,3. WH lakukan penandaan pemisahan VAT yang digunakan untuk produk tertentu. Lampirkan bukti penandaan pemisahan.,,
,,,,,,,,,,4. RnD melakukan trial skala lab terlebih dahulu kemudian di inkubasi pada kondisi suhu 25 dan 30 DC untuk mengetahui potensial kontaminan mikroba pada produk. Lampirkan bukti trial dan atau data dukung terkait penggunaan RM tersebut,,
,,,,,,,,,,"5. CPRO lakukan koordinasi dengan pihak supplier untuk melakukan radiasi sebelum next kedatangan RM, pastikan dilakukan radiasi dan sudah memenuhi persyaratan. Lampirkan bukti radiasi dan hasilnya.",,
,,,,,,,,,,6. PPIC perlu mendetailkan Qty penggunaan Succus A digunakan pada produk dan batch berapa serta Distribusi ke area fastmoving. Lampirkan detail Qty penggunaan Succus A digunakan pada produk dan no batch & bukti distribusi produk,,
,,,,,,,,,,"7. Produksi lakukan pengambilan sample pada produk Promag Herbal & Komix Herbal, dengan jumlah 9 titik (ATB @line 1-2,3-4,5-6), 2 sachet per line",,
,,,,,,,,,,"8.PPIC terhadap material Succus A (2R/2512/0040,2R/2512/0121) yang TMS dapat dirilis dan digunakan namun perlu dibuatkan MRM sebagai dasar keputusan kajian risiko yang diterima dan dapat dilakukan QOTR bila hasil mikro (TAMC) FG MS. Lampirkan MRM approved",,
,,,,,,,,,,"9. QC lakukan perilisan produk yang menggunakan Succus A bermasalah seperti sesuai prosedur, lampirkan all hasil pengujian mikro yang menggunaankan Succus A bermasalah tersebut",,
,,,,,,,,,,10. QA lakukan perilisan produk terdampak penggunaan Succus A bermasalah jika seluruh hasil parameter kualitas sudah MS termasuk mikrobiologinya,,
2025,DEV-B7PLG-01-2026-0007,Closed,https://eqms.kalbe.co.id/e-deviation/deviation/ff32acc6-2b74-423d-98bf-7f0bce12dd39/detail?tab=pre-investigation&tabRemediate=issue-data&tabCapa=issue-data,Unplanned,Box Komix OBH ,2DK020010,DBG250647,GKW ,"2DK020010 Box Komix OBH ex GKW pada PO DBG250647 ditemukan blobor sebanyak (8,6% = 43 defect dari 500 sample) dari qty kedatangan 110000 untuk material dengan no lot PR/A7/BT5653/GK/IX/25. Dokumen pendukung dan foto temuan terlampir","Terkait 2DK020010 Box Komix OBH ex GKW issue Blobor No QC: 2K/2512/0096 direkomendasikan untuk rilis parsial, Utk MB 15 &19 dgn temuan defects >50% sampling di reject, sisanya dapat dirilis. QC lampirkan RAP pastikan parameter lain memenuhi syarat.",,
,,,,,,,,,,Terbitkan CAPA ke vendor terkait 2DK020010 Box Komix OBH ex GKW issue Blobor. Informasikan nomor CAPA,,
,,,,,,,,,,"CPRO lakukan follow up CAPA terkait 2DK020010 Box Komix OBH ex GKW issue Blobor, informasikan hasil follow up ke vendor dalam penyimpangan ini",,
2025,DEV-B7PLG-01-2026-0004,,https://eqms.kalbe.co.id/e-deviation/deviation/af245f80-f35f-4314-9e3e-5f327e89da21/detail?tab=pre-investigation&tabRemediate=issue-data&tabCapa=issue-data,Unplanned,Karton Komix Herbal,3mk007000,DBG250777,DCK,"‭3MK007000‬ Karton Komix Herbal ex DCK pada PO DBG250777 (qty 5000) pada eta 05 jan 2026 dari vendor menginformasikan hasil pengecekan berat ditemukan bobot melebihi standar. berat standard = 238 gr (maks 247.52 gr), Aktual= 248, 252, 253 gr (Over ±5-6 gr). Material untuk kebutuhan cwo 12 Jan 2026.","3MK007000‬ Karton Komix Herbal ex DCK bobot TMS tdk mempengaruhi bobot akhir FG, dpt reluctant rilis. Spek penerimaan 238 +/- 4% (maks258gr) berlaku utk PODBG250777qty5000pcs. Jk > spek koordinasi dgn QA-TS utk perilisan. Informasikan No QC, lampirkan RAP",,
,,,,,,,,,,CPRO follow up revisi Spek CoA Material 3MK007000‬ Karton Komix Herbal ex DCK dengan issue bobot TMS menjadi 238 +/- 4 % (maks 258 gr) hanya utk PO DBG250777. Jika hasil TMS Spek sesuai disposisi pernyimpangan ini disposisi berdasarkan kajian TS-QA,,
,,,,,,,,,,Tidak diperlukan penyesuaian berat 3WS dan lampro namun perlu dilakukan verifikasi isi karton ATB oleh inspektor QA terkait kasus Material 3MK007000‬ Karton Komix Herbal ex DCK dengan issue bobot TMS. Lampirkan hasil verifikasi,,
,,,,,,,,,,Produksi pastikan pada saat proses operasional produk yang menggunakan Material 3MK007000‬ Karton Komix Herbal ex DCK dengan issue bobot TMS selalu di setting bobot tengah agar tidak over sesuai PPI. Lampirkan,,
,,,,,,,,,,"CAPA Material sudah diterbitkan oleh QM, CPRO lakukan follow up pebaikan ke vendor. Lampirkan",,
,,,,,,,,,,PPIC informasikan alokasi NB dan Produk yang akan menggunakan Material 3MK007000‬ Karton Komix Herbal ex DCK dengan issue bobot TMS ini. Lampirkan,,
2026,DEV-B7PLG-01-2026-0006,Open-Verifikasi tindakan remedial,https://eqms.kalbe.co.id/e-deviation/deviation/a29db594-1360-4924-83e2-dca869b9b3a4/detail?tab=deviation-data&tabRemediate=issue-data&tabCapa=issue-data,Planned,Menthae Piperitae Herba DE,1AM007000,-,Natrindo,"Menthae Piperitae Herba Dry Extract yang eksisting digunakan disupply dari Biosearch Life Exxentia discontinue. CPRO sudah melakukan booking stok ex Biosearch Life Exxentia untuk memenuhi kebutuhan B7, namun didapatkan hasil analisa mikro yang TMS untuk material yang booking stok tersebut. Selain itu book stok untuk B7 sudah habis, sehingga untuk memenuhi kebutuhan B7, perlu dilakukan pemesanan Menthae Piperitae Herba Dry Extract dari Natrindo sejumlah : 1. 80 kg untuk memenuhi kekurangan Feb 2026 – April 2026 atau 2. 100 kg untuk memenuhi kekurangan Feb 2026 – Mei 2026. Lead time pemesanan Menthae Piperitae Herba Dry Extract ex Natrindo adalah 2 bulan. Menthae Piperitae Herba Dry Extract ex Natrindo ini belum naik MPN dan belum diregistrasikan karena masih dilakukan proses trial skala pilot. Rencana akan dilakukan proses registrasi variasi di Jan 2026 dan tidak memerlukan data stabtes. Estimasi approval registrasi variasi oleh BPOM di Mei 2026. Untuk lead time 2 bulan, namun sesuai diskusi dengan Natrindo di dec 2025, untuk kebutuhan saat ini, jika PO diterima oleh Natrindo latest di 9 Jan 2026, rencana material bisa diterima oleh B7 19 Feb 2026","Menthae ex Natrindo dpt dilakukan pemesanan terbatas utk kebutuhan sd Mei 2026, difasilitasi via MRM dan FUP aktivasi MPN. Pemesanan dapat dilakukan jika MRM Approved & sudah tersedia nomor CC Divers RM. Lampirkan MRM Approved dalam penyimpangan ini",,
,,,,,,,,,,"QC lampirkan hasil analisa Sampel Perbaikan terakhir Menthae ex Natrindo, kirim sampel ke Ibu Pissa ANDEV untuk penetapan justifikasi spek RM. Lampirkan dalam penyimpangan ini",,
,,,,,,,,,,ANDEV lakukan pengujian Sampel Menthae ex Natrindo untuk penetapan speksifikasi RM dan data pendukung di CC. Lampirkan hasil pengujian dan penetapan speksifikasi.,,
,,,,,,,,,,"Ketidaksesuaian Spek Kelarutan dan Pemerian Menthae ex Natrindo perlu diadjustment spek RM dan MA RM serta FG menyesuaikan kebutuhan operasional oleh ANDEV. QC buatkan FUP Divers Menthae ex Natrindo Perubahan spec RM, MA RM, MA FG. Lampirkan nomor CC",,
,,,,,,,,,,Andev Aktivasi MPN 1AM007000 ex Natrindo setelah MRM Menthae ex Natrindo approved complete dan Nomor CC tersedia sebagai dasar bagi Andev untuk aktivasi MPN tsb.Lampirkan bukti aktivasi MPN,,
,,,,,,,,,,QM lakukan registrasi Divers Menthae ex Natrindo sesuai FUP Divers dari QC. Lampirkan timeline,,
,,,,,,,,,,QM lakukan registrasi Divers Menthae ex Natrindo sesuai FUP Divers dari QC. Lampirkan timeline,,
,,,,,,,,,,TS lanjutkan stabtes pilot Menthae ex Narindo s.d ED +1 thn lampirkan protokol dan thd RM divers kedatangan perdana ikuti proses nya dikomersial koordinasi dengan pihak2 terkait.,,
,,,,,,,,,,"QA Validasi lakukan pendampingan saat kedatangan dan penggunaan perdana material Menthae ex Natrindo, lakukan validasi proses dan pengambilan sampel stabilitas on going.",,
,,,,,,,,,,Produk yang menggunakan Menthae ex Natrindo perlu dirilis dengan menggunakan Memo Alokasi Fast Moving. Koordinasikan nomor batch ke PPIC. Lampirkan.,,
2026,,Batal,https://eqms.kalbe.co.id/e-deviation/deviation/c93f3715-e178-496b-b6c0-aa5832944fe7/detail?tab=pre-investigation&tabRemediate=issue-data&tabCapa=issue-data,Planned, HERBAL OIL ,3AH001000,-,-,"HERBAL OIL F-5303 (3AH001000) No QC 2R/2409/0161_01 dengan qty 17.55798 Kg ( 26.23 BN) ED 11 Jan 2026. Material sudah di perpanjang ED sebelumnya (ED awal 12 Sept 2025). Akan digunakan untuk sisa target Jan 5 BN lg. Sample ED sudah di kirimkan ke Supplier, TS dan QC Estimasi musnah kemasan jika 5 BN tidak di produksi sebesar 110 jt",,,
2026,DEV-B7PLG-01-2026-0012,Open-Verifikasi tindakan remedial,https://eqms.kalbe.co.id/e-deviation/deviation/58f1bc20-2206-467b-827d-bf8c13715af0/detail?tab=deviation-data&tabRemediate=issue-data&tabCapa=issue-data,Planned,Sucrose ,2AS012000,-,PT Angels Product,"Adanya kebutuhan Sucrose (2AS012000 dan 2AS012000KM) di bulan Januari s/d Februari 2026 karena menunggu PI 2026 yang tidak bisa dipenuhi oleh supplier eksisting (PDSU, Jawamanis, Labinta) dikarenakan masih menunggu persetujuan impor 2026 sehingga kemungkinan bisa supply kembali estimasi di pertengahan Februari 2026. Total kekurangan sucrose di Jan 26 untuk all site : 102 ton Total kekurangan sucrose di Feb 26 untuk all site : 152.5 ton di mana total kekurangan terbanyak ada pada site PG (detail kebutuhan ada pada draft QRM) Sehubungan dengan kekurangan kebutuhan Sucrose tersebut maka membutuhkan alternatif vendor dan ditemukan vendor PT Angels Product. Adapun PT Angels Product pernah menjadi supplier gula eksisting di PT Bintang Toedjoe hingga 2016. Berdasarkan data, Angels Product dikeluarkan dari daftar supplier eksisting melalui FUP/PLG/127/1608/009 dikarenakan kebijakan untuk hanya memelihara 2 source bahan baku untuk memudahkan monitoring compliance.","Pembelian SUCROSE (2AS012000-2AS012000KM) ex PT Angels Product diizinkan hanya untuk Qty 102 Ton (Jan) dan 152,5 Tom (Feb). Perlu dibuatkan MRM, lampirkan MRM approved complete dalam penyimpangan ini",,
,,,,,,,,,,MPN PT Angels Products dapat diaktivasi jika MRM sudah Approved dan nomor CC divers RM sudah tersedia. QC buatkan CC Divers RM untuk di maintain menjadi supplier cadangan kembali dan diregistrasikan. Lampirkan No CC dalam penyimpangan ini,,
,,,,,,,,,,"CPRO lengkapi kebutuhan dokumen COA, PK approved complete vendor, Halal BPJPH dan SNI (Mandatory) sebelum dibuatkan PO. Lampirkan",,
,,,,,,,,,,ANDEV lakukan aktivasi MPN PT Angels Products setelah MRM approved Complete dan nomor CC tersedia. Lampirkan 5. CPRO lakukan aktivasi ASL jika MRM approved Complete dan nomor CC tersedia. Lampirkan,,
,,,,,,,,,,QM lakukan kualifikasi vendor secara paralel minimal Desktop audit (On-site audit maks Feb 2026). Lampirkan Jadwal audit (Hasil audit akan di FU di cc),,
,,,,,,,,,,CPRO lakukan aktivasi ASL jika MRM approved Complete dan nomor CC tersedia. Lampirkan,,
,,,,,,,,,,"TS CKR lakukan trial lab scale untuk Sucrose (2AS012000 & 2AS012000KM) ex PT Angels Products thd produk Slasih dan Ultimate, Evaluasi sensory melibatkan QA, R&D, dan Marketing. Informasikan hasil dalam penyimpangan ini.",,
,,,,,,,,,,"TS PLG lakukan trial lab scale untuk Sucrose (2AS012000 & 2AS012000KM) ex PT Angels Products thd produk Waisan, Evaluasi sensory melibatkan QA, R&D, dan Marketing.Iinformasikan hasil dalam penyimpangan ini.",,
,,,,,,,,,,CPRO lakukan pembuatan PO Sucrose (2AS012000 & 2AS012000KM) ex PT Angels Products dan informasikan ETA kedatangan ke CKT dan PLG. Lampirkan dalam cc ini,,
,,,,,,,,,,WH CKR lakukan penerimaan material Sucrose (2AS012000 & 2AS012000KM) ex PT Angels Products sesuai prosedur. Infromasikan dalam cc ini,,
,,,,,,,,,,WH PLG lakukan penerimaan material Sucrose (2AS012000 ) ex PT Angels Products sesuai prosedur. Infromasikan dalam cc ini,,
,,,,,,,,,,QC CKR lakukan pemeriksaan kedatangan perdana Sucrose (2AS012000 & 2AS012000KM) ex PT Angels Products. Informasikan no. QC lampirkan hasil,,
,,,,,,,,,,QC PLG lakukan pemeriksaan kedatangan perdana Sucrose (2AS012000) ex PT Angels Products. Informasikan no. QC lampirkan hasil,,
,,,,,,,,,,Produksi perdana produk (SLasih & Ultimate) yang menggunakan Sucrose (2AS012000 & 2AS012000KM) PT Angels Products wajib didampingi Technical Service (TS). TS koordinasi dnegan PPIC CKR informasikan alokasi Produk dan NB dalam penyimpangan ini,,
,,,,,,,,,,Produksi perdana produk yang menggunakan Sucrose (2AS012000) PT Angels Products wajib didampingi Technical Service (TS). Koordinasi dengan PPIC PLG informasikan alokasi Produk dan NB dalam penyimpangan ini,,
,,,,,,,,,,"TS CKR lakukan pendampingan proses untuk produk yang menggunakan Sucrose (2AS012000 & 2AS012000KM) PT Angels Products, ambil stabtes ACC. Lampirkan protokol & Infromasikan hasil dalam penyimpangan ini",,
,,,,,,,,,,TS PLG lakukan pendampingan proses untuk produk yang menggunakan Sucrose (2AS012000 ) PT Angels Products ambil stabtes ACC. Lampirkan protokol & Infromasikan hasil dalam penyimpangan ini,,
,,,,,,,,,,"QA CKR lakukan pengambilan & registrasi sampel tambahan Logam Berat 1 BN untuk produk Slasih dan Ultimate yang menggunakan Sucrose (2AS012000 & 2AS012000KM) PT Angels Products, Lampirkan hasil analisa",,
,,,,,,,,,,"QA PLG lakukan pengambilan & registrasi sampel tambahan Logam Berat 1 BN untuk produk Herbal yang menggunakan Sucrose (2AS012000) PT Angels Products, Lampirkan hasil analisa",,
,,,,,,,,,,Registrasi Sucrose (2AS012000 & 2AS012000KM) PT Angels Products sesuai disposisi penyimpangan difollow up dengan FUP terkait. Perilisan produk yang menggunakan Sucrose kedatangan perdana setelah semua parameter pemeriksaan tambahan MS.,,
,,,,,,,,,,"Sucrose ex Angels Products yg digunakan di site CK (inc toll to KMI, code 2AS012000KM) didatangkan ke site CK terkait keterbatasan WH KMI, shg kedatangan Sucrose 2AS012000KM ke CK akan dilakukan sampling & analisa oleh QC CK sesuai spec 2AS012000KM.",,
,,,,,,,,,,Jika kebutuhan Ultimate di KMI (2AS12000KM) stocknya tidak mencukupi & akan mengambil stock 2AS012000 maka jika akan dilakukan alih code2AS012000 menjadi 2AS012000KM perlu dipastikan secara sistem Oracle tdk menjadi masalah terkait perbedaan spec,,
,,,,,,,,,,"Ada perbedaan spec & parameter uji 2AS012000 yg digunakan di CK untuk Slasi & 2AS012000KM untuk Ultimate, shg pastikan QC CK dapat melakukan uji pada parameter khusus tsb sesuai MA, jika perlu pendampingan dari Andev (paralel).",,
2026,DEV-B7PLG-03-2026-0054,Open-Verifikasi tindakan remedial,https://eqms.kalbe.co.id/e-deviation/deviation/4142e43c-5148-442e-b023-dffdda4e5308/detail?tab=pre-investigation&tabRemediate=issue-data&tabCapa=issue-data,Planned,Herbal oil ,3AH001000,17433948,-,"Mengacu ke WI-RD-RD-9001 rev 04, bahwa permintaan perubahan Field : Returnable, Invoice Enabled, Customer Older Enabled, Customer Order, LOB: EMTL.EMTL.HLEM dari No ke Yes, harus menggunakan penyimpangan, disamping sudah di buatkan PDO Hal ini bertujuan untuk enable proses transact material yang tidak normal di proses bisnis b7 (sesuaiinfo Rnd). Material yang dimintakan adalah : BPG HERBAL OIL F-5303 (3AH001000)","Andev lakukan perubahan field di Oracle berdasarkan PDO yg telah dibuat oelh PPIC, lampirkan dan lakukan perubahan kembali jika aktivitas ini sudah selesai",,
,,,,,,,,,,CPRO buatkan SO Material Herbal Oil dengan Acuan PO dan Memo musnahdan BPA material untuk penjualan ke KI diupdate. Lakukan update dan lampirkan di penyimpangan ini,,
,,,,,,,,,,WH lakukan pengeluaran stock material BPG HERBAL OIL F-5303 (3AH001000) sesuai SO yg dibuatkan oleh CPRO/PPIC. Lampirkan dalam penyimpangan ini,,
,,,,,,,,,,PPIC beritahukan ke FA terkait melalui email terkait penyimpangan Pemusnahan Material PG HERBAL OIL F-5303 (3AH001000) melalui penyimpangan Sebagai acuan untuk memproses PO - SO KI. Lampirkan email,,
2026,DEV-B7PLG-02-2026-0028,Open-Verifikasi tindakan remedial,https://eqms.kalbe.co.id/e-deviation/deviation/8c8e5e9b-14e4-4076-8650-30cb27ab631d/detail?tab=pre-investigation&tabRemediate=issue-data&tabCapa=issue-data,Planned,MENTHAE PIPERITAE HERBA DRY EXTRACT,1AM007000,-,-,"Ada kebutuhan tambahan di luar qty QRM Pembelian Menthae ex Natrindo (qty QRM = 80 kg untuk kebutuhan jan - mar), sejumlah 140 kg dengan detail PR sbb : - 57599 Qty 60kg --> Eta 10 Mar 2026 - 57600 Qty 40kg --> Eta 17 Apr 2026 - 58087 Qty 40kg --> Eta 19 May 2026 dikarenakan ex Biosearch bermasalah, maka rencananya untuk PR tersebut akan dialokasikan ke ex Natrindo. Hasil analisa kedatangan perdana menthae ex Natrindo terlampiri",Koordinasi dengan QS terkait Adendum QRM menyesuaikan jumlah Qty sesuai kebutuhan 140 kg sampai dengan ETA May 2026. Lampirkan Adendum QRM,,
,,,,,,,,,,"Jika QRM sudah approved silahkan lakukan PO, lampirkan PO dalam penyimpangan ini",,
,,,,,,,,,,"Material MENTHAE PIPERITAE HERBA DRY EXTRACT ex Natrindo yang dipesan lagi hanya boleh digunakan jika Material Menthae ex Bioseachr sudah habis, sehingga lakukan alokasi penggunaan material Menthae ex Bioseach terlebih dahulu",,
,,,,,,,,,,"Segera lakukan validasi proses terkait diversifikasi MENTHAE PIPERITAE HERBA DRY EXTRACT ex Natrindo ini, lampirkan protokol",,
,,,,,,,,,,"PPIC informasikan alokasi NB dan Produk yang menggunakan MENTHAE PIPERITAE HERBA DRY EXTRACT ex Natrindo, lampirkan",,
,,,,,,,,,,Produk yang menggunakan MENTHAE PIPERITAE HERBA DRY EXTRACT ex Natrindo dapat dirilis jika all parameter sudah memenuhi syarat (Sampling aja NBnya utk closed deviation ini),,
2026,DEV-B7PLG-02-2026-0022,Open-Verifikasi tindakan remedial,https://eqms.kalbe.co.id/e-deviation/deviation/ff485442-b1ae-4b35-ac6c-7708c1b79ec2/detail?tab=pre-investigation&tabRemediate=issue-data&tabCapa=issue-data,Unplanned,3MK042030 Karton Komix ex OJI sesuai spek,3MK042030,-,Oji ,3MK042030 Karton Komix ex OJI pada PO DBG250708 ditemukan bobot TMS (under spec) sebanyak 8 dari 10 karton yang dianalisa (spec : 538-582 gram) qty kedatangan 4000 untuk material dengan no lot 1201-A 190126. Dokumen pendukung dan foto temuan terlampir. Material untuk cwo 30 Jan,"3MK042030 Karton Komix ex OJI Bobot TMS tdk mempengaruhi bobot akhir FG, dpt reluctant rilis. Informasikan No QC, lampirkan RAP",,
,,,,,,,,,,PPIC lampirkan alokasi BN yang menggunakan 3MK042030 Karton Komix ex OJI Bobot TMS. Informasikan dalam penyimpangan ini,,
,,,,,,,,,,"Tidak diperlukan penyesuaian berat 3WS dan lampro namun Bila ada karton FG yg TMS under (teoritis perhitungan s.d 14,63 KG dgn spec min 14,65KG) maka produksi bisa melakukan otorisasi. Lampirkan form otorisasi di BR sesuai alokasi produk dr ppic jika ada",,
,,,,,,,,,,QM terbitkan CAPA Material terkait issue 3MK042030 Karton Komix ex OJI Bobot TMS. Lampirkan nomor CAPA,,
,,,,,,,,,,3MK042030 Karton Komix ex OJI Bobot TMS CPRO lakukan follow up pebaikan ke vendor. Lampirkan,,
,,,,,,,,,,Sesuai hasil review TS akan lakukan review terhadap range bobot karton 3MK042030 apakah perlu dilakukan update penyesuaian range spec penerimaan mengacu pada trend data kedatangan material & perhitungan take up ratio. Informasikan dalam penyimpangan ini,,
2026,,Batal,https://eqms.kalbe.co.id/e-deviation/deviation/3f775694-493a-457a-9a55-d590def89e42/detail?tab=pre-investigation&tabRemediate=issue-data&tabCapa=issue-data,Planned,Sucrose,2AS0120000,-,-,"Adanya kebutuhan sucrose 2AS0120000 untuk site Pulogadung yang belum bisa disupport oleh supplier eksisting, dikarenakan kendala Persetujuan Import (PI) yang belum terbit. Sudah dibantu CPRO dicarikan ke sister company dan didapatkan 10 MT untuk kedatangan rencana di 11 Feb 2026.",,,
2026,,Batal,https://eqms.kalbe.co.id/e-deviation/deviation/b82a0797-a2af-4077-aaa2-8bef726f588a/detail?tab=pre-investigation&tabRemediate=issue-data&tabCapa=issue-data,Planned,METHYL p-HYDROXYBENZOATE,2R/2507/0087,-,-,"1. PO tahun 2025 untuk material 2-AMOD2000 METHYL p-HYDROXYBENZOATE (KHPG250441) NO QC R-2R/2507/0087 diterbitkan dengan kesalahan harga. 2. Material telah diterima WH 3. Karena stok 0, proses reject melalui ATB tidak dapat dilakukan secara sistem. 4. koreksi harga perlu dilakukan melalui mekanisme ATB dan revisi PO agar penyesuaian nilai dapat terdokumentasi sesuai harga sebenarnya. adapun untuk kasus ini, mohon bantuan tim QC dan Warehouse untuk melakukan revisi/pembentukan kembali stok secara administratif, dengan step sbg berikut: 1. Logistik melakukan koreksi plus 2. Logistik melakukan FPP 3. QC melakukan sampling dan disposisi untuk lot FPP 4. Logistik melakukan lot translation dengan type REJ 5. QC disposisi reject untuk lot translation 6. QC kirim PMTMS ke logistik dan CPRO 7. Logistik melakukan return to vendor (tanpa dilakukan RFP 100% oleh CPRO, karena tidak diperlukan penerbitan nota retur, sehingga dokumen BBK tidak perlu diberikan ke FA) 8. CPRO update harga ke harga yang sesuai 9. CPRO create ASN revisi (menggunakan no. ASN lama ditambahkan titik) 10. Logistik proses receipt 11. QC disposisi rilis 12. Logistik melakukan koreksi minus",,,
2026,DEV-B7PLG-03-2026-0055,Closed,https://eqms.kalbe.co.id/e-deviation/deviation/e26036de-f1d7-4460-8a86-732672a0ebe3/detail?tab=pre-investigation&tabRemediate=issue-data&tabCapa=issue-data,Unplanned,Peppermint Oil,2R/2512/0127,-,-,"Saat transfer RM pepermint dari drum ke wadah menggunakan pompa terlihat pada selang pompa ada benda asing berwarna hitam (seperti seal karet), RM ditahan dan diinfokan ke QA, RM digantikan dengan yang baru, RM yang ada seal dilakukan FPP",Terhadap material Peppermint Oil QC 2R-2512-0127 sudah dilakukan FPP dan dari hasil pemeriksaan ulang oleh QC hasil MS sehingga material di rilis untuk digunakan kembali. Informasikan perilisan material tersebut,,
,,,,,,,,,,"Lakukan investigasi terhadap temuan benda asing berwarna hitam (seperti seal karet) pada RM Pappermint Oil di area WH, infromasikan dalam penyimpangan ini. Apabila berasal dari vendor maka akan dibuatkan CAPA material",,
,,,,,,,,,,Lakukan sampling terhadap produk yang menggunakan material yang sama dari hasil analisa QC/RAP. Lampirkan pengecekan dalam penyimpangan ini,,
2026,DEV-B7PLG-03-2026-0052,,https://eqms.kalbe.co.id/e-deviation/deviation/55261bef-9ded-4785-bb5d-ee57644e35cb/detail?tab=pre-investigation&tabRemediate=issue-data&tabCapa=issue-data,Planned,Peppermint Oil,1AP011000,-,-,"Trial untuk relabel Raw Material 1AP011000, label existing akan dikletek/rusak, kemudian tempel label baru usulan","Pastikan label identitas awal bisa ditempel ulang sebagai identitas material, jika tidak bisa karena label rusak, maka direkomendasikan untuk di foto labelnya, lalu diprint dan ditempelkan ulang ke Drum/jerigen dengan di TTD oleh tim WH.",,
,,,,,,,,,,Lakukan koordinasi dan informasi ke tim WH IMC agar semua personil tersosialisasikan akan trial ini. Lampirkan,,
2026,"
DEV-B7PLG-03-2026-0042",Open-Verifikasi tindakan remedial,https://eqms.kalbe.co.id/e-deviation/deviation/d1ee9d1b-0952-4c74-8352-184b96dedc62/detail?tab=pre-investigation&tabRemediate=issue-data&tabCapa=issue-data,Planned,Pack Promag Suspensi,2DP009000,-,-,outstanding PO DBG260037 material 2DP009000 Pack Promag Suspensi eta 18 feb qty 100rb terkendala bahan baku dikarenakan bahan baku eksisting yang akan digunakan untuk produksi secara kualitas not ok. kondisi saat ini untuk bahan baku eksisting disupplier kosong (belum bisa diinfokan ketersediaannya). Untuk memenuhi PO tersebut dari vendor mengajukan untuk diproses menggunakan bahan baku dengan arah serat berbeda. bahan baku eksisting arah serat horizontal terhadap tutup sedang bahan baku yg akan dipakai untuk pemenuhan tersebut arah serat vertical terhadap tutup. sampel sudah dikirimkan oleh TS dan sudah dilakukan trial oleh TS dengan hasil terlampir. material butuh didatangkan maks 13 maret.,Terkait Material 2DP009000 Pack Promag Suspensi Export (Bahan Baku Beda Arah Serat) dapat dipesan sebanyak Qty 102.800 ea atau setara kebutuhan 3.95 BN. Informaskan PO dan ETA kedatangan dalam CC ini,,
,,,,,,,,,,"QC lakukan pemeriksaan untuk 2DP009000 Pack Promag Suspensi Export (Bahan Baku Beda Arah Serat) dengan Qty PO sebanyak Qty 102.800 ea, Jika tidak ada issue kualitas lainnya selain arah serat ini material dapat di rilis. Lampirkan RAP",,
,,,,,,,,,,"Koor ke WH terkait penggunaan Material dengan arah serat terbalik harus digunakan lebih dulu agar tidak rusak. Lakukan Unpack utk SOH sebanyak 22,984 dan lakukan pack kembali di Juni, Lampirkan hasil koordinasi dan nomor QC Stock on hand sebanyak 22,984.",,
,,,,,,,,,,"WH lakukan proses unpack untuk material 2DP009000 Pack Promag Suspensi Export dengan Qty 22,984 sesuai infromasi dari PPI yang akan digunakan kembali dibulan Juni. Lampirkan",,
,,,,,,,,,,PPIC Site informasikan alokasi nomor batch yang akan menggunakan Material 2DP009000 Pack Promag Suspensi Export (Bahan Baku Beda Arah Serat) dapat dipesan sebanyak Qty 102.800 ea. Koordinasikan dengan tim produksi/site. Lampirkan,,
,,,,,,,,,,"Dari hasil trial TS tidak ada issue selama proses operasional, namun agar proses tetap terdokumentasikan jika ada kendala selama proses produksi LPRGT dengan pack salah arah serat ini, catat dan dokumentasikan dalam catatan perubahan PPI",,
,,,,,,,,,,"Produk LPRGT yang menggunakan Material 2DP009000 Pack Promag Suspensi Export (Bahan Baku Beda Arah Serat) dapat dipesan sebanyak Qty 102.800 ea, dapat dirilis jika tidak ada issue kualitas, buatkan Memo Fast Moving",,
2026,DEV-B7PLG-03-2026-0058,Open-Verifikasi tindakan remedial,https://eqms.kalbe.co.id/e-deviation/deviation/2c4e5257-283d-445a-90c1-c157eae88672/detail?tab=pre-investigation&tabRemediate=issue-data&tabCapa=issue-data,Planned,BITTER MASKER ,3AB003000,-,-,"Terkait dengan adanya penurunan ROFO, sehingga material BITTER MASKER (3AB003000) tidak habis sebelum ED. Perlu di lakukan pemastian kualitas agar material bisa di gunakan. SOH = 92.653 Kg dan pending PO = 150 KG dengan ED 16 April 2026 Perhitungan value musnah terlampir Sample perpanjangan ED ke supplier akan di kirimkan pd tanggal16 Maret (sesuai req supplier)","Pemastian kualitas material BITTER MASKER (3AB003000) disetujui dgn lakukan analisa ulang & terbitkan surat rekomendasi. Bila hasil B7 dan vendor MS, material direkomendasi reluctant release. Koord terkait revisi ED COA sesuai rekomendasi. FU & Lampirkan",,
,,,,,,,,,,WH lakukan FPP BITTER MASKER (3AB003000) untuk dilakukan analisa di QC untuk perpanjangan ED Material. Lampirkan,,
,,,,,,,,,,"QC lakukan pengujian ulang material BITTER MASKER (3AB003000) setelah hasil pemeriksaan dan surat rekomendasi dari vendor utk perpanjangan tersedia. Koor dgn TS utk hasil sendory, Lampirkan hasil pengujian dan informasikan rekomendasi perpanjangan ED",,
,,,,,,,,,,"Lakukan pengujian sensory BITTER MASKER (3AB003000) test awal mgggunakan pembanding flv ED bulan Nov 26, lakukan stress test s.d 14 hari (untuk evaluasi sensory secara DFCT) untuk evaluasi dampak material tsb thd produk. Lampirkan dalam penyimpangan ini",,
,,,,,,,,,,BITTER MASKER (3AB003000) dengan perpanjangan ED ini harus digunakan tersebih dahulu sampai habis baru boleh menggunakan material BITTER MASKER (3AB003000) dengan ED Normal. WH lakukan Reservasi Manual utk material tersebut koordinasi dengan PPIC,,
2026,DEV-B7PLG-03-2026-0056,Open-Verifikasi tindakan remedial,https://eqms.kalbe.co.id/e-deviation/deviation/b6b8b6f1-75f7-4649-9c7f-f481a9b79595/detail?tab=pre-investigation&tabRemediate=issue-data&tabCapa=issue-data,Planned,ORANGE F-6312,3AO008000,-,-,"Terkait dengan adanya penurunan ROFO, sehingga material ORANGE F-6312 (3AO008000) tidak habis sebelum ED. Perlu di lakukan pemastian kualitas agar material bisa di gunakan. SOH = 77.86 Kg dengan ED 7 April 2026 Perhitungan value musnah terlampir Sample perpanjangan ED ke supplier akan di kirimkan pd tanggal 6 Maret (sesuai req supplier)","Pemastian kualitas ORANGE F-6312 (3AO008000) u/ perpanjangan ED disetujui dgn dilakukan analisa ulang & surat rekomendasi dari vendor. Bila hasil uji B7 & vendor MS, material direluctant release. Koord terkait revisi ED COA. Lakukan FU & lampirkan",,
,,,,,,,,,,WH lakukan FPP ORANGE F-6312 (3AO008000) untuk dilakukan analisa di QC untuk perpanjangan ED Material. Lampirkan,,
,,,,,,,,,,"QC lakukan pengujian ulang material ORANGE F-6312 (3AO008000) setelah hasil pemeriksaan dan surat rekomendasi dari vendor utk perpanjangan tersedia. Koord dgn TS utk hasil sensory, Lampirkan RAP dan informasikan rekomendasi perpanjangan ED",,
,,,,,,,,,,"Lakukan pengujian sensory ORANGE F-6312 (3AO008000) test awal megggunakan pembanding flv ED bulan Nov 26, lakukan stress test s.d 14 hari (untuk evaluasi sensory secara DFCT) untuk evaluasi dampak material tsb thd produk. Lampirkan dalam penyimpangan ini",,
,,,,,,,,,,Material ORANGE F-6312 (3AO008000) dengan perpanjangan ED ini harus digunakan terlebih dahulu sampai habis baru boleh menggunakan material ORANGE F-6312 (3AO008000) dengan ED Normal. WH lakukan Reservasi Manual utk material tersebut koordinasi dengan PPIC,,
2026,DEV-B7PLG-03-2026-0059,Open-Verifikasi tindakan remedial,https://eqms.kalbe.co.id/e-deviation/deviation/32396983-dd0f-4756-b9bc-02352deb8be6/detail?tab=pre-investigation&tabRemediate=issue-data&tabCapa=issue-data,Planned,STICKER LABEL ,-,-,,"Terkait dengan STICKER LABEL PENIMBANGAN RM di CKR yg slow moving, sehingga diperlukan transfer ke PLG agar material dapat di gunakan sebelum habis dari masa perpanjangan ED terbarunya. Qty yang di trf ke PLG sebanyak 36 Roll (ED perpanjangan di 31 May 2026) Material sudah di trf ke PLG hanya saja blm di receipt Sisa ED 31 May 2026 sebanyak 64 Roll (jika tidak ada pemakaian rencana akan di mintakan perpanjangan ED kembali dan di serap PLG) Terlampir material detail dan memo trf nya Penyimpangan perpanjangan ED : DEV-B7CKR-02-2026-0045",Penyimpangan Serap Material STICKER LABEL PENIMBANGAN RM dari CKR sebanyak 34 Roll dengan ED 31 May 2026 disetujui JIKA hasil trial TS memenuhi Syarat. TS lakukan Trial/verifikasi kualitas kerekatan label ED tersebut,,
,,,,,,,,,,"Jika hasil trial TS MS, WH lakukan receipt material STICKER LABEL PENIMBANGAN RM 10X9 (4KS002010). Pemakaian Stiker Label dengan penyimpangan akan didahulukan utk label yg sudah ED tsb, stok eksisting akan dipakai belakangan. Lampirkan dan informasikan",,
,,,,,,,,,,"Penggunaan rata2 +/- 2,4 roll/Bln shg terkait sisa stok 64 Roll di CKR dgn ED 31 May 2026 tidak diserap (ketersediaan roll masih ada di PLG dan kondisi Roll sudah mau ED). Jika perlu dilakukan perpanjangan ED material buatkan penyimpangan kembali di CKR.",,
,,,,,,,,,,"Perlu dikontrol inventory dgn lebih baik agar stock tidak berlebih & menjadi expired. Jika setelah diperpanjang 3 bulan (atau lebih) daya rekatnya masih bagus, Koord dgn RND, ajukan perpanjangan ED melalui eCC dengan melampirkan data pendukung.",,
2026,DEV-B7PLG-04-2026-0066,Closed,https://eqms.kalbe.co.id/e-deviation/deviation/b6ec008d-6973-48a9-b895-6ca6ed9c019c/detail?tab=pre-investigation&tabRemediate=issue-data&tabCapa=issue-data,Planned,Dextrose Monohydrate,-,-,-,"Pengembalian RM 2AD003000 Dextrose Monohydrate sebanyak 575 Kg dalam container 23 Sak ke warehouse, dikarenakan Project EJ Banana 40 mL Drop (cancel pilot)","Pengembalian RM Dextrose Monohydrate karena trial pilot tidak jadi dilakukan disetujui. WH lakukan Koreksi Stok/barang sesuai prosedur yang berlaku, lampirkan bukti before after",,
,,,,,,,,,,"Material ini disimpan dalam warehouse pulogadung dalam kemasan original (FKB material existing), tidak perlu analisa ulang oleh QC. Material dapat digunakan utk proses produksi dengan prinsip FEFO. Pastikan dokumen lengkap",,
2026,DEV-B7PLG-04-2026-0071,Open-Verifikasi tindakan remedial,https://eqms.kalbe.co.id/e-deviation/deviation/276c5cf9-26f0-4b88-bccd-715055970e2c/detail?tab=pre-investigation&tabRemediate=issue-data&tabCapa=issue-data,Planned,Succus ,1AS004000,-,-,Succus A TMS TPC namun masih memenuhi syarat dengan usulan spesifikasi baru (< 300 CFU/mL) yang akan di registrasikan.,Succus A 2R/2603/0087 & 2R/2604/0063 dapat dirilis sesuai kebutuhan PPICdengan Spek baru yang diusulkan pada CC-B7PLG-03-2026-0044. Koordinasi dengan ANDEV utk perubahan spek sesuai PDO dari tim TS. Lampirkan RAP,,
,,,,,,,,,,"Succus A 2R/2603/0033 memberikan hasil uji yang mendekati 300 CFU/g, saat disposisi ini dibuat 0033 sudah digunakan utk LPRGQ JD520 – JD522 sebanyak 120 kg. WH akan FPP, QC lakukan PMTMS info ke Jerindo",,
,,,,,,,,,,PPIC koordinasikan proses alih kode Succus A dengan nomor 2R/2603/0033 menjadi succus B kepada QC dan WH. Informasikan PR Succus B dari kode 2R/2603/0033 sejumlah konfirmasi dari WH,,
,,,,,,,,,,"WH lakukan FPP terhadap Succus A dengan nomor 2R/2603/0033, hitung sisa material yang akan di FPP info ke PPIC untuk dilanjutkan proses Alih kode menjadi Succus B dengan siste PR-PO kembali",,
,,,,,,,,,,"TS sudah buatkan PDO terkait perubahan spek sesuai CC-B7PLG-03-2026-0044, ANDEV segera lakukan perubahan spek tersebut. Lampirkan hasil perubahan dalam penyimpangan ini",,
,,,,,,,,,,"Details timeline registrasi akan di FU melalui FUP CC-B7PLG-03-2026-0044, QM dengan perubahan Spek Succus A menjadi < 300 CFU/g dari epnyimpangan ini segera lakukan registrasi. Lampirkan timeline",,
,,,,,,,,,,"PPIC informasikan alokasi penggunaan Succus A dengan nomor 2R/2603/0087 & 2R/2604/0063, lampirkan NB dan Produk agar dapat segera dilakukan pengambilan sampel oleh QA",,
,,,,,,,,,,"QA Lakukan pengembilan sampel stabilitas produk yang menggunakan succus A dengan nomor 2R/2603/0087 & 2R/2604/0063, lampirkan protokol stabilitas on going (TK) untuk parameter fisik dna Mikro saja utk tiap perwakilan produknya",,
,,,,,,,,,,CPRO lakukan PO dan ASN utk Succus A nomor QC 2R/2603/0033 yang sudah di PMTMS dan dialihkode oleh QC menjadi Succus B sesuai PR dari PPIC. Lampirkan dan infomrasikan ke WH utk proses receive,,
2026,DEV-B7PLG-04-2026-0074,Open-Verifikasi tindakan remedial,https://eqms.kalbe.co.id/e-deviation/deviation/42503595-c997-4036-936b-a23ebfd2a2c8/detail?tab=pre-investigation&tabRemediate=issue-data&tabCapa=issue-data,Planned,Foil Maag Waisan ,‭1FW003110 ,-,-,‭1FW003110 FOIL B7 OBAT MAAG WAISAN/800x750 ex Panverta no lot mfg MPM03C02 qty 11 roll (no lot yg sama yg sebelumnya issue delaminasi) diajukan untuk digunakan diproduksi,"1FW003110 Foil Maag Waisan ex Panverta lot MPM03C02 sebanyak 11 roll boleh digunakan setelah target april terpenuhi. PPIC koord alokasi penggunaan Foil ex PV lot MPM03C02 dengan WH, TS, Prod dan ENG untuk kebutuhan CWO minta reservasi manual ke WH.",,
,,,,,,,,,,QC lakukan perilisan untuk 1FW003110 Foil Maag Waisan ex Panverta lot MPM03C02 sebanyak 11 roll (issue no lot yang sama delaminasi). Lampirkan RAP,,
,,,,,,,,,,WH lakukan reservasi manual untuk 1FW003110 Foil Maag Waisan ex Panverta lot MPM03C02 sebanyak 11 roll (issue no lot yang sama delaminasi) sesuai alokasi dari PPIC,,
,,,,,,,,,,"CPRO koordinasikan dengan Vendor, TS dan PPIC jadwal penggunaan 1FW003110 Foil Maag Waisan ex Panverta lot MPM03C02 sebanyak 11 roll tersebut di komersial, harus dilakukan dengan pendampingan vendor PV saat proses produksi perdana 1-3 BN. Informasikan",,
,,,,,,,,,,Produksi pastikan penggunaan 1FW003110 Foil Maag Waisan ex Panverta lot MPM03C02 sebanyak 11 roll dengan issue sesuai devol ini harus didampingi oleh vendor terlebih dahulu (1-3 BN) atur settingan dan lakukan IPC sesuai prosedur. Infromasikan,,
,,,,,,,,,,"Jika terdapat issue kualitas akibat penggunaan foil 1FW003110 Foil ex Panverta lot MPM03C02 sebanyak 11 roll, tidak dihitung BRFT, HC-HT dan keluhan pelanggan, produk yang bisa diluluskan hanya produk yang sesuai spesifikasi teregistrasi. Sosialisasikan",,
,,,,,,,,,,"Jika terdapat kejadian terkait produktifitas akibat penggunaan foil 1FW003110 Foil ex PV lot MPM03C02 eperti Downtime setting, waste hasil settingan dll yang menyebabkan target tdk capai, lakukan pendataan & justifikasi sesuai keputusan PRDMGR/SiteHEAD",,
,,,,,,,,,,"TS lakukan pendampingan selama proses produksi yang menggunakan 1FW003110 Foil Maag Waisan ex Panverta lot MPM03C02 sebanyak 11 roll untuk 1-3 BN sesuai kebutuhan bersama vendor PV, ENG dan QA",,
,,,,,,,,,,"QA Lakukan pendampingan selama proses produksi yang menggunakan 1FW003110 Foil Maag Waisan ex Panverta lot MPM03C02 sebanyak 11 roll untuk 1-3 BN sesuai kebutuhan bersama vendor PV, ENG dan TS",,
,,,,,,,,,,"Lakukan pengambilan data stabilita test TK On Going terhadap produk yang menggunakan 1FW003110 Foil Maag Waisan ex Panverta lot MPM03C02 sebanyak 11 roll (issue no lot yang sama delaminasi), lampirkan protokol",,
2026,DEV-B7PLG-04-2026-0078,Open-Verifikasi tindakan remedial,https://eqms.kalbe.co.id/e-deviation/deviation/80441e49-46f7-4b73-ba63-8857521bda55/detail?tab=pre-investigation&tabRemediate=issue-data&tabCapa=issue-data,Planned,PLAKBAND TRANSPARANT,4KB009000,-,,"Material 4KB009000 PLAKBAND TRANSPARANT (LEBAR 36 MM) sisa stok sebanyak 30 Rol sudah ED dari 14 Maret 2026. Material tsb akan digunakan untuk keperluan proses dokumentasi PPI, report dll. Estimasi musnah jika tidak digunakan sebesar Rp. 1.064.049,53. Terlampir stok material detail",QC lakukan perpanjangan ED Material 4KB009000 PLAKBAND TRANSPARANT (LEBAR 36 MM) sisa stok sebanyak 30 Rol yg ED di mar 26 selama 1 Tahun sampai 26 Mar 2027. Lampirkan bukti perpanjangan,,
,,,,,,,,,,PPIC koordinasikan dengan WH dan QC untuk penggunaan Material 4KB009000 PLAKBAND TRANSPARANT (LEBAR 36 MM) 30 roll hasil perpanjangan ED untuk digunakan dulu bisa by email lampirkan identitas material terdampak. Sesuaikan kebutuhan stok dan pemesanan,,
,,,,,,,,,,"QC lakukan penggunaan 4KB009000 PLAKBAND TRANSPARANT (LEBAR 36 MM) 30 roll dengan perpanjangan ED terlebih dahulu apabila sudah tidak bisa merekap, lakban jangan digunakan dan dimusnahkan. Informasikan",,
2026,DEV-B7PLG-04-2026-0087,Open-Verifikasi tindakan remedial,https://eqms.kalbe.co.id/e-deviation/deviation/5cabbf0d-cd1e-420b-a807-bb1a69481d05/detail?tab=pre-investigation&tabRemediate=issue-data&tabCapa=issue-data,Planned,dextrose monohydrate ,,20260321,,Material Dextrose Monohydrate diterima dengan tambahan label berbeda akibat kesalahan handling supplier. Supplier telah memberikan klarifikasi bahwa tidak ada pengaruh terhadap kualitas.,"Kedatangan dextrose monohydrate ex shengtai dgn label putih BN 20260321, bisa diterima sesuai prosedur B7. CPRO pastikan dokumen pengiriman material lengkap bersamaan dengan statment latter dari vendor, sosialisasikan ke pihak2 terkait. Lampirkan",,
,,,,,,,,,,"WH lakukan penerimaan material untuk dextrose monohydrate ex shengtai dgn label putih utk BN 20260321 sesuai prosedur yang belaku di PT Bintang Toedjoe, informasikan kedatangan/penerimaan material dan lampirkan.",,
,,,,,,,,,,"QC lakukan analisa untuk Kedatangan dextrose monohydrate ex shengtai dgn label putih utk BN 20260321 sesuai prosedur yang belaku, infromasikan hasil analisa dalam penyimpangan ini",,
2026,DEV-B7PLG-05-2026-0088,Open-Verifikasi tindakan remedial,https://eqms.kalbe.co.id/e-deviation/deviation/3c56eb8c-4f60-43cf-8d9f-047b125bf328/detail?tab=pre-investigation&tabRemediate=issue-data&tabCapa=issue-data,Unplanned,Zingiber,2R/2601/0102,077LA,,"ZIngiber TMS Mikro terdisposisi Reject, namun pada Lot Status ketika dilakukan Reject tidak otomatis berubah, sehingga masih Release. Sehingga walaupun disposisi Reject, Lot Status tetap Release sehingga material terbaca Release dan dapat digunakan.","QA lakukan sampling tambahan ATB perline untuk LPRG3 JD 527 - 531, LKXO1JD 744 - 745 dan sampel stabilita 1 BN LKXOD 745, 2 BN LPRGQ 529, 531. Registrasikan sampel mikro dan lampirkan protokol stabtest dalam penyimpangan ini",,
,,,,,,,,,,"Batch terdampak sbb LKXOD JD739-742, JD744-747, LPRGQ JD524, JD527-531 dapat dirilis hanya jika HASIL MIKRO pemeriksaan tambahan MS all parameter. Informasikan",,
,,,,,,,,,,QA Lampirkan hasil pemeriksaan Mikro all sampel tambahan dalam penyimpangan ini.,,
,,,,,,,,,,"Untuk Zingiber 2R/2601/0105 sudah di reject, Zingiber 2R/2601/0102 sisa 5 vat yang dengan sisa 8kg sudah dikembalikan dari Produksi ke WH, 9.55 kg sisa stok di WH akan dilanjutkan untuk di FPP. WH lakukan FPP dan lampirkan dalam penyimpangan ini",,
,,,,,,,,,,"QC lakukan pemeriksaan ulang, berikan status terhadap sisa material tersebut jika MS bisa digunakan, jika TMS silahkan direject. Informasikan ke pihak terkait, lampirkan report analisa.",,
,,,,,,,,,,"Terhadap isu ORACLE yg tidak otomatis berubah, koordinasi dengan IT untuk sistem auto. Paralel perbaikan tsb, thd PIC perilisan RM lakukan doble kroscek status perilisan RM manual. Infromasikan dan lampirkan dalam penyimpangan ini",,
,,,,,,,,,,Terbitkan CAPA ke QC agar kejadian yang sama tidak terjadi lagi. Informasikan nomor CAPA,,
2026,DEV-B7PLG-05-2026-0098,Open-Verifikasi tindakan remedial,https://eqms.kalbe.co.id/e-deviation/deviation/0b87b932-0957-4be6-8a21-78f09502cc27/detail?tab=pre-investigation&tabRemediate=issue-data&tabCapa=issue-data,Planned,Guaifenesin,,,PT Prima Cipta Prasada,"Akan dilakukan pembelian material Guaifenesin (GG) sebanyak 5ton ke PT Prima Cipta Prasada pararel menyusul kualifikasi vendor sebagai supplier alternatif ex Gennex. Supplier belum dilakukan audit dan belum terdapat supply agreement, Supplier ini baru di B7 dan belum digunakan di pharma jg sebelumnya. terlampir dokumen pendukung, rantai pasok menyusul. Namun spesifikasi material dinyatakan equivalent dengan existing material, dimana existing mengacu USP 2024/BP 2024/EP 10 dan supplier baru mengacu USP 2025/BP 2025/EP 11.",Buatkan MRM untuk penyimpangan Material Guaifenesin (GG) ex Gennex sebanyak 5 ton melalui PCP dan sisa 9500kg dari supplier lain. Lampirkan MRM approved complete dan devol pembelian sisa Material Guaifenesin (GG) ex Gennex sebanyak 9500 kg lampirkan,,
,,,,,,,,,,"Lakukan Update BPA dan ASL dioracle dan lakukan pembelian Material Guaifenesin (GG) ex Gennex sebanyak 5 ton melalui PT Prima Cipta Prasada jika MRM sudah approved, informasikan ETA lampirkan PO dan bukti update ASL",,
,,,,,,,,,,Lakukan update MPN di oracle untuk Pembelian Material Guaifenesin (GG) ex Gennex sebanyak 5 ton melalui PT Prima Cipta Prasada sesuai kebutuhan MRM. Lampirkan MPN Updated,,
,,,,,,,,,,"Lengkapi kebutuhan CoA, MSDS, Halal, GMP/CDOB, DMF, rantai pasok sesuai kebutuhan tim QM untuk melakukan kualifikasi vendor dan registrasi. Lampirkan",,
,,,,,,,,,,"Cek PK Gennex yang tersedia namun signed by supplier (misal GCM), jika ada signed supplier maka perlu sign PK oleh PCP. Buatkan PK dan lampirkan dalam penyimpangan ini",,
2026,DEV-B7PLG-06-2026-0106,Open-Verifikasi tindakan remedial,https://eqms.kalbe.co.id/e-deviation/deviation/74f2970f-32a6-44d7-b7cc-5e77404538b9/detail?tab=pre-investigation&tabRemediate=issue-data&tabCapa=issue-data,Planned, SUCROSE,"2AS012000, 2AS012000KM",,,"Dibutuhkannya kembali Material Sucrose ex PT Angels Product untuk kebutuhan produksi di Bintang Toedjoe site Pulogadung dan Cikarang (termasuk KMI) Juli - Desember 2026 sebesar 875 ton (775 ton kebutuhan site PG dan 100 ton kebutuhan site CKR) yang mana saat ini masih menunggu proses reg variasi di beberapa produk site PG (detail terlampir pada QRM). Sebelumnya sudah pernah dibuatkan devol terkait pembelian Sucrose ex Angels dengan no penyimpangan DEV-B7PLG-01-2026-0012 . Sebagai pertimbangan, material Sucrose ex PT Angels Product sudah pernah didatangkan untuk komersil perdana di bulan Januari 2026 dengan BN 251112 (no 2R/2601/0058) dengan hasil memenuhi syarat dan sudah digunakan pada produk Promag Herbal (LPRGQ) BN JA473, Waisan (PWSNH) BN JA269, dan Extra Joss Ultimate (LEXUA) JB102 dengan hasil","CPRO koordinasi dengan QS untuk melakukan adendum MRM, sesuaikan Qty pembelian dan kajian risiko. Lampirkan MRM terupdate",,
,,,,,,,,,,QM CKR lampirkan update dan timeline actual progress resgistrasi SUCROSE (2AS012000-2AS012000KM) ex PT Angels Product pada produk terdampak,,
,,,,,,,,,,QM PLG lampirkan update dan timeline actual progress resgistrasi SUCROSE (2AS012000-2AS012000KM) ex PT Angels Product pada produk terdampak,,
,,,,,,,,,,CPRO PO boleh dibuat jika MRM adendum sudah approved. Lampirkan PO sesuai kebutuhan penyimpangan ini dan informasikan ETA ke pihak2 terkait,,
,,,,,,,,,,"WH CKR lakukan penerimaan sesuai prosedur yang berlaku, pastikan dokumen lengkap. Informasikan kedatangan perdana lampirkan ASN/Dok terkait",,
,,,,,,,,,,"WH PLG lakukan penerimaan sesuai prosedur yang berlaku, pastikan dokumen lengkap. Informasikan kedatangan perdana lampirkan ASN/Dok terkait",,
,,,,,,,,,,"QC CKR lakukan analisa sesuai dengan prosedur dan MA yang berlaku, material SUCROSE (2AS012000-2AS012000KM) ex PT Angels Product bisa digunakan jika hasil MS spec B7. Lampirkan RAP kedatangan perdana",,
,,,,,,,,,,"QC PLG lakukan analisa sesuai dengan prosedur dan MA yang berlaku, material SUCROSE (2AS012000-2AS012000KM) ex PT Angels Product bisa digunakan jika hasil MS spec B7. Lampirkan RAP kedatangan perdana",,
,,,,,,,,,,"PPIC PLG lakukan pendataan alokasi all NB dan Kode produk yang menggunakan SUCROSE (2AS012000-2AS012000KM) ex PT Angels Product speanjang tahun 2026, lampirkan data jika sudah lengkap.",,
,,,,,,,,,,"PPIC CKR lakukan pendataan alokasi all NB dan Kode produk yang menggunakan SUCROSE (2AS012000-2AS012000KM) ex PT Angels Product speanjang tahun 2026, lampirkan data jika sudah lengkap",,
2026,DEV-B7PLG-05-2026-0103,Open-Verifikasi tindakan remedial,https://eqms.kalbe.co.id/e-deviation/deviation/bdb8eccc-a10f-4c66-9b15-462629d7307d/detail?tab=pre-investigation&tabRemediate=issue-data&tabCapa=issue-data,Planned,Guaifenesin ex Gennex,-,-,,"Guaifenesin eksisting disuplai oleh Zhejiang Haizhou Pharm Co.Ltd. di mana saat ini manufacturer sedang maintenance, sehingga Zhejiang Haizhou baru dapat melakukan produksi kembali Guaifenesin pada pertengahan Juli 2026. Sehubungan dengan adanya rencana kebutuhan material Guaifenesin bulan Juli sd Agustus 2026 (dapat ditarik maju sesuai dengan kebutuhan PPIC) sejumlah 14500 KG untuk site Bintang Toedjoe, dengan rincian sebagai berikut : - Juli 2026 qty 9000 kg - Agustus 2026 qty 5500 kg maka Guaifenesin akan disupply dari ex Gennex Laboratories Limited, di mana dari total 14500 kg tersebut sudah dibuatkan penyimpangan dengan no DEV-B7PLG-05-2026-0098 terkait pembelian qty 5000 kg ke supplier PCP yang belum menjadi vendor eksisting di B7 sehingga belum tersedia kualifikasi vendor. Adapun data registrasi perubahan solvent pada proses produksi GG ex Gennex sbb: - Approved registrasi pada produk Komix Peppermint - On progress registrasi minor pada Komix Jeruk Nipis, Komix Jahe, Komix OBH dan Komix OBH Kid (Mei 2026) - On progress registrasi major pada Komix Kid Rasa Strawberry formula baru (Feb 2026)",Lampirkan MRM approved completed alam penyimpangan ini terkait pembelian Guaifenesin (GG) ex Gennex dari GCM,,
,,,,,,,,,,PPIC koordinasikan ke tim Site Material Guaifenesin (GG) ex Gennex tidak boleh digunakan untuk LKKSB. Informasikan alokasi NB produk yg menggunakan Material Guaifenesin (GG) ex Gennex yang di supply GCM dan PCP. Lampirkan bukti & alokasi NB,,
,,,,,,,,,,Material Guaifenesin (GG) ex Gennex dapat dipesan dari GCM sesuai kebutuhan dalam penyimpangan dan MRM yang terlah disetujui. Lampirkan PO dan informasikan ETA,,
,,,,,,,,,,"Vendor GCM sudah terdaftar sebagai Vendor qualified B7, cek dan review apakah dibutuhkan kualifikasi vendor kembali karena mensupport Material Guaifenesin (GG) ex Gennex. Jika pelu koordinasikan dengan CPRO, PPIC, TS dan dept lainnya. Informasikan",,
,,,,,,,,,,CPRO lakukan update ASL utk pemesanan Material Guaifenesin (GG) ex Gennex yang di supply dari GCM. Lampirkan ASL,,
,,,,,,,,,,WH lakukan penerimaan Material Guaifenesin (GG) ex Gennex yang di supply dari GCM sesuai prosedur yang berlaku di B7. Infromasikan,,
,,,,,,,,,,"QC lakukan pemeriksaan Material Guaifenesin (GG) ex Gennex yang di supply dari GCM sesuai prosedur dan spek yang berlaku di B7, jika hasil MS baru boleh di rilis. Lampirkan RAP",,
,,,,,,,,,,"TS lakukan pendampingan produksi perdana produk yang menggunakan Material Guaifenesin (GG) ex Gennex yang di supply dari GCM ini, informasikan jika ada kendala",,
,,,,,,,,,,QA lakukan monitoring implementasi devol DEV-B7PLG-05-2026-0098 dan Pembelian Material Guaifenesin (GG) ex Gennex dari GCM ini. Cek produk terdampak dari penyimpangan ini. Infromasikan dalam penyimpangan terkait,,
2026,DEV-B7PLG-06-2026-0114,Open-Verifikasi tindakan remedial,https://eqms.kalbe.co.id/e-deviation/deviation/943958d5-b61d-4624-a4ab-6557a2ce733a/detail?tab=pre-investigation&tabRemediate=issue-data&tabCapa=issue-data,Planned,"Foil LKMCC, Foil dan Karton LGRGA",-,-,,"Terkait dengan adanya penurunan ROFO, sehingga material Foil dan Karton LGRGA tidak habis sebelum ED. Dan terkait dengan potong stock tidak FEFO, sehingga foil LKMCC yg ED tidak terpakai di Produksi April. Perlu di lakukan pemastian kualitas agar material bisa di gunakan. 1FR002010 FOIL RED-G GINHAWA EXP/718x1000 ED 13 Juni 2026 SOH 10.25 rol Rp. 71,750,000.00 3MR002020 KARTON RED-G EXP/338x255x118 ED 9 Juni 2026 SOH 2224 ea Rp. 6,549,680.00 1FK051000 FOIL KOMIX COUGH EXP/550x1000 ED 5 Juni 2026 SOH 2.75 rol Rp. 10,256,175.82 Total Rp. 88,555,855.82 Mengacu ke RPP Juni, untuk Product LGRGA estimasi digunakan pada Target Aug dan Product LKMCC est di Target Sept 26 Perhitungan value musnah terlampir","WH lakukan FPP untuk material terdampak (material Foil LKMCB, Foil dan Karton LGRGA) sesuai dengan penyimpangan ini. Lampirkan FPP",,
,,,,,,,,,,CPRO koordinasikan ke Vendor minta surat rekomendasi perpanjangan ED dan informasikan ke QC.,,
,,,,,,,,,,"QC lakukan pengujian ulang terhadap material terdampak (material Foil LKMCB, Foil dan Karton LGRGA) sesuai dengan penyimpangan ini, koordinasi dengan TS utk pemeriksaan BCT bila perlu. Lampirkan RAP dan periode perpanjangan ED.",,
,,,,,,,,,,"TS lakukan dipping produk (stess test 60DC 14Day) dengan pembanding foil blm ED untuk evaluasi pengaruh thd produk, lakukan BCT dan pengujian sealing strength untuk material terdampak penyimpangan ini.",,
,,,,,,,,,,"PPIC segera alokasi penggunaan material dengan perpanjangan ED ini, informasikan NB dan produk terdampak untuk material 1FR002010 FOIL RED-G GINHAWA EXP, 3MR002020 KARTON RED-G EXP &1FK051000 FOIL KOMIX COUGH EXP. Lampirkan",,
2026,DEV-B7PLG-06-2026-0121,Open-Verifikasi tindakan remedial,https://eqms.kalbe.co.id/e-deviation/deviation/a2290664-d9b9-42df-b22d-f3bcf2252fd2/detail?tab=pre-investigation&tabRemediate=issue-data&tabCapa=issue-data,Planned,Caramel Color,2AC00200,-,,"Caramel Color E150 ((katalog yang dipakai Bintang Toedjoe saat ini adalah Caramel Powder 858 termasuk Caramel Color Class IV / Caramel Color E150d)) eksisting disuplai oleh Sethness Product Co. di mana saat ini karena adanya konflik yang berlangsung di Timur Tengah yang mengakibatkan adanya short stock sehingga untuk material tersebut baru bisa ETA port di Indonesia sekitar Desember 2026/Jauari 2027. Sehubungan dengan adanya kebutuhan material Caramel Color E150 bulan September 2026 sd Januari 2027 sejumlah 440 kg untuk site Bintang Toedjoe, dengan rincian sebagai berikut : - September 2026 qty 100 Kg - Oktober 2026 qty 180 Kg - November 2026 qty 160 kg maka Caramel Color E150 akan disupply menggunakan alternative material yaitu Caramel Color BC420 ex Sethness Product Co. yang masih termasuk dalam kategori Caramel Class IV (sama dengan eksisting) di mana terdapat perbedaan spesifikasi tictural power, pH dan color intensity antara Caramel Color E150 dengan Caramel Color BC420. Saat diimplementasikan di produk perwakilan (BEJO Herbal, Komix Herbal Original, EJ Sport Gel dan Entrostop Herbal Anak) terdapat perbedaan warna jika dibandingkan dengan eksisting namun hasil placement test disetujui oleh Marketing untuk pembelian terbatas. elain itu ada perbedaan packing size, di mana packing size eksisting di 22.68 kg, sedangkan material alternative di 20 kg.","Penyimpangan Penggunaan Caramel Color BC420 (alt Caramel Color E150 2AC002000) disetujui untuk dilakukan, buatkan MRM pemesanan dan penggunaan terbatas sebanyak 440 kg dengan PS 20 kg untuk penyimpangan ini. Lampirkan",,
,,,,,,,,,,"CPRO koordinasikan dengan ANDEV untuk melakukan penambahan MPN baru dengan synonim Caramel Color BC420 dan PS 20 kg untuk pemesanan Qty terbatas 440 kg, setelah pemesanan dan kebutuhan tercukup lakukan inaktivasi MPN, lampirkan bukti koordinasi tersebut",,
,,,,,,,,,,"ANDEV lakukan penambahan MPN baru dengan synonim Caramel Color BC420 dengan PS 20 kg sesuai informasi CPRO, Lampirkan bukti aktivtasi",,
,,,,,,,,,,"Sesuai koordinasi CPRO apabila pengadaan dan penggunaan terbatas Caramel Color BC420 dengan PS 20 kg sudah selesia, lakukan inaktivasi MPN (kecuali jika akan naik FUP diverisfikasi dan atau jika ada penyimpangan terkait lainnya). Lampirkan",,
,,,,,,,,,,"CPRO jika MRM approved, MPN Aktif, lakukan Update ASL/BPA untuk Caramel Color BC420 (alt Caramel Color E150 2AC002000). Lampirkan",,
,,,,,,,,,,"Lakukan PO Caramel Color BC420 (alt Caramel Color E150 2AC002000) sesuai MRM untuk qty 440kg sesuai devol, lampirkan PO dan informasikan ETA.",,
,,,,,,,,,,WH lakukan penerimaan Caramel Color BC420 (alt Caramel Color E150 2AC002000) yang dipesan sesuai devol ini sesuai prosedur penerimaan. Lampirkan,,
,,,,,,,,,,"Terdapat perbedaan spec pH, water content, tinctorial power & color intensity dari spek eksisting, QC tetap lakukan analisa sesuai prosedur, jika hasil TMS akibat perbedaan spek, justifikasi Oracle ""released with variance"" (cantumkan nomor devol)",,
,,,,,,,,,,"PPIC koordinasi dengan tim Site dan QA untuk alokasi penggunaan Caramel Color BC420 (alt Caramel Color E150 2AC002000) pada produk, catat dan data produk+BN terdampak untuk kebutuhan penelusuran. Sosialisasikan",,
,,,,,,,,,,"QA lakukan koordinasi dengan PPIC, ambil perwakilan produk stabilitas on going untuk produk terdampak (data Produk dan NB dari PPIC) yang menggunakan Caramel Color BC420 (alt Caramel Color E150 2AC002000). Lampirkan Protokol",,
,,,,,,,,,,Perilisan all produk yang menggunakan Caramel Color BC420 (alt Caramel Color E150 2AC002000) dilakukan jika all parameter MS. Lampirkan dan Informasikan,,
,,,,,,,,,,QA Validasi cek dan review dampak penggunaan Caramel Color BC420 (alt Caramel Color E150 2AC002000) terhadap metode validasi cleaning mesin dioperasional. Informasikan dan lakukan validasi/verifikasi sesuai kebutuhan.,,
2026,,Open-Review reviewer,https://eqms.kalbe.co.id/e-deviation/deviation/3e146f1f-100d-47ee-baa5-d242af129cbe/detail?tab=pre-investigation&tabRemediate=issue-data&tabCapa=issue-data,Planned,Zingiber ,1AZ005000,-,,material 1AZ005000 ex NSP sudah aktif MPN & terdaftar di produk pengguna (LETSB) kondisi eksisting: material diproduksi dengan proses iradiasi di NSP kondisi aktual: terdapat proyek VD untuk mengubah proses sterilisasi akhir dari iradiasi menjadi pasteurisasi & akan dilakukan trial skala komersil pada 3 BN LETSB menggunakan material pasteurisasi,,,
2026,,Open-Review reviewer,https://eqms.kalbe.co.id/e-deviation/deviation/afc2a7a1-9feb-4a58-8c5e-4f5c5927c44c/detail?tab=pre-investigation&tabRemediate=issue-data&tabCapa=issue-data,Planned,Sucralgem,3AS008000,-,,"Material 3AS008000 SUCRALGEM FLAVOR 508691 TP0499 ex Firmenich Inc., 100 N. Valley Street, New Ulm, Minnesota 56073, USA, telah aktif DMYD aktif sejak 5 Juli 2021 dan digunakan sebagai bahan baku flavor untuk produk LKXO1 (Komix Herbal Original). Namun, audit terhadap supplier tersebut belum terlaksana.",,,
2026,DEV-B7PLG-07-2026-0135,Open-Verifikasi tindakan remedial,https://eqms.kalbe.co.id/e-deviation/deviation/5a49b7f9-a8f8-47cb-a1de-0c4d0b63be63/detail?tab=pre-investigation&tabRemediate=issue-data&tabCapa=issue-data,Unplanned,Komix Peppermint,-,-,Supernova,Komix Peppermint ex Supernova diproduksi dengan hasil review CR not ok dan ready sebanyak 70 roll (walaupun Vendor info ada lebih sampai 80an roll). ini disebabkan karena salah ambil acuan dan PPOS mandiri oleh Vendor karena existing sebelumnya.,Produksi Foil Komix Peppermint (1FK006090) ex Supernova 82 roll tidak sesuai dengan CR approved melalui penyimpangan dan keputusan mgt dapat dirilis dengan devol ini. CPRO sudah informasikan nomor PO dan ASN agar bisa di periksa oleh QC. QA Lampirkan,,
,,,,,,,,,,QC lakukan pemeriksaan dan perilisan untuk 82 roll Produksi Foil Komix Peppermint (1FK006090) ex Supernova dengan menggunakan CR acuan dari QA (Jika parameter lainnya MS). Perilisan terbatas sebanyak 82 roll. Lampirkan hasil analisa,,
,,,,,,,,,,Penggunaan Foil Komix Peppermint (1FK006090) ex Supernova sebanyak 82 roll dengan Warna lebih gelap sudah disetujui oleh MKT dan Mgt. PPIC informasikan alokasi produk dan NB yang menggunakan foil dengan defect tersebut.,,
,,,,,,,,,,QM lakukan penerbitan CAPA Material terhadap vendor untuk issue Foil Komix Peppermint (1FK006090) ex Supernova sebanyak 82 roll ke PV. Lampirkan CAPA,,
,,,,,,,,,,"CPRO lakukan FU CAPA Material ke Vendor utk kasus 82 roll ini, lampirkan dalam cc ini.",,
2026,DEV-B7PLG-07-2026-0142,Open-Verifikasi tindakan remedial,https://eqms.kalbe.co.id/e-deviation/deviation/7ac651d8-f2de-4cdf-892e-6c2b5c25cf56/detail?tab=pre-investigation&tabRemediate=issue-data&tabCapa=issue-data,Unplanned,FOIL RED-G GINHAWA,(1FR002010),-,GF,Terdapat FPP untuk perpanjang ED material FOIL RED-G GINHAWA (1FR002010) ex Supernova dengan no FPP BPG-AMFPP-2606-0016-0021 sebanyak total 10.25 menggunakan CR yang sdh expired pada 03 Jul 2026,"Terhadap Analisa material FOIL RED-G (1FR002010) & Karton REG-G (3MR002020) dg CR ED, konfirmasi RND masih dapat digunakan. Maksimal sampai dengan END Agt-26 paralel CR diperbaharui/sesuai rekomendasi PACKDEV, QC lampirkan hasil analisa jika all parameter sesuai CR MS, material dapat di rilis",,
,,,,,,,,,,"PACKDEV koordinasikan dengan QC, CPRO dan TS terkait penggunaan CR ED material FOIL RED-G (1FR002010) & Karton REG-G (3MR002020) dapat digunakan sampai kapan? berikan justifikasi dengan melakukan evaluasi etrhadap CR tersebut apakah masihs esuai atau tidak sampai batas waktu yang direkomendasikan.",,
,,,,,,,,,,"QC lakukan pendataan untuk semua no QC Material yang dirilis menggunakan CR ED tersebut, lampirkan",,
2026,,Open-waiting disposisi,https://eqms.kalbe.co.id/e-deviation/deviation/15c67a42-5e92-4b37-9313-fddf08967899/detail?tab=pre-investigation&tabRemediate=issue-data&tabCapa=issue-data,Unplanned,Foil Komix Rasa Peppermint,-,-,GF,Foil Komix Rasa Peppermint ex Supernova TMS under pitch konsisten 498 (spek: 499-501) dengan no QC 2P/2607/0049-0050 sebanyak 82 roll,,,
2026,,Open-waiting disposisi,https://eqms.kalbe.co.id/e-deviation/deviation/bb530ec3-c6ab-4875-bd20-dbb3850cef53/detail?tab=pre-investigation&tabRemediate=issue-data&tabCapa=issue-data,Unplanned,FOIL KOMIX RASA JERUK NIPIS,1FK004080,-,GF,"kedatangan 1FK004080 FOIL KOMIX RASA JERUK NIPIS ex Supernova eta 21 jul ditemukan issue TMS under pitch konsisten 498 (spek: 499-501) pd roll hasil sampling & CR over CR max 9/14 roll sampling, warna hijau kekuningan 2/14 roll sampling. PO DBG260200 qty 44 roll, PO DBG260340 qty 11 roll, no lot 06855_01. material cwo 30 jul",,,
2026,,Open-Review reviewer,https://eqms.kalbe.co.id/e-deviation/deviation/41b9cb6b-d6df-486d-984b-b1a1b822917f/detail?tab=pre-investigation&tabRemediate=issue-data&tabCapa=issue-data,Unplanned,KARTON KOMIX HERBAL/,3MK007000 ,-,GF,"kedatangan KARTON KOMIX HERBAL/375x207x190 ex DCK bobot TMS PO DBG260366 qty 1840 ditemukan issue bobot TMS. Hasil analisa B7: 251,26 (spek: 228,48 - 247,52), dan terdapat kesalahan spek diinternal vendor, di CoA vendor berat: 254,3 (spek vendor: 228,48 - 258). material dibutuhkan untuk cwo 04 aug 2026. terlampir dokumen pendukungnya.",,,
2026,DEV-B7PLG-07-2026-0147,,https://eqms.kalbe.co.id/e-deviation/deviation/90bf1db9-b38e-4929-b025-005a0037500f/detail?tab=pre-investigation&tabRemediate=issue-data&tabCapa=issue-data,Unplanned,Dextrose monohydrate ,,"2R/2607/0011,",GF,"Ditemukan sebanyak 15 sak ( 375kg) material Dextrose Monohydrat ex Weifang Shenghai dengan No QC : 2R/2607/0011, No mfg lot : 20260423, bocor pada plastik kemasan primer dibagian sealing bawah",,,
2026,DEV-B7PLG-07-2026-0146,Open-waiting disposisi,https://eqms.kalbe.co.id/e-deviation/deviation/41cb2448-85af-4387-b4aa-918bf7c29a11/detail?tab=pre-investigation&tabRemediate=issue-data&tabCapa=issue-data,Planned,Dextrose,-,-,GF,"Perubahan design utk Kemasan Dextrose Ex Weifang Shengtai dengan design lama (mulai dr layout & logo BN 20260625), (B7 start dari sisa PO HBG261091 qty 500kg, dan PO eta selanjutnya design baru) --> sudah dilakukan change control namun error tidak bisa disubmit sehingga perlu dibuatkan deviasi pararel utk penerimaan material cito tgl 28 juli 2026.",,,
2026,,Open-Review reviewer,https://eqms.kalbe.co.id/e-deviation/deviation/1605c0be-1272-44a3-a56e-145a772ffcfa/detail?tab=pre-investigation&tabRemediate=issue-data&tabCapa=issue-data,Planned,Maltodextrin e,-,-,GF,"Ada kemunduran kedatangan Malto dextrin yang dipesan , sehingga untuk kebutuhan produksi bulan Agustus dan Sep 2026 , perlu sejumlah 3.5 MT yang rencana akan dipinjam dari KN. 1MT mohon datang di 28 Juli (CWO 3 Ags) dan 2.3MT datang di 30 Juli (CWO 8 Ags)",,,